#Frame        chain_A
       1       0.0000
       2       0.4976
       3       0.4769
       4       0.6453
       5       0.6827
       6       0.6671
       7       0.6357
       8       0.6140
       9       0.5703
      10       0.6075
      11       0.6542
      12       0.6496
      13       0.6180
      14       0.6542
      15       0.6106
      16       0.5749
      17       0.5593
      18       0.7007
      19       0.6405
      20       0.6301
      21       0.6782
      22       0.7179
      23       0.6722
      24       0.7307
      25       0.7222
      26       0.6797
      27       0.6639
      28       0.6154
      29       0.6707
      30       0.6255
      31       0.6063
      32       0.6812
      33       0.7172
      34       0.7087
      35       0.6873
      36       0.6173
      37       0.6606
      38       0.5977
      39       0.6236
      40       0.7293
      41       0.6660
      42       0.5861
      43       0.5503
      44       0.5627
      45       0.5547
      46       0.5824
      47       0.5765
      48       0.5522
      49       0.7434
      50       0.6674
      51       0.6007
      52       0.5691
      53       0.5957
      54       0.5628
      55       0.6739
      56       0.5147
      57       0.5416
      58       0.6258
      59       0.5831
      60       0.6000
      61       0.6268
      62       0.5148
      63       0.5657
      64       0.6230
      65       0.6537
      66       0.5812
      67       0.5537
      68       0.5974
      69       0.5592
      70       0.6105
      71       0.5182
      72       0.5594
      73       0.5091
      74       0.5731
      75       0.5892
      76       0.5506
      77       0.6080
      78       0.7339
      79       0.7053
      80       0.6035
      81       0.5855
      82       0.6605
      83       0.5530
      84       0.5082
      85       0.4835
      86       0.5711
      87       0.6391
      88       0.6387
      89       0.6958
      90       0.7442
      91       0.5794
      92       0.6057
      93       0.6415
      94       0.6088
      95       0.5767
      96       0.6499
      97       0.5677
      98       0.6022
      99       0.6642
     100       0.7215
     101       0.6178
     102       0.6299
     103       0.7272
     104       0.5887
     105       0.6073
     106       0.5958
     107       0.5461
     108       0.5470
     109       0.6554
     110       0.6748
     111       0.5805
     112       0.5530
     113       0.6269
     114       0.6940
     115       0.6849
     116       0.5833
     117       0.5976
     118       0.6445
     119       0.7157
     120       0.6345
     121       0.6421
     122       0.6288
     123       0.6401
     124       0.6484
     125       0.6711
     126       0.6700
     127       0.7100
     128       0.6168
     129       0.7240
     130       0.7036
     131       0.6557
     132       0.8742
     133       0.6704
     134       0.7133
     135       0.7704
     136       0.6540
     137       0.6863
     138       0.7734
     139       0.8358
     140       0.7929
     141       0.6771
     142       0.6341
     143       0.6394
     144       0.6178
     145       0.6785
     146       0.6485
     147       0.5890
     148       0.6609
     149       0.6492
     150       0.6799
     151       0.6413
     152       0.6088
     153       0.5915
     154       0.6485
     155       0.7333
     156       0.6624
     157       0.6360
     158       0.6911
     159       0.6710
     160       0.6028
     161       0.5944
     162       0.5403
     163       0.5833
     164       0.6585
     165       0.7420
     166       0.6554
     167       0.5857
     168       0.7060
     169       0.6842
     170       0.6827
     171       0.6803
     172       0.7011
     173       0.7361
     174       0.7869
     175       0.7845
     176       0.7701
     177       0.8849
     178       0.9411
     179       0.9593
     180       0.8816
     181       0.9077
     182       0.9063
     183       0.7592
     184       0.9142
     185       0.8468
     186       0.8455
     187       0.8958
     188       0.9861
     189       0.9428
     190       0.9532
     191       0.9232
     192       0.8650
     193       0.9726
     194       0.8866
     195       0.7918
     196       0.8827
     197       0.8447
     198       0.8588
     199       0.8287
     200       0.8621
     201       0.8936
     202       0.8627
     203       0.7595
     204       0.9262
     205       0.8414
     206       0.9208
     207       0.9727
     208       0.8782
     209       0.8253
     210       0.8468
     211       0.8560
     212       0.8484
     213       0.8061
     214       0.7532
     215       0.7588
     216       0.7430
     217       0.8515
     218       0.8200
     219       0.8245
     220       0.8396
     221       0.8622
     222       0.9016
     223       0.8568
     224       0.8874
     225       0.9364
     226       0.8434
     227       0.9747
     228       1.0273
     229       0.9418
     230       0.9217
     231       0.9112
     232       0.8546
     233       0.7576
     234       0.8159
     235       0.9195
     236       0.8687
     237       0.8590
     238       0.8642
     239       0.8094
     240       0.8135
     241       0.7837
     242       0.7466
     243       0.9271
     244       0.8537
     245       0.8210
     246       0.8651
     247       0.8334
     248       0.8584
     249       0.8136
     250       0.8072
     251       0.8753
     252       0.7052
     253       0.7915
     254       0.8616
     255       0.7604
     256       0.8503
     257       0.8433
     258       0.8605
     259       0.8053
     260       0.8298
     261       0.8397
     262       0.8603
     263       0.8849
     264       0.8117
     265       0.9160
     266       0.8725
     267       0.7599
     268       0.8430
     269       0.8634
     270       0.8202
     271       0.8567
     272       0.9876
     273       0.8159
     274       0.9200
     275       0.7892
     276       0.8594
     277       0.8004
     278       0.7641
     279       0.8981
     280       0.7689
     281       0.8910
     282       0.8720
     283       0.8962
     284       0.8137
     285       0.9113
     286       0.8442
     287       1.0094
     288       0.9393
     289       0.9831
     290       0.9252
     291       0.9602
     292       0.8510
     293       0.9104
     294       0.9587
     295       0.9644
     296       0.9713
     297       0.8725
     298       0.9310
     299       0.8921
     300       0.8282
     301       0.9144
     302       0.9651
     303       1.0136
     304       0.8870
     305       0.9120
     306       0.8715
     307       0.9276
     308       0.8868
     309       0.7652
     310       0.8590
     311       0.8602
     312       0.8388
     313       0.8267
     314       0.8363
     315       0.8336
     316       0.8835
     317       0.8068
     318       0.8212
     319       0.8449
     320       0.8613
     321       0.8053
     322       0.7855
     323       0.8076
     324       0.8132
     325       0.8585
     326       0.8139
     327       0.8462
     328       0.8688
     329       0.8101
     330       0.7957
     331       0.8639
     332       0.7903
     333       0.8458
     334       0.8425
     335       0.8770
     336       0.8703
     337       0.8365
     338       0.8552
     339       0.8796
     340       0.7511
     341       0.8534
     342       0.9422
     343       0.9222
     344       0.9668
     345       0.8596
     346       0.8323
     347       0.8240
     348       0.8369
     349       0.8686
     350       0.9190
     351       0.8867
     352       0.9633
     353       0.9271
     354       0.9232
     355       0.8561
     356       0.9782
     357       0.9353
     358       0.9694
     359       1.0565
     360       1.0624
     361       0.9902
     362       0.9684
     363       1.0247
     364       1.0159
     365       1.0271
     366       0.9444
     367       1.0195
     368       0.9414
     369       0.9301
     370       0.9172
     371       0.8364
     372       0.8583
     373       0.9033
     374       0.9585
     375       0.8073
     376       0.9203
     377       0.9313
     378       0.9026
     379       0.9317
     380       1.0451
     381       0.9442
     382       0.9409
     383       0.8654
     384       0.9375
     385       0.9189
     386       0.9344
     387       0.9526
     388       0.9143
     389       0.8925
     390       0.9232
     391       0.9906
     392       0.9250
     393       0.9528
     394       0.9596
     395       0.8890
     396       0.8842
     397       0.9986
     398       1.0454
     399       1.0343
     400       1.0136
     401       1.0374
     402       1.0305
     403       0.9217
     404       0.9508
     405       1.0107
     406       0.9824
     407       0.8958
     408       1.0396
     409       0.9313
     410       0.9314
     411       0.8108
     412       0.8808
     413       0.8557
     414       0.7662
     415       0.8505
     416       0.8176
     417       0.7539
     418       0.7479
     419       0.7511
     420       0.7745
     421       0.8203
     422       0.8390
     423       0.7403
     424       0.8002
     425       0.8922
     426       0.8679
     427       0.8120
     428       0.8892
     429       0.9779
     430       1.0015
     431       1.0542
     432       1.0180
     433       1.0724
     434       0.9535
     435       0.9177
     436       1.1062
     437       1.0785
     438       1.0230
     439       1.0399
     440       1.0887
     441       1.1614
     442       1.1617
     443       1.1236
     444       1.1669
     445       1.0362
     446       1.0877
     447       0.9857
     448       1.0160
     449       0.9338
     450       0.8672
     451       0.8898
     452       1.0172
     453       0.9838
     454       0.9416
     455       0.9436
     456       0.9454
     457       1.0381
     458       1.0478
     459       0.9315
     460       0.9262
     461       0.8838
     462       0.8788
     463       0.8941
     464       1.0410
     465       0.9042
     466       0.9329
     467       1.0984
     468       0.9806
     469       1.0875
     470       1.0347
     471       1.0485
     472       0.9941
     473       0.9316
     474       0.8729
     475       1.0179
     476       1.0818
     477       1.1174
     478       1.0973
     479       1.1489
     480       1.1156
     481       1.2574
     482       1.1359
     483       1.0418
     484       1.1594
     485       1.0623
     486       1.0547
     487       1.0798
     488       1.1502
     489       1.0883
     490       1.1100
     491       1.1093
     492       1.1220
     493       1.0379
     494       1.0846
     495       1.1309
     496       1.0850
     497       1.0978
     498       0.9922
     499       1.0231
     500       1.0828
     501       1.0447
     502       1.0312
     503       1.0621
     504       1.0412
     505       0.9923
     506       1.0372
     507       0.9713
     508       0.9327
     509       0.9400
     510       1.0384
     511       1.0665
     512       0.9459
     513       1.0395
     514       1.0756
     515       1.1787
     516       1.1277
     517       1.1563
     518       1.2758
     519       1.1687
     520       1.0490
     521       1.1005
     522       1.0570
     523       1.1702
     524       1.0304
     525       1.0829
     526       1.1012
     527       0.9949
     528       1.0424
     529       1.1924
     530       1.1026
     531       1.0969
     532       1.0801
     533       1.0917
     534       0.9625
     535       1.1101
     536       1.0541
     537       1.0449
     538       1.0127
     539       1.0679
     540       1.0798
     541       0.9924
     542       1.0236
     543       1.1386
     544       1.1027
     545       1.1796
     546       1.1620
     547       1.0220
     548       1.0338
     549       1.1210
     550       1.0457
     551       1.0688
     552       1.1382
     553       1.1823
     554       1.0933
     555       1.0941
     556       1.1538
     557       1.1832
     558       1.1369
     559       1.0890
     560       1.0412
     561       1.0098
     562       1.0356
     563       1.0027
     564       1.1332
     565       1.1089
     566       1.0036
     567       1.0813
     568       1.1114
     569       1.1265
     570       1.0931
     571       1.0706
     572       0.9773
     573       0.9955
     574       1.0588
     575       1.0924
     576       1.0105
     577       1.0280
     578       1.0207
     579       0.9269
     580       0.9635
     581       0.9226
     582       0.8878
     583       0.9441
     584       1.0582
     585       0.9924
     586       0.9278
     587       1.0308
     588       0.9778
     589       0.9264
     590       0.9197
     591       1.0519
     592       0.9946
     593       1.0006
     594       1.0340
     595       1.0141
     596       1.0752
     597       1.0001
     598       0.9816
     599       0.9538
     600       1.0224
     601       1.0565
     602       1.1028
     603       0.9993
     604       1.0938
     605       1.0204
     606       1.0118
     607       0.9167
     608       0.9832
     609       1.0935
     610       0.9217
     611       1.0890
     612       1.1096
     613       0.9915
     614       1.0482
     615       1.0765
     616       1.1149
     617       1.1630
     618       1.2054
     619       1.2582
     620       1.1246
     621       1.1227
     622       1.1382
     623       1.0980
     624       1.1313
     625       1.0911
     626       1.0149
     627       0.9972
     628       1.0435
     629       1.1054
     630       1.0291
     631       1.1406
     632       1.0604
     633       1.0739
     634       1.0096
     635       1.1129
     636       1.0293
     637       1.0810
     638       1.0223
     639       1.1124
     640       1.0909
     641       1.1157
     642       0.9130
     643       0.9357
     644       0.8324
     645       1.0292
     646       0.9092
     647       1.0219
     648       0.9693
     649       0.8995
     650       0.8419
     651       0.9216
     652       0.8559
     653       0.8797
     654       0.8096
     655       0.8516
     656       0.8281
     657       0.9319
     658       0.7865
     659       0.7878
     660       0.8782
     661       0.8912
     662       0.8299
     663       0.9756
     664       0.9508
     665       1.0187
     666       1.0075
     667       0.9870
     668       1.0316
     669       1.1047
     670       1.0636
     671       1.0617
     672       1.0698
     673       0.9384
     674       0.9732
     675       0.9459
     676       0.9910
     677       0.9884
     678       1.0421
     679       0.9769
     680       0.9038
     681       0.9206
     682       1.0225
     683       1.0206
     684       0.9789
     685       0.9789
     686       1.0257
     687       0.9462
     688       1.0174
     689       1.1376
     690       0.9920
     691       1.0299
     692       1.0382
     693       1.0600
     694       1.0278
     695       0.9178
     696       1.0010
     697       0.9253
     698       0.9296
     699       1.0102
     700       0.9381
     701       1.0122
     702       0.9582
     703       1.0675
     704       1.0480
     705       0.9777
     706       1.0542
     707       0.9266
     708       0.8375
     709       0.8808
     710       0.8725
     711       0.9299
     712       1.0139
     713       1.0765
     714       0.9327
     715       0.8933
     716       0.9851
     717       0.9367
     718       0.8242
     719       0.8627
     720       0.9875
     721       1.0034
     722       0.8936
     723       0.9508
     724       0.9141
     725       0.9006
     726       0.9113
     727       0.9115
     728       0.9579
     729       1.0243
     730       0.9801
     731       0.9658
     732       1.0170
     733       1.0447
     734       0.9503
     735       0.9408
     736       0.9725
     737       0.9972
     738       0.9800
     739       0.9530
     740       1.0086
     741       1.0119
     742       1.0269
     743       0.9800
     744       0.9713
     745       0.8911
     746       1.0509
     747       1.1593
     748       1.1235
     749       1.0511
     750       1.0683
     751       1.0742
     752       0.9968
     753       1.0233
     754       1.0502
     755       1.0836
     756       1.0880
     757       1.1474
     758       1.1518
     759       1.1532
     760       0.9832
     761       0.9738
     762       1.0687
     763       0.9591
     764       1.0767
     765       1.0390
     766       1.1527
     767       1.0127
     768       1.0409
     769       1.0159
     770       0.9479
     771       0.9808
     772       1.0604
     773       1.0432
     774       1.0137
     775       1.0615
     776       1.1165
     777       0.9937
     778       1.0752
     779       1.1400
     780       1.1301
     781       0.9867
     782       0.9831
     783       1.0916
     784       1.0230
     785       1.0040
     786       1.0590
     787       1.0881
     788       1.0698
     789       1.1764
     790       1.1269
     791       1.1195
     792       1.1266
     793       1.0316
     794       1.0157
     795       0.9831
     796       1.0055
     797       0.9998
     798       1.0937
     799       0.9993
     800       1.0586
     801       1.0177
     802       1.0123
     803       1.0403
     804       0.9742
     805       0.9933
     806       0.9538
     807       0.9654
     808       0.9615
     809       0.9573
     810       1.1435
     811       1.1636
     812       1.0829
     813       1.1192
     814       1.1120
     815       1.1000
     816       1.0782
     817       1.1169
     818       1.0578
     819       1.1173
     820       1.1156
     821       1.1659
     822       1.2273
     823       1.1894
     824       1.1855
     825       1.1059
     826       1.2567
     827       1.3089
     828       1.2324
     829       1.2052
     830       1.2950
     831       1.2521
     832       1.1642
     833       1.3396
     834       1.1670
     835       1.2476
     836       1.1797
     837       1.2170
     838       1.2258
     839       1.1288
     840       1.0758
     841       1.0619
     842       1.0706
     843       1.0731
     844       1.1416
     845       1.1822
     846       1.0878
     847       1.1147
     848       1.2513
     849       1.1761
     850       1.2215
     851       1.1835
     852       1.1166
     853       1.0909
     854       1.0702
     855       0.9767
     856       1.0094
     857       1.0722
     858       1.0083
     859       1.1132
     860       1.0603
     861       1.1940
     862       1.0811
     863       0.9683
     864       1.1737
     865       1.0720
     866       1.1594
     867       1.1903
     868       1.2237
     869       1.2171
     870       1.2119
     871       1.1811
     872       1.1755
     873       1.1215
     874       1.2090
     875       1.1217
     876       1.1243
     877       1.0505
     878       1.1107
     879       1.1282
     880       1.0457
     881       1.0641
     882       1.1357
     883       1.0597
     884       1.0918
     885       1.0047
     886       0.9306
     887       0.9730
     888       0.9530
     889       0.9638
     890       1.0059
     891       0.8846
     892       1.0239
     893       0.9886
     894       0.9199
     895       1.0626
     896       1.0599
     897       1.0187
     898       0.9555
     899       0.9907
     900       0.9042
     901       0.8530
     902       0.9686
     903       1.0246
     904       0.8663
     905       1.0476
     906       1.0276
     907       1.0163
     908       0.9543
     909       0.9334
     910       0.8443
     911       0.9507
     912       1.0001
     913       0.9485
     914       0.9487
     915       1.0202
     916       1.0134
     917       1.0094
     918       0.9791
     919       0.9729
     920       1.0518
     921       1.0248
     922       1.0957
     923       1.1263
     924       1.1839
     925       1.0647
     926       1.0994
     927       1.0821
     928       1.2103
     929       1.2123
     930       1.0715
     931       1.2485
     932       1.2886
     933       1.2626
     934       1.1051
     935       1.2929
     936       1.2187
     937       1.2804
     938       1.1886
     939       1.2936
     940       1.2609
     941       1.2986
     942       1.3019
     943       1.1991
     944       1.2607
     945       1.1274
     946       1.2166
     947       1.1633
     948       1.1462
     949       1.1102
     950       1.0952
     951       1.1907
     952       1.0409
     953       1.1345
     954       1.1558
     955       1.2849
     956       1.2292
     957       1.2257
     958       1.1337
     959       1.2410
     960       1.1932
     961       1.1399
     962       1.1896
     963       1.2130
     964       1.2081
     965       1.0484
     966       1.1482
     967       1.0898
     968       1.0414
     969       1.1179
     970       1.1658
     971       1.0784
     972       1.0803
     973       1.0084
     974       1.0711
     975       1.0355
     976       1.1294
     977       1.1593
     978       1.1228
     979       1.0587
     980       1.0206
     981       1.1329
     982       1.1334
     983       1.1312
     984       1.1698
     985       1.2242
     986       1.1218
     987       1.1350
     988       1.0771
     989       1.2267
     990       1.1514
     991       1.1786
     992       1.2255
     993       1.2572
     994       1.1081
     995       1.1485
     996       1.0856
     997       1.1590
     998       1.2563
     999       1.2528
    1000       1.1863
    1001       1.1355
    1002       1.1304
    1003       1.0549
    1004       1.1056
    1005       1.1500
    1006       1.0176
    1007       1.0402
    1008       1.0200
    1009       1.0655
    1010       1.0218
    1011       1.0758
    1012       1.0038
    1013       0.9744
    1014       1.0579
    1015       1.0277
    1016       1.0287
    1017       1.1613
    1018       1.0311
    1019       1.0890
    1020       1.1176
    1021       1.0663
    1022       1.0438
    1023       1.0751
    1024       1.0036
    1025       1.0043
    1026       1.0607
    1027       1.0269
    1028       1.0190
    1029       1.0672
    1030       1.1239
    1031       1.0200
    1032       1.1297
    1033       1.0874
    1034       1.0811
    1035       1.2084
    1036       1.0509
    1037       1.0395
    1038       1.0912
    1039       1.1214
    1040       1.1247
    1041       1.0994
    1042       1.1112
    1043       1.0928
    1044       0.9900
    1045       0.9935
    1046       1.0321
    1047       1.0958
    1048       1.1296
    1049       1.1706
    1050       1.0479
    1051       1.0845
    1052       1.1105
    1053       1.0433
    1054       1.1087
    1055       0.9965
    1056       1.0026
    1057       1.0640
    1058       1.0495
    1059       1.1034
    1060       1.0111
    1061       1.0230
    1062       0.9715
    1063       0.9676
    1064       1.0165
    1065       0.9983
    1066       0.9899
    1067       0.9274
    1068       0.9896
    1069       1.0786
    1070       1.1277
    1071       1.1658
    1072       1.1888
    1073       1.2086
    1074       1.1204
    1075       1.1452
    1076       1.0690
    1077       1.0821
    1078       1.1526
    1079       1.1143
    1080       1.2122
    1081       0.9982
    1082       1.0560
    1083       1.0595
    1084       0.9283
    1085       0.9591
    1086       0.9424
    1087       0.9329
    1088       1.0683
    1089       0.9199
    1090       0.8191
    1091       0.9941
    1092       0.9163
    1093       0.8578
    1094       0.9085
    1095       0.9345
    1096       0.9829
    1097       0.9771
    1098       0.9491
    1099       0.9963
    1100       0.9552
    1101       0.8661
    1102       0.9434
    1103       0.9535
    1104       0.8569
    1105       0.9712
    1106       1.0495
    1107       0.9059
    1108       0.8812
    1109       1.0270
    1110       1.0002
    1111       1.0561
    1112       1.0531
    1113       1.0465
    1114       1.0711
    1115       1.1137
    1116       1.1376
    1117       0.9902
    1118       1.0729
    1119       1.0724
    1120       1.0713
    1121       1.0400
    1122       1.1645
    1123       1.0485
    1124       1.0968
    1125       1.0795
    1126       1.1300
    1127       1.1729
    1128       1.0362
    1129       0.9340
    1130       0.9563
    1131       0.9344
    1132       0.8876
    1133       0.9502
    1134       0.8959
    1135       1.0555
    1136       1.0474
    1137       1.0197
    1138       1.0647
    1139       1.1314
    1140       1.1911
    1141       0.9903
    1142       1.1210
    1143       0.9535
    1144       1.0974
    1145       1.0150
    1146       0.8763
    1147       0.8220
    1148       0.9481
    1149       0.8965
    1150       0.8917
    1151       1.0504
    1152       1.0306
    1153       0.9762
    1154       1.1213
    1155       0.9625
    1156       0.9137
    1157       0.9617
    1158       0.9873
    1159       1.0399
    1160       0.9828
    1161       0.9992
    1162       0.9538
    1163       0.9652
    1164       0.9205
    1165       0.9046
    1166       0.8464
    1167       0.8362
    1168       0.8560
    1169       0.8618
    1170       0.8251
    1171       0.8198
    1172       0.8573
    1173       0.8808
    1174       0.9081
    1175       0.9891
    1176       0.8226
    1177       0.9868
    1178       0.8819
    1179       0.9723
    1180       0.9166
    1181       0.8999
    1182       0.9081
    1183       0.9129
    1184       0.9345
    1185       0.9208
    1186       0.9636
    1187       0.8962
    1188       0.8833
    1189       0.8342
    1190       0.8901
    1191       0.8916
    1192       0.7624
    1193       0.9266
    1194       0.9633
    1195       0.9289
    1196       0.9020
    1197       0.9649
    1198       0.9608
    1199       0.9443
    1200       0.8552
    1201       0.9179
    1202       0.9303
    1203       0.9269
    1204       0.9786
    1205       0.9712
    1206       1.0269
    1207       0.9195
    1208       0.8914
    1209       0.7581
    1210       0.8544
    1211       0.8381
    1212       0.9232
    1213       0.8176
    1214       0.9991
    1215       1.0291
    1216       0.8779
    1217       0.8983
    1218       0.8367
    1219       0.8581
    1220       0.8990
    1221       0.9161
    1222       0.8233
    1223       0.8489
    1224       0.8981
    1225       0.7918
    1226       0.8226
    1227       0.8566
    1228       0.8138
    1229       0.8195
    1230       0.8920
    1231       0.8635
    1232       0.9076
    1233       0.9265
    1234       0.8908
    1235       0.9737
    1236       0.8881
    1237       0.9448
    1238       0.8724
    1239       0.9367
    1240       0.9483
    1241       0.9183
    1242       0.9461
    1243       0.9213
    1244       0.9701
    1245       0.8887
    1246       1.0302
    1247       1.0408
    1248       0.9721
    1249       0.9816
    1250       1.0511
    1251       1.0482
    1252       1.0182
    1253       1.0058
    1254       1.1336
    1255       1.0447
    1256       1.0436
    1257       0.9415
    1258       1.0073
    1259       0.8885
    1260       1.0079
    1261       1.0426
    1262       1.0976
    1263       1.0530
    1264       1.0511
    1265       0.9402
    1266       0.9992
    1267       1.0735
    1268       1.0550
    1269       0.9939
    1270       0.9849
    1271       0.9630
    1272       1.0809
    1273       0.9809
    1274       1.0934
    1275       1.0994
    1276       1.0313
    1277       0.9840
    1278       1.0832
    1279       1.0415
    1280       0.9332
    1281       0.9969
    1282       1.0158
    1283       0.9797
    1284       1.0224
    1285       0.9551
    1286       0.8977
    1287       0.9728
    1288       0.9466
    1289       0.9603
    1290       0.9426
    1291       0.9247
    1292       0.8197
    1293       0.9505
    1294       0.9338
    1295       1.0453
    1296       0.9208
    1297       1.0200
    1298       0.9957
    1299       0.8923
    1300       1.0615
    1301       0.9718
    1302       1.0061
    1303       0.9626
    1304       0.9611
    1305       1.1204
    1306       0.9600
    1307       0.9715
    1308       0.8934
    1309       0.9192
    1310       0.9736
    1311       1.0247
    1312       1.0564
    1313       0.9271
    1314       0.9570
    1315       0.9811
    1316       0.9572
    1317       0.9349
    1318       0.9652
    1319       0.9263
    1320       0.9686
    1321       0.9476
    1322       0.9073
    1323       0.9537
    1324       0.8657
    1325       0.9535
    1326       0.9909
    1327       0.9578
    1328       0.8715
    1329       0.8700
    1330       0.8996
    1331       0.9578
    1332       0.8606
    1333       0.9200
    1334       0.8699
    1335       1.0650
    1336       0.9682
    1337       0.9019
    1338       0.9117
    1339       0.9695
    1340       0.9012
    1341       0.9839
    1342       0.8760
    1343       0.8346
    1344       0.9119
    1345       0.8758
    1346       0.9477
    1347       0.9272
    1348       0.9146
    1349       0.9630
    1350       0.9260
    1351       0.9888
    1352       0.9484
    1353       0.8868
    1354       0.9122
    1355       0.9715
    1356       1.0316
    1357       1.0307
    1358       1.0032
    1359       1.0843
    1360       1.0256
    1361       1.0174
    1362       0.8888
    1363       0.9410
    1364       0.9813
    1365       0.9047
    1366       0.8943
    1367       0.9922
    1368       0.9419
    1369       0.9606
    1370       0.9885
    1371       0.9498
    1372       0.9054
    1373       0.9629
    1374       0.8856
    1375       0.9576
    1376       0.8260
    1377       0.9366
    1378       0.9556
    1379       0.8759
    1380       0.8964
    1381       0.8725
    1382       0.8905
    1383       0.9008
    1384       0.9322
    1385       0.8635
    1386       0.8758
    1387       0.8944
    1388       0.9667
    1389       0.8968
    1390       0.8641
    1391       0.8374
    1392       0.8763
    1393       0.8514
    1394       0.8889
    1395       0.9076
    1396       0.8607
    1397       0.8755
    1398       0.8067
    1399       0.9757
    1400       0.8378
    1401       0.8047
    1402       0.8535
    1403       0.9309
    1404       0.8957
    1405       0.8541
    1406       0.8509
    1407       0.9014
    1408       0.8181
    1409       0.8270
    1410       0.9043
    1411       0.8731
    1412       0.8822
    1413       0.8935
    1414       0.8981
    1415       0.8483
    1416       0.8345
    1417       0.9279
    1418       0.9168
    1419       0.9178
    1420       0.9187
    1421       0.9028
    1422       0.8335
    1423       0.8033
    1424       0.9088
    1425       0.8413
    1426       0.9134
    1427       0.9048
    1428       0.9383
    1429       0.8503
    1430       0.8269
    1431       0.8173
    1432       0.8196
    1433       0.8519
    1434       0.8700
    1435       0.8285
    1436       0.9373
    1437       0.9033
    1438       0.8867
    1439       0.8875
    1440       0.9944
    1441       0.9158
    1442       0.9503
    1443       0.9124
    1444       0.9934
    1445       0.9378
    1446       0.9972
    1447       1.0143
    1448       0.9823
    1449       0.9945
    1450       0.8525
    1451       0.8834
    1452       0.9770
    1453       0.8557
    1454       0.8207
    1455       0.8841
    1456       0.8592
    1457       0.8428
    1458       0.9125
    1459       0.9658
    1460       0.8684
    1461       0.9799
    1462       1.0240
    1463       0.9691
    1464       0.9082
    1465       0.8591
    1466       0.8444
    1467       0.9013
    1468       0.8626
    1469       0.8600
    1470       0.8636
    1471       0.8486
    1472       0.7916
    1473       0.7386
    1474       0.8884
    1475       0.8554
    1476       0.8860
    1477       0.8866
    1478       0.9085
    1479       0.8852
    1480       0.8854
    1481       0.9444
    1482       0.9464
    1483       0.9604
    1484       0.8600
    1485       0.8856
    1486       0.9215
    1487       0.9307
    1488       0.8984
    1489       0.9888
    1490       1.0270
    1491       0.9388
    1492       0.8864
    1493       1.0215
    1494       0.8379
    1495       0.9627
    1496       0.9060
    1497       0.9436
    1498       0.8008
    1499       0.8433
    1500       0.8444
    1501       0.7751
    1502       0.7846
    1503       0.8238
    1504       0.8595
    1505       0.8206
    1506       0.8365
    1507       0.8154
    1508       0.9520
    1509       0.8834
    1510       0.9615
    1511       0.9505
    1512       0.9352
    1513       0.9033
    1514       0.9362
    1515       0.8526
    1516       0.9557
    1517       0.9545
    1518       0.9508
    1519       0.9050
    1520       0.9027
    1521       0.9344
    1522       0.8692
    1523       1.0206
    1524       0.9823
    1525       1.0182
    1526       0.9967
    1527       1.0001
    1528       0.9269
    1529       0.9283
    1530       0.8218
    1531       0.9047
    1532       0.8496
    1533       0.9108
    1534       0.8945
    1535       0.9127
    1536       1.0005
    1537       0.9651
    1538       0.9300
    1539       0.9650
    1540       0.9915
    1541       0.9747
    1542       0.9609
    1543       0.9044
    1544       0.9389
    1545       0.9213
    1546       0.9290
    1547       0.9022
    1548       0.9257
    1549       0.9860
    1550       1.0519
    1551       0.9729
    1552       0.8921
    1553       0.9204
    1554       0.9568
    1555       0.9745
    1556       1.0393
    1557       1.0003
    1558       1.0001
    1559       0.9924
    1560       0.9588
    1561       1.0076
    1562       1.0516
    1563       1.0833
    1564       1.1527
    1565       1.1090
    1566       0.9683
    1567       1.0539
    1568       1.0800
    1569       0.9674
    1570       1.0015
    1571       1.0106
    1572       1.1609
    1573       0.9866
    1574       0.8959
    1575       0.8945
    1576       0.9775
    1577       0.8567
    1578       1.0068
    1579       0.9841
    1580       1.0156
    1581       0.9881
    1582       1.0766
    1583       0.9847
    1584       0.9283
    1585       1.0927
    1586       0.9069
    1587       0.9714
    1588       0.9373
    1589       1.0563
    1590       0.9277
    1591       0.8804
    1592       0.9288
    1593       0.9581
    1594       0.9427
    1595       0.8432
    1596       0.9026
    1597       0.9269
    1598       0.9795
    1599       0.9158
    1600       1.0098
    1601       0.9212
    1602       1.0104
    1603       1.0559
    1604       1.0450
    1605       0.9084
    1606       1.0447
    1607       0.9757
    1608       0.9531
    1609       0.9302
    1610       0.9471
    1611       0.8716
    1612       0.9622
    1613       0.9384
    1614       0.9351
    1615       0.9617
    1616       0.9648
    1617       0.8812
    1618       0.9463
    1619       1.0162
    1620       0.9326
    1621       0.8649
    1622       0.9339
    1623       0.8979
    1624       0.9938
    1625       1.0172
    1626       1.0090
    1627       1.0256
    1628       1.0010
    1629       0.9705
    1630       0.9389
    1631       0.9107
    1632       0.8889
    1633       0.8901
    1634       0.9088
    1635       0.9344
    1636       0.9266
    1637       0.9943
    1638       0.9561
    1639       0.9040
    1640       0.8839
    1641       0.9328
    1642       1.0578
    1643       1.0397
    1644       1.0829
    1645       1.0369
    1646       1.0343
    1647       1.1612
    1648       1.1072
    1649       1.0305
    1650       0.9811
    1651       1.0516
    1652       1.0069
    1653       1.0096
    1654       0.9684
    1655       1.0375
    1656       0.9564
    1657       0.9772
    1658       1.0155
    1659       0.9166
    1660       0.9684
    1661       0.8587
    1662       0.9796
    1663       1.0703
    1664       0.9909
    1665       0.9496
    1666       0.8928
    1667       1.0288
    1668       0.9988
    1669       1.0712
    1670       0.9035
    1671       0.9373
    1672       0.9611
    1673       0.8984
    1674       0.9814
    1675       1.0926
    1676       1.1093
    1677       0.9899
    1678       1.0222
    1679       1.0884
    1680       1.0167
    1681       1.1042
    1682       1.0443
    1683       0.8950
    1684       0.9124
    1685       0.9949
    1686       1.1077
    1687       1.0007
    1688       1.0179
    1689       1.0372
    1690       0.9511
    1691       1.0207
    1692       1.0129
    1693       1.0830
    1694       1.1169
    1695       0.9528
    1696       1.0699
    1697       1.0700
    1698       0.9552
    1699       0.9688
    1700       1.0528
    1701       0.9975
    1702       0.9182
    1703       0.9966
    1704       0.9635
    1705       0.9680
    1706       1.0537
    1707       1.0672
    1708       0.9713
    1709       0.9421
    1710       1.0344
    1711       1.0068
    1712       1.0026
    1713       1.0662
    1714       0.9808
    1715       1.0578
    1716       0.9601
    1717       0.8950
    1718       0.8546
    1719       0.9416
    1720       0.9548
    1721       0.9593
    1722       0.9770
    1723       0.8736
    1724       1.0089
    1725       0.9091
    1726       0.9551
    1727       1.0305
    1728       0.8162
    1729       0.9360
    1730       1.0318
    1731       1.0292
    1732       0.9973
    1733       0.9275
    1734       1.0016
    1735       0.9651
    1736       0.8513
    1737       0.9380
    1738       0.8792
    1739       0.8851
    1740       0.9552
    1741       0.8776
    1742       0.8845
    1743       0.8953
    1744       0.8774
    1745       0.9715
    1746       0.9012
    1747       0.9116
    1748       0.8942
    1749       0.9024
    1750       0.8869
    1751       0.9366
    1752       1.0039
    1753       1.0447
    1754       0.9920
    1755       0.8498
    1756       0.8863
    1757       0.7891
    1758       0.9332
    1759       0.8859
    1760       0.8716
    1761       0.8442
    1762       0.9424
    1763       0.9080
    1764       0.8572
    1765       0.8953
    1766       0.8982
    1767       0.8901
    1768       0.8676
    1769       0.8567
    1770       0.8284
    1771       0.8829
    1772       0.7445
    1773       0.8487
    1774       0.8983
    1775       0.8700
    1776       0.9140
    1777       0.9291
    1778       0.8881
    1779       0.8855
    1780       0.7764
    1781       0.8331
    1782       0.8770
    1783       0.8704
    1784       0.9761
    1785       0.9426
    1786       0.9805
    1787       0.8776
    1788       1.0017
    1789       0.9540
    1790       0.8707
    1791       0.8835
    1792       0.9805
    1793       0.9539
    1794       0.9186
    1795       0.9009
    1796       0.8970
    1797       0.9079
    1798       0.8568
    1799       0.8483
    1800       0.9356
    1801       0.9257
    1802       0.9291
    1803       0.9158
    1804       0.8818
    1805       0.9454
    1806       0.9556
    1807       1.0239
    1808       0.9470
    1809       0.9936
    1810       0.9457
    1811       1.0095
    1812       0.9943
    1813       0.9740
    1814       0.8343
    1815       0.9249
    1816       0.8366
    1817       0.9096
    1818       0.9738
    1819       0.9401
    1820       1.0945
    1821       1.0325
    1822       1.0587
    1823       1.0676
    1824       1.1270
    1825       1.0812
    1826       1.1422
    1827       1.1000
    1828       1.1084
    1829       1.1297
    1830       0.9204
    1831       0.9594
    1832       0.9834
    1833       1.0197
    1834       0.9874
    1835       1.0827
    1836       1.0387
    1837       1.0008
    1838       1.0996
    1839       1.1117
    1840       1.0353
    1841       1.1082
    1842       1.1909
    1843       1.1427
    1844       1.0157
    1845       1.0633
    1846       1.0119
    1847       0.9866
    1848       0.9608
    1849       0.9665
    1850       0.8923
    1851       0.9500
    1852       0.8970
    1853       0.9431
    1854       1.0449
    1855       1.0378
    1856       1.1789
    1857       0.9643
    1858       1.0194
    1859       1.1758
    1860       1.1075
    1861       1.0991
    1862       1.0299
    1863       1.0105
    1864       1.0823
    1865       1.0768
    1866       1.0914
    1867       1.0825
    1868       1.0099
    1869       0.9631
    1870       0.9927
    1871       0.9081
    1872       0.9499
    1873       0.9718
    1874       0.9920
    1875       0.9832
    1876       0.9715
    1877       0.9881
    1878       0.9885
    1879       0.8852
    1880       0.8240
    1881       1.0134
    1882       0.9538
    1883       1.0362
    1884       1.0443
    1885       0.9880
    1886       1.0048
    1887       1.0263
    1888       0.9956
    1889       1.0597
    1890       1.0568
    1891       0.9592
    1892       0.9974
    1893       1.1345
    1894       1.0946
    1895       1.0866
    1896       1.0235
    1897       1.1089
    1898       1.1210
    1899       1.0383
    1900       1.0581
    1901       1.0970
    1902       1.1408
    1903       1.0887
    1904       0.9769
    1905       1.0314
    1906       1.0691
    1907       1.1475
    1908       1.0428
    1909       0.9776
    1910       1.0622
    1911       1.0352
    1912       1.0513
    1913       1.0399
    1914       1.0696
    1915       1.0829
    1916       1.0249
    1917       0.9936
    1918       1.0585
    1919       0.9075
    1920       0.9588
    1921       1.0774
    1922       1.0962
    1923       1.0102
    1924       0.9667
    1925       1.0261
    1926       1.0527
    1927       0.9993
    1928       1.0683
    1929       1.0310
    1930       1.0652
    1931       1.0616
    1932       0.9926
    1933       0.9794
    1934       1.2055
    1935       1.1311
    1936       1.1083
    1937       1.0019
    1938       1.0739
    1939       1.2356
    1940       1.1526
    1941       1.1463
    1942       0.9936
    1943       1.0694
    1944       1.0482
    1945       1.0737
    1946       1.0063
    1947       1.0476
    1948       1.0005
    1949       1.0033
    1950       1.0343
    1951       1.0204
    1952       1.0481
    1953       1.0980
    1954       0.9786
    1955       1.1562
    1956       1.2059
    1957       1.1350
    1958       1.1957
    1959       1.1145
    1960       1.0864
    1961       1.0506
    1962       1.1094
    1963       1.0682
    1964       1.0688
    1965       1.0745
    1966       1.0896
    1967       0.9997
    1968       1.0287
    1969       0.9521
    1970       1.0519
    1971       1.0779
    1972       0.9468
    1973       1.0268
    1974       1.1161
    1975       1.1767
    1976       1.1896
    1977       1.1037
    1978       1.0297
    1979       0.9839
    1980       1.0059
    1981       1.0953
    1982       1.1967
    1983       1.0660
    1984       1.1195
    1985       1.0713
    1986       1.1146
    1987       1.1754
    1988       1.1868
    1989       1.0957
    1990       1.1587
    1991       1.1215
    1992       1.1757
    1993       1.0642
    1994       1.2733
    1995       1.1968
    1996       1.2238
    1997       1.1907
    1998       1.1258
    1999       1.1957
    2000       1.1023
    2001       0.9922
    2002       1.0499
    2003       1.0892
    2004       1.0438
    2005       1.1477
    2006       0.9795
    2007       1.1130
    2008       1.0250
    2009       1.1849
    2010       1.0862
    2011       1.1121
    2012       1.0834
    2013       1.1109
    2014       1.0833
    2015       1.1391
    2016       1.0473
    2017       1.0043
    2018       0.9273
    2019       1.0207
    2020       0.9687
    2021       1.0174
    2022       1.0671
    2023       0.9947
    2024       1.0750
    2025       1.1129
    2026       1.0925
    2027       1.1052
    2028       1.0246
    2029       0.9585
    2030       1.0772
    2031       1.0808
    2032       1.1191
    2033       1.0092
    2034       1.0270
    2035       1.0511
    2036       1.1065
    2037       1.0224
    2038       1.0772
    2039       1.1868
    2040       1.2271
    2041       1.0483
    2042       1.0813
    2043       1.0656
    2044       1.0682
    2045       1.1162
    2046       1.0667
    2047       1.0552
    2048       1.1038
    2049       1.0207
    2050       0.9968
    2051       1.0342
    2052       0.9847
    2053       1.0092
    2054       1.1273
    2055       1.0385
    2056       1.0715
    2057       1.1356
    2058       1.0635
    2059       0.9999
    2060       0.9638
    2061       1.1679
    2062       1.1626
    2063       1.1202
    2064       1.1552
    2065       1.1562
    2066       1.0986
    2067       1.1343
    2068       1.1591
    2069       1.0562
    2070       1.1031
    2071       1.0244
    2072       1.0165
    2073       1.0180
    2074       1.0063
    2075       1.0246
    2076       1.0027
    2077       1.1074
    2078       1.0537
    2079       1.0931
    2080       1.1532
    2081       1.1301
    2082       0.9710
    2083       0.9278
    2084       0.9688
    2085       1.0260
    2086       0.9449
    2087       1.0501
    2088       0.9896
    2089       0.9662
    2090       1.0601
    2091       1.1453
    2092       1.1844
    2093       1.1911
    2094       1.0602
    2095       1.0336
    2096       1.1417
    2097       1.1913
    2098       1.0854
    2099       1.1355
    2100       1.0572
    2101       1.0096
    2102       1.1164
    2103       1.0616
    2104       0.9802
    2105       1.0824
    2106       1.1339
    2107       1.1003
    2108       1.0366
    2109       1.1140
    2110       1.0199
    2111       1.0747
    2112       1.0650
    2113       1.0540
    2114       1.0799
    2115       0.9849
    2116       1.0564
    2117       1.1879
    2118       1.2562
    2119       1.1417
    2120       1.1415
    2121       1.1081
    2122       1.1092
    2123       1.1154
    2124       1.0833
    2125       1.1085
    2126       1.1293
    2127       1.1855
    2128       1.0588
    2129       1.0719
    2130       1.0769
    2131       1.0859
    2132       1.0962
    2133       1.1745
    2134       1.1976
    2135       1.1282
    2136       0.9971
    2137       1.2213
    2138       1.1525
    2139       1.1446
    2140       1.0960
    2141       0.9510
    2142       0.9680
    2143       1.0340
    2144       1.1546
    2145       1.1665
    2146       1.0527
    2147       1.1652
    2148       1.1844
    2149       1.1970
    2150       1.0886
    2151       1.1545
    2152       1.0904
    2153       1.1556
    2154       1.1781
    2155       1.0533
    2156       1.1053
    2157       1.1639
    2158       1.0776
    2159       1.0144
    2160       1.1468
    2161       1.0200
    2162       1.1459
    2163       1.0637
    2164       0.9964
    2165       1.1143
    2166       1.0788
    2167       1.1559
    2168       1.0916
    2169       1.0558
    2170       1.0960
    2171       1.1905
    2172       0.9045
    2173       0.9852
    2174       1.0407
    2175       1.0189
    2176       1.0297
    2177       1.0044
    2178       0.9970
    2179       1.0553
    2180       1.1338
    2181       1.2008
    2182       1.1273
    2183       1.0631
    2184       1.0109
    2185       1.1362
    2186       1.0302
    2187       1.1049
    2188       1.1252
    2189       1.1209
    2190       1.1702
    2191       1.0753
    2192       1.0330
    2193       1.1869
    2194       1.0989
    2195       1.1411
    2196       1.2804
    2197       1.2099
    2198       1.1788
    2199       1.1067
    2200       1.1784
    2201       1.0801
    2202       1.0206
    2203       1.0900
    2204       1.1161
    2205       1.2366
    2206       1.1368
    2207       1.2108
    2208       1.0415
    2209       1.0844
    2210       1.0986
    2211       1.2441
    2212       1.2087
    2213       1.1379
    2214       1.1023
    2215       1.2229
    2216       1.1433
    2217       1.1237
    2218       1.1545
    2219       1.1466
    2220       1.0398
    2221       1.0122
    2222       1.0437
    2223       1.0859
    2224       1.0798
    2225       1.1305
    2226       1.1096
    2227       1.0774
    2228       1.2093
    2229       0.9979
    2230       1.1751
    2231       1.1240
    2232       1.1147
    2233       1.1453
    2234       1.1545
    2235       1.0585
    2236       1.0652
    2237       1.1623
    2238       1.1080
    2239       1.0620
    2240       1.1104
    2241       1.1599
    2242       1.2400
    2243       1.1896
    2244       1.1546
    2245       1.1158
    2246       1.0115
    2247       1.0088
    2248       1.0519
    2249       1.0268
    2250       1.0114
    2251       1.1461
    2252       1.0430
    2253       1.1813
    2254       1.1741
    2255       1.0705
    2256       1.1316
    2257       1.1159
    2258       1.1155
    2259       1.1537
    2260       1.1959
    2261       1.0287
    2262       1.0438
    2263       1.1105
    2264       1.0413
    2265       1.1077
    2266       1.0074
    2267       0.9624
    2268       1.0038
    2269       0.9742
    2270       1.0064
    2271       0.9754
    2272       0.9525
    2273       1.0026
    2274       1.0032
    2275       0.9722
    2276       1.0292
    2277       1.0136
    2278       0.9733
    2279       0.8978
    2280       1.0238
    2281       1.1034
    2282       1.0618
    2283       1.0807
    2284       1.1539
    2285       1.1358
    2286       1.1146
    2287       1.1810
    2288       1.1554
    2289       1.2618
    2290       1.0618
    2291       1.0419
    2292       1.0696
    2293       0.9884
    2294       1.0153
    2295       0.9810
    2296       0.9321
    2297       0.9843
    2298       1.0896
    2299       0.9532
    2300       1.0318
    2301       1.0915
    2302       1.0833
    2303       1.0513
    2304       1.0540
    2305       1.0050
    2306       1.1004
    2307       1.0577
    2308       1.0776
    2309       0.9982
    2310       1.0125
    2311       0.9856
    2312       0.9518
    2313       0.9999
    2314       1.0979
    2315       1.1645
    2316       1.1166
    2317       1.1097
    2318       1.1509
    2319       1.0858
    2320       1.0886
    2321       1.0876
    2322       1.1583
    2323       1.1340
    2324       1.0888
    2325       1.1724
    2326       1.1749
    2327       1.1473
    2328       1.1001
    2329       1.1131
    2330       1.1435
    2331       1.1595
    2332       1.2156
    2333       1.1927
    2334       1.2052
    2335       1.1919
    2336       1.2039
    2337       1.1948
    2338       1.0279
    2339       1.1418
    2340       1.0327
    2341       1.1272
    2342       1.0672
    2343       1.1326
    2344       1.1256
    2345       1.1421
    2346       1.1692
    2347       1.0572
    2348       1.1363
    2349       1.1821
    2350       1.1537
    2351       1.0788
    2352       1.0047
    2353       1.0328
    2354       1.0726
    2355       1.0799
    2356       0.9459
    2357       1.1000
    2358       0.9091
    2359       1.0442
    2360       0.9858
    2361       0.9984
    2362       1.0957
    2363       1.0569
    2364       0.9914
    2365       1.0976
    2366       1.1616
    2367       1.0334
    2368       1.1249
    2369       1.1201
    2370       1.0982
    2371       1.1663
    2372       1.0252
    2373       1.0737
    2374       1.1051
    2375       1.0131
    2376       1.0536
    2377       1.0329
    2378       1.0248
    2379       1.0318
    2380       0.9909
    2381       0.9818
    2382       0.9539
    2383       0.9388
    2384       0.9197
    2385       1.0405
    2386       0.9701
    2387       1.1423
    2388       1.1492
    2389       1.1361
    2390       1.0601
    2391       1.1254
    2392       1.0095
    2393       1.0357
    2394       1.1159
    2395       1.0739
    2396       1.0966
    2397       1.0327
    2398       1.0217
    2399       1.1191
    2400       1.0413
    2401       1.0302
    2402       1.0016
    2403       0.9275
    2404       0.8840
    2405       0.9386
    2406       0.8816
    2407       0.9253
    2408       0.9514
    2409       1.0185
    2410       0.9506
    2411       0.9317
    2412       0.9950
    2413       1.0597
    2414       1.1105
    2415       1.2031
    2416       1.0590
    2417       1.0659
    2418       1.0708
    2419       1.0696
    2420       1.1360
    2421       1.0635
    2422       1.1381
    2423       1.0915
    2424       1.0963
    2425       1.1095
    2426       1.2317
    2427       1.0773
    2428       1.0022
    2429       1.1141
    2430       1.1585
    2431       1.0469
    2432       1.0255
    2433       1.1653
    2434       0.9900
    2435       1.0509
    2436       1.1029
    2437       1.0714
    2438       1.0854
    2439       1.1113
    2440       1.1044
    2441       1.0695
    2442       1.0519
    2443       1.0825
    2444       1.1275
    2445       1.1018
    2446       1.1619
    2447       1.0195
    2448       1.0619
    2449       1.1408
    2450       1.1561
    2451       1.1026
    2452       1.1118
    2453       1.1142
    2454       0.9789
    2455       1.0288
    2456       1.0922
    2457       1.0673
    2458       1.1547
    2459       1.0224
    2460       1.0611
    2461       1.0999
    2462       1.0414
    2463       0.9012
    2464       0.9689
    2465       1.0364
    2466       1.0371
    2467       0.9585
    2468       0.9029
    2469       0.9172
    2470       0.8991
    2471       0.9265
    2472       1.0586
    2473       1.0245
    2474       1.0331
    2475       1.0688
    2476       1.0458
    2477       1.0124
    2478       1.0488
    2479       1.0921
    2480       1.1366
    2481       1.0448
    2482       1.1872
    2483       1.0536
    2484       1.0784
    2485       0.9970
    2486       1.0616
    2487       1.1273
    2488       1.0805
    2489       1.0987
    2490       1.1858
    2491       1.0853
    2492       1.0077
    2493       1.0326
    2494       1.0477
    2495       1.0607
    2496       0.9928
    2497       1.0276
    2498       0.9073
    2499       0.9644
    2500       0.9380
    2501       0.9310
    2502       0.8607
    2503       1.0115
    2504       0.9947
    2505       0.9983
    2506       1.0001
    2507       1.0752
    2508       0.9757
    2509       1.0059
    2510       0.9491
    2511       0.9592
    2512       0.9741
    2513       0.8540
    2514       1.0094
    2515       1.0268
    2516       0.9847
    2517       1.0280
    2518       1.0129
    2519       0.9186
    2520       0.9601
    2521       0.9009
    2522       0.9992
    2523       0.9768
    2524       0.9722
    2525       0.9456
    2526       0.9951
    2527       1.0423
    2528       0.9953
    2529       0.9842
    2530       0.9595
    2531       1.1407
    2532       1.1184
    2533       0.9789
    2534       1.0815
    2535       1.0251
    2536       1.0803
    2537       1.0364
    2538       1.0585
    2539       1.0654
    2540       0.9790
    2541       1.0735
    2542       1.0941
    2543       1.1143
    2544       1.1375
    2545       1.1030
    2546       1.0087
    2547       1.0263
    2548       1.0358
    2549       1.0599
    2550       1.0694
    2551       0.9159
    2552       0.9665
    2553       0.9942
    2554       0.8956
    2555       0.9840
    2556       1.0425
    2557       1.0019
    2558       0.9497
    2559       1.0116
    2560       1.1116
    2561       1.0574
    2562       1.0125
    2563       0.9927
    2564       1.0095
    2565       0.9462
    2566       0.9480
    2567       1.0109
    2568       0.9699
    2569       1.1061
    2570       0.9406
    2571       1.0446
    2572       1.0628
    2573       1.0057
    2574       1.0321
    2575       0.9269
    2576       1.0343
    2577       0.8808
    2578       0.9181
    2579       0.9089
    2580       0.9868
    2581       0.9675
    2582       0.9986
    2583       1.0498
    2584       0.9756
    2585       1.0121
    2586       1.0322
    2587       0.9994
    2588       1.0943
    2589       0.9477
    2590       1.0745
    2591       1.0664
    2592       1.1099
    2593       1.0427
    2594       0.9408
    2595       0.9115
    2596       0.9420
    2597       0.9019
    2598       0.9289
    2599       0.8828
    2600       1.0113
    2601       0.9348
    2602       0.9050
    2603       0.8740
    2604       0.9552
    2605       0.9184
    2606       0.9035
    2607       0.9560
    2608       0.9633
    2609       0.8738
    2610       0.9138
    2611       0.9192
    2612       0.9917
    2613       1.0165
    2614       0.9469
    2615       0.9031
    2616       0.9841
    2617       0.9296
    2618       1.0414
    2619       1.0454
    2620       1.0045
    2621       1.0914
    2622       0.8835
    2623       0.9913
    2624       1.0918
    2625       1.0290
    2626       1.1122
    2627       1.0898
    2628       1.0498
    2629       1.1255
    2630       1.1292
    2631       1.1175
    2632       1.0970
    2633       1.0016
    2634       0.9869
    2635       1.0616
    2636       0.9556
    2637       1.0099
    2638       0.9724
    2639       1.0295
    2640       1.0475
    2641       0.9664
    2642       0.9005
    2643       0.9702
    2644       1.0564
    2645       0.8781
    2646       1.0123
    2647       1.0739
    2648       1.0147
    2649       0.9890
    2650       0.9385
    2651       0.9424
    2652       0.9690
    2653       0.9139
    2654       0.9766
    2655       1.0423
    2656       0.9855
    2657       1.0322
    2658       0.9820
    2659       0.9806
    2660       1.0191
    2661       1.0361
    2662       1.0214
    2663       1.0243
    2664       1.0006
    2665       1.0280
    2666       1.1216
    2667       0.9866
    2668       1.1054
    2669       1.0809
    2670       1.1909
    2671       1.0206
    2672       1.1488
    2673       1.1458
    2674       1.1123
    2675       1.1140
    2676       1.1197
    2677       1.0402
    2678       1.0430
    2679       1.1607
    2680       1.0827
    2681       1.0954
    2682       1.1471
    2683       1.1622
    2684       1.1644
    2685       1.1593
    2686       1.1260
    2687       1.3270
    2688       1.2259
    2689       1.1659
    2690       1.2555
    2691       1.1782
    2692       1.0445
    2693       1.1661
    2694       1.2889
    2695       1.3262
    2696       1.2877
    2697       1.2007
    2698       1.0674
    2699       1.0530
    2700       1.0450
    2701       1.0774
    2702       1.0339
    2703       0.9954
    2704       1.0474
    2705       1.1246
    2706       1.0091
    2707       1.0637
    2708       0.9825
    2709       1.0604
    2710       1.0805
    2711       1.0952
    2712       1.0735
    2713       1.1520
    2714       1.1335
    2715       1.0538
    2716       1.0592
    2717       0.9130
    2718       0.9389
    2719       0.9495
    2720       1.0739
    2721       1.1101
    2722       1.0386
    2723       1.1033
    2724       1.0143
    2725       1.1400
    2726       1.0270
    2727       1.0675
    2728       1.1193
    2729       1.0839
    2730       1.1232
    2731       1.0343
    2732       1.0485
    2733       1.0188
    2734       1.0328
    2735       1.0873
    2736       1.0961
    2737       1.1919
    2738       1.1804
    2739       1.0604
    2740       1.2010
    2741       1.1572
    2742       1.0592
    2743       1.0780
    2744       1.0049
    2745       1.1021
    2746       1.1370
    2747       1.1210
    2748       1.1138
    2749       1.0333
    2750       1.0566
    2751       1.0664
    2752       1.0538
    2753       0.9952
    2754       0.9075
    2755       0.9422
    2756       1.0044
    2757       0.9652
    2758       1.0333
    2759       0.9475
    2760       0.9705
    2761       0.9910
    2762       1.0075
    2763       0.9653
    2764       0.9267
    2765       0.9783
    2766       0.9941
    2767       0.9684
    2768       0.9692
    2769       0.9627
    2770       0.9805
    2771       0.9600
    2772       0.9624
    2773       0.8545
    2774       0.9229
    2775       0.9432
    2776       0.9171
    2777       0.8550
    2778       1.0054
    2779       0.8840
    2780       0.8924
    2781       0.9612
    2782       0.9905
    2783       0.9523
    2784       0.8789
    2785       0.9682
    2786       1.0000
    2787       1.0078
    2788       0.9883
    2789       0.9863
    2790       1.0122
    2791       0.8915
    2792       0.9019
    2793       0.9327
    2794       0.8673
    2795       0.8967
    2796       0.9385
    2797       0.9470
    2798       0.9715
    2799       1.0086
    2800       1.0073
    2801       1.0266
    2802       1.0555
    2803       0.9973
    2804       0.9715
    2805       1.0015
    2806       0.9604
    2807       0.9530
    2808       0.9399
    2809       0.9702
    2810       1.0026
    2811       1.0839
    2812       1.1007
    2813       1.1434
    2814       1.0624
    2815       1.1475
    2816       1.1791
    2817       1.0638
    2818       1.0447
    2819       1.2697
    2820       1.1629
    2821       1.1224
    2822       1.1211
    2823       1.2146
    2824       1.2435
    2825       1.1838
    2826       1.1617
    2827       1.1373
    2828       1.1642
    2829       1.1186
    2830       1.1193
    2831       1.1841
    2832       1.1282
    2833       1.0923
    2834       1.1680
    2835       1.2097
    2836       1.1264
    2837       1.0947
    2838       1.0885
    2839       1.1336
    2840       1.1207
    2841       1.2086
    2842       1.2080
    2843       1.2954
    2844       1.0777
    2845       1.1232
    2846       1.1763
    2847       1.1157
    2848       1.1278
    2849       1.2592
    2850       1.2026
    2851       1.1669
    2852       1.2448
    2853       1.0544
    2854       1.1266
    2855       1.1145
    2856       1.1605
    2857       1.0104
    2858       1.0756
    2859       1.0853
    2860       1.1027
    2861       1.0541
    2862       1.1419
    2863       1.2049
    2864       1.2000
    2865       1.1032
    2866       1.2134
    2867       1.1356
    2868       1.1472
    2869       1.0998
    2870       1.1979
    2871       1.1153
    2872       1.1244
    2873       1.1482
    2874       1.1667
    2875       1.1109
    2876       1.0942
    2877       1.1035
    2878       1.1008
    2879       1.0958
    2880       1.1381
    2881       1.1165
    2882       1.2007
    2883       1.1355
    2884       1.0183
    2885       1.0942
    2886       1.1812
    2887       1.2105
    2888       1.1450
    2889       1.1060
    2890       1.1149
    2891       1.0629
    2892       1.0651
    2893       1.0170
    2894       1.0725
    2895       1.1047
    2896       1.0021
    2897       1.0840
    2898       1.1856
    2899       1.0524
    2900       1.0511
    2901       1.0740
    2902       1.0590
    2903       1.0688
    2904       1.1081
    2905       1.0588
    2906       1.1099
    2907       1.0873
    2908       1.0030
    2909       1.0633
    2910       1.1274
    2911       1.1668
    2912       1.1778
    2913       1.0706
    2914       1.0458
    2915       1.0738
    2916       1.0308
    2917       0.9784
    2918       0.9301
    2919       0.9241
    2920       0.9905
    2921       0.9420
    2922       0.9258
    2923       0.9859
    2924       1.0198
    2925       1.0676
    2926       1.1825
    2927       1.1010
    2928       1.0830
    2929       1.1073
    2930       1.0688
    2931       1.0629
    2932       1.0600
    2933       1.0505
    2934       1.0319
    2935       1.0869
    2936       1.0601
    2937       0.9953
    2938       1.1134
    2939       1.1026
    2940       1.1143
    2941       1.1175
    2942       1.0862
    2943       1.0869
    2944       1.0440
    2945       1.1216
    2946       1.0596
    2947       0.9448
    2948       1.2025
    2949       1.1009
    2950       1.1259
    2951       1.0777
    2952       1.1265
    2953       1.0367
    2954       1.1203
    2955       1.1400
    2956       0.9913
    2957       1.0494
    2958       1.0601
    2959       0.9490
    2960       1.1288
    2961       1.2107
    2962       1.1760
    2963       1.1706
    2964       1.2684
    2965       1.2109
    2966       1.1107
    2967       1.0982
    2968       1.0248
    2969       1.0778
    2970       1.0464
    2971       1.1179
    2972       1.0738
    2973       1.0914
    2974       1.0100
    2975       1.0805
    2976       0.9854
    2977       1.0104
    2978       1.0518
    2979       0.9333
    2980       0.9469
    2981       0.9916
    2982       1.0069
    2983       0.9700
    2984       0.8837
    2985       1.1024
    2986       1.0300
    2987       1.1807
    2988       1.1454
    2989       1.1163
    2990       1.0762
    2991       1.0475
    2992       1.0693
    2993       1.1421
    2994       1.1618
    2995       1.1594
    2996       1.2255
    2997       1.2987
    2998       1.2079
    2999       1.2356
    3000       1.1475
    3001       1.0719
    3002       1.1658
    3003       1.0663
    3004       1.0523
    3005       1.1503
    3006       1.0808
    3007       1.1229
    3008       1.1507
    3009       1.0868
    3010       1.1549
    3011       1.0863
    3012       1.1041
    3013       1.1189
    3014       1.0472
    3015       0.9572
    3016       1.1003
    3017       0.9812
    3018       1.1232
    3019       1.1306
    3020       1.0650
    3021       1.0890
    3022       1.1507
    3023       1.1859
    3024       1.2261
    3025       1.1006
    3026       1.1953
    3027       1.1445
    3028       1.0666
    3029       1.2489
    3030       1.1621
    3031       1.1757
    3032       1.1793
    3033       1.0895
    3034       1.2152
    3035       1.1855
    3036       1.0622
    3037       1.0847
    3038       1.0982
    3039       1.1939
    3040       1.2325
    3041       1.1374
    3042       1.1182
    3043       1.1910
    3044       1.1416
    3045       1.2606
    3046       1.2869
    3047       1.1522
    3048       1.0851
    3049       1.1198
    3050       1.1532
    3051       1.1297
    3052       1.1903
    3053       1.1973
    3054       1.1574
    3055       1.2104
    3056       1.2307
    3057       1.2115
    3058       1.1847
    3059       1.2231
    3060       1.0988
    3061       1.1319
    3062       1.0910
    3063       1.1174
    3064       1.1453
    3065       1.1685
    3066       1.1631
    3067       1.1426
    3068       1.1766
    3069       1.0985
    3070       1.0206
    3071       1.0126
    3072       1.0058
    3073       1.0871
    3074       1.1270
    3075       1.1982
    3076       1.0748
    3077       1.0933
    3078       1.0901
    3079       1.0539
    3080       1.0503
    3081       1.1800
    3082       1.1148
    3083       1.1625
    3084       1.1548
    3085       1.0728
    3086       1.1106
    3087       1.0921
    3088       1.1381
    3089       1.2058
    3090       1.0964
    3091       1.0812
    3092       1.2079
    3093       1.0806
    3094       1.0502
    3095       1.0815
    3096       1.1270
    3097       1.0435
    3098       1.1000
    3099       1.0505
    3100       1.1057
    3101       1.1850
    3102       1.0843
    3103       1.0709
    3104       1.0889
    3105       1.1298
    3106       1.1002
    3107       1.1441
    3108       1.0642
    3109       1.0806
    3110       1.1041
    3111       0.9728
    3112       1.0977
    3113       1.0793
    3114       1.0619
    3115       1.0080
    3116       1.1912
    3117       1.1280
    3118       1.0845
    3119       1.0989
    3120       1.0180
    3121       1.0988
    3122       1.0879
    3123       1.0942
    3124       1.0724
    3125       1.0256
    3126       1.0993
    3127       1.0867
    3128       1.1230
    3129       1.0958
    3130       1.1637
    3131       1.1507
    3132       1.1211
    3133       1.0840
    3134       1.0619
    3135       1.0965
    3136       0.9813
    3137       0.9875
    3138       1.0244
    3139       1.0939
    3140       1.1585
    3141       1.1374
    3142       1.1627
    3143       1.0857
    3144       1.0094
    3145       1.0829
    3146       1.0392
    3147       0.9813
    3148       0.9523
    3149       1.0297
    3150       1.0179
    3151       0.9108
    3152       1.0021
    3153       0.9843
    3154       0.9529
    3155       0.9428
    3156       1.0309
    3157       1.0240
    3158       1.1135
    3159       1.1445
    3160       1.1797
    3161       1.1664
    3162       1.1115
    3163       1.1125
    3164       0.9933
    3165       1.0641
    3166       1.0881
    3167       0.9892
    3168       1.0953
    3169       1.1089
    3170       1.0653
    3171       1.0370
    3172       1.0291
    3173       1.0880
    3174       1.0606
    3175       1.0743
    3176       1.0958
    3177       1.0435
    3178       1.0020
    3179       0.9595
    3180       1.0439
    3181       0.9787
    3182       0.9704
    3183       1.0329
    3184       0.9626
    3185       1.0067
    3186       1.0271
    3187       1.0776
    3188       0.9459
    3189       1.0700
    3190       1.1430
    3191       1.1027
    3192       1.0800
    3193       1.1068
    3194       1.1040
    3195       1.1305
    3196       1.1052
    3197       1.0472
    3198       0.9799
    3199       1.0271
    3200       1.0632
    3201       1.0371
    3202       1.1532
    3203       1.0422
    3204       1.0416
    3205       1.1145
    3206       1.0018
    3207       1.1230
    3208       0.9980
    3209       0.9608
    3210       0.9758
    3211       1.0266
    3212       0.9782
    3213       0.9923
    3214       1.0045
    3215       1.0608
    3216       1.0303
    3217       1.0026
    3218       1.1305
    3219       1.0874
    3220       1.0913
    3221       1.0737
    3222       0.9847
    3223       1.0687
    3224       1.0017
    3225       0.9930
    3226       1.0185
    3227       1.0459
    3228       1.0313
    3229       1.1379
    3230       1.0443
    3231       1.0705
    3232       1.0367
    3233       1.1064
    3234       1.1694
    3235       1.1505
    3236       1.2074
    3237       1.1612
    3238       1.3524
    3239       1.1591
    3240       1.2068
    3241       1.1984
    3242       1.1463
    3243       1.0912
    3244       1.0723
    3245       1.0657
    3246       0.9999
    3247       1.0087
    3248       1.0450
    3249       1.0225
    3250       0.9876
    3251       1.0645
    3252       1.1722
    3253       0.9995
    3254       1.0508
    3255       0.9957
    3256       1.0703
    3257       1.0070
    3258       1.0908
    3259       1.1276
    3260       1.0675
    3261       1.0484
    3262       1.0746
    3263       1.1338
    3264       1.1934
    3265       1.1233
    3266       0.9067
    3267       0.9995
    3268       1.0264
    3269       1.1522
    3270       1.1325
    3271       1.1291
    3272       1.1417
    3273       1.1333
    3274       1.1059
    3275       1.1226
    3276       1.1423
    3277       1.0847
    3278       1.2212
    3279       1.1463
    3280       1.1189
    3281       1.0791
    3282       1.0839
    3283       1.2494
    3284       1.1507
    3285       1.1901
    3286       1.1825
    3287       1.2192
    3288       1.1412
    3289       1.1147
    3290       1.1168
    3291       1.1701
    3292       1.1210
    3293       1.1744
    3294       1.1863
    3295       1.1559
    3296       1.1485
    3297       1.1578
    3298       1.1598
    3299       1.2704
    3300       1.1393
    3301       1.3044
    3302       1.2331
    3303       1.2599
    3304       1.0987
    3305       1.1721
    3306       1.1297
    3307       1.1198
    3308       1.1989
    3309       0.9832
    3310       0.9999
    3311       1.0964
    3312       1.1410
    3313       1.1326
    3314       1.1818
    3315       1.1240
    3316       1.1232
    3317       0.9732
    3318       1.0782
    3319       0.9585
    3320       1.0262
    3321       1.0384
    3322       1.0875
    3323       1.0563
    3324       0.9502
    3325       1.0769
    3326       0.9808
    3327       0.9754
    3328       0.9881
    3329       1.0176
    3330       1.0163
    3331       1.0735
    3332       1.0376
    3333       0.9941
    3334       1.0466
    3335       0.9140
    3336       0.9279
    3337       1.0414
    3338       0.9269
    3339       0.9835
    3340       1.0317
    3341       0.9919
    3342       0.9962
    3343       0.9796
    3344       1.0147
    3345       0.9421
    3346       0.9922
    3347       0.9027
    3348       0.9227
    3349       1.0295
    3350       1.0689
    3351       1.0859
    3352       1.0611
    3353       1.0628
    3354       1.1027
    3355       1.1140
    3356       0.9958
    3357       1.0268
    3358       1.0823
    3359       1.0924
    3360       1.0053
    3361       1.0596
    3362       1.0497
    3363       1.2137
    3364       1.1594
    3365       1.1899
    3366       1.1921
    3367       1.2564
    3368       1.2093
    3369       1.1546
    3370       1.1307
    3371       1.2605
    3372       1.2690
    3373       1.2028
    3374       1.1130
    3375       1.1015
    3376       1.0604
    3377       1.1165
    3378       1.1138
    3379       1.1495
    3380       1.1009
    3381       1.1008
    3382       1.0856
    3383       1.1407
    3384       1.0736
    3385       1.0996
    3386       1.0200
    3387       1.0586
    3388       1.0989
    3389       1.1607
    3390       1.1599
    3391       1.2181
    3392       1.1646
    3393       1.2343
    3394       1.0215
    3395       1.0692
    3396       1.0448
    3397       1.0705
    3398       1.0484
    3399       1.1637
    3400       1.2263
    3401       1.1813
    3402       1.1014
    3403       1.1575
    3404       1.0325
    3405       1.1539
    3406       1.3252
    3407       1.1910
    3408       1.0932
    3409       1.1686
    3410       1.1465
    3411       1.1638
    3412       1.2087
    3413       1.2228
    3414       1.1871
    3415       1.1945
    3416       1.1404
    3417       1.1545
    3418       1.1052
    3419       1.0908
    3420       1.1580
    3421       1.2076
    3422       1.1335
    3423       1.1151
    3424       1.1564
    3425       1.1704
    3426       1.1349
    3427       1.1312
    3428       1.0626
    3429       1.1171
    3430       1.0799
    3431       1.0829
    3432       1.0917
    3433       1.0709
    3434       1.0271
    3435       1.1983
    3436       1.1260
    3437       1.0583
    3438       1.1322
    3439       1.1912
    3440       1.0333
    3441       1.0780
    3442       1.0781
    3443       1.1446
    3444       1.1075
    3445       1.1176
    3446       1.0394
    3447       1.1181
    3448       1.0837
    3449       1.0924
    3450       1.0457
    3451       1.0746
    3452       1.0272
    3453       1.0167
    3454       0.9820
    3455       1.0610
    3456       0.9440
    3457       0.9921
    3458       0.9665
    3459       1.1286
    3460       1.0738
    3461       1.0911
    3462       1.0358
    3463       1.0415
    3464       1.0361
    3465       1.1043
    3466       1.1187
    3467       1.0984
    3468       1.1307
    3469       1.0235
    3470       1.1515
    3471       1.0893
    3472       1.0857
    3473       1.0651
    3474       1.0312
    3475       1.0279
    3476       0.8994
    3477       0.9249
    3478       0.9998
    3479       0.9881
    3480       0.9777
    3481       0.9236
    3482       1.0239
    3483       0.9597
    3484       1.0761
    3485       1.0228
    3486       1.0353
    3487       0.9888
    3488       0.9490
    3489       1.0721
    3490       1.0232
    3491       1.0010
    3492       1.1226
    3493       1.0328
    3494       0.9647
    3495       0.9053
    3496       0.8747
    3497       0.9584
    3498       1.0528
    3499       1.0004
    3500       1.0272
    3501       1.0187
    3502       1.0440
    3503       1.0312
    3504       1.1106
    3505       1.2644
    3506       1.0998
    3507       1.0693
    3508       1.0701
    3509       1.0499
    3510       1.0818
    3511       1.0889
    3512       1.0344
    3513       1.0072
    3514       1.0262
    3515       1.1000
    3516       1.1253
    3517       1.1444
    3518       1.2056
    3519       1.0597
    3520       1.1147
    3521       1.0445
    3522       1.0045
    3523       0.9675
    3524       1.0508
    3525       1.0499
    3526       1.0684
    3527       0.9858
    3528       1.0906
    3529       1.0037
    3530       1.0981
    3531       1.0907
    3532       0.9386
    3533       1.0564
    3534       1.0022
    3535       0.9485
    3536       1.0404
    3537       0.9964
    3538       1.0679
    3539       1.0925
    3540       1.0490
    3541       1.0274
    3542       1.1260
    3543       1.0248
    3544       1.0764
    3545       1.0530
    3546       1.1390
    3547       1.1303
    3548       1.1309
    3549       1.0659
    3550       1.0684
    3551       0.9961
    3552       1.0948
    3553       1.0413
    3554       1.0364
    3555       0.9511
    3556       1.0209
    3557       1.0855
    3558       1.0875
    3559       1.0421
    3560       1.0186
    3561       1.0175
    3562       1.0628
    3563       0.9891
    3564       0.9411
    3565       0.9856
    3566       1.0466
    3567       0.9538
    3568       1.0390
    3569       1.0082
    3570       1.0348
    3571       1.0566
    3572       1.0232
    3573       0.9392
    3574       0.9412
    3575       1.1085
    3576       1.0485
    3577       1.0847
    3578       1.1136
    3579       0.9971
    3580       0.9996
    3581       1.0162
    3582       1.1045
    3583       1.0692
    3584       1.0095
    3585       1.0735
    3586       1.1426
    3587       1.0261
    3588       1.0964
    3589       1.0401
    3590       1.1118
    3591       1.1376
    3592       1.1418
    3593       1.0788
    3594       1.0817
    3595       1.0503
    3596       1.0185
    3597       1.0175
    3598       1.0581
    3599       1.0154
    3600       1.0252
    3601       0.9704
    3602       1.0626
    3603       1.1331
    3604       0.9746
    3605       0.9617
    3606       1.0082
    3607       1.0207
    3608       1.1645
    3609       1.1679
    3610       1.1524
    3611       1.0537
    3612       0.9737
    3613       0.9428
    3614       0.9628
    3615       0.9956
    3616       0.9497
    3617       1.0138
    3618       1.0781
    3619       1.0213
    3620       1.0561
    3621       1.0544
    3622       1.0119
    3623       1.0070
    3624       1.0839
    3625       1.0678
    3626       1.0550
    3627       1.1070
    3628       1.0090
    3629       1.0927
    3630       1.0404
    3631       1.0484
    3632       1.0659
    3633       1.1164
    3634       1.1154
    3635       0.9666
    3636       1.0153
    3637       1.0451
    3638       1.0147
    3639       1.0457
    3640       0.9699
    3641       1.0239
    3642       1.0040
    3643       0.9878
    3644       0.9972
    3645       0.9492
    3646       0.9744
    3647       1.0412
    3648       1.0623
    3649       0.9530
    3650       1.0260
    3651       1.0987
    3652       1.0489
    3653       1.0298
    3654       1.0418
    3655       0.9968
    3656       1.0578
    3657       1.0089
    3658       0.9659
    3659       0.9943
    3660       0.9953
    3661       1.0895
    3662       1.0101
    3663       1.0240
    3664       1.0315
    3665       1.0532
    3666       1.1261
    3667       1.0918
    3668       1.0988
    3669       1.0352
    3670       1.0509
    3671       1.0053
    3672       1.0286
    3673       0.9553
    3674       1.0432
    3675       1.0459
    3676       1.0239
    3677       1.1643
    3678       1.0729
    3679       0.9478
    3680       0.9725
    3681       0.9609
    3682       1.0776
    3683       0.9968
    3684       1.1979
    3685       1.2315
    3686       1.2506
    3687       1.1982
    3688       1.1665
    3689       1.1506
    3690       1.1569
    3691       1.2126
    3692       1.2817
    3693       1.2694
    3694       1.1890
    3695       1.1812
    3696       1.1432
    3697       1.2137
    3698       1.1097
    3699       1.1600
    3700       1.1640
    3701       1.1819
    3702       1.2498
    3703       1.1956
    3704       1.1444
    3705       1.2003
    3706       1.1268
    3707       1.1210
    3708       1.2033
    3709       1.1457
    3710       1.1854
    3711       1.1249
    3712       1.1077
    3713       1.1673
    3714       1.1173
    3715       1.1192
    3716       1.1456
    3717       1.1755
    3718       1.2099
    3719       1.1296
    3720       1.2305
    3721       1.1384
    3722       1.0963
    3723       1.1415
    3724       1.2158
    3725       1.1175
    3726       1.1088
    3727       1.0948
    3728       1.1071
    3729       1.0762
    3730       1.0352
    3731       1.0970
    3732       1.1357
    3733       1.1340
    3734       1.1631
    3735       1.1492
    3736       1.0859
    3737       1.0000
    3738       1.0534
    3739       0.9694
    3740       1.0543
    3741       0.9451
    3742       0.9734
    3743       1.0341
    3744       1.0109
    3745       0.9975
    3746       1.0668
    3747       1.0940
    3748       0.9780
    3749       0.9439
    3750       0.9866
    3751       0.9999
    3752       1.1133
    3753       1.1044
    3754       1.1060
    3755       1.0699
    3756       1.0568
    3757       0.9762
    3758       1.0727
    3759       0.9672
    3760       1.0124
    3761       0.9745
    3762       1.0638
    3763       1.0651
    3764       1.0749
    3765       0.9935
    3766       1.0477
    3767       1.0669
    3768       1.0389
    3769       1.0456
    3770       1.0260
    3771       1.0257
    3772       1.0309
    3773       1.0438
    3774       1.0620
    3775       1.0685
    3776       0.9928
    3777       1.0079
    3778       0.9474
    3779       1.0312
    3780       0.9115
    3781       1.0679
    3782       1.0380
    3783       1.1250
    3784       1.1157
    3785       1.0402
    3786       1.1151
    3787       1.1251
    3788       1.0414
    3789       1.1444
    3790       1.0809
    3791       1.0780
    3792       1.0939
    3793       1.0068
    3794       0.9235
    3795       0.9819
    3796       0.9504
    3797       1.0021
    3798       1.0291
    3799       0.8797
    3800       0.9718
    3801       0.8697
    3802       0.9254
    3803       1.0302
    3804       1.0225
    3805       0.9830
    3806       1.0532
    3807       1.0459
    3808       1.1709
    3809       0.9428
    3810       1.0635
    3811       1.0138
    3812       1.0684
    3813       0.9293
    3814       0.9811
    3815       1.0964
    3816       1.0752
    3817       1.0466
    3818       1.0499
    3819       1.0594
    3820       1.1837
    3821       1.0997
    3822       1.0241
    3823       1.0886
    3824       1.1067
    3825       1.1220
    3826       1.1460
    3827       1.1873
    3828       1.1414
    3829       1.1377
    3830       1.2402
    3831       1.1609
    3832       1.1021
    3833       1.0855
    3834       1.0628
    3835       0.9595
    3836       1.0298
    3837       1.1571
    3838       1.0669
    3839       1.1252
    3840       1.1003
    3841       1.1873
    3842       1.1727
    3843       1.1639
    3844       1.1104
    3845       1.1967
    3846       1.1761
    3847       1.1019
    3848       1.1690
    3849       1.1339
    3850       0.9769
    3851       1.0811
    3852       1.0508
    3853       0.9428
    3854       1.0250
    3855       1.0518
    3856       1.0373
    3857       1.1465
    3858       1.0762
    3859       1.1267
    3860       1.1752
    3861       1.1696
    3862       1.1776
    3863       1.1220
    3864       1.2148
    3865       1.1953
    3866       1.2053
    3867       1.0069
    3868       1.0451
    3869       1.0443
    3870       1.0945
    3871       1.0575
    3872       1.0914
    3873       1.0643
    3874       1.1199
    3875       1.0214
    3876       1.1423
    3877       1.2034
    3878       1.0635
    3879       1.0929
    3880       1.0527
    3881       1.1333
    3882       1.1692
    3883       1.0610
    3884       1.2189
    3885       1.0826
    3886       1.0418
    3887       1.0883
    3888       1.0378
    3889       1.0850
    3890       1.1689
    3891       1.0678
    3892       1.1779
    3893       1.2109
    3894       1.1579
    3895       1.1360
    3896       1.1425
    3897       1.1263
    3898       1.1480
    3899       1.1832
    3900       1.1918
    3901       1.1106
    3902       1.1163
    3903       1.1036
    3904       1.1871
    3905       1.1290
    3906       1.1605
    3907       1.1561
    3908       1.0930
    3909       1.1228
    3910       1.0624
    3911       1.0587
    3912       1.0541
    3913       1.1061
    3914       1.1559
    3915       1.0939
    3916       1.0957
    3917       1.1893
    3918       1.1136
    3919       1.1396
    3920       1.0793
    3921       1.1744
    3922       1.1089
    3923       1.2227
    3924       1.2203
    3925       1.1460
    3926       1.0710
    3927       1.0133
    3928       1.0989
    3929       1.0209
    3930       1.0125
    3931       1.0177
    3932       1.1090
    3933       1.1867
    3934       1.1199
    3935       1.2297
    3936       1.2727
    3937       1.2762
    3938       1.3973
    3939       1.3066
    3940       1.3423
    3941       1.2799
    3942       1.2876
    3943       1.0954
    3944       1.0536
    3945       1.0254
    3946       0.9446
    3947       1.1456
    3948       1.1378
    3949       1.1740
    3950       1.1928
    3951       1.1910
    3952       1.1818
    3953       1.1607
    3954       1.1358
    3955       1.1207
    3956       1.1446
    3957       1.0420
    3958       1.0709
    3959       0.9971
    3960       1.1253
    3961       1.0654
    3962       1.0696
    3963       1.0158
    3964       1.0372
    3965       1.0473
    3966       1.0712
    3967       0.9338
    3968       1.0516
    3969       1.0730
    3970       1.1090
    3971       1.0562
    3972       1.0817
    3973       1.0150
    3974       1.0335
    3975       0.9631
    3976       1.0260
    3977       1.0363
    3978       1.0268
    3979       1.1110
    3980       1.1187
    3981       1.0972
    3982       1.1123
    3983       1.1167
    3984       1.0194
    3985       1.0799
    3986       1.0765
    3987       1.0517
    3988       1.1143
    3989       1.0864
    3990       1.0070
    3991       1.0600
    3992       1.0213
    3993       0.9268
    3994       1.0543
    3995       1.0589
    3996       1.0105
    3997       1.0144
    3998       0.9927
    3999       1.0448
    4000       1.0782
    4001       1.0597
    4002       0.9927
    4003       0.9960
    4004       1.0356
    4005       1.0584
    4006       1.0917
    4007       1.1015
    4008       1.0917
    4009       1.1113
    4010       1.1536
    4011       1.1198
    4012       1.1506
    4013       1.1559
    4014       1.1097
    4015       1.0712
    4016       1.0764
    4017       1.1493
    4018       1.1504
    4019       1.1541
    4020       1.1033
    4021       1.0749
    4022       1.1536
    4023       1.0844
    4024       1.1822
    4025       1.1656
    4026       1.1349
    4027       1.1242
    4028       1.0560
    4029       1.0744
    4030       0.9758
    4031       1.0854
    4032       1.0639
    4033       1.0500
    4034       1.1112
    4035       1.0965
    4036       1.1292
    4037       1.1565
    4038       1.1143
    4039       1.0836
    4040       1.0836
    4041       1.0300
    4042       1.0589
    4043       1.0440
    4044       1.0740
    4045       0.9959
    4046       1.0559
    4047       0.9829
    4048       1.0510
    4049       1.1873
    4050       1.1594
    4051       1.0910
    4052       1.0896
    4053       1.0929
    4054       1.1521
    4055       1.0738
    4056       1.1049
    4057       1.0481
    4058       0.9651
    4059       1.1020
    4060       1.1444
    4061       1.1370
    4062       1.0189
    4063       1.0654
    4064       1.0891
    4065       1.0609
    4066       0.9730
    4067       0.9634
    4068       0.9832
    4069       1.1558
    4070       1.0142
    4071       0.9252
    4072       0.9916
    4073       0.9913
    4074       0.9581
    4075       1.0043
    4076       1.0266
    4077       0.9267
    4078       0.8904
    4079       0.9519
    4080       1.0160
    4081       1.0258
    4082       1.0233
    4083       1.0121
    4084       1.1403
    4085       1.0379
    4086       1.0301
    4087       1.0597
    4088       1.1578
    4089       0.9446
    4090       1.1314
    4091       1.1594
    4092       1.2007
    4093       1.1381
    4094       1.1092
    4095       1.0606
    4096       1.0921
    4097       1.1237
    4098       1.0323
    4099       1.0680
    4100       1.0444
    4101       1.1891
    4102       1.0908
    4103       1.1730
    4104       1.1983
    4105       1.0742
    4106       1.0358
    4107       1.0305
    4108       1.1439
    4109       1.0863
    4110       1.1214
    4111       1.0626
    4112       0.9759
    4113       1.0143
    4114       0.9919
    4115       0.9640
    4116       1.0640
    4117       1.0092
    4118       1.0447
    4119       1.0569
    4120       1.0345
    4121       1.0469
    4122       1.0196
    4123       0.9835
    4124       1.0839
    4125       0.9984
    4126       1.0315
    4127       1.0005
    4128       0.9309
    4129       1.0957
    4130       1.1197
    4131       1.0961
    4132       1.0400
    4133       1.0940
    4134       1.0139
    4135       1.0242
    4136       1.0300
    4137       1.0925
    4138       1.0884
    4139       1.0776
    4140       0.9653
    4141       1.0153
    4142       0.9561
    4143       1.0000
    4144       0.9612
    4145       0.9725
    4146       1.0192
    4147       1.0083
    4148       1.0707
    4149       1.0611
    4150       1.0071
    4151       1.0171
    4152       1.0080
    4153       0.9824
    4154       1.0143
    4155       0.9774
    4156       0.9707
    4157       1.0774
    4158       1.0799
    4159       1.0688
    4160       1.0506
    4161       0.9822
    4162       1.1015
    4163       1.0069
    4164       1.0633
    4165       1.0089
    4166       1.0482
    4167       1.0783
    4168       1.0429
    4169       1.0083
    4170       1.0940
    4171       0.9779
    4172       1.1091
    4173       1.1303
    4174       0.9942
    4175       1.1154
    4176       1.0516
    4177       1.0904
    4178       1.1211
    4179       1.1182
    4180       1.1121
    4181       1.1700
    4182       1.1491
    4183       1.1489
    4184       1.1573
    4185       1.0930
    4186       1.1924
    4187       1.1519
    4188       1.1166
    4189       1.1386
    4190       1.1733
    4191       1.0367
    4192       1.0679
    4193       1.0591
    4194       0.9946
    4195       1.0938
    4196       1.0446
    4197       1.0268
    4198       1.0117
    4199       1.0487
    4200       1.0604
    4201       0.9858
    4202       0.9827
    4203       0.9838
    4204       1.0066
    4205       0.9378
    4206       0.9351
    4207       0.9830
    4208       0.9863
    4209       0.9636
    4210       0.9806
    4211       0.9403
    4212       1.0457
    4213       1.0280
    4214       1.0659
    4215       1.0526
    4216       1.0788
    4217       1.1142
    4218       1.0065
    4219       1.0951
    4220       1.0677
    4221       1.1448
    4222       1.1525
    4223       1.1359
    4224       1.1776
    4225       1.0857
    4226       1.0310
    4227       1.1792
    4228       1.0469
    4229       1.1843
    4230       1.0800
    4231       1.0644
    4232       1.1338
    4233       1.1005
    4234       1.0378
    4235       0.9431
    4236       0.9763
    4237       1.0177
    4238       0.9567
    4239       0.9678
    4240       1.0578
    4241       1.0524
    4242       1.0716
    4243       1.0862
    4244       1.0121
    4245       0.9970
    4246       0.9132
    4247       1.0113
    4248       1.0411
    4249       1.0099
    4250       0.9869
    4251       1.0100
    4252       0.9495
    4253       1.0169
    4254       1.0233
    4255       1.0178
    4256       1.0238
    4257       1.1278
    4258       1.0602
    4259       0.9821
    4260       1.0466
    4261       1.0902
    4262       1.1902
    4263       1.0442
    4264       1.0719
    4265       1.0346
    4266       1.0746
    4267       1.0958
    4268       0.9866
    4269       0.9603
    4270       1.0544
    4271       1.0640
    4272       0.9584
    4273       1.1900
    4274       1.0659
    4275       1.1292
    4276       0.9727
    4277       0.9349
    4278       0.9037
    4279       1.0403
    4280       0.9844
    4281       0.9212
    4282       0.9941
    4283       1.0366
    4284       1.0127
    4285       0.9715
    4286       0.9486
    4287       1.0002
    4288       1.0932
    4289       1.0748
    4290       1.0327
    4291       1.0661
    4292       1.0170
    4293       1.0637
    4294       1.1195
    4295       1.0992
    4296       1.0792
    4297       1.1416
    4298       1.1020
    4299       1.1255
    4300       1.0705
    4301       1.0652
    4302       1.0956
    4303       1.0725
    4304       1.0505
    4305       0.9644
    4306       0.9921
    4307       1.0420
    4308       1.0678
    4309       0.9693
    4310       1.0608
    4311       0.8848
    4312       0.9016
    4313       0.9447
    4314       0.9946
    4315       1.0185
    4316       1.0170
    4317       0.9166
    4318       1.0766
    4319       1.0208
    4320       1.0150
    4321       1.0199
    4322       0.9576
    4323       1.1134
    4324       1.0489
    4325       1.0588
    4326       1.0378
    4327       0.9482
    4328       1.0256
    4329       0.9901
    4330       1.0224
    4331       1.0784
    4332       1.0027
    4333       1.0373
    4334       1.0555
    4335       0.9532
    4336       1.0477
    4337       1.0287
    4338       1.0201
    4339       1.0225
    4340       0.9978
    4341       0.9538
    4342       1.0766
    4343       1.0938
    4344       1.0082
    4345       1.0685
    4346       1.0828
    4347       1.1158
    4348       1.0475
    4349       1.0253
    4350       0.9197
    4351       0.9882
    4352       1.1051
    4353       1.0757
    4354       1.0403
    4355       1.0014
    4356       0.9906
    4357       1.0000
    4358       1.0501
    4359       1.1024
    4360       0.9740
    4361       0.9325
    4362       0.9609
    4363       0.9248
    4364       0.8680
    4365       0.9228
    4366       0.9519
    4367       0.9601
    4368       0.9612
    4369       1.0126
    4370       0.9449
    4371       0.9563
    4372       0.9588
    4373       0.9234
    4374       0.9563
    4375       0.9099
    4376       1.0144
    4377       0.9647
    4378       0.9277
    4379       1.0322
    4380       0.9974
    4381       1.0135
    4382       1.0851
    4383       1.0252
    4384       1.0521
    4385       0.9966
    4386       0.9988
    4387       1.0225
    4388       0.9833
    4389       1.0936
    4390       1.0241
    4391       1.0075
    4392       1.0732
    4393       0.9122
    4394       0.9809
    4395       1.0591
    4396       1.0141
    4397       0.9965
    4398       1.0067
    4399       1.1524
    4400       1.0102
    4401       0.9913
    4402       1.0185
    4403       1.0269
    4404       0.9938
    4405       1.0398
    4406       1.1255
    4407       1.1005
    4408       0.9735
    4409       1.0904
    4410       1.1499
    4411       1.2662
    4412       1.1072
    4413       1.0716
    4414       0.9767
    4415       1.0864
    4416       1.0927
    4417       1.1056
    4418       1.0120
    4419       0.9920
    4420       1.0871
    4421       0.9935
    4422       0.9774
    4423       1.0337
    4424       0.9858
    4425       1.0535
    4426       1.0000
    4427       1.0411
    4428       1.1235
    4429       1.1471
    4430       1.0634
    4431       1.0907
    4432       1.0985
    4433       1.1090
    4434       1.1361
    4435       1.1008
    4436       1.1843
    4437       1.1781
    4438       1.1611
    4439       1.0678
    4440       1.1714
    4441       1.1674
    4442       1.1758
    4443       1.1649
    4444       1.1499
    4445       1.0570
    4446       1.1670
    4447       1.1987
    4448       1.1593
    4449       1.0842
    4450       1.1141
    4451       1.1006
    4452       1.1683
    4453       1.1437
    4454       1.1040
    4455       1.0637
    4456       1.2059
    4457       1.1353
    4458       1.1302
    4459       1.1482
    4460       1.2210
    4461       1.1490
    4462       1.1486
    4463       1.2005
    4464       1.1410
    4465       1.1589
    4466       1.2185
    4467       1.2551
    4468       1.1951
    4469       1.1868
    4470       1.2512
    4471       1.2096
    4472       1.0533
    4473       1.2188
    4474       1.1463
    4475       1.1519
    4476       1.1258
    4477       1.1107
    4478       1.1313
    4479       1.1861
    4480       1.0656
    4481       1.1379
    4482       1.1539
    4483       1.1742
    4484       1.1996
    4485       1.2675
    4486       1.1772
    4487       1.1992
    4488       1.1941
    4489       1.1561
    4490       1.1567
    4491       1.1517
    4492       1.0619
    4493       1.1858
    4494       1.1293
    4495       1.2013
    4496       1.1997
    4497       1.1940
    4498       1.1744
    4499       1.1756
    4500       1.0812
    4501       1.1747
    4502       1.1869
    4503       1.3098
    4504       1.2738
    4505       1.2020
    4506       1.2526
    4507       1.2536
    4508       1.2146
    4509       1.3230
    4510       1.2301
    4511       1.2685
    4512       1.2026
    4513       1.2276
    4514       1.2536
    4515       1.2758
    4516       1.3325
    4517       1.2649
    4518       1.2060
    4519       1.2637
    4520       1.3264
    4521       1.3760
    4522       1.3353
    4523       1.4295
    4524       1.3520
    4525       1.3681
    4526       1.3606
    4527       1.2949
    4528       1.2552
    4529       1.3153
    4530       1.3892
    4531       1.3036
    4532       1.1971
    4533       1.2785
    4534       1.3210
    4535       1.2864
    4536       1.3207
    4537       1.3480
    4538       1.2136
    4539       1.3045
    4540       1.3372
    4541       1.4092
    4542       1.3089
    4543       1.3342
    4544       1.2369
    4545       1.3164
    4546       1.3140
    4547       1.2490
    4548       1.2669
    4549       1.2108
    4550       1.3475
    4551       1.2038
    4552       1.1431
    4553       1.2604
    4554       1.2286
    4555       1.3023
    4556       1.1595
    4557       1.2507
    4558       1.3051
    4559       1.2610
    4560       1.2946
    4561       1.4339
    4562       1.2760
    4563       1.2576
    4564       1.3697
    4565       1.3644
    4566       1.4530
    4567       1.4472
    4568       1.3321
    4569       1.2978
    4570       1.3072
    4571       1.4323
    4572       1.3313
    4573       1.3744
    4574       1.3684
    4575       1.3349
    4576       1.3284
    4577       1.5416
    4578       1.3963
    4579       1.4179
    4580       1.3538
    4581       1.4195
    4582       1.4370
    4583       1.3490
    4584       1.3548
    4585       1.3200
    4586       1.4078
    4587       1.4358
    4588       1.4464
    4589       1.3174
    4590       1.3890
    4591       1.3723
    4592       1.3751
    4593       1.2148
    4594       1.3251
    4595       1.2446
    4596       1.3165
    4597       1.3213
    4598       1.3712
    4599       1.3571
    4600       1.3934
    4601       1.3459
    4602       1.2673
    4603       1.2634
    4604       1.3345
    4605       1.2339
    4606       1.3464
    4607       1.4176
    4608       1.3420
    4609       1.3233
    4610       1.2353
    4611       1.2393
    4612       1.2602
    4613       1.2511
    4614       1.3517
    4615       1.4161
    4616       1.3174
    4617       1.3481
    4618       1.3477
    4619       1.3759
    4620       1.2792
    4621       1.2193
    4622       1.2918
    4623       1.3270
    4624       1.3667
    4625       1.2005
    4626       1.1964
    4627       1.3076
    4628       1.2135
    4629       1.2200
    4630       1.1834
    4631       1.2565
    4632       1.2060
    4633       1.2666
    4634       1.3756
    4635       1.2760
    4636       1.3354
    4637       1.3515
    4638       1.3204
    4639       1.3236
    4640       1.3251
    4641       1.1950
    4642       1.2526
    4643       1.3098
    4644       1.2388
    4645       1.2301
    4646       1.3617
    4647       1.3450
    4648       1.4232
    4649       1.3810
    4650       1.3481
    4651       1.3812
    4652       1.4258
    4653       1.5320
    4654       1.4140
    4655       1.4281
    4656       1.4420
    4657       1.4980
    4658       1.4668
    4659       1.4742
    4660       1.5011
    4661       1.4701
    4662       1.5273
    4663       1.4385
    4664       1.3078
    4665       1.4039
    4666       1.3956
    4667       1.3842
    4668       1.3224
    4669       1.3693
    4670       1.3558
    4671       1.3701
    4672       1.4170
    4673       1.3562
    4674       1.4154
    4675       1.3590
    4676       1.4730
    4677       1.4537
    4678       1.4765
    4679       1.4381
    4680       1.3502
    4681       1.2070
    4682       1.2128
    4683       1.1922
    4684       1.1208
    4685       1.0802
    4686       1.0944
    4687       1.0852
    4688       1.2135
    4689       1.1401
    4690       1.0952
    4691       1.1811
    4692       1.1392
    4693       1.1328
    4694       1.1923
    4695       1.2422
    4696       1.3075
    4697       1.3137
    4698       1.2672
    4699       1.2552
    4700       1.2884
    4701       1.1676
    4702       1.2245
    4703       1.0821
    4704       1.2076
    4705       1.2016
    4706       1.2502
    4707       1.3378
    4708       1.2900
    4709       1.1975
    4710       1.2244
    4711       1.2932
    4712       1.2935
    4713       1.2364
    4714       1.2586
    4715       1.1469
    4716       1.1986
    4717       1.1848
    4718       1.2410
    4719       1.2260
    4720       1.1085
    4721       1.2178
    4722       1.2276
    4723       1.2750
    4724       1.2434
    4725       1.1601
    4726       1.1969
    4727       1.1089
    4728       1.3058
    4729       1.2498
    4730       1.2812
    4731       1.1431
    4732       1.0421
    4733       1.0498
    4734       1.1055
    4735       1.1590
    4736       1.1632
    4737       1.1368
    4738       1.1974
    4739       1.0918
    4740       1.0298
    4741       1.0539
    4742       1.0435
    4743       1.1006
    4744       1.1530
    4745       1.2646
    4746       1.3119
    4747       1.2394
    4748       1.1748
    4749       1.1916
    4750       1.2251
    4751       1.3405
    4752       1.1734
    4753       1.1907
    4754       1.1446
    4755       1.1371
    4756       1.0345
    4757       1.0058
    4758       1.1334
    4759       1.1661
    4760       1.1923
    4761       1.1404
    4762       1.1506
    4763       1.1044
    4764       1.1603
    4765       1.1243
    4766       1.0777
    4767       1.0327
    4768       1.0885
    4769       1.1338
    4770       1.0902
    4771       1.1114
    4772       1.1686
    4773       1.1010
    4774       1.0647
    4775       1.1349
    4776       1.1729
    4777       1.1842
    4778       1.1251
    4779       1.1057
    4780       1.1223
    4781       1.1980
    4782       1.2515
    4783       1.2034
    4784       1.2935
    4785       1.2045
    4786       1.1479
    4787       1.1246
    4788       1.1522
    4789       1.2687
    4790       1.2618
    4791       1.2698
    4792       1.1895
    4793       1.2661
    4794       1.2231
    4795       1.2677
    4796       1.2511
    4797       1.0854
    4798       1.1715
    4799       1.1172
    4800       1.1854
    4801       1.1632
    4802       1.1950
    4803       1.2398
    4804       1.1617
    4805       1.1088
    4806       1.0810
    4807       1.2106
    4808       1.1504
    4809       1.1025
    4810       1.1848
    4811       1.1658
    4812       1.2010
    4813       1.2268
    4814       1.1350
    4815       1.1197
    4816       1.2034
    4817       1.2342
    4818       1.0993
    4819       1.1418
    4820       1.2368
    4821       1.2171
    4822       1.2069
    4823       1.1538
    4824       1.2546
    4825       1.1835
    4826       1.1818
    4827       1.1585
    4828       1.1179
    4829       1.0987
    4830       1.2098
    4831       1.0688
    4832       1.1136
    4833       1.1479
    4834       1.1681
    4835       1.1694
    4836       1.2286
    4837       1.2412
    4838       1.0524
    4839       1.0691
    4840       1.0824
    4841       1.0890
    4842       1.1269
    4843       1.0719
    4844       1.0736
    4845       1.1161
    4846       1.0736
    4847       1.1273
    4848       1.0621
    4849       1.0907
    4850       1.0828
    4851       1.1186
    4852       1.1053
    4853       1.1290
    4854       1.0606
    4855       1.0899
    4856       1.1956
    4857       1.2368
    4858       1.1932
    4859       1.1470
    4860       1.1379
    4861       1.1815
    4862       1.1835
    4863       1.1588
    4864       1.1819
    4865       1.1909
    4866       1.1515
    4867       1.0843
    4868       1.2276
    4869       1.2392
    4870       1.2151
    4871       1.2019
    4872       1.2081
    4873       1.1957
    4874       1.1956
    4875       1.2221
    4876       1.3028
    4877       1.2143
    4878       1.2809
    4879       1.3354
    4880       1.2758
    4881       1.2728
    4882       1.2281
    4883       1.2696
    4884       1.2541
    4885       1.2391
    4886       1.2382
    4887       1.2311
    4888       1.2328
    4889       1.2682
    4890       1.2157
    4891       1.2956
    4892       1.2280
    4893       1.2377
    4894       1.2062
    4895       1.3126
    4896       1.2763
    4897       1.3884
    4898       1.3559
    4899       1.2441
    4900       1.2749
    4901       1.1919
    4902       1.2385
    4903       1.2140
    4904       1.3505
    4905       1.3382
    4906       1.2619
    4907       1.2621
    4908       1.2253
    4909       1.2046
    4910       1.2550
    4911       1.3667
    4912       1.4088
    4913       1.4102
    4914       1.2920
    4915       1.3824
    4916       1.2698
    4917       1.3235
    4918       1.3565
    4919       1.4482
    4920       1.4340
    4921       1.4143
    4922       1.3965
    4923       1.4145
    4924       1.3954
    4925       1.4131
    4926       1.3681
    4927       1.2526
    4928       1.2060
    4929       1.4179
    4930       1.3861
    4931       1.5069
    4932       1.3220
    4933       1.3607
    4934       1.2927
    4935       1.3203
    4936       1.3458
    4937       1.2752
    4938       1.1946
    4939       1.2257
    4940       1.2714
    4941       1.3278
    4942       1.3136
    4943       1.4085
    4944       1.3579
    4945       1.3265
    4946       1.4448
    4947       1.3553
    4948       1.3558
    4949       1.4374
    4950       1.4600
    4951       1.4148
    4952       1.3444
    4953       1.3904
    4954       1.3556
    4955       1.2824
    4956       1.3069
    4957       1.3438
    4958       1.2797
    4959       1.2391
    4960       1.2990
    4961       1.2583
    4962       1.2575
    4963       1.3399
    4964       1.3238
    4965       1.2854
    4966       1.3368
    4967       1.3125
    4968       1.2957
    4969       1.3442
    4970       1.3000
    4971       1.3383
    4972       1.3335
    4973       1.3121
    4974       1.2725
    4975       1.3376
    4976       1.2684
    4977       1.2942
    4978       1.1971
    4979       1.1796
    4980       1.2785
    4981       1.2763
    4982       1.3600
    4983       1.2379
    4984       1.2908
    4985       1.2244
    4986       1.2347
    4987       1.2872
    4988       1.3349
    4989       1.2647
    4990       1.2237
    4991       1.2284
    4992       1.2245
    4993       1.2867
    4994       1.1496
    4995       1.1975
    4996       1.3107
    4997       1.2427
    4998       1.1950
    4999       1.2445
    5000       1.1834
    5001       1.1953
    5002       1.1892
    5003       1.2000
    5004       1.2180
    5005       1.2882
    5006       1.2189
    5007       1.2421
    5008       1.1027
    5009       1.1334
    5010       1.1866
    5011       1.1860
    5012       1.1838
    5013       1.1691
    5014       1.1961
    5015       1.1931
    5016       1.2709
    5017       1.3225
    5018       1.2592
    5019       1.2597
    5020       1.2213
    5021       1.1986
    5022       1.2249
    5023       1.2384
    5024       1.2234
    5025       1.2563
    5026       1.2120
    5027       1.2488
    5028       1.1921
    5029       1.1485
    5030       1.3150
    5031       1.3191
    5032       1.2055
    5033       1.2786
    5034       1.1769
    5035       1.1949
    5036       1.1873
    5037       1.1490
    5038       1.1982
    5039       1.2535
    5040       1.1821
    5041       1.2047
    5042       1.2007
    5043       1.2573
    5044       1.2092
    5045       1.1967
    5046       1.2306
    5047       1.2589
    5048       1.1350
    5049       1.1882
    5050       1.1113
    5051       1.1396
    5052       1.1644
    5053       1.2553
    5054       1.1712
    5055       1.2133
    5056       1.2376
    5057       1.1430
    5058       1.1601
    5059       1.1792
    5060       1.1682
    5061       1.1019
    5062       1.2127
    5063       1.2169
    5064       1.0797
    5065       1.1540
    5066       1.1170
    5067       1.1304
    5068       1.1588
    5069       1.1425
    5070       1.0455
    5071       1.0931
    5072       1.2995
    5073       1.1402
    5074       1.1986
    5075       1.1578
    5076       1.2574
    5077       1.3191
    5078       1.2315
    5079       1.3490
    5080       1.1716
    5081       1.2079
    5082       1.2311
    5083       1.1686
    5084       1.1549
    5085       1.1501
    5086       1.1047
    5087       1.0631
    5088       1.0999
    5089       1.1635
    5090       1.2246
    5091       1.3436
    5092       1.3832
    5093       1.4321
    5094       1.3545
    5095       1.2449
    5096       1.2265
    5097       1.2581
    5098       1.3288
    5099       1.2097
    5100       1.2351
    5101       1.2154
    5102       1.2533
    5103       1.2321
    5104       1.2564
    5105       1.1727
    5106       1.1560
    5107       1.0693
    5108       1.1298
    5109       1.0676
    5110       1.1142
    5111       1.1042
    5112       1.1546
    5113       1.0924
    5114       1.1208
    5115       1.1756
    5116       1.2246
    5117       1.2182
    5118       1.2164
    5119       1.2267
    5120       1.1979
    5121       1.1773
    5122       1.2371
    5123       1.1565
    5124       1.1473
    5125       1.1597
    5126       1.1783
    5127       1.2074
    5128       1.1689
    5129       1.2374
    5130       1.2277
    5131       1.2272
    5132       1.2274
    5133       1.1745
    5134       1.1504
    5135       1.0809
    5136       1.2398
    5137       1.0982
    5138       1.1220
    5139       1.1205
    5140       1.2317
    5141       1.2415
    5142       1.1554
    5143       1.1037
    5144       1.1063
    5145       1.1475
    5146       1.1003
    5147       1.1652
    5148       1.0960
    5149       1.1489
    5150       1.1627
    5151       1.1479
    5152       1.1805
    5153       1.2544
    5154       1.2833
    5155       1.2339
    5156       1.2226
    5157       1.1185
    5158       1.1778
    5159       1.0472
    5160       1.1208
    5161       1.1585
    5162       1.1133
    5163       1.1856
    5164       1.1894
    5165       1.1055
    5166       1.2025
    5167       1.1350
    5168       1.0897
    5169       1.1212
    5170       1.1705
    5171       1.1337
    5172       1.0531
    5173       1.1336
    5174       1.2054
    5175       1.1998
    5176       1.1401
    5177       1.2049
    5178       1.2675
    5179       1.1659
    5180       1.1649
    5181       1.1806
    5182       1.2364
    5183       1.2386
    5184       1.1836
    5185       1.1471
    5186       1.0911
    5187       1.1070
    5188       1.0441
    5189       1.1277
    5190       1.1139
    5191       1.1677
    5192       1.0964
    5193       1.0316
    5194       1.0203
    5195       1.1506
    5196       1.1927
    5197       1.1262
    5198       1.0259
    5199       1.0782
    5200       0.9971
    5201       1.1043
    5202       1.1680
    5203       1.0395
    5204       1.1393
    5205       1.1029
    5206       1.2146
    5207       1.0655
    5208       1.0938
    5209       1.2199
    5210       1.1513
    5211       1.1845
    5212       1.1671
    5213       1.1035
    5214       1.1706
    5215       1.1430
    5216       1.2158
    5217       1.1783
    5218       1.1609
    5219       1.2361
    5220       1.1631
    5221       1.1408
    5222       1.1059
    5223       1.1869
    5224       1.2219
    5225       1.2598
    5226       1.2261
    5227       1.2498
    5228       1.2080
    5229       1.2139
    5230       1.1883
    5231       1.1894
    5232       1.1884
    5233       1.1970
    5234       1.3127
    5235       1.2173
    5236       1.1671
    5237       1.2027
    5238       1.1696
    5239       1.2311
    5240       1.1147
    5241       1.2119
    5242       1.1703
    5243       1.3028
    5244       1.2454
    5245       1.2363
    5246       1.3232
    5247       1.4140
    5248       1.3885
    5249       1.2552
    5250       1.2430
    5251       1.2566
    5252       1.2186
    5253       1.2130
    5254       1.2252
    5255       1.1292
    5256       1.2251
    5257       1.2318
    5258       1.3136
    5259       1.2049
    5260       1.3332
    5261       1.3201
    5262       1.2733
    5263       1.2358
    5264       1.2507
    5265       1.2324
    5266       1.2105
    5267       1.2327
    5268       1.2473
    5269       1.3609
    5270       1.2256
    5271       1.2741
    5272       1.3318
    5273       1.2554
    5274       1.2034
    5275       1.2285
    5276       1.2194
    5277       1.2828
    5278       1.1302
    5279       1.3133
    5280       1.2076
    5281       1.2351
    5282       1.3093
    5283       1.2893
    5284       1.3440
    5285       1.3526
    5286       1.2598
    5287       1.2827
    5288       1.2923
    5289       1.3237
    5290       1.2837
    5291       1.3958
    5292       1.3264
    5293       1.3272
    5294       1.3255
    5295       1.3053
    5296       1.2651
    5297       1.3131
    5298       1.3743
    5299       1.2936
    5300       1.2918
    5301       1.3389
    5302       1.2952
    5303       1.2836
    5304       1.2507
    5305       1.1731
    5306       1.2728
    5307       1.1729
    5308       1.1961
    5309       1.1752
    5310       1.2357
    5311       1.2190
    5312       1.2676
    5313       1.2429
    5314       1.2158
    5315       1.2154
    5316       1.2179
    5317       1.2381
    5318       1.2293
    5319       1.2117
    5320       1.1936
    5321       1.2803
    5322       1.2747
    5323       1.2601
    5324       1.2266
    5325       1.3101
    5326       1.2888
    5327       1.3886
    5328       1.2859
    5329       1.3242
    5330       1.3145
    5331       1.3211
    5332       1.3519
    5333       1.2809
    5334       1.3591
    5335       1.2987
    5336       1.2124
    5337       1.2689
    5338       1.2390
    5339       1.3139
    5340       1.2254
    5341       1.2313
    5342       1.2386
    5343       1.1698
    5344       1.2250
    5345       1.2319
    5346       1.1802
    5347       1.2137
    5348       1.2393
    5349       1.1706
    5350       1.1342
    5351       1.1956
    5352       1.2432
    5353       1.1848
    5354       1.2467
    5355       1.2169
    5356       1.2306
    5357       1.2693
    5358       1.2315
    5359       1.2458
    5360       1.1999
    5361       1.2208
    5362       1.1808
    5363       1.2083
    5364       1.2413
    5365       1.2110
    5366       1.3254
    5367       1.1978
    5368       1.2993
    5369       1.2671
    5370       1.3717
    5371       1.3068
    5372       1.2185
    5373       1.3165
    5374       1.3049
    5375       1.3142
    5376       1.2447
    5377       1.1194
    5378       1.0485
    5379       0.9799
    5380       1.1480
    5381       1.0919
    5382       1.0783
    5383       0.9872
    5384       1.0251
    5385       1.1016
    5386       1.0866
    5387       1.0919
    5388       1.1173
    5389       1.1352
    5390       1.1169
    5391       1.2197
    5392       1.1476
    5393       1.2095
    5394       1.1088
    5395       1.0777
    5396       1.1070
    5397       1.1433
    5398       1.1174
    5399       1.0801
    5400       1.1995
    5401       1.2215
    5402       1.1409
    5403       1.0751
    5404       1.0251
    5405       1.0859
    5406       1.0662
    5407       1.0934
    5408       1.1013
    5409       1.1410
    5410       1.1313
    5411       1.1429
    5412       1.1188
    5413       1.1453
    5414       1.1674
    5415       1.1520
    5416       1.0886
    5417       1.0420
    5418       0.9923
    5419       1.1537
    5420       1.0327
    5421       1.0236
    5422       1.1035
    5423       1.1136
    5424       1.0901
    5425       1.0560
    5426       1.0649
    5427       1.0515
    5428       1.1822
    5429       1.0783
    5430       1.1299
    5431       1.1250
    5432       1.1102
    5433       1.1166
    5434       1.1764
    5435       1.1090
    5436       1.1047
    5437       1.1118
    5438       1.1563
    5439       1.1889
    5440       1.2731
    5441       1.1572
    5442       1.2328
    5443       1.1021
    5444       1.1303
    5445       1.1672
    5446       1.2056
    5447       1.1499
    5448       1.1894
    5449       1.1388
    5450       1.1952
    5451       1.2290
    5452       1.3352
    5453       1.3420
    5454       1.2217
    5455       1.2932
    5456       1.2229
    5457       1.1668
    5458       1.1505
    5459       1.1316
    5460       1.1824
    5461       1.2344
    5462       1.2279
    5463       1.2332
    5464       1.2567
    5465       1.2911
    5466       1.2305
    5467       1.2515
    5468       1.3157
    5469       1.1994
    5470       1.2167
    5471       1.2319
    5472       1.2095
    5473       1.1919
    5474       1.2150
    5475       1.2799
    5476       1.2012
    5477       1.2167
    5478       1.1672
    5479       1.2183
    5480       1.2003
    5481       1.1929
    5482       1.1946
    5483       1.1407
    5484       1.1928
    5485       1.1681
    5486       1.2599
    5487       1.1520
    5488       1.0498
    5489       1.1596
    5490       1.2058
    5491       1.1416
    5492       1.0813
    5493       1.0699
    5494       1.0596
    5495       1.1734
    5496       1.1082
    5497       1.1107
    5498       1.1359
    5499       1.0779
    5500       1.1235
    5501       1.1399
    5502       1.1473
    5503       1.1951
    5504       1.2181
    5505       1.1389
    5506       1.1535
    5507       1.1285
    5508       1.0675
    5509       1.1243
    5510       1.0860
    5511       1.1091
    5512       1.0948
    5513       1.1430
    5514       1.1396
    5515       1.0816
    5516       1.0696
    5517       1.0706
    5518       1.0364
    5519       0.9635
    5520       1.0277
    5521       1.0063
    5522       1.0332
    5523       1.0612
    5524       1.0393
    5525       1.0499
    5526       1.1102
    5527       1.0827
    5528       1.1053
    5529       1.1541
    5530       1.1383
    5531       1.1502
    5532       1.1718
    5533       1.2182
    5534       1.1790
    5535       1.2128
    5536       1.1168
    5537       1.1214
    5538       1.1779
    5539       1.1802
    5540       1.2546
    5541       1.3287
    5542       1.3824
    5543       1.2789
    5544       1.2161
    5545       1.2413
    5546       1.2466
    5547       1.1548
    5548       1.1637
    5549       1.2219
    5550       1.2513
    5551       1.1446
    5552       1.1685
    5553       1.1651
    5554       1.2473
    5555       1.1861
    5556       1.1172
    5557       1.1009
    5558       1.0471
    5559       1.1088
    5560       1.1645
    5561       1.0960
    5562       1.1252
    5563       1.0510
    5564       1.0854
    5565       1.0490
    5566       1.0505
    5567       1.0025
    5568       1.0701
    5569       1.0542
    5570       1.0379
    5571       1.2046
    5572       1.1343
    5573       1.1477
    5574       1.0503
    5575       1.0562
    5576       1.1299
    5577       0.9498
    5578       1.1230
    5579       1.0221
    5580       1.1184
    5581       1.0633
    5582       1.0503
    5583       1.0865
    5584       1.0488
    5585       1.0958
    5586       1.0473
    5587       1.0323
    5588       1.0613
    5589       1.0407
    5590       1.0332
    5591       1.1008
    5592       1.0019
    5593       1.0198
    5594       1.0495
    5595       1.0633
    5596       1.1131
    5597       1.0693
    5598       1.1019
    5599       1.0093
    5600       0.9532
    5601       1.0858
    5602       1.0795
    5603       1.0630
    5604       1.0461
    5605       1.0674
    5606       1.0892
    5607       1.0216
    5608       1.1489
    5609       1.1658
    5610       1.1692
    5611       1.1397
    5612       1.1937
    5613       1.1493
    5614       1.1207
    5615       1.1624
    5616       1.1072
    5617       1.0482
    5618       1.0970
    5619       1.0354
    5620       1.0680
    5621       1.0735
    5622       1.1253
    5623       1.1922
    5624       1.1213
    5625       1.1780
    5626       1.1021
    5627       1.0249
    5628       1.1553
    5629       1.0711
    5630       1.1700
    5631       1.0882
    5632       1.1341
    5633       1.0873
    5634       1.0773
    5635       1.1023
    5636       1.1132
    5637       1.0801
    5638       1.0708
    5639       1.1722
    5640       1.0463
    5641       1.1503
    5642       0.9726
    5643       1.0487
    5644       1.1365
    5645       1.0674
    5646       1.0332
    5647       0.9879
    5648       1.1003
    5649       1.1238
    5650       0.9939
    5651       1.0345
    5652       1.0502
    5653       1.0645
    5654       1.0506
    5655       1.0700
    5656       1.0655
    5657       1.0506
    5658       1.1181
    5659       1.1448
    5660       1.2491
    5661       1.1729
    5662       1.1715
    5663       1.1514
    5664       1.0722
    5665       1.0571
    5666       1.2174
    5667       1.1598
    5668       1.0782
    5669       1.0452
    5670       1.0194
    5671       1.1180
    5672       1.0877
    5673       1.0612
    5674       1.1378
    5675       1.2621
    5676       1.0735
    5677       0.9939
    5678       1.0536
    5679       1.0519
    5680       1.0758
    5681       1.1052
    5682       1.1583
    5683       1.2595
    5684       1.2791
    5685       1.1600
    5686       1.1796
    5687       1.1446
    5688       1.0950
    5689       1.1643
    5690       1.2280
    5691       1.2917
    5692       1.3126
    5693       1.1924
    5694       1.2381
    5695       1.1862
    5696       1.1601
    5697       1.1911
    5698       1.2136
    5699       1.2218
    5700       1.1901
    5701       1.1811
    5702       1.1713
    5703       1.1732
    5704       1.1357
    5705       1.2226
    5706       1.1354
    5707       1.1010
    5708       1.1248
    5709       1.1565
    5710       1.1199
    5711       1.1562
    5712       1.2147
    5713       1.3264
    5714       1.3621
    5715       1.3019
    5716       1.2688
    5717       1.3753
    5718       1.3243
    5719       1.2143
    5720       1.2347
    5721       1.3366
    5722       1.2065
    5723       1.1920
    5724       1.2021
    5725       1.2130
    5726       1.2513
    5727       1.3442
    5728       1.3785
    5729       1.2839
    5730       1.2237
    5731       1.2155
    5732       1.2038
    5733       1.2482
    5734       1.2250
    5735       1.2155
    5736       1.1730
    5737       1.1652
    5738       1.2159
    5739       1.1097
    5740       1.1081
    5741       1.1389
    5742       1.1773
    5743       1.2201
    5744       1.1778
    5745       1.1911
    5746       1.1925
    5747       1.2123
    5748       1.1860
    5749       1.1655
    5750       1.1149
    5751       1.1389
    5752       1.1376
    5753       1.2308
    5754       1.2037
    5755       1.1731
    5756       1.1891
    5757       1.3278
    5758       1.2606
    5759       1.3323
    5760       1.2752
    5761       1.1621
    5762       1.1848
    5763       1.2347
    5764       1.3009
    5765       1.2243
    5766       1.2669
    5767       1.2290
    5768       1.1935
    5769       1.1964
    5770       1.2126
    5771       1.2009
    5772       1.2538
    5773       1.2320
    5774       1.1895
    5775       1.2007
    5776       1.1757
    5777       1.0971
    5778       1.0991
    5779       1.2127
    5780       1.1199
    5781       1.1637
    5782       1.1305
    5783       1.1659
    5784       1.2084
    5785       1.2169
    5786       1.2254
    5787       1.0803
    5788       1.1482
    5789       1.2206
    5790       1.2069
    5791       1.1525
    5792       1.2002
    5793       1.1342
    5794       1.1883
    5795       1.1260
    5796       1.1027
    5797       1.1144
    5798       1.1385
    5799       1.0671
    5800       1.0695
    5801       1.1234
    5802       1.1920
    5803       1.1976
    5804       1.2431
    5805       1.3018
    5806       1.1975
    5807       1.1760
    5808       1.1679
    5809       1.2438
    5810       1.1742
    5811       1.1291
    5812       1.2289
    5813       1.2301
    5814       1.1306
    5815       1.1215
    5816       1.0902
    5817       1.1148
    5818       1.1185
    5819       1.0579
    5820       1.1932
    5821       1.1363
    5822       1.1458
    5823       1.0695
    5824       1.2392
    5825       1.0874
    5826       1.1193
    5827       1.2141
    5828       1.0963
    5829       1.1196
    5830       1.0494
    5831       1.0523
    5832       1.0301
    5833       0.9927
    5834       1.0736
    5835       1.1910
    5836       1.2515
    5837       1.2016
    5838       1.1414
    5839       1.1612
    5840       1.1374
    5841       1.1788
    5842       1.2291
    5843       1.1357
    5844       1.1450
    5845       1.1322
    5846       1.1362
    5847       1.2301
    5848       1.1781
    5849       1.1496
    5850       1.1458
    5851       1.2050
    5852       1.0794
    5853       1.0924
    5854       1.0563
    5855       1.1321
    5856       1.0332
    5857       1.1470
    5858       1.1683
    5859       1.0677
    5860       1.2000
    5861       1.0988
    5862       1.1537
    5863       1.1223
    5864       1.0403
    5865       1.1917
    5866       1.2240
    5867       1.1452
    5868       1.1818
    5869       1.1779
    5870       1.1653
    5871       1.1035
    5872       1.1877
    5873       1.2285
    5874       1.1564
    5875       1.1273
    5876       1.1671
    5877       1.1326
    5878       1.1488
    5879       1.0870
    5880       1.2194
    5881       1.1893
    5882       1.1219
    5883       1.0881
    5884       1.1383
    5885       1.2015
    5886       1.1362
    5887       1.1567
    5888       1.0611
    5889       1.1127
    5890       1.1290
    5891       1.0269
    5892       1.1413
    5893       1.0861
    5894       1.1027
    5895       1.0363
    5896       1.0673
    5897       1.1145
    5898       1.0944
    5899       1.1141
    5900       1.0917
    5901       1.1155
    5902       1.1933
    5903       1.1846
    5904       1.1270
    5905       1.2306
    5906       1.1159
    5907       1.1766
    5908       1.1139
    5909       1.1095
    5910       1.1495
    5911       1.1724
    5912       1.1781
    5913       1.1233
    5914       1.1309
    5915       1.1326
    5916       1.0197
    5917       1.1086
    5918       1.1000
    5919       1.0681
    5920       1.0504
    5921       1.0914
    5922       1.0092
    5923       1.1072
    5924       1.1995
    5925       1.1193
    5926       1.0801
    5927       1.2104
    5928       1.2058
    5929       1.1038
    5930       1.1596
    5931       1.1632
    5932       1.1148
    5933       1.1745
    5934       1.1621
    5935       1.2061
    5936       1.2833
    5937       1.3822
    5938       1.2186
    5939       1.1734
    5940       1.2083
    5941       1.3075
    5942       1.0719
    5943       1.1412
    5944       1.0686
    5945       1.1700
    5946       1.1951
    5947       1.1441
    5948       1.1478
    5949       1.2257
    5950       1.1195
    5951       1.1244
    5952       1.0803
    5953       1.0847
    5954       1.1081
    5955       1.1015
    5956       0.9750
    5957       1.0985
    5958       1.2021
    5959       1.1906
    5960       1.1666
    5961       1.1435
    5962       1.1781
    5963       1.1799
    5964       1.1640
    5965       1.2615
    5966       1.1526
    5967       1.2643
    5968       1.4119
    5969       1.2861
    5970       1.2001
    5971       1.2108
    5972       1.2301
    5973       1.1300
    5974       1.1944
    5975       1.2006
    5976       1.1766
    5977       1.1638
    5978       1.2480
    5979       1.1875
    5980       1.2375
    5981       1.1346
    5982       1.1319
    5983       1.1201
    5984       1.1207
    5985       1.0823
    5986       1.1063
    5987       1.1689
    5988       1.1306
    5989       1.1686
    5990       1.1352
    5991       1.0577
    5992       1.1404
    5993       1.1369
    5994       1.2249
    5995       1.2499
    5996       1.1388
    5997       1.2267
    5998       1.1864
    5999       1.0753
    6000       1.1748
    6001       1.0739
    6002       1.0531
    6003       1.1104
    6004       1.1840
    6005       1.1578
    6006       1.0979
    6007       1.0158
    6008       1.1432
    6009       1.0389
    6010       1.2112
    6011       1.1361
    6012       1.0621
    6013       1.1266
    6014       1.1457
    6015       1.1375
    6016       1.2063
    6017       1.2356
    6018       1.1623
    6019       1.1956
    6020       1.2121
    6021       1.2165
    6022       1.3329
    6023       1.3198
    6024       1.2799
    6025       1.2971
    6026       1.3259
    6027       1.3278
    6028       1.2977
    6029       1.3207
    6030       1.3650
    6031       1.3383
    6032       1.4156
    6033       1.4091
    6034       1.3996
    6035       1.4135
    6036       1.3618
    6037       1.2545
    6038       1.2695
    6039       1.3285
    6040       1.3232
    6041       1.3144
    6042       1.2907
    6043       1.3164
    6044       1.3203
    6045       1.2452
    6046       1.3637
    6047       1.2806
    6048       1.3631
    6049       1.3219
    6050       1.3192
    6051       1.3444
    6052       1.3189
    6053       1.4265
    6054       1.3780
    6055       1.3802
    6056       1.2987
    6057       1.3116
    6058       1.3777
    6059       1.3327
    6060       1.3508
    6061       1.2786
    6062       1.3009
    6063       1.1667
    6064       1.1972
    6065       1.1966
    6066       1.2087
    6067       1.2790
    6068       1.3203
    6069       1.2923
    6070       1.3470
    6071       1.2680
    6072       1.3671
    6073       1.2699
    6074       1.2564
    6075       1.3193
    6076       1.1905
    6077       1.2941
    6078       1.2186
    6079       1.2764
    6080       1.3802
    6081       1.3004
    6082       1.3849
    6083       1.3371
    6084       1.3690
    6085       1.4508
    6086       1.3247
    6087       1.3481
    6088       1.2812
    6089       1.3640
    6090       1.4097
    6091       1.2242
    6092       1.2775
    6093       1.2645
    6094       1.2814
    6095       1.3254
    6096       1.3630
    6097       1.4023
    6098       1.2847
    6099       1.3749
    6100       1.3726
    6101       1.3068
    6102       1.3428
    6103       1.3811
    6104       1.3609
    6105       1.3627
    6106       1.3679
    6107       1.4054
    6108       1.2442
    6109       1.2396
    6110       1.2898
    6111       1.2744
    6112       1.2970
    6113       1.3090
    6114       1.2930
    6115       1.2343
    6116       1.3826
    6117       1.3808
    6118       1.2828
    6119       1.2966
    6120       1.3758
    6121       1.3692
    6122       1.2557
    6123       1.3518
    6124       1.3256
    6125       1.2435
    6126       1.2343
    6127       1.0823
    6128       1.1345
    6129       1.1024
    6130       1.1360
    6131       1.0727
    6132       1.1086
    6133       1.0608
    6134       1.0855
    6135       1.1138
    6136       1.1822
    6137       1.1422
    6138       1.0932
    6139       1.1989
    6140       1.2362
    6141       1.1605
    6142       1.1654
    6143       1.1878
    6144       1.2671
    6145       1.3299
    6146       1.2785
    6147       1.2862
    6148       1.3288
    6149       1.2529
    6150       1.1973
    6151       1.2459
    6152       1.1961
    6153       1.2318
    6154       1.2161
    6155       1.2921
    6156       1.2298
    6157       1.3022
    6158       1.3043
    6159       1.2192
    6160       1.1714
    6161       1.1988
    6162       1.2961
    6163       1.2811
    6164       1.3440
    6165       1.1830
    6166       1.2342
    6167       1.2439
    6168       1.2599
    6169       1.1808
    6170       1.2020
    6171       1.2896
    6172       1.1607
    6173       1.2916
    6174       1.2667
    6175       1.1931
    6176       1.0875
    6177       1.1299
    6178       1.2180
    6179       1.1982
    6180       1.2012
    6181       1.1490
    6182       1.2407
    6183       1.2397
    6184       1.1484
    6185       1.1869
    6186       1.1649
    6187       1.1423
    6188       1.1653
    6189       1.2425
    6190       1.3280
    6191       1.3129
    6192       1.2188
    6193       1.2352
    6194       1.2689
    6195       1.1728
    6196       1.2132
    6197       1.2422
    6198       1.1850
    6199       1.1081
    6200       1.1005
    6201       1.1665
    6202       1.2231
    6203       1.1798
    6204       1.1800
    6205       1.2873
    6206       1.2469
    6207       1.1398
    6208       1.2087
    6209       1.2830
    6210       1.2378
    6211       1.2051
    6212       1.2340
    6213       1.2378
    6214       1.1782
    6215       1.2160
    6216       1.2248
    6217       1.2064
    6218       1.0898
    6219       1.2991
    6220       1.2050
    6221       1.2691
    6222       1.2107
    6223       1.2021
    6224       1.2549
    6225       1.1514
    6226       1.1582
    6227       1.2367
    6228       1.2113
    6229       1.1944
    6230       1.2778
    6231       1.2888
    6232       1.2626
    6233       1.3902
    6234       1.3397
    6235       1.3340
    6236       1.2925
    6237       1.2537
    6238       1.2410
    6239       1.1947
    6240       1.2017
    6241       1.2388
    6242       1.1793
    6243       1.1160
    6244       1.1376
    6245       1.0761
    6246       1.1033
    6247       1.0908
    6248       1.1531
    6249       1.1741
    6250       1.1579
    6251       1.1552
    6252       1.2224
    6253       1.1041
    6254       1.0494
    6255       1.0155
    6256       1.1725
    6257       1.1649
    6258       1.1700
    6259       1.1913
    6260       1.1388
    6261       1.1844
    6262       1.1788
    6263       1.2082
    6264       1.1621
    6265       1.1739
    6266       1.0950
    6267       1.2342
    6268       1.2106
    6269       1.1588
    6270       1.1704
    6271       1.1662
    6272       1.2053
    6273       1.0853
    6274       1.1169
    6275       1.0842
    6276       1.1065
    6277       1.0910
    6278       1.0999
    6279       1.1026
    6280       1.0955
    6281       1.0586
    6282       1.0265
    6283       1.0765
    6284       1.0192
    6285       1.1114
    6286       0.9999
    6287       1.1164
    6288       1.1311
    6289       1.1256
    6290       1.1252
    6291       1.1145
    6292       1.0955
    6293       1.1804
    6294       1.0709
    6295       1.0978
    6296       1.0980
    6297       1.1773
    6298       1.1558
    6299       1.1928
    6300       1.0997
    6301       1.1433
    6302       1.0536
    6303       1.0732
    6304       1.1234
    6305       1.0812
    6306       1.0414
    6307       1.0864
    6308       1.0730
    6309       0.9605
    6310       1.0804
    6311       1.1499
    6312       1.2391
    6313       1.2116
    6314       1.2533
    6315       1.2294
    6316       1.1554
    6317       1.1985
    6318       1.1772
    6319       1.1363
    6320       1.1785
    6321       1.1878
    6322       1.1158
    6323       1.1828
    6324       1.2195
    6325       1.2354
    6326       1.1626
    6327       1.1732
    6328       1.1298
    6329       1.1504
    6330       1.1452
    6331       1.1645
    6332       1.0828
    6333       1.1519
    6334       1.0883
    6335       1.0869
    6336       1.0835
    6337       1.1032
    6338       1.1564
    6339       1.0532
    6340       1.1072
    6341       1.0527
    6342       1.0184
    6343       1.1223
    6344       1.1439
    6345       1.0620
    6346       1.0401
    6347       1.1191
    6348       1.0672
    6349       1.1688
    6350       1.1067
    6351       1.2003
    6352       1.0683
    6353       1.0796
    6354       1.1461
    6355       1.1571
    6356       1.1092
    6357       1.1572
    6358       1.1201
    6359       1.1180
    6360       1.1701
    6361       1.1841
    6362       1.1182
    6363       1.2116
    6364       1.1373
    6365       1.1740
    6366       1.1641
    6367       1.2646
    6368       1.2645
    6369       1.3310
    6370       1.3459
    6371       1.2997
    6372       1.2082
    6373       1.1782
    6374       1.1782
    6375       1.1941
    6376       1.2446
    6377       1.2370
    6378       1.1896
    6379       1.2270
    6380       1.2081
    6381       1.1910
    6382       1.2482
    6383       1.1958
    6384       1.0916
    6385       1.2045
    6386       1.1031
    6387       1.1071
    6388       1.1065
    6389       1.0759
    6390       1.1653
    6391       1.2142
    6392       1.1074
    6393       1.1709
    6394       1.1849
    6395       1.2350
    6396       1.1604
    6397       1.1501
    6398       1.1763
    6399       1.1339
    6400       1.2125
    6401       1.2690
    6402       1.1976
    6403       1.1312
    6404       1.2001
    6405       1.1368
    6406       1.0522
    6407       1.0727
    6408       1.2351
    6409       1.1175
    6410       1.1937
    6411       1.2197
    6412       1.1983
    6413       1.2642
    6414       1.1461
    6415       1.3584
    6416       1.4241
    6417       1.2293
    6418       1.3416
    6419       1.2819
    6420       1.2535
    6421       1.2152
    6422       1.3427
    6423       1.2317
    6424       1.3314
    6425       1.2397
    6426       1.3401
    6427       1.3488
    6428       1.3283
    6429       1.4346
    6430       1.3244
    6431       1.3441
    6432       1.3252
    6433       1.3278
    6434       1.1608
    6435       1.3521
    6436       1.2534
    6437       1.2101
    6438       1.1687
    6439       1.2534
    6440       1.2088
    6441       1.1868
    6442       1.2745
    6443       1.2854
    6444       1.2230
    6445       1.2977
    6446       1.2376
    6447       1.2633
    6448       1.1935
    6449       1.2421
    6450       1.1958
    6451       1.2217
    6452       1.2595
    6453       1.3077
    6454       1.2557
    6455       1.3288
    6456       1.2764
    6457       1.3001
    6458       1.2832
    6459       1.2843
    6460       1.3679
    6461       1.2613
    6462       1.1486
    6463       1.2383
    6464       1.2998
    6465       1.3575
    6466       1.2358
    6467       1.3191
    6468       1.2697
    6469       1.2554
    6470       1.2141
    6471       1.2150
    6472       1.2446
    6473       1.1816
    6474       1.2239
    6475       1.1809
    6476       1.0611
    6477       1.1938
    6478       1.2102
    6479       1.1756
    6480       1.2500
    6481       1.2046
    6482       1.2226
    6483       1.1380
    6484       1.1983
    6485       1.0926
    6486       1.0749
    6487       1.1464
    6488       1.3127
    6489       1.3347
    6490       1.2305
    6491       1.2873
    6492       1.3645
    6493       1.3305
    6494       1.3706
    6495       1.3374
    6496       1.3801
    6497       1.4815
    6498       1.4446
    6499       1.4583
    6500       1.4790
    6501       1.5504
    6502       1.4965
    6503       1.3971
    6504       1.4898
    6505       1.5048
    6506       1.5004
    6507       1.4976
    6508       1.3727
    6509       1.4404
    6510       1.3980
    6511       1.2774
    6512       1.2602
    6513       1.2082
    6514       1.2637
    6515       1.1731
    6516       1.1274
    6517       1.1790
    6518       1.1864
    6519       1.1285
    6520       1.1674
    6521       1.1326
    6522       1.2464
    6523       1.1748
    6524       1.3054
    6525       1.2891
    6526       1.3236
    6527       1.3626
    6528       1.2630
    6529       1.2506
    6530       1.1167
    6531       1.1217
    6532       1.1863
    6533       1.2276
    6534       1.2422
    6535       1.0336
    6536       1.1125
    6537       1.2574
    6538       1.1570
    6539       1.2076
    6540       1.3623
    6541       1.2245
    6542       1.1904
    6543       1.1965
    6544       1.1275
    6545       1.2106
    6546       1.1904
    6547       1.1892
    6548       1.1574
    6549       1.1632
    6550       1.1836
    6551       1.1932
    6552       1.2152
    6553       1.1029
    6554       1.1837
    6555       1.2089
    6556       1.1805
    6557       1.1837
    6558       1.1685
    6559       1.2057
    6560       1.0781
    6561       1.1031
    6562       1.0689
    6563       1.1746
    6564       1.1405
    6565       1.1515
    6566       1.0986
    6567       1.0784
    6568       1.1517
    6569       1.2002
    6570       1.2029
    6571       1.2168
    6572       1.1693
    6573       1.1707
    6574       1.2020
    6575       1.1927
    6576       1.1540
    6577       1.1586
    6578       1.1820
    6579       1.2522
    6580       1.2402
    6581       1.2050
    6582       1.1846
    6583       1.2165
    6584       1.3233
    6585       1.3834
    6586       1.3887
    6587       1.3153
    6588       1.2222
    6589       1.3547
    6590       1.2439
    6591       1.2777
    6592       1.3001
    6593       1.3298
    6594       1.2508
    6595       1.2127
    6596       1.2369
    6597       1.2422
    6598       1.2590
    6599       1.2282
    6600       1.2662
    6601       1.2548
    6602       1.3335
    6603       1.3794
    6604       1.3516
    6605       1.2590
    6606       1.3362
    6607       1.2936
    6608       1.2350
    6609       1.2548
    6610       1.2881
    6611       1.2087
    6612       1.2830
    6613       1.2674
    6614       1.2390
    6615       1.2987
    6616       1.3411
    6617       1.1797
    6618       1.2162
    6619       1.2622
    6620       1.2385
    6621       1.3187
    6622       1.2900
    6623       1.2255
    6624       1.3137
    6625       1.2959
    6626       1.3399
    6627       1.3123
    6628       1.3574
    6629       1.2438
    6630       1.2514
    6631       1.3604
    6632       1.2327
    6633       1.3005
    6634       1.2431
    6635       1.2112
    6636       1.2264
    6637       1.2526
    6638       1.1549
    6639       1.2481
    6640       1.1274
    6641       1.2108
    6642       1.1104
    6643       1.2250
    6644       1.2278
    6645       1.2471
    6646       1.2138
    6647       1.2219
    6648       1.3124
    6649       1.3245
    6650       1.2205
    6651       1.2981
    6652       1.2385
    6653       1.2285
    6654       1.1576
    6655       1.2230
    6656       1.3160
    6657       1.2461
    6658       1.2996
    6659       1.3209
    6660       1.2968
    6661       1.2996
    6662       1.2792
    6663       1.2839
    6664       1.2470
    6665       1.2571
    6666       1.2069
    6667       1.2141
    6668       1.2261
    6669       1.1661
    6670       1.1670
    6671       1.1833
    6672       1.1445
    6673       1.1133
    6674       1.0816
    6675       1.2291
    6676       1.0958
    6677       1.1644
    6678       1.1568
    6679       1.1768
    6680       1.2248
    6681       1.1992
    6682       1.1637
    6683       1.2217
    6684       1.1416
    6685       1.0861
    6686       1.1564
    6687       1.1223
    6688       1.0509
    6689       1.1736
    6690       1.1780
    6691       1.1455
    6692       1.2920
    6693       1.2149
    6694       1.2115
    6695       1.1702
    6696       1.2678
    6697       1.2135
    6698       1.1559
    6699       1.1376
    6700       1.2176
    6701       1.1770
    6702       1.0660
    6703       1.1571
    6704       1.1296
    6705       1.0753
    6706       1.1365
    6707       1.2716
    6708       1.2468
    6709       1.2798
    6710       1.1771
    6711       1.2638
    6712       1.2383
    6713       1.1733
    6714       1.1850
    6715       1.3805
    6716       1.3235
    6717       1.2965
    6718       1.2888
    6719       1.1936
    6720       1.2234
    6721       1.1588
    6722       1.2070
    6723       1.1987
    6724       1.2371
    6725       1.3006
    6726       1.1903
    6727       1.2910
    6728       1.2261
    6729       1.2213
    6730       1.2379
    6731       1.2305
    6732       1.3787
    6733       1.2963
    6734       1.3460
    6735       1.3007
    6736       1.2449
    6737       1.2314
    6738       1.2197
    6739       1.2353
    6740       1.3060
    6741       1.2226
    6742       1.2316
    6743       1.3678
    6744       1.4178
    6745       1.2717
    6746       1.2425
    6747       1.2586
    6748       1.4024
    6749       1.2522
    6750       1.3419
    6751       1.3535
    6752       1.1800
    6753       1.1967
    6754       1.1545
    6755       1.2327
    6756       1.2438
    6757       1.2521
    6758       1.1963
    6759       1.2979
    6760       1.2300
    6761       1.3229
    6762       1.3537
    6763       1.2557
    6764       1.3023
    6765       1.3208
    6766       1.3280
    6767       1.3509
    6768       1.2129
    6769       1.2932
    6770       1.3151
    6771       1.2977
    6772       1.2651
    6773       1.2473
    6774       1.2056
    6775       1.2248
    6776       1.1030
    6777       1.1073
    6778       1.0771
    6779       1.0515
    6780       1.1399
    6781       1.1689
    6782       1.2372
    6783       1.1660
    6784       1.2278
    6785       1.1447
    6786       1.1460
    6787       1.1565
    6788       1.1869
    6789       1.1866
    6790       1.1070
    6791       1.2012
    6792       1.1785
    6793       1.2097
    6794       1.3461
    6795       1.2964
    6796       1.2392
    6797       1.2307
    6798       1.2708
    6799       1.2525
    6800       1.3951
    6801       1.2977
    6802       1.2180
    6803       1.2632
    6804       1.4171
    6805       1.3127
    6806       1.2373
    6807       1.1917
    6808       1.2824
    6809       1.1734
    6810       1.2484
    6811       1.1472
    6812       1.1127
    6813       1.1920
    6814       1.1696
    6815       1.1659
    6816       1.2070
    6817       1.2595
    6818       1.3393
    6819       1.3330
    6820       1.2333
    6821       1.0880
    6822       1.1740
    6823       1.1811
    6824       1.2473
    6825       1.1809
    6826       1.1594
    6827       1.2533
    6828       1.1636
    6829       1.2311
    6830       1.1904
    6831       1.2515
    6832       1.2975
    6833       1.3675
    6834       1.3419
    6835       1.3262
    6836       1.2183
    6837       1.3634
    6838       1.3589
    6839       1.3473
    6840       1.4015
    6841       1.2975
    6842       1.3557
    6843       1.2800
    6844       1.2755
    6845       1.3993
    6846       1.3479
    6847       1.3767
    6848       1.3545
    6849       1.3107
    6850       1.2886
    6851       1.3897
    6852       1.3846
    6853       1.2535
    6854       1.2441
    6855       1.3060
    6856       1.3338
    6857       1.4613
    6858       1.3138
    6859       1.2509
    6860       1.2928
    6861       1.3373
    6862       1.3451
    6863       1.2585
    6864       1.3657
    6865       1.3375
    6866       1.3678
    6867       1.3866
    6868       1.3636
    6869       1.4338
    6870       1.3969
    6871       1.3322
    6872       1.3291
    6873       1.3474
    6874       1.3972
    6875       1.3913
    6876       1.3724
    6877       1.3867
    6878       1.4802
    6879       1.4796
    6880       1.4534
    6881       1.4887
    6882       1.3852
    6883       1.4766
    6884       1.4806
    6885       1.4626
    6886       1.3844
    6887       1.3624
    6888       1.2976
    6889       1.4379
    6890       1.3900
    6891       1.3465
    6892       1.3672
    6893       1.4790
    6894       1.3731
    6895       1.4257
    6896       1.3583
    6897       1.3172
    6898       1.3305
    6899       1.3725
    6900       1.3507
    6901       1.3469
    6902       1.2777
    6903       1.2473
    6904       1.3699
    6905       1.3041
    6906       1.3392
    6907       1.5493
    6908       1.4020
    6909       1.3417
    6910       1.4274
    6911       1.2203
    6912       1.3637
    6913       1.3363
    6914       1.4136
    6915       1.3633
    6916       1.3665
    6917       1.3104
    6918       1.3577
    6919       1.3073
    6920       1.3577
    6921       1.2543
    6922       1.2813
    6923       1.3393
    6924       1.3040
    6925       1.3537
    6926       1.4863
    6927       1.3037
    6928       1.4605
    6929       1.4501
    6930       1.4269
    6931       1.4174
    6932       1.4795
    6933       1.4089
    6934       1.4353
    6935       1.4752
    6936       1.4819
    6937       1.5799
    6938       1.5491
    6939       1.6224
    6940       1.5900
    6941       1.5465
    6942       1.4863
    6943       1.5655
    6944       1.4593
    6945       1.5761
    6946       1.5124
    6947       1.5495
    6948       1.6548
    6949       1.5457
    6950       1.4643
    6951       1.5532
    6952       1.4663
    6953       1.4195
    6954       1.3534
    6955       1.4377
    6956       1.4993
    6957       1.3974
    6958       1.4307
    6959       1.4091
    6960       1.4434
    6961       1.3707
    6962       1.5301
    6963       1.3679
    6964       1.3230
    6965       1.4755
    6966       1.5007
    6967       1.3766
    6968       1.4235
    6969       1.4993
    6970       1.4204
    6971       1.3524
    6972       1.3730
    6973       1.4139
    6974       1.5004
    6975       1.4568
    6976       1.5254
    6977       1.5678
    6978       1.5982
    6979       1.5711
    6980       1.5887
    6981       1.4914
    6982       1.4571
    6983       1.4396
    6984       1.5075
    6985       1.6177
    6986       1.4812
    6987       1.5730
    6988       1.6490
    6989       1.5184
    6990       1.4070
    6991       1.3601
    6992       1.3684
    6993       1.4011
    6994       1.3731
    6995       1.4223
    6996       1.2887
    6997       1.3860
    6998       1.4302
    6999       1.4493
    7000       1.4243
    7001       1.3934
    7002       1.4807
    7003       1.5363
    7004       1.4576
    7005       1.3865
    7006       1.4134
    7007       1.2963
    7008       1.3593
    7009       1.3985
    7010       1.2976
    7011       1.2678
    7012       1.2620
    7013       1.3270
    7014       1.3412
    7015       1.3670
    7016       1.3712
    7017       1.3814
    7018       1.4053
    7019       1.4084
    7020       1.3966
    7021       1.3207
    7022       1.4124
    7023       1.3917
    7024       1.3791
    7025       1.3605
    7026       1.2489
    7027       1.1959
    7028       1.1848
    7029       1.2487
    7030       1.3918
    7031       1.5438
    7032       1.4145
    7033       1.4615
    7034       1.4124
    7035       1.4264
    7036       1.3300
    7037       1.3133
    7038       1.1999
    7039       1.3164
    7040       1.3894
    7041       1.3459
    7042       1.2845
    7043       1.4390
    7044       1.3870
    7045       1.4503
    7046       1.4658
    7047       1.4817
    7048       1.4246
    7049       1.4783
    7050       1.4104
    7051       1.4133
    7052       1.3966
    7053       1.5897
    7054       1.4994
    7055       1.4849
    7056       1.5577
    7057       1.4876
    7058       1.5027
    7059       1.5022
    7060       1.3739
    7061       1.3645
    7062       1.4471
    7063       1.3691
    7064       1.3750
    7065       1.5529
    7066       1.4620
    7067       1.4335
    7068       1.4754
    7069       1.5215
    7070       1.5590
    7071       1.3948
    7072       1.4261
    7073       1.4927
    7074       1.3703
    7075       1.4104
    7076       1.4026
    7077       1.3919
    7078       1.5366
    7079       1.5263
    7080       1.4875
    7081       1.4605
    7082       1.4365
    7083       1.4145
    7084       1.4595
    7085       1.5502
    7086       1.5000
    7087       1.3894
    7088       1.4424
    7089       1.4282
    7090       1.4475
    7091       1.3074
    7092       1.3880
    7093       1.3665
    7094       1.2726
    7095       1.2966
    7096       1.4410
    7097       1.4024
    7098       1.3234
    7099       1.2450
    7100       1.3659
    7101       1.3441
    7102       1.3807
    7103       1.2873
    7104       1.3705
    7105       1.3653
    7106       1.3831
    7107       1.3176
    7108       1.1951
    7109       1.3842
    7110       1.3449
    7111       1.3618
    7112       1.3052
    7113       1.3299
    7114       1.2202
    7115       1.3938
    7116       1.3444
    7117       1.3313
    7118       1.4079
    7119       1.3205
    7120       1.4034
    7121       1.4268
    7122       1.3528
    7123       1.3954
    7124       1.3183
    7125       1.2944
    7126       1.2648
    7127       1.1713
    7128       1.3731
    7129       1.2749
    7130       1.3329
    7131       1.2025
    7132       1.2042
    7133       1.2947
    7134       1.2432
    7135       1.3577
    7136       1.3593
    7137       1.3331
    7138       1.2835
    7139       1.4181
    7140       1.2982
    7141       1.3045
    7142       1.3327
    7143       1.3491
    7144       1.3711
    7145       1.4242
    7146       1.4383
    7147       1.4257
    7148       1.3473
    7149       1.3327
    7150       1.3569
    7151       1.3321
    7152       1.4177
    7153       1.3290
    7154       1.1910
    7155       1.3768
    7156       1.3411
    7157       1.2957
    7158       1.3035
    7159       1.3302
    7160       1.3316
    7161       1.3814
    7162       1.3393
    7163       1.2473
    7164       1.2042
    7165       1.2776
    7166       1.3028
    7167       1.2719
    7168       1.2827
    7169       1.3770
    7170       1.3399
    7171       1.3504
    7172       1.3227
    7173       1.3065
    7174       1.2893
    7175       1.2562
    7176       1.2569
    7177       1.2625
    7178       1.1839
    7179       1.2880
    7180       1.3255
    7181       1.2695
    7182       1.3062
    7183       1.2698
    7184       1.2519
    7185       1.2574
    7186       1.2373
    7187       1.2779
    7188       1.2803
    7189       1.2460
    7190       1.1784
    7191       1.1587
    7192       1.1634
    7193       1.2884
    7194       1.3876
    7195       1.4103
    7196       1.3194
    7197       1.3072
    7198       1.3540
    7199       1.3101
    7200       1.3618
    7201       1.2866
    7202       1.2871
    7203       1.3463
    7204       1.4198
    7205       1.2492
    7206       1.2880
    7207       1.3929
    7208       1.3325
    7209       1.3516
    7210       1.3201
    7211       1.2732
    7212       1.3184
    7213       1.3650
    7214       1.3716
    7215       1.3799
    7216       1.2737
    7217       1.3092
    7218       1.2738
    7219       1.2915
    7220       1.2633
    7221       1.2691
    7222       1.2522
    7223       1.2193
    7224       1.2801
    7225       1.2646
    7226       1.3280
    7227       1.3220
    7228       1.2953
    7229       1.2881
    7230       1.4374
    7231       1.3520
    7232       1.3573
    7233       1.3320
    7234       1.2222
    7235       1.3428
    7236       1.3990
    7237       1.4565
    7238       1.4324
    7239       1.3886
    7240       1.3491
    7241       1.3841
    7242       1.3539
    7243       1.3292
    7244       1.3982
    7245       1.4368
    7246       1.3988
    7247       1.4748
    7248       1.4075
    7249       1.3746
    7250       1.3408
    7251       1.3148
    7252       1.3456
    7253       1.3238
    7254       1.3675
    7255       1.2550
    7256       1.3207
    7257       1.2902
    7258       1.2544
    7259       1.3011
    7260       1.2400
    7261       1.3373
    7262       1.3451
    7263       1.2044
    7264       1.3143
    7265       1.3558
    7266       1.3484
    7267       1.3683
    7268       1.2820
    7269       1.3350
    7270       1.3692
    7271       1.4424
    7272       1.4128
    7273       1.4150
    7274       1.4331
    7275       1.4554
    7276       1.4604
    7277       1.3866
    7278       1.3470
    7279       1.3330
    7280       1.3068
    7281       1.3409
    7282       1.3434
    7283       1.3504
    7284       1.2585
    7285       1.2801
    7286       1.3404
    7287       1.2860
    7288       1.3225
    7289       1.3967
    7290       1.4149
    7291       1.3270
    7292       1.4135
    7293       1.4679
    7294       1.4420
    7295       1.3642
    7296       1.4198
    7297       1.3925
    7298       1.3533
    7299       1.4366
    7300       1.3549
    7301       1.3829
    7302       1.3401
    7303       1.4290
    7304       1.3537
    7305       1.4367
    7306       1.3546
    7307       1.3572
    7308       1.3824
    7309       1.3551
    7310       1.3177
    7311       1.4424
    7312       1.4110
    7313       1.4244
    7314       1.4552
    7315       1.3899
    7316       1.3870
    7317       1.2532
    7318       1.3898
    7319       1.3989
    7320       1.4017
    7321       1.3820
    7322       1.4242
    7323       1.3347
    7324       1.4970
    7325       1.4961
    7326       1.3382
    7327       1.2716
    7328       1.4180
    7329       1.4231
    7330       1.4352
    7331       1.5721
    7332       1.5469
    7333       1.4503
    7334       1.4380
    7335       1.3961
    7336       1.4160
    7337       1.3825
    7338       1.3755
    7339       1.3580
    7340       1.3911
    7341       1.4085
    7342       1.3555
    7343       1.3805
    7344       1.5419
    7345       1.4573
    7346       1.4069
    7347       1.4236
    7348       1.4246
    7349       1.4372
    7350       1.3757
    7351       1.4186
    7352       1.4567
    7353       1.4031
    7354       1.5510
    7355       1.5186
    7356       1.5479
    7357       1.5401
    7358       1.4333
    7359       1.3966
    7360       1.3397
    7361       1.3261
    7362       1.3960
    7363       1.3897
    7364       1.4504
    7365       1.3557
    7366       1.4812
    7367       1.5226
    7368       1.4983
    7369       1.4850
    7370       1.5520
    7371       1.4767
    7372       1.5270
    7373       1.4148
    7374       1.4444
    7375       1.4379
    7376       1.4167
    7377       1.4212
    7378       1.4282
    7379       1.4835
    7380       1.4258
    7381       1.5702
    7382       1.5454
    7383       1.4621
    7384       1.3812
    7385       1.5093
    7386       1.5072
    7387       1.5190
    7388       1.5174
    7389       1.4442
    7390       1.4262
    7391       1.6239
    7392       1.6513
    7393       1.5619
    7394       1.4716
    7395       1.4821
    7396       1.4229
    7397       1.4576
    7398       1.4788
    7399       1.4693
    7400       1.5077
    7401       1.4739
    7402       1.3864
    7403       1.4284
    7404       1.4286
    7405       1.4379
    7406       1.5819
    7407       1.4386
    7408       1.3979
    7409       1.3880
    7410       1.4160
    7411       1.4664
    7412       1.4180
    7413       1.4160
    7414       1.4370
    7415       1.4616
    7416       1.3592
    7417       1.4342
    7418       1.3857
    7419       1.4144
    7420       1.3591
    7421       1.3441
    7422       1.3327
    7423       1.3339
    7424       1.4018
    7425       1.4045
    7426       1.4894
    7427       1.4658
    7428       1.4465
    7429       1.5678
    7430       1.4841
    7431       1.4462
    7432       1.4222
    7433       1.5171
    7434       1.4066
    7435       1.4626
    7436       1.4650
    7437       1.3642
    7438       1.4024
    7439       1.4247
    7440       1.4866
    7441       1.3956
    7442       1.4150
    7443       1.4497
    7444       1.3868
    7445       1.4031
    7446       1.3643
    7447       1.3727
    7448       1.4546
    7449       1.4477
    7450       1.4633
    7451       1.4293
    7452       1.4401
    7453       1.3548
    7454       1.4516
    7455       1.3940
    7456       1.3251
    7457       1.4826
    7458       1.4784
    7459       1.4273
    7460       1.5726
    7461       1.3785
    7462       1.5123
    7463       1.4887
    7464       1.5125
    7465       1.4904
    7466       1.4843
    7467       1.4792
    7468       1.5085
    7469       1.5106
    7470       1.5711
    7471       1.4531
    7472       1.5140
    7473       1.3866
    7474       1.3838
    7475       1.4729
    7476       1.4515
    7477       1.4108
    7478       1.4547
    7479       1.5656
    7480       1.5182
    7481       1.4699
    7482       1.4500
    7483       1.4947
    7484       1.4982
    7485       1.4774
    7486       1.4379
    7487       1.4158
    7488       1.3872
    7489       1.3356
    7490       1.3758
    7491       1.4224
    7492       1.3627
    7493       1.4031
    7494       1.3764
    7495       1.3952
    7496       1.3931
    7497       1.3783
    7498       1.4165
    7499       1.3908
    7500       1.4186
    7501       1.3679
    7502       1.3728
    7503       1.3726
    7504       1.4354
    7505       1.4957
    7506       1.4629
    7507       1.4809
    7508       1.4951
    7509       1.4340
    7510       1.4157
    7511       1.4224
    7512       1.4993
    7513       1.4028
    7514       1.3514
    7515       1.4283
    7516       1.4431
    7517       1.4018
    7518       1.4863
    7519       1.4642
    7520       1.4301
    7521       1.3773
    7522       1.3850
    7523       1.4195
    7524       1.4702
    7525       1.4457
    7526       1.4795
    7527       1.4614
    7528       1.5374
    7529       1.5163
    7530       1.3523
    7531       1.3658
    7532       1.4108
    7533       1.3997
    7534       1.2411
    7535       1.3698
    7536       1.3467
    7537       1.2686
    7538       1.4124
    7539       1.3960
    7540       1.4157
    7541       1.3831
    7542       1.3805
    7543       1.3759
    7544       1.2728
    7545       1.3755
    7546       1.2770
    7547       1.3424
    7548       1.3149
    7549       1.3122
    7550       1.3626
    7551       1.3542
    7552       1.3599
    7553       1.2887
    7554       1.4072
    7555       1.3219
    7556       1.4239
    7557       1.3673
    7558       1.3630
    7559       1.3246
    7560       1.3088
    7561       1.3114
    7562       1.2413
    7563       1.2882
    7564       1.3697
    7565       1.3726
    7566       1.3352
    7567       1.3219
    7568       1.3526
    7569       1.2896
    7570       1.3829
    7571       1.3387
    7572       1.4381
    7573       1.4451
    7574       1.4147
    7575       1.2776
    7576       1.3616
    7577       1.4609
    7578       1.4631
    7579       1.4167
    7580       1.3190
    7581       1.4884
    7582       1.3685
    7583       1.4553
    7584       1.4824
    7585       1.4639
    7586       1.4202
    7587       1.4505
    7588       1.3923
    7589       1.4262
    7590       1.3686
    7591       1.3146
    7592       1.3729
    7593       1.4430
    7594       1.3423
    7595       1.3792
    7596       1.3530
    7597       1.3294
    7598       1.3469
    7599       1.3191
    7600       1.3686
    7601       1.4141
    7602       1.4413
    7603       1.4478
    7604       1.4353
    7605       1.3222
    7606       1.3819
    7607       1.3947
    7608       1.3222
    7609       1.3810
    7610       1.3512
    7611       1.4640
    7612       1.3732
    7613       1.3458
    7614       1.3929
    7615       1.3616
    7616       1.3518
    7617       1.3868
    7618       1.3270
    7619       1.4548
    7620       1.4477
    7621       1.4565
    7622       1.3889
    7623       1.3208
    7624       1.3855
    7625       1.3187
    7626       1.2964
    7627       1.2521
    7628       1.3191
    7629       1.3278
    7630       1.3260
    7631       1.2777
    7632       1.3556
    7633       1.3270
    7634       1.4062
    7635       1.3703
    7636       1.4601
    7637       1.4855
    7638       1.4321
    7639       1.4720
    7640       1.5440
    7641       1.4625
    7642       1.5258
    7643       1.5038
    7644       1.4588
    7645       1.3897
    7646       1.3968
    7647       1.3313
    7648       1.4027
    7649       1.4135
    7650       1.3835
    7651       1.4214
    7652       1.3983
    7653       1.4473
    7654       1.4021
    7655       1.4072
    7656       1.4278
    7657       1.4969
    7658       1.4415
    7659       1.3969
    7660       1.4394
    7661       1.5142
    7662       1.5414
    7663       1.5367
    7664       1.4602
    7665       1.5469
    7666       1.4594
    7667       1.4804
    7668       1.4349
    7669       1.3910
    7670       1.3502
    7671       1.3866
    7672       1.4334
    7673       1.3280
    7674       1.3309
    7675       1.3137
    7676       1.3173
    7677       1.4195
    7678       1.4619
    7679       1.4239
    7680       1.4634
    7681       1.3802
    7682       1.5032
    7683       1.4822
    7684       1.3908
    7685       1.4439
    7686       1.3056
    7687       1.5054
    7688       1.4965
    7689       1.4362
    7690       1.4287
    7691       1.5417
    7692       1.5373
    7693       1.4663
    7694       1.4125
    7695       1.4215
    7696       1.4099
    7697       1.4986
    7698       1.3784
    7699       1.4743
    7700       1.5180
    7701       1.5546
    7702       1.5779
    7703       1.4616
    7704       1.3872
    7705       1.4512
    7706       1.5077
    7707       1.5134
    7708       1.4966
    7709       1.4808
    7710       1.4328
    7711       1.4724
    7712       1.4324
    7713       1.4265
    7714       1.3082
    7715       1.3737
    7716       1.4193
    7717       1.4350
    7718       1.4142
    7719       1.3389
    7720       1.4267
    7721       1.3971
    7722       1.3959
    7723       1.2927
    7724       1.3992
    7725       1.4459
    7726       1.3364
    7727       1.3555
    7728       1.4376
    7729       1.4311
    7730       1.4494
    7731       1.4006
    7732       1.3672
    7733       1.3323
    7734       1.3532
    7735       1.4005
    7736       1.4613
    7737       1.4731
    7738       1.4249
    7739       1.4935
    7740       1.4103
    7741       1.5343
    7742       1.3383
    7743       1.4118
    7744       1.3845
    7745       1.2980
    7746       1.4462
    7747       1.4210
    7748       1.3226
    7749       1.3949
    7750       1.4268
    7751       1.3465
    7752       1.4512
    7753       1.3864
    7754       1.4632
    7755       1.4586
    7756       1.5295
    7757       1.4469
    7758       1.4563
    7759       1.4518
    7760       1.3566
    7761       1.2601
    7762       1.4602
    7763       1.3988
    7764       1.2847
    7765       1.3398
    7766       1.4137
    7767       1.3695
    7768       1.3689
    7769       1.3915
    7770       1.3547
    7771       1.4157
    7772       1.3542
    7773       1.4172
    7774       1.4004
    7775       1.3124
    7776       1.3994
    7777       1.3644
    7778       1.3902
    7779       1.3930
    7780       1.3140
    7781       1.3572
    7782       1.3754
    7783       1.4018
    7784       1.3055
    7785       1.2972
    7786       1.3478
    7787       1.3391
    7788       1.3932
    7789       1.4254
    7790       1.3775
    7791       1.2977
    7792       1.3769
    7793       1.4115
    7794       1.4886
    7795       1.3478
    7796       1.3160
    7797       1.3437
    7798       1.4341
    7799       1.3671
    7800       1.3778
    7801       1.3624
    7802       1.3793
    7803       1.3628
    7804       1.3176
    7805       1.4536
    7806       1.4401
    7807       1.4369
    7808       1.3904
    7809       1.4544
    7810       1.4685
    7811       1.3659
    7812       1.5223
    7813       1.4746
    7814       1.4686
    7815       1.4452
    7816       1.5140
    7817       1.4368
    7818       1.4720
    7819       1.4544
    7820       1.4237
    7821       1.4447
    7822       1.4910
    7823       1.4541
    7824       1.3775
    7825       1.4215
    7826       1.3617
    7827       1.3391
    7828       1.4264
    7829       1.4641
    7830       1.4025
    7831       1.3539
    7832       1.3734
    7833       1.5273
    7834       1.4824
    7835       1.5140
    7836       1.4105
    7837       1.3791
    7838       1.3119
    7839       1.3689
    7840       1.3921
    7841       1.3897
    7842       1.2748
    7843       1.4014
    7844       1.4436
    7845       1.3168
    7846       1.3341
    7847       1.3505
    7848       1.3305
    7849       1.4248
    7850       1.4475
    7851       1.3156
    7852       1.4412
    7853       1.4946
    7854       1.3906
    7855       1.5026
    7856       1.4731
    7857       1.4858
    7858       1.3237
    7859       1.3316
    7860       1.4700
    7861       1.4321
    7862       1.4014
    7863       1.3283
    7864       1.2926
    7865       1.2890
    7866       1.2865
    7867       1.3108
    7868       1.3316
    7869       1.3747
    7870       1.2880
    7871       1.3123
    7872       1.3890
    7873       1.3967
    7874       1.3610
    7875       1.4509
    7876       1.3904
    7877       1.2888
    7878       1.3694
    7879       1.4320
    7880       1.2906
    7881       1.3819
    7882       1.3412
    7883       1.3512
    7884       1.4147
    7885       1.4165
    7886       1.3385
    7887       1.3982
    7888       1.3835
    7889       1.4257
    7890       1.3378
    7891       1.3970
    7892       1.4160
    7893       1.5084
    7894       1.4583
    7895       1.3957
    7896       1.4673
    7897       1.4085
    7898       1.4933
    7899       1.4580
    7900       1.4177
    7901       1.3739
    7902       1.3358
    7903       1.3466
    7904       1.3788
    7905       1.2857
    7906       1.2743
    7907       1.3926
    7908       1.2996
    7909       1.4221
    7910       1.3471
    7911       1.3699
    7912       1.3084
    7913       1.3637
    7914       1.4034
    7915       1.2838
    7916       1.2859
    7917       1.3181
    7918       1.3198
    7919       1.3750
    7920       1.2280
    7921       1.2834
    7922       1.3183
    7923       1.3134
    7924       1.2640
    7925       1.3141
    7926       1.3354
    7927       1.3345
    7928       1.3677
    7929       1.3394
    7930       1.4574
    7931       1.4238
    7932       1.3873
    7933       1.4632
    7934       1.4112
    7935       1.4460
    7936       1.4444
    7937       1.4090
    7938       1.4190
    7939       1.3962
    7940       1.4015
    7941       1.3872
    7942       1.3539
    7943       1.3685
    7944       1.3941
    7945       1.3955
    7946       1.4317
    7947       1.4665
    7948       1.4850
    7949       1.3688
    7950       1.4481
    7951       1.4488
    7952       1.3888
    7953       1.4003
    7954       1.4538
    7955       1.4013
    7956       1.4156
    7957       1.3302
    7958       1.3108
    7959       1.3050
    7960       1.2817
    7961       1.3607
    7962       1.3630
    7963       1.3786
    7964       1.3188
    7965       1.3941
    7966       1.3422
    7967       1.3736
    7968       1.3738
    7969       1.3186
    7970       1.3749
    7971       1.2793
    7972       1.3261
    7973       1.4216
    7974       1.3217
    7975       1.3477
    7976       1.3561
    7977       1.3146
    7978       1.4395
    7979       1.4679
    7980       1.4119
    7981       1.4108
    7982       1.4400
    7983       1.3771
    7984       1.4224
    7985       1.4127
    7986       1.4447
    7987       1.5231
    7988       1.4592
    7989       1.4247
    7990       1.3971
    7991       1.3947
    7992       1.4613
    7993       1.3724
    7994       1.3619
    7995       1.5511
    7996       1.5159
    7997       1.3481
    7998       1.3427
    7999       1.4363
    8000       1.3067
    8001       1.3216
    8002       1.3651
    8003       1.3958
    8004       1.3564
    8005       1.3891
    8006       1.3095
    8007       1.2638
    8008       1.3742
    8009       1.4171
    8010       1.3857
    8011       1.3117
    8012       1.3509
    8013       1.3383
    8014       1.3579
    8015       1.3946
    8016       1.3635
    8017       1.3942
    8018       1.4111
    8019       1.4914
    8020       1.5576
    8021       1.4638
    8022       1.5353
    8023       1.5243
    8024       1.4163
    8025       1.5251
    8026       1.4320
    8027       1.4844
    8028       1.3933
    8029       1.3798
    8030       1.3914
    8031       1.4267
    8032       1.4019
    8033       1.3819
    8034       1.3809
    8035       1.3935
    8036       1.4776
    8037       1.5138
    8038       1.4245
    8039       1.4835
    8040       1.4838
    8041       1.4947
    8042       1.4008
    8043       1.3127
    8044       1.3482
    8045       1.3679
    8046       1.3996
    8047       1.4721
    8048       1.4174
    8049       1.4480
    8050       1.3762
    8051       1.3756
    8052       1.3540
    8053       1.3780
    8054       1.3627
    8055       1.4832
    8056       1.4499
    8057       1.4903
    8058       1.4230
    8059       1.4932
    8060       1.4711
    8061       1.5034
    8062       1.3774
    8063       1.4421
    8064       1.4492
    8065       1.4690
    8066       1.3995
    8067       1.3640
    8068       1.4560
    8069       1.4996
    8070       1.5428
    8071       1.4632
    8072       1.4358
    8073       1.4275
    8074       1.5088
    8075       1.4120
    8076       1.4197
    8077       1.3991
    8078       1.3541
    8079       1.3650
    8080       1.4174
    8081       1.4175
    8082       1.3838
    8083       1.4743
    8084       1.4563
    8085       1.4288
    8086       1.4985
    8087       1.4562
    8088       1.4763
    8089       1.4720
    8090       1.5342
    8091       1.5024
    8092       1.5356
    8093       1.5085
    8094       1.5082
    8095       1.4027
    8096       1.4466
    8097       1.3709
    8098       1.3634
    8099       1.4503
    8100       1.4283
    8101       1.4449
    8102       1.4848
    8103       1.3624
    8104       1.5228
    8105       1.4739
    8106       1.4894
    8107       1.4624
    8108       1.4648
    8109       1.4693
    8110       1.5584
    8111       1.5167
    8112       1.5120
    8113       1.4796
    8114       1.4127
    8115       1.5415
    8116       1.4878
    8117       1.5068
    8118       1.4010
    8119       1.4884
    8120       1.3929
    8121       1.4700
    8122       1.5895
    8123       1.4797
    8124       1.4843
    8125       1.5018
    8126       1.4530
    8127       1.4675
    8128       1.4104
    8129       1.4567
    8130       1.4825
    8131       1.4606
    8132       1.4994
    8133       1.5178
    8134       1.4653
    8135       1.5433
    8136       1.5437
    8137       1.3976
    8138       1.4652
    8139       1.4120
    8140       1.3906
    8141       1.3990
    8142       1.3721
    8143       1.4399
    8144       1.4163
    8145       1.3586
    8146       1.4957
    8147       1.3914
    8148       1.4036
    8149       1.4445
    8150       1.3245
    8151       1.3710
    8152       1.4810
    8153       1.4813
    8154       1.5224
    8155       1.4545
    8156       1.4567
    8157       1.4520
    8158       1.4875
    8159       1.5104
    8160       1.5695
    8161       1.5543
    8162       1.5045
    8163       1.4266
    8164       1.4761
    8165       1.4874
    8166       1.4457
    8167       1.4122
    8168       1.3626
    8169       1.4429
    8170       1.3741
    8171       1.4196
    8172       1.4095
    8173       1.4666
    8174       1.4179
    8175       1.4091
    8176       1.3769
    8177       1.4249
    8178       1.4386
    8179       1.4930
    8180       1.4354
    8181       1.4725
    8182       1.5825
    8183       1.6032
    8184       1.4684
    8185       1.4074
    8186       1.3490
    8187       1.4179
    8188       1.4313
    8189       1.5340
    8190       1.5452
    8191       1.5230
    8192       1.5324
    8193       1.4825
    8194       1.5456
    8195       1.4192
    8196       1.4854
    8197       1.5744
    8198       1.6224
    8199       1.5808
    8200       1.4987
    8201       1.4888
    8202       1.5021
    8203       1.5883
    8204       1.4903
    8205       1.6028
    8206       1.5697
    8207       1.4605
    8208       1.5803
    8209       1.6196
    8210       1.4311
    8211       1.3950
    8212       1.4270
    8213       1.4859
    8214       1.5341
    8215       1.3204
    8216       1.5232
    8217       1.4975
    8218       1.4642
    8219       1.4777
    8220       1.4712
    8221       1.4581
    8222       1.4791
    8223       1.4747
    8224       1.4531
    8225       1.4522
    8226       1.4382
    8227       1.5397
    8228       1.5360
    8229       1.4548
    8230       1.4742
    8231       1.4212
    8232       1.4117
    8233       1.4450
    8234       1.4947
    8235       1.4678
    8236       1.5020
    8237       1.5778
    8238       1.5572
    8239       1.5887
    8240       1.5231
    8241       1.4269
    8242       1.4279
    8243       1.4246
    8244       1.4930
    8245       1.5727
    8246       1.6016
    8247       1.5425
    8248       1.5088
    8249       1.5556
    8250       1.3958
    8251       1.5369
    8252       1.5226
    8253       1.4853
    8254       1.4233
    8255       1.3614
    8256       1.5021
    8257       1.4503
    8258       1.5381
    8259       1.5228
    8260       1.6193
    8261       1.5898
    8262       1.5313
    8263       1.5567
    8264       1.5731
    8265       1.5507
    8266       1.6095
    8267       1.4982
    8268       1.5557
    8269       1.5961
    8270       1.5623
    8271       1.5902
    8272       1.5152
    8273       1.5113
    8274       1.4595
    8275       1.5419
    8276       1.4877
    8277       1.5097
    8278       1.4866
    8279       1.4591
    8280       1.4724
    8281       1.4208
    8282       1.4925
    8283       1.5460
    8284       1.4574
    8285       1.5048
    8286       1.4182
    8287       1.4038
    8288       1.3630
    8289       1.4046
    8290       1.4462
    8291       1.4463
    8292       1.4705
    8293       1.4769
    8294       1.4818
    8295       1.3933
    8296       1.4883
    8297       1.3492
    8298       1.4451
    8299       1.4878
    8300       1.4269
    8301       1.3784
    8302       1.3755
    8303       1.4023
    8304       1.3619
    8305       1.4280
    8306       1.4421
    8307       1.4436
    8308       1.4851
    8309       1.4838
    8310       1.5329
    8311       1.5722
    8312       1.5124
    8313       1.4977
    8314       1.5199
    8315       1.4645
    8316       1.4618
    8317       1.5076
    8318       1.4467
    8319       1.5071
    8320       1.5768
    8321       1.5459
    8322       1.6316
    8323       1.6323
    8324       1.5989
    8325       1.6551
    8326       1.5853
    8327       1.5532
    8328       1.5920
    8329       1.5829
    8330       1.5035
    8331       1.4503
    8332       1.5136
    8333       1.5317
    8334       1.5585
    8335       1.4919
    8336       1.6075
    8337       1.6664
    8338       1.5127
    8339       1.6516
    8340       1.7083
    8341       1.4968
    8342       1.6139
    8343       1.6731
    8344       1.6892
    8345       1.6417
    8346       1.7006
    8347       1.7066
    8348       1.6578
    8349       1.6063
    8350       1.5539
    8351       1.5874
    8352       1.5375
    8353       1.5126
    8354       1.4879
    8355       1.5313
    8356       1.5430
    8357       1.6442
    8358       1.5894
    8359       1.5302
    8360       1.6005
    8361       1.5314
    8362       1.5666
    8363       1.5293
    8364       1.5491
    8365       1.5601
    8366       1.6245
    8367       1.5599
    8368       1.5661
    8369       1.6355
    8370       1.5500
    8371       1.5725
    8372       1.6275
    8373       1.5173
    8374       1.5816
    8375       1.5140
    8376       1.5796
    8377       1.5395
    8378       1.5961
    8379       1.5204
    8380       1.4519
    8381       1.5336
    8382       1.5770
    8383       1.6106
    8384       1.5643
    8385       1.5529
    8386       1.6022
    8387       1.7159
    8388       1.6919
    8389       1.7541
    8390       1.6642
    8391       1.5544
    8392       1.5322
    8393       1.5726
    8394       1.3887
    8395       1.5012
    8396       1.4505
    8397       1.4172
    8398       1.5313
    8399       1.5676
    8400       1.5257
    8401       1.5339
    8402       1.5942
    8403       1.6157
    8404       1.6082
    8405       1.5454
    8406       1.5811
    8407       1.5993
    8408       1.5331
    8409       1.5101
    8410       1.5389
    8411       1.4951
    8412       1.5140
    8413       1.5306
    8414       1.4753
    8415       1.4596
    8416       1.4516
    8417       1.5444
    8418       1.4490
    8419       1.5254
    8420       1.5298
    8421       1.4887
    8422       1.5392
    8423       1.5072
    8424       1.5304
    8425       1.5453
    8426       1.6001
    8427       1.5494
    8428       1.4534
    8429       1.5077
    8430       1.5309
    8431       1.4634
    8432       1.6025
    8433       1.6421
    8434       1.4745
    8435       1.6529
    8436       1.5234
    8437       1.5216
    8438       1.5735
    8439       1.5527
    8440       1.4967
    8441       1.6002
    8442       1.6154
    8443       1.6185
    8444       1.6388
    8445       1.6386
    8446       1.4806
    8447       1.5760
    8448       1.6452
    8449       1.6888
    8450       1.6641
    8451       1.5851
    8452       1.6201
    8453       1.6058
    8454       1.5426
    8455       1.5847
    8456       1.6118
    8457       1.6666
    8458       1.6311
    8459       1.6541
    8460       1.6291
    8461       1.5497
    8462       1.5904
    8463       1.5044
    8464       1.4912
    8465       1.5313
    8466       1.4372
    8467       1.5237
    8468       1.5019
    8469       1.5076
    8470       1.5371
    8471       1.4955
    8472       1.5224
    8473       1.6623
    8474       1.6606
    8475       1.5956
    8476       1.6431
    8477       1.6528
    8478       1.6682
    8479       1.5378
    8480       1.6509
    8481       1.5823
    8482       1.5656
    8483       1.5738
    8484       1.4972
    8485       1.4695
    8486       1.5751
    8487       1.5901
    8488       1.5826
    8489       1.5446
    8490       1.5050
    8491       1.5811
    8492       1.5716
    8493       1.4692
    8494       1.5093
    8495       1.4636
    8496       1.5520
    8497       1.5689
    8498       1.4697
    8499       1.5582
    8500       1.4390
    8501       1.4576
    8502       1.4649
    8503       1.4990
    8504       1.5972
    8505       1.5585
    8506       1.5171
    8507       1.5768
    8508       1.5753
    8509       1.5035
    8510       1.5306
    8511       1.5489
    8512       1.5584
    8513       1.4741
    8514       1.4893
    8515       1.5231
    8516       1.5802
    8517       1.6104
    8518       1.5249
    8519       1.5393
    8520       1.5570
    8521       1.5519
    8522       1.5021
    8523       1.4944
    8524       1.5640
    8525       1.5305
    8526       1.5375
    8527       1.5190
    8528       1.4739
    8529       1.5399
    8530       1.5353
    8531       1.5402
    8532       1.5680
    8533       1.5941
    8534       1.5296
    8535       1.5163
    8536       1.5469
    8537       1.5605
    8538       1.5443
    8539       1.5187
    8540       1.5058
    8541       1.5297
    8542       1.4729
    8543       1.4926
    8544       1.4686
    8545       1.5768
    8546       1.5909
    8547       1.5988
    8548       1.5841
    8549       1.6065
    8550       1.6031
    8551       1.5213
    8552       1.5132
    8553       1.4844
    8554       1.4842
    8555       1.5430
    8556       1.5217
    8557       1.5467
    8558       1.5154
    8559       1.5325
    8560       1.4766
    8561       1.4978
    8562       1.4920
    8563       1.4871
    8564       1.3915
    8565       1.3802
    8566       1.3780
    8567       1.3828
    8568       1.4736
    8569       1.5036
    8570       1.5134
    8571       1.5442
    8572       1.4301
    8573       1.5492
    8574       1.5820
    8575       1.4911
    8576       1.4997
    8577       1.4158
    8578       1.4514
    8579       1.4222
    8580       1.5373
    8581       1.5323
    8582       1.4991
    8583       1.3947
    8584       1.4735
    8585       1.5406
    8586       1.5054
    8587       1.5429
    8588       1.5044
    8589       1.5257
    8590       1.5757
    8591       1.5046
    8592       1.4991
    8593       1.5467
    8594       1.5866
    8595       1.5761
    8596       1.6612
    8597       1.4932
    8598       1.5509
    8599       1.4998
    8600       1.5948
    8601       1.5899
    8602       1.5445
    8603       1.5294
    8604       1.5802
    8605       1.5688
    8606       1.4823
    8607       1.5327
    8608       1.5981
    8609       1.5125
    8610       1.5068
    8611       1.4504
    8612       1.4704
    8613       1.4854
    8614       1.5311
    8615       1.5186
    8616       1.5506
    8617       1.5189
    8618       1.5069
    8619       1.4275
    8620       1.5189
    8621       1.5351
    8622       1.5701
    8623       1.4756
    8624       1.4759
    8625       1.4876
    8626       1.5065
    8627       1.5031
    8628       1.4038
    8629       1.5318
    8630       1.4627
    8631       1.4022
    8632       1.5188
    8633       1.5728
    8634       1.5087
    8635       1.4661
    8636       1.3737
    8637       1.4807
    8638       1.5082
    8639       1.4740
    8640       1.5807
    8641       1.5056
    8642       1.4231
    8643       1.4052
    8644       1.4452
    8645       1.3769
    8646       1.4133
    8647       1.4973
    8648       1.4917
    8649       1.3440
    8650       1.3743
    8651       1.3540
    8652       1.4954
    8653       1.4986
    8654       1.4676
    8655       1.4095
    8656       1.4297
    8657       1.4243
    8658       1.4155
    8659       1.3537
    8660       1.4060
    8661       1.4185
    8662       1.5244
    8663       1.4425
    8664       1.4772
    8665       1.4713
    8666       1.3899
    8667       1.4188
    8668       1.4856
    8669       1.4289
    8670       1.4591
    8671       1.3974
    8672       1.3951
    8673       1.4444
    8674       1.3840
    8675       1.4113
    8676       1.3883
    8677       1.5020
    8678       1.4940
    8679       1.5432
    8680       1.5174
    8681       1.5208
    8682       1.5113
    8683       1.6206
    8684       1.4872
    8685       1.4221
    8686       1.5176
    8687       1.4640
    8688       1.5696
    8689       1.5007
    8690       1.4705
    8691       1.5635
    8692       1.5069
    8693       1.5463
    8694       1.5093
    8695       1.4832
    8696       1.4398
    8697       1.5085
    8698       1.5235
    8699       1.6213
    8700       1.6288
    8701       1.5780
    8702       1.6931
    8703       1.6722
    8704       1.6603
    8705       1.5621
    8706       1.6037
    8707       1.7299
    8708       1.6110
    8709       1.5222
    8710       1.6071
    8711       1.5072
    8712       1.6009
    8713       1.4645
    8714       1.4998
    8715       1.5569
    8716       1.5855
    8717       1.6291
    8718       1.6015
    8719       1.5631
    8720       1.6427
    8721       1.4918
    8722       1.5491
    8723       1.5141
    8724       1.4828
    8725       1.5799
    8726       1.4641
    8727       1.4015
    8728       1.4604
    8729       1.4642
    8730       1.4286
    8731       1.5750
    8732       1.5012
    8733       1.5463
    8734       1.5083
    8735       1.5316
    8736       1.5622
    8737       1.5850
    8738       1.5483
    8739       1.5679
    8740       1.5585
    8741       1.5313
    8742       1.5101
    8743       1.5326
    8744       1.6621
    8745       1.5004
    8746       1.6058
    8747       1.4998
    8748       1.5076
    8749       1.5471
    8750       1.5426
    8751       1.5657
    8752       1.5245
    8753       1.5081
    8754       1.5645
    8755       1.5348
    8756       1.5908
    8757       1.6038
    8758       1.4947
    8759       1.4957
    8760       1.4556
    8761       1.4931
    8762       1.5095
    8763       1.5010
    8764       1.5316
    8765       1.4539
    8766       1.4140
    8767       1.4811
    8768       1.4810
    8769       1.4227
    8770       1.5655
    8771       1.5044
    8772       1.5254
    8773       1.4881
    8774       1.5125
    8775       1.5333
    8776       1.4855
    8777       1.4282
    8778       1.4287
    8779       1.4033
    8780       1.3938
    8781       1.5235
    8782       1.4678
    8783       1.4300
    8784       1.5309
    8785       1.5049
    8786       1.4443
    8787       1.5399
    8788       1.4232
    8789       1.4595
    8790       1.4482
    8791       1.4123
    8792       1.4174
    8793       1.3568
    8794       1.3600
    8795       1.4066
    8796       1.4280
    8797       1.3799
    8798       1.3883
    8799       1.4240
    8800       1.3978
    8801       1.5205
    8802       1.5383
    8803       1.4511
    8804       1.6074
    8805       1.5600
    8806       1.5076
    8807       1.5070
    8808       1.4640
    8809       1.5129
    8810       1.4402
    8811       1.3828
    8812       1.4094
    8813       1.4082
    8814       1.3213
    8815       1.3294
    8816       1.4488
    8817       1.4486
    8818       1.2931
    8819       1.3688
    8820       1.2828
    8821       1.3850
    8822       1.2595
    8823       1.3252
    8824       1.4885
    8825       1.4451
    8826       1.5228
    8827       1.4280
    8828       1.4958
    8829       1.3916
    8830       1.5608
    8831       1.4453
    8832       1.4698
    8833       1.5310
    8834       1.4678
    8835       1.4223
    8836       1.5814
    8837       1.5705
    8838       1.4761
    8839       1.5128
    8840       1.4016
    8841       1.4928
    8842       1.4478
    8843       1.4599
    8844       1.4303
    8845       1.4233
    8846       1.3051
    8847       1.4023
    8848       1.3466
    8849       1.3669
    8850       1.3717
    8851       1.3611
    8852       1.3673
    8853       1.3634
    8854       1.2860
    8855       1.2953
    8856       1.3522
    8857       1.3306
    8858       1.4390
    8859       1.3541
    8860       1.4177
    8861       1.4349
    8862       1.3689
    8863       1.4905
    8864       1.4905
    8865       1.4405
    8866       1.4285
    8867       1.3816
    8868       1.3966
    8869       1.3162
    8870       1.3806
    8871       1.3625
    8872       1.3734
    8873       1.4615
    8874       1.3737
    8875       1.4115
    8876       1.4133
    8877       1.4861
    8878       1.4711
    8879       1.5552
    8880       1.5209
    8881       1.5189
    8882       1.3283
    8883       1.4412
    8884       1.4474
    8885       1.4281
    8886       1.4451
    8887       1.4087
    8888       1.4242
    8889       1.4500
    8890       1.4265
    8891       1.5390
    8892       1.5188
    8893       1.5535
    8894       1.4657
    8895       1.5949
    8896       1.5732
    8897       1.4575
    8898       1.5939
    8899       1.6120
    8900       1.5725
    8901       1.5855
    8902       1.6174
    8903       1.6022
    8904       1.6144
    8905       1.6131
    8906       1.6946
    8907       1.7140
    8908       1.6483
    8909       1.7420
    8910       1.6893
    8911       1.6732
    8912       1.6673
    8913       1.6550
    8914       1.7213
    8915       1.6448
    8916       1.7528
    8917       1.6576
    8918       1.7108
    8919       1.7131
    8920       1.7771
    8921       1.5833
    8922       1.6179
    8923       1.6094
    8924       1.5764
    8925       1.5959
    8926       1.6826
    8927       1.5357
    8928       1.6757
    8929       1.6662
    8930       1.5929
    8931       1.7847
    8932       1.7375
    8933       1.6711
    8934       1.5743
    8935       1.6055
    8936       1.5619
    8937       1.5665
    8938       1.5562
    8939       1.5848
    8940       1.6200
    8941       1.5475
    8942       1.5947
    8943       1.5862
    8944       1.6899
    8945       1.7089
    8946       1.6577
    8947       1.6030
    8948       1.5632
    8949       1.5468
    8950       1.5583
    8951       1.5595
    8952       1.6671
    8953       1.7008
    8954       1.7149
    8955       1.5918
    8956       1.6260
    8957       1.5637
    8958       1.5793
    8959       1.4421
    8960       1.5086
    8961       1.6388
    8962       1.6849
    8963       1.5739
    8964       1.4560
    8965       1.5409
    8966       1.5355
    8967       1.6242
    8968       1.6279
    8969       1.5649
    8970       1.4850
    8971       1.4838
    8972       1.4906
    8973       1.4533
    8974       1.5521
    8975       1.5549
    8976       1.4748
    8977       1.6240
    8978       1.5431
    8979       1.6433
    8980       1.5289
    8981       1.4826
    8982       1.5428
    8983       1.5511
    8984       1.6288
    8985       1.6389
    8986       1.5980
    8987       1.5026
    8988       1.5405
    8989       1.4707
    8990       1.4958
    8991       1.5270
    8992       1.5353
    8993       1.5546
    8994       1.4728
    8995       1.5010
    8996       1.5779
    8997       1.5308
    8998       1.6075
    8999       1.5585
    9000       1.6418
    9001       1.4791
    9002       1.5600
    9003       1.3809
    9004       1.4634
    9005       1.3680
    9006       1.3473
    9007       1.4048
    9008       1.4840
    9009       1.4449
    9010       1.4023
    9011       1.4878
    9012       1.5110
    9013       1.4929
    9014       1.5033
    9015       1.4723
    9016       1.4492
    9017       1.4356
    9018       1.4578
    9019       1.4027
    9020       1.4655
    9021       1.5402
    9022       1.4656
    9023       1.3970
    9024       1.4739
    9025       1.4552
    9026       1.4627
    9027       1.4964
    9028       1.5126
    9029       1.3949
    9030       1.4784
    9031       1.4784
    9032       1.5507
    9033       1.4803
    9034       1.4728
    9035       1.5335
    9036       1.5742
    9037       1.4740
    9038       1.4950
    9039       1.4791
    9040       1.5649
    9041       1.5552
    9042       1.4836
    9043       1.4329
    9044       1.4515
    9045       1.5153
    9046       1.4771
    9047       1.5278
    9048       1.5377
    9049       1.5296
    9050       1.4307
    9051       1.5503
    9052       1.4426
    9053       1.3937
    9054       1.4617
    9055       1.4980
    9056       1.5943
    9057       1.6070
    9058       1.5492
    9059       1.5618
    9060       1.5149
    9061       1.5469
    9062       1.5463
    9063       1.4826
    9064       1.6200
    9065       1.5542
    9066       1.4637
    9067       1.6046
    9068       1.4852
    9069       1.5477
    9070       1.4616
    9071       1.4979
    9072       1.5348
    9073       1.5003
    9074       1.5099
    9075       1.4545
    9076       1.4146
    9077       1.4524
    9078       1.4615
    9079       1.4297
    9080       1.3549
    9081       1.4825
    9082       1.5910
    9083       1.4782
    9084       1.6102
    9085       1.5768
    9086       1.5231
    9087       1.4577
    9088       1.5366
    9089       1.5738
    9090       1.5129
    9091       1.5493
    9092       1.5100
    9093       1.5573
    9094       1.5284
    9095       1.5023
    9096       1.5088
    9097       1.5703
    9098       1.5677
    9099       1.6123
    9100       1.6167
    9101       1.6099
    9102       1.5587
    9103       1.5399
    9104       1.3916
    9105       1.4494
    9106       1.5443
    9107       1.5395
    9108       1.5541
    9109       1.4492
    9110       1.5334
    9111       1.5584
    9112       1.5173
    9113       1.6348
    9114       1.4810
    9115       1.5370
    9116       1.5465
    9117       1.5036
    9118       1.5997
    9119       1.4647
    9120       1.5065
    9121       1.5146
    9122       1.5441
    9123       1.5344
    9124       1.5570
    9125       1.4445
    9126       1.4968
    9127       1.5385
    9128       1.5270
    9129       1.5649
    9130       1.4354
    9131       1.4869
    9132       1.5567
    9133       1.6471
    9134       1.4676
    9135       1.6520
    9136       1.5718
    9137       1.5410
    9138       1.5513
    9139       1.4823
    9140       1.5538
    9141       1.4651
    9142       1.4920
    9143       1.4686
    9144       1.4854
    9145       1.4101
    9146       1.4126
    9147       1.4224
    9148       1.4467
    9149       1.4233
    9150       1.4999
    9151       1.4761
    9152       1.4374
    9153       1.5688
    9154       1.5489
    9155       1.4851
    9156       1.4256
    9157       1.4795
    9158       1.3994
    9159       1.3817
    9160       1.4193
    9161       1.4118
    9162       1.3746
    9163       1.4843
    9164       1.5597
    9165       1.5077
    9166       1.4189
    9167       1.5387
    9168       1.4977
    9169       1.4754
    9170       1.5475
    9171       1.5554
    9172       1.5976
    9173       1.4903
    9174       1.5035
    9175       1.4882
    9176       1.4412
    9177       1.4823
    9178       1.4877
    9179       1.5063
    9180       1.5415
    9181       1.4553
    9182       1.5949
    9183       1.4784
    9184       1.4677
    9185       1.4731
    9186       1.3624
    9187       1.4439
    9188       1.4593
    9189       1.3947
    9190       1.3711
    9191       1.4184
    9192       1.4830
    9193       1.5239
    9194       1.4722
    9195       1.4676
    9196       1.4914
    9197       1.4700
    9198       1.4334
    9199       1.5170
    9200       1.6030
    9201       1.4746
    9202       1.4966
    9203       1.4506
    9204       1.4563
    9205       1.4579
    9206       1.4909
    9207       1.4327
    9208       1.4688
    9209       1.5612
    9210       1.5023
    9211       1.5433
    9212       1.5031
    9213       1.5425
    9214       1.4827
    9215       1.5256
    9216       1.4658
    9217       1.5010
    9218       1.5527
    9219       1.4793
    9220       1.5244
    9221       1.6020
    9222       1.5346
    9223       1.4626
    9224       1.4504
    9225       1.5240
    9226       1.4686
    9227       1.4778
    9228       1.4820
    9229       1.5679
    9230       1.4805
    9231       1.4277
    9232       1.5003
    9233       1.5817
    9234       1.5297
    9235       1.4888
    9236       1.3825
    9237       1.4320
    9238       1.4662
    9239       1.4508
    9240       1.4788
    9241       1.4183
    9242       1.4660
    9243       1.3853
    9244       1.3927
    9245       1.3910
    9246       1.4254
    9247       1.4247
    9248       1.5247
    9249       1.3522
    9250       1.3938
    9251       1.3920
    9252       1.4253
    9253       1.3795
    9254       1.4549
    9255       1.4955
    9256       1.3858
    9257       1.4645
    9258       1.4374
    9259       1.3636
    9260       1.4273
    9261       1.4731
    9262       1.3990
    9263       1.3486
    9264       1.4501
    9265       1.2914
    9266       1.4040
    9267       1.5189
    9268       1.4753
    9269       1.4210
    9270       1.4575
    9271       1.4592
    9272       1.4719
    9273       1.5261
    9274       1.4501
    9275       1.5000
    9276       1.4736
    9277       1.5320
    9278       1.5006
    9279       1.5001
    9280       1.5299
    9281       1.4285
    9282       1.4148
    9283       1.4317
    9284       1.3619
    9285       1.5208
    9286       1.4730
    9287       1.4168
    9288       1.5500
    9289       1.5006
    9290       1.5613
    9291       1.5446
    9292       1.5644
    9293       1.6167
    9294       1.5583
    9295       1.5175
    9296       1.5629
    9297       1.5456
    9298       1.4704
    9299       1.4047
    9300       1.5287
    9301       1.5479
    9302       1.5267
    9303       1.5990
    9304       1.5082
    9305       1.4958
    9306       1.5732
    9307       1.4798
    9308       1.4145
    9309       1.4335
    9310       1.5796
    9311       1.6212
    9312       1.5398
    9313       1.5312
    9314       1.4782
    9315       1.5490
    9316       1.4664
    9317       1.4849
    9318       1.4950
    9319       1.4245
    9320       1.4453
    9321       1.3922
    9322       1.4682
    9323       1.4992
    9324       1.4815
    9325       1.5439
    9326       1.5618
    9327       1.5045
    9328       1.4469
    9329       1.3743
    9330       1.4920
    9331       1.4670
    9332       1.4736
    9333       1.4426
    9334       1.4277
    9335       1.4451
    9336       1.5300
    9337       1.4663
    9338       1.3736
    9339       1.3433
    9340       1.3772
    9341       1.4644
    9342       1.4498
    9343       1.4297
    9344       1.4168
    9345       1.4084
    9346       1.3373
    9347       1.4287
    9348       1.4409
    9349       1.4479
    9350       1.5125
    9351       1.3746
    9352       1.4530
    9353       1.4873
    9354       1.4576
    9355       1.4748
    9356       1.4627
    9357       1.4152
    9358       1.3540
    9359       1.3838
    9360       1.5145
    9361       1.3524
    9362       1.4256
    9363       1.4971
    9364       1.3826
    9365       1.4610
    9366       1.4344
    9367       1.5387
    9368       1.5901
    9369       1.4878
    9370       1.5961
    9371       1.5847
    9372       1.5350
    9373       1.5109
    9374       1.5044
    9375       1.5116
    9376       1.3670
    9377       1.6204
    9378       1.4568
    9379       1.4424
    9380       1.3328
    9381       1.4738
    9382       1.3723
    9383       1.4570
    9384       1.4851
    9385       1.4827
    9386       1.4277
    9387       1.4950
    9388       1.4551
    9389       1.4198
    9390       1.4063
    9391       1.4974
    9392       1.4190
    9393       1.4007
    9394       1.4998
    9395       1.4886
    9396       1.5288
    9397       1.5483
    9398       1.5255
    9399       1.4519
    9400       1.4471
    9401       1.5008
    9402       1.5151
    9403       1.4069
    9404       1.4696
    9405       1.4344
    9406       1.5156
    9407       1.5523
    9408       1.5294
    9409       1.4628
    9410       1.4715
    9411       1.4466
    9412       1.4709
    9413       1.4526
    9414       1.4829
    9415       1.4187
    9416       1.4927
    9417       1.4706
    9418       1.5725
    9419       1.5228
    9420       1.4296
    9421       1.4932
    9422       1.4871
    9423       1.4593
    9424       1.4012
    9425       1.4152
    9426       1.3997
    9427       1.5340
    9428       1.4607
    9429       1.3412
    9430       1.2755
    9431       1.3241
    9432       1.3602
    9433       1.3284
    9434       1.2853
    9435       1.3480
    9436       1.3614
    9437       1.2736
    9438       1.2418
    9439       1.3135
    9440       1.3051
    9441       1.3032
    9442       1.2645
    9443       1.2287
    9444       1.1960
    9445       1.3434
    9446       1.2754
    9447       1.2908
    9448       1.3007
    9449       1.2488
    9450       1.2418
    9451       1.2371
    9452       1.2288
    9453       1.3068
    9454       1.2163
    9455       1.1700
    9456       1.2060
    9457       1.1551
    9458       1.1836
    9459       1.2557
    9460       1.2412
    9461       1.1973
    9462       1.2626
    9463       1.2000
    9464       1.1784
    9465       1.2587
    9466       1.3496
    9467       1.3830
    9468       1.3193
    9469       1.4100
    9470       1.3842
    9471       1.4662
    9472       1.4681
    9473       1.4159
    9474       1.4832
    9475       1.3774
    9476       1.4052
    9477       1.4738
    9478       1.3598
    9479       1.4783
    9480       1.4833
    9481       1.4354
    9482       1.4204
    9483       1.3402
    9484       1.3105
    9485       1.3672
    9486       1.2211
    9487       1.3290
    9488       1.3201
    9489       1.4084
    9490       1.2488
    9491       1.2682
    9492       1.2973
    9493       1.3484
    9494       1.3624
    9495       1.3989
    9496       1.3396
    9497       1.3458
    9498       1.3319
    9499       1.3083
    9500       1.3446
    9501       1.3888
    9502       1.2995
    9503       1.3132
    9504       1.3687
    9505       1.4494
    9506       1.4428
    9507       1.3584
    9508       1.3969
    9509       1.5584
    9510       1.3496
    9511       1.3095
    9512       1.3853
    9513       1.2961
    9514       1.3527
    9515       1.2951
    9516       1.2782
    9517       1.4409
    9518       1.4301
    9519       1.3950
    9520       1.3893
    9521       1.4032
    9522       1.4269
    9523       1.3694
    9524       1.4401
    9525       1.4361
    9526       1.3452
    9527       1.3144
    9528       1.2956
    9529       1.4016
    9530       1.4263
    9531       1.4967
    9532       1.3433
    9533       1.3495
    9534       1.3967
    9535       1.4704
    9536       1.4574
    9537       1.3638
    9538       1.3931
    9539       1.3741
    9540       1.3346
    9541       1.4171
    9542       1.3595
    9543       1.3904
    9544       1.3511
    9545       1.3668
    9546       1.3934
    9547       1.2778
    9548       1.3045
    9549       1.3207
    9550       1.3601
    9551       1.2760
    9552       1.2709
    9553       1.3187
    9554       1.1070
    9555       1.2736
    9556       1.2855
    9557       1.3027
    9558       1.4015
    9559       1.3413
    9560       1.4137
    9561       1.2828
    9562       1.3587
    9563       1.3177
    9564       1.2576
    9565       1.2982
    9566       1.2805
    9567       1.3274
    9568       1.3419
    9569       1.4211
    9570       1.5361
    9571       1.3904
    9572       1.4785
    9573       1.5644
    9574       1.4542
    9575       1.5303
    9576       1.5296
    9577       1.3635
    9578       1.5368
    9579       1.4471
    9580       1.4460
    9581       1.4074
    9582       1.4365
    9583       1.3788
    9584       1.3534
    9585       1.4113
    9586       1.4044
    9587       1.3729
    9588       1.3797
    9589       1.4070
    9590       1.3351
    9591       1.3578
    9592       1.4051
    9593       1.3169
    9594       1.4114
    9595       1.4634
    9596       1.3734
    9597       1.3166
    9598       1.2858
    9599       1.4266
    9600       1.3777
    9601       1.4267
    9602       1.4589
    9603       1.4381
    9604       1.5034
    9605       1.4654
    9606       1.4114
    9607       1.4208
    9608       1.4001
    9609       1.3330
    9610       1.3789
    9611       1.3796
    9612       1.3359
    9613       1.4281
    9614       1.2941
    9615       1.3789
    9616       1.4068
    9617       1.3900
    9618       1.3740
    9619       1.4611
    9620       1.4051
    9621       1.3094
    9622       1.2618
    9623       1.3747
    9624       1.3196
    9625       1.3683
    9626       1.3976
    9627       1.4495
    9628       1.4049
    9629       1.3992
    9630       1.4419
    9631       1.4324
    9632       1.3166
    9633       1.3391
    9634       1.3246
    9635       1.3253
    9636       1.3583
    9637       1.3701
    9638       1.2943
    9639       1.3357
    9640       1.3885
    9641       1.3849
    9642       1.3965
    9643       1.3181
    9644       1.4352
    9645       1.2537
    9646       1.3449
    9647       1.3780
    9648       1.3752
    9649       1.2604
    9650       1.3703
    9651       1.4384
    9652       1.3822
    9653       1.3731
    9654       1.4327
    9655       1.3857
    9656       1.2914
    9657       1.3362
    9658       1.3406
    9659       1.4920
    9660       1.3270
    9661       1.3441
    9662       1.2720
    9663       1.2904
    9664       1.3703
    9665       1.3417
    9666       1.4263
    9667       1.3843
    9668       1.3892
    9669       1.4255
    9670       1.3644
    9671       1.4230
    9672       1.3766
    9673       1.3558
    9674       1.3973
    9675       1.4187
    9676       1.4109
    9677       1.3349
    9678       1.3644
    9679       1.3756
    9680       1.4658
    9681       1.4434
    9682       1.4506
    9683       1.4512
    9684       1.4289
    9685       1.5361
    9686       1.5360
    9687       1.5155
    9688       1.5261
    9689       1.5003
    9690       1.4732
    9691       1.3939
    9692       1.4901
    9693       1.4256
    9694       1.4090
    9695       1.4868
    9696       1.5287
    9697       1.4451
    9698       1.5013
    9699       1.3903
    9700       1.3898
    9701       1.3455
    9702       1.4011
    9703       1.4588
    9704       1.5042
    9705       1.4139
    9706       1.4928
    9707       1.4611
    9708       1.4109
    9709       1.3512
    9710       1.4059
    9711       1.5251
    9712       1.5525
    9713       1.4760
    9714       1.5358
    9715       1.5518
    9716       1.5893
    9717       1.4516
    9718       1.4159
    9719       1.4843
    9720       1.4881
    9721       1.4951
    9722       1.4473
    9723       1.5468
    9724       1.4093
    9725       1.4725
    9726       1.5588
    9727       1.5089
    9728       1.4795
    9729       1.4282
    9730       1.5044
    9731       1.4498
    9732       1.5227
    9733       1.3561
    9734       1.5731
    9735       1.4916
    9736       1.5899
    9737       1.5249
    9738       1.3900
    9739       1.4868
    9740       1.3456
    9741       1.4059
    9742       1.3512
    9743       1.4814
    9744       1.4094
    9745       1.4430
    9746       1.4575
    9747       1.4085
    9748       1.4910
    9749       1.4415
    9750       1.5009
    9751       1.5466
    9752       1.5360
    9753       1.4669
    9754       1.5321
    9755       1.4739
    9756       1.5547
    9757       1.5414
    9758       1.5246
    9759       1.5537
    9760       1.5522
    9761       1.4517
    9762       1.5527
    9763       1.5406
    9764       1.4929
    9765       1.4997
    9766       1.5809
    9767       1.5660
    9768       1.4620
    9769       1.4690
    9770       1.4864
    9771       1.3860
    9772       1.3870
    9773       1.5068
    9774       1.5565
    9775       1.4182
    9776       1.4575
    9777       1.5235
    9778       1.5307
    9779       1.4166
    9780       1.4242
    9781       1.4018
    9782       1.3992
    9783       1.4385
    9784       1.4977
    9785       1.5246
    9786       1.4635
    9787       1.4424
    9788       1.4337
    9789       1.5307
    9790       1.5161
    9791       1.5174
    9792       1.4669
    9793       1.4887
    9794       1.3987
    9795       1.4599
    9796       1.4191
    9797       1.4870
    9798       1.4014
    9799       1.4125
    9800       1.4235
    9801       1.4341
    9802       1.3945
    9803       1.4279
    9804       1.3464
    9805       1.2891
    9806       1.3273
    9807       1.4624
    9808       1.3579
    9809       1.4047
    9810       1.4250
    9811       1.3487
    9812       1.4254
    9813       1.3950
    9814       1.3401
    9815       1.3801
    9816       1.3795
    9817       1.4206
    9818       1.3572
    9819       1.2879
    9820       1.3089
    9821       1.3832
    9822       1.5237
    9823       1.5162
    9824       1.4684
    9825       1.4521
    9826       1.5035
    9827       1.4758
    9828       1.4362
    9829       1.5346
    9830       1.4590
    9831       1.4260
    9832       1.5376
    9833       1.3428
    9834       1.3602
    9835       1.5370
    9836       1.5344
    9837       1.5416
    9838       1.6067
    9839       1.5987
    9840       1.5205
    9841       1.6153
    9842       1.5240
    9843       1.5177
    9844       1.4964
    9845       1.5004
    9846       1.4837
    9847       1.4089
    9848       1.4382
    9849       1.4881
    9850       1.5787
    9851       1.5178
    9852       1.5598
    9853       1.5744
    9854       1.4902
    9855       1.4376
    9856       1.5437
    9857       1.5103
    9858       1.5620
    9859       1.5338
    9860       1.4360
    9861       1.6355
    9862       1.5281
    9863       1.5729
    9864       1.6851
    9865       1.5535
    9866       1.5103
    9867       1.5648
    9868       1.4419
    9869       1.5269
    9870       1.5687
    9871       1.5561
    9872       1.5624
    9873       1.5610
    9874       1.5731
    9875       1.5559
    9876       1.5324
    9877       1.5179
    9878       1.5147
    9879       1.5125
    9880       1.5112
    9881       1.5960
    9882       1.5600
    9883       1.6565
    9884       1.5903
    9885       1.4810
    9886       1.4923
    9887       1.5450
    9888       1.4285
    9889       1.5550
    9890       1.5109
    9891       1.5371
    9892       1.5560
    9893       1.5831
    9894       1.5268
    9895       1.5130
    9896       1.4698
    9897       1.4826
    9898       1.4843
    9899       1.4394
    9900       1.5618
    9901       1.5734
    9902       1.5518
    9903       1.5488
    9904       1.5093
    9905       1.4211
    9906       1.3262
    9907       1.4286
    9908       1.4268
    9909       1.3604
    9910       1.4410
    9911       1.4496
    9912       1.4584
    9913       1.4778
    9914       1.5217
    9915       1.5275
    9916       1.4401
    9917       1.4495
    9918       1.4399
    9919       1.4694
    9920       1.5012
    9921       1.5511
    9922       1.5706
    9923       1.5290
    9924       1.5077
    9925       1.5303
    9926       1.5376
    9927       1.4639
    9928       1.4762
    9929       1.5185
    9930       1.4731
    9931       1.5147
    9932       1.5229
    9933       1.4678
    9934       1.5432
    9935       1.5222
    9936       1.5076
    9937       1.4236
    9938       1.4075
    9939       1.3499
    9940       1.3224
    9941       1.3148
    9942       1.3631
    9943       1.2464
    9944       1.2671
    9945       1.2949
    9946       1.3248
    9947       1.2850
    9948       1.2779
    9949       1.3303
    9950       1.3662
    9951       1.2690
    9952       1.2411
    9953       1.3744
    9954       1.3437
    9955       1.2877
    9956       1.3077
    9957       1.2831
    9958       1.3251
    9959       1.2281
    9960       1.2247
    9961       1.2896
    9962       1.1879
    9963       1.1946
    9964       1.2697
    9965       1.2665
    9966       1.2040
    9967       1.2874
    9968       1.3070
    9969       1.2298
    9970       1.0402
    9971       1.1524
    9972       1.1582
    9973       1.1548
    9974       1.2550
    9975       1.1639
    9976       1.2491
    9977       1.2348
    9978       1.3543
    9979       1.2686
    9980       1.2071
    9981       1.2642
    9982       1.1504
    9983       1.1433
    9984       1.0971
    9985       1.0797
    9986       1.1720
    9987       1.1205
    9988       1.1398
    9989       1.1396
    9990       1.1422
    9991       1.1056
    9992       1.1463
    9993       1.0957
    9994       1.0799
    9995       1.1081
    9996       1.1292
    9997       1.1033
    9998       1.0848
    9999       1.2367
   10000       1.1176
   10001       1.2369
   10002       1.3095
   10003       1.2258
   10004       1.2422
   10005       1.3784
   10006       1.3139
   10007       1.2912
   10008       1.3420
   10009       1.2739
   10010       1.2814
   10011       1.2436
   10012       1.1420
   10013       1.1622
   10014       1.2166
   10015       1.1098
   10016       1.1211
   10017       1.0660
   10018       1.1650
   10019       1.1273
   10020       1.1834
   10021       1.2717
   10022       1.2925
   10023       1.3146
   10024       1.2598
   10025       1.2287
   10026       1.2805
   10027       1.2625
   10028       1.3206
   10029       1.4793
   10030       1.3706
   10031       1.3083
   10032       1.2776
   10033       1.2925
   10034       1.3625
   10035       1.2113
   10036       1.2930
   10037       1.3499
   10038       1.3348
   10039       1.4133
   10040       1.2992
   10041       1.4160
   10042       1.3891
   10043       1.4051
   10044       1.4046
   10045       1.4546
   10046       1.4725
   10047       1.4151
   10048       1.4162
   10049       1.3794
   10050       1.4591
   10051       1.4318
   10052       1.4928
   10053       1.5108
   10054       1.4102
   10055       1.4649
   10056       1.5232
   10057       1.4927
   10058       1.5719
   10059       1.4263
   10060       1.4688
   10061       1.4787
   10062       1.5551
   10063       1.3615
   10064       1.4029
   10065       1.4229
   10066       1.4751
   10067       1.4535
   10068       1.4266
   10069       1.4052
   10070       1.4612
   10071       1.4303
   10072       1.4481
   10073       1.3841
   10074       1.4901
   10075       1.4660
   10076       1.5690
   10077       1.5130
   10078       1.4891
   10079       1.4842
   10080       1.4774
   10081       1.5991
   10082       1.4983
   10083       1.5399
   10084       1.5098
   10085       1.4878
   10086       1.5479
   10087       1.5318
   10088       1.5679
   10089       1.4520
   10090       1.5073
   10091       1.5384
   10092       1.5274
   10093       1.4276
   10094       1.5456
   10095       1.4232
   10096       1.4260
   10097       1.5032
   10098       1.5715
   10099       1.4740
   10100       1.4781
   10101       1.4546
   10102       1.3334
   10103       1.3990
   10104       1.4037
   10105       1.4570
   10106       1.4784
   10107       1.4191
   10108       1.4594
   10109       1.4548
   10110       1.4667
   10111       1.4649
   10112       1.5629
   10113       1.5557
   10114       1.5806
   10115       1.6223
   10116       1.5252
   10117       1.5087
   10118       1.5086
   10119       1.4946
   10120       1.4667
   10121       1.4232
   10122       1.5288
   10123       1.5951
   10124       1.5356
   10125       1.5536
   10126       1.4758
   10127       1.5394
   10128       1.5186
   10129       1.4808
   10130       1.5277
   10131       1.4867
   10132       1.6463
   10133       1.5353
   10134       1.5526
   10135       1.4813
   10136       1.4602
   10137       1.5062
   10138       1.4684
   10139       1.4142
   10140       1.3428
   10141       1.3865
   10142       1.4537
   10143       1.4741
   10144       1.4935
   10145       1.4062
   10146       1.5125
   10147       1.4928
   10148       1.4643
   10149       1.4056
   10150       1.4630
   10151       1.5154
   10152       1.4671
   10153       1.4802
   10154       1.4986
   10155       1.5036
   10156       1.4898
   10157       1.4401
   10158       1.4303
   10159       1.4580
   10160       1.5444
   10161       1.5397
   10162       1.4484
   10163       1.4318
   10164       1.3709
   10165       1.4731
   10166       1.4953
   10167       1.4694
   10168       1.4463
   10169       1.4425
   10170       1.4483
   10171       1.4192
   10172       1.4609
   10173       1.4710
   10174       1.3925
   10175       1.4530
   10176       1.4682
   10177       1.5469
   10178       1.4154
   10179       1.4255
   10180       1.3570
   10181       1.4546
   10182       1.4228
   10183       1.3961
   10184       1.3369
   10185       1.4021
   10186       1.3843
   10187       1.4582
   10188       1.4364
   10189       1.5260
   10190       1.4725
   10191       1.6140
   10192       1.4674
   10193       1.5018
   10194       1.5734
   10195       1.5708
   10196       1.5503
   10197       1.5449
   10198       1.4607
   10199       1.5979
   10200       1.4764
   10201       1.4507
   10202       1.3892
   10203       1.4169
   10204       1.3868
   10205       1.3742
   10206       1.4518
   10207       1.4031
   10208       1.4008
   10209       1.2799
   10210       1.2948
   10211       1.3344
   10212       1.3178
   10213       1.3253
   10214       1.4263
   10215       1.3913
   10216       1.3581
   10217       1.4160
   10218       1.4144
   10219       1.4943
   10220       1.3538
   10221       1.4653
   10222       1.3735
   10223       1.3884
   10224       1.4116
   10225       1.4034
   10226       1.3729
   10227       1.3168
   10228       1.4522
   10229       1.4615
   10230       1.3819
   10231       1.3081
   10232       1.4389
   10233       1.3877
   10234       1.3927
   10235       1.4424
   10236       1.2917
   10237       1.4222
   10238       1.3086
   10239       1.4082
   10240       1.4027
   10241       1.3749
   10242       1.3554
   10243       1.4958
   10244       1.4157
   10245       1.3490
   10246       1.4469
   10247       1.3929
   10248       1.4671
   10249       1.3934
   10250       1.3689
   10251       1.5155
   10252       1.4505
   10253       1.5054
   10254       1.3839
   10255       1.4524
   10256       1.3991
   10257       1.4212
   10258       1.4717
   10259       1.4559
   10260       1.4881
   10261       1.4687
   10262       1.5078
   10263       1.4468
   10264       1.4162
   10265       1.4112
   10266       1.4911
   10267       1.4527
   10268       1.4725
   10269       1.4058
   10270       1.4008
   10271       1.4511
   10272       1.3980
   10273       1.4156
   10274       1.3889
   10275       1.3293
   10276       1.3150
   10277       1.3938
   10278       1.3963
   10279       1.3778
   10280       1.3988
   10281       1.3478
   10282       1.3956
   10283       1.3476
   10284       1.4587
   10285       1.3277
   10286       1.3634
   10287       1.4037
   10288       1.3367
   10289       1.3932
   10290       1.3147
   10291       1.3418
   10292       1.2831
   10293       1.2827
   10294       1.1440
   10295       1.1378
   10296       1.0840
   10297       1.1620
   10298       1.0742
   10299       1.1206
   10300       1.2291
   10301       1.2261
   10302       1.3806
   10303       1.2922
   10304       1.2430
   10305       1.2530
   10306       1.1994
   10307       1.1795
   10308       1.2261
   10309       1.1863
   10310       1.1993
   10311       1.1190
   10312       1.2499
   10313       1.1922
   10314       1.1091
   10315       1.0619
   10316       1.0423
   10317       1.1631
   10318       1.2036
   10319       1.2121
   10320       1.1427
   10321       1.2272
   10322       1.1549
   10323       1.1986
   10324       1.1129
   10325       1.2116
   10326       1.3353
   10327       1.3077
   10328       1.2329
   10329       1.1297
   10330       1.2011
   10331       1.2603
   10332       1.1874
   10333       1.1726
   10334       1.2624
   10335       1.1888
   10336       1.1617
   10337       1.2346
   10338       1.2587
   10339       1.1368
   10340       1.0594
   10341       1.1958
   10342       1.1731
   10343       1.0946
   10344       1.2081
   10345       1.1754
   10346       1.1727
   10347       1.1988
   10348       1.1117
   10349       1.1545
   10350       1.0952
   10351       1.1528
   10352       1.1152
   10353       1.1668
   10354       1.1080
   10355       1.1022
   10356       1.0909
   10357       1.0925
   10358       1.1514
   10359       1.1136
   10360       1.0655
   10361       1.0934
   10362       1.1483
   10363       1.1693
   10364       1.2459
   10365       1.2354
   10366       1.3108
   10367       1.3021
   10368       1.2352
   10369       1.2741
   10370       1.1469
   10371       1.2565
   10372       1.2629
   10373       1.2006
   10374       1.2136
   10375       1.2045
   10376       1.2621
   10377       1.2083
   10378       1.3297
   10379       1.2180
   10380       1.3054
   10381       1.3009
   10382       1.2167
   10383       1.1679
   10384       1.1588
   10385       1.1780
   10386       1.2222
   10387       1.2251
   10388       1.1981
   10389       1.1671
   10390       1.1017
   10391       1.1397
   10392       1.1040
   10393       1.1527
   10394       1.2215
   10395       1.1271
   10396       1.1542
   10397       1.1598
   10398       1.2042
   10399       1.1938
   10400       1.1670
   10401       1.1047
   10402       1.1166
   10403       1.0991
   10404       1.0881
   10405       1.1398
   10406       1.1483
   10407       1.1609
   10408       1.1568
   10409       1.1770
   10410       1.1037
   10411       1.0671
   10412       1.2128
   10413       1.0835
   10414       1.0609
   10415       1.0557
   10416       1.1145
   10417       1.1264
   10418       1.1899
   10419       1.1299
   10420       1.1000
   10421       1.1801
   10422       1.1795
   10423       1.1751
   10424       1.1003
   10425       1.1380
   10426       1.1508
   10427       1.1288
   10428       1.1183
   10429       1.1397
   10430       1.0975
   10431       1.1635
   10432       1.2104
   10433       1.1076
   10434       1.1910
   10435       1.1020
   10436       1.2082
   10437       1.1978
   10438       1.1490
   10439       1.1677
   10440       1.1616
   10441       1.1841
   10442       1.0963
   10443       1.2095
   10444       1.1648
   10445       1.2053
   10446       1.2022
   10447       1.1906
   10448       1.1587
   10449       1.1136
   10450       1.1365
   10451       1.2159
   10452       1.2361
   10453       1.1563
   10454       1.1687
   10455       1.1587
   10456       1.0624
   10457       1.1697
   10458       1.1703
   10459       1.1862
   10460       1.2655
   10461       1.1529
   10462       1.1573
   10463       1.1706
   10464       1.0712
   10465       1.2204
   10466       1.0787
   10467       1.0449
   10468       1.1070
   10469       1.0490
   10470       0.9626
   10471       1.0070
   10472       0.9836
   10473       1.0252
   10474       1.0963
   10475       1.1032
   10476       1.0557
   10477       1.0445
   10478       0.9684
   10479       1.1245
   10480       1.0900
   10481       1.0928
   10482       1.2058
   10483       1.1129
   10484       1.1384
   10485       1.1231
   10486       1.1238
   10487       1.1424
   10488       1.0946
   10489       1.0998
   10490       1.1439
   10491       1.1281
   10492       1.1612
   10493       1.1568
   10494       1.1074
   10495       1.1856
   10496       1.0673
   10497       1.1050
   10498       1.1500
   10499       1.0642
   10500       1.0523
   10501       1.1714
   10502       1.2048
   10503       1.1589
   10504       1.2311
   10505       1.2554
   10506       1.2725
   10507       1.2794
   10508       1.2229
   10509       1.2288
   10510       1.2786
   10511       1.2192
   10512       1.3352
   10513       1.2549
   10514       1.2570
   10515       1.2020
   10516       1.2679
   10517       1.2952
   10518       1.2330
   10519       1.2329
   10520       1.2277
   10521       1.3281
   10522       1.3057
   10523       1.2575
   10524       1.2152
   10525       1.3162
   10526       1.4056
   10527       1.4085
   10528       1.3390
   10529       1.4075
   10530       1.3964
   10531       1.3079
   10532       1.3727
   10533       1.3480
   10534       1.3772
   10535       1.3773
   10536       1.3140
   10537       1.3557
   10538       1.2972
   10539       1.2985
   10540       1.2625
   10541       1.4077
   10542       1.2765
   10543       1.3322
   10544       1.3155
   10545       1.2720
   10546       1.3235
   10547       1.3762
   10548       1.3435
   10549       1.3197
   10550       1.3099
   10551       1.2967
   10552       1.3017
   10553       1.3929
   10554       1.3946
   10555       1.3706
   10556       1.3757
   10557       1.4657
   10558       1.5291
   10559       1.4104
   10560       1.5964
   10561       1.3680
   10562       1.3361
   10563       1.5258
   10564       1.5050
   10565       1.4346
   10566       1.4660
   10567       1.4469
   10568       1.3903
   10569       1.4395
   10570       1.4091
   10571       1.3644
   10572       1.3941
   10573       1.3738
   10574       1.3919
   10575       1.3369
   10576       1.2930
   10577       1.3034
   10578       1.2198
   10579       1.2722
   10580       1.2462
   10581       1.3405
   10582       1.2914
   10583       1.3622
   10584       1.2743
   10585       1.3160
   10586       1.4419
   10587       1.3643
   10588       1.3727
   10589       1.4088
   10590       1.3480
   10591       1.3332
   10592       1.4339
   10593       1.4165
   10594       1.5111
   10595       1.4886
   10596       1.4188
   10597       1.4636
   10598       1.4750
   10599       1.3612
   10600       1.3166
   10601       1.5103
   10602       1.4755
   10603       1.3640
   10604       1.4537
   10605       1.3393
   10606       1.3560
   10607       1.3712
   10608       1.3355
   10609       1.4083
   10610       1.3265
   10611       1.3707
   10612       1.4086
   10613       1.3187
   10614       1.3581
   10615       1.4965
   10616       1.4885
   10617       1.4484
   10618       1.3311
   10619       1.2890
   10620       1.2842
   10621       1.3373
   10622       1.2801
   10623       1.3572
   10624       1.3574
   10625       1.4037
   10626       1.4331
   10627       1.4069
   10628       1.2991
   10629       1.3520
   10630       1.4951
   10631       1.3550
   10632       1.3255
   10633       1.3457
   10634       1.4169
   10635       1.3594
   10636       1.2795
   10637       1.4337
   10638       1.4921
   10639       1.5076
   10640       1.4701
   10641       1.3687
   10642       1.4316
   10643       1.4694
   10644       1.3680
   10645       1.3673
   10646       1.4333
   10647       1.4261
   10648       1.3980
   10649       1.4028
   10650       1.4138
   10651       1.4531
   10652       1.4073
   10653       1.3633
   10654       1.3543
   10655       1.4209
   10656       1.3618
   10657       1.3803
   10658       1.3712
   10659       1.3809
   10660       1.4392
   10661       1.4056
   10662       1.3894
   10663       1.3539
   10664       1.4429
   10665       1.4718
   10666       1.4780
   10667       1.4221
   10668       1.4156
   10669       1.5129
   10670       1.4173
   10671       1.4366
   10672       1.4311
   10673       1.3867
   10674       1.4008
   10675       1.3983
   10676       1.4068
   10677       1.4059
   10678       1.4009
   10679       1.3438
   10680       1.3497
   10681       1.3127
   10682       1.3430
   10683       1.3565
   10684       1.3715
   10685       1.3312
   10686       1.4561
   10687       1.4649
   10688       1.5616
   10689       1.4815
   10690       1.3659
   10691       1.3514
   10692       1.2284
   10693       1.4168
   10694       1.4249
   10695       1.2799
   10696       1.2782
   10697       1.3419
   10698       1.3686
   10699       1.3166
   10700       1.3867
   10701       1.3872
   10702       1.4070
   10703       1.3884
   10704       1.3514
   10705       1.3364
   10706       1.3689
   10707       1.3134
   10708       1.3212
   10709       1.3033
   10710       1.2519
   10711       1.3396
   10712       1.3216
   10713       1.3158
   10714       1.3238
   10715       1.2577
   10716       1.3342
   10717       1.3418
   10718       1.3561
   10719       1.3450
   10720       1.3574
   10721       1.3117
   10722       1.4404
   10723       1.3844
   10724       1.3557
   10725       1.3206
   10726       1.3333
   10727       1.4300
   10728       1.4412
   10729       1.3518
   10730       1.4038
   10731       1.4782
   10732       1.3860
   10733       1.3492
   10734       1.3487
   10735       1.3683
   10736       1.3830
   10737       1.5169
   10738       1.4519
   10739       1.3666
   10740       1.4339
   10741       1.4265
   10742       1.4590
   10743       1.4829
   10744       1.5263
   10745       1.4759
   10746       1.4420
   10747       1.4232
   10748       1.4669
   10749       1.5210
   10750       1.5857
   10751       1.3951
   10752       1.4273
   10753       1.4759
   10754       1.4895
   10755       1.3834
   10756       1.4159
   10757       1.4300
   10758       1.4568
   10759       1.4118
   10760       1.3527
   10761       1.4058
   10762       1.4878
   10763       1.3887
   10764       1.3509
   10765       1.2725
   10766       1.2957
   10767       1.2676
   10768       1.3750
   10769       1.3467
   10770       1.3762
   10771       1.2677
   10772       1.1637
   10773       1.3545
   10774       1.3837
   10775       1.4257
   10776       1.4297
   10777       1.3365
   10778       1.3945
   10779       1.3027
   10780       1.3546
   10781       1.3437
   10782       1.3462
   10783       1.3969
   10784       1.4150
   10785       1.4036
   10786       1.4693
   10787       1.5214
   10788       1.5501
   10789       1.5535
   10790       1.5997
   10791       1.5341
   10792       1.4983
   10793       1.4600
   10794       1.5401
   10795       1.5627
   10796       1.5903
   10797       1.5323
   10798       1.5087
   10799       1.5102
   10800       1.4215
   10801       1.4478
   10802       1.3923
   10803       1.4461
   10804       1.6005
   10805       1.4345
   10806       1.5890
   10807       1.5665
   10808       1.5668
   10809       1.5466
   10810       1.5673
   10811       1.4288
   10812       1.4519
   10813       1.5169
   10814       1.4118
   10815       1.4204
   10816       1.3723
   10817       1.3723
   10818       1.4183
   10819       1.4139
   10820       1.4297
   10821       1.3629
   10822       1.3597
   10823       1.4643
   10824       1.4651
   10825       1.3428
   10826       1.3931
   10827       1.4446
   10828       1.6206
   10829       1.5166
   10830       1.4863
   10831       1.4479
   10832       1.4581
   10833       1.4257
   10834       1.4437
   10835       1.3941
   10836       1.4557
   10837       1.3431
   10838       1.2597
   10839       1.3500
   10840       1.2994
   10841       1.4006
   10842       1.3375
   10843       1.3932
   10844       1.3708
   10845       1.3762
   10846       1.3887
   10847       1.3160
   10848       1.3472
   10849       1.3700
   10850       1.5003
   10851       1.3550
   10852       1.3304
   10853       1.4280
   10854       1.3008
   10855       1.3253
   10856       1.3296
   10857       1.3362
   10858       1.2845
   10859       1.3184
   10860       1.3413
   10861       1.3585
   10862       1.4120
   10863       1.3291
   10864       1.3367
   10865       1.3587
   10866       1.3379
   10867       1.3694
   10868       1.3150
   10869       1.3496
   10870       1.2862
   10871       1.3760
   10872       1.2798
   10873       1.3295
   10874       1.3088
   10875       1.2239
   10876       1.2982
   10877       1.3052
   10878       1.2871
   10879       1.2928
   10880       1.4024
   10881       1.4450
   10882       1.4709
   10883       1.3944
   10884       1.3839
   10885       1.4123
   10886       1.3906
   10887       1.4845
   10888       1.4869
   10889       1.4394
   10890       1.3574
   10891       1.4134
   10892       1.4396
   10893       1.4117
   10894       1.4090
   10895       1.4299
   10896       1.4618
   10897       1.4847
   10898       1.4103
   10899       1.3785
   10900       1.3237
   10901       1.4210
   10902       1.3778
   10903       1.4113
   10904       1.3637
   10905       1.4062
   10906       1.4038
   10907       1.4698
   10908       1.4703
   10909       1.4102
   10910       1.4547
   10911       1.3977
   10912       1.4336
   10913       1.3574
   10914       1.4273
   10915       1.3793
   10916       1.4354
   10917       1.3532
   10918       1.4115
   10919       1.4927
   10920       1.4688
   10921       1.3981
   10922       1.4345
   10923       1.4493
   10924       1.4544
   10925       1.3816
   10926       1.3871
   10927       1.4411
   10928       1.3799
   10929       1.4326
   10930       1.4668
   10931       1.5068
   10932       1.4498
   10933       1.4615
   10934       1.3310
   10935       1.3087
   10936       1.4051
   10937       1.5680
   10938       1.4801
   10939       1.4374
   10940       1.4347
   10941       1.4365
   10942       1.5312
   10943       1.4923
   10944       1.4567
   10945       1.4471
   10946       1.5000
   10947       1.4521
   10948       1.4775
   10949       1.4723
   10950       1.5206
   10951       1.4348
   10952       1.5091
   10953       1.4653
   10954       1.4454
   10955       1.4000
   10956       1.4175
   10957       1.4397
   10958       1.4684
   10959       1.4910
   10960       1.5123
   10961       1.5577
   10962       1.5293
   10963       1.5434
   10964       1.5485
   10965       1.5037
   10966       1.4972
   10967       1.5935
   10968       1.6199
   10969       1.4703
   10970       1.4870
   10971       1.4323
   10972       1.4912
   10973       1.4002
   10974       1.4417
   10975       1.4237
   10976       1.4383
   10977       1.4845
   10978       1.5058
   10979       1.4837
   10980       1.4371
   10981       1.6061
   10982       1.5833
   10983       1.5218
   10984       1.5195
   10985       1.5094
   10986       1.5237
   10987       1.4764
   10988       1.4333
   10989       1.4984
   10990       1.4616
   10991       1.6217
   10992       1.5410
   10993       1.5186
   10994       1.4367
   10995       1.5314
   10996       1.4265
   10997       1.4083
   10998       1.3947
   10999       1.5766
   11000       1.4049
   11001       1.3936
   11002       1.4038
   11003       1.5532
   11004       1.4155
   11005       1.3581
   11006       1.4203
   11007       1.4796
   11008       1.4684
   11009       1.4520
   11010       1.5197
   11011       1.4252
   11012       1.4137
   11013       1.4932
   11014       1.4678
   11015       1.4204
   11016       1.4700
   11017       1.4833
   11018       1.4577
   11019       1.4745
   11020       1.4840
   11021       1.6665
   11022       1.4890
   11023       1.4654
   11024       1.6172
   11025       1.6000
   11026       1.6408
   11027       1.5897
   11028       1.4856
   11029       1.5050
   11030       1.5138
   11031       1.5461
   11032       1.4081
   11033       1.4072
   11034       1.4887
   11035       1.5614
   11036       1.5256
   11037       1.4536
   11038       1.4035
   11039       1.4227
   11040       1.4165
   11041       1.4344
   11042       1.4140
   11043       1.3576
   11044       1.4021
   11045       1.4053
   11046       1.3873
   11047       1.4193
   11048       1.3843
   11049       1.4783
   11050       1.4615
   11051       1.4575
   11052       1.4332
   11053       1.4851
   11054       1.4267
   11055       1.3656
   11056       1.3828
   11057       1.4220
   11058       1.3407
   11059       1.4841
   11060       1.4408
   11061       1.4819
   11062       1.3477
   11063       1.3829
   11064       1.3665
   11065       1.4017
   11066       1.3696
   11067       1.3962
   11068       1.3324
   11069       1.2846
   11070       1.3437
   11071       1.3881
   11072       1.4475
   11073       1.4181
   11074       1.5249
   11075       1.5426
   11076       1.4986
   11077       1.5210
   11078       1.4860
   11079       1.3993
   11080       1.5300
   11081       1.4909
   11082       1.5322
   11083       1.5287
   11084       1.4995
   11085       1.5117
   11086       1.4728
   11087       1.5033
   11088       1.3852
   11089       1.4149
   11090       1.4710
   11091       1.4448
   11092       1.5419
   11093       1.4734
   11094       1.4138
   11095       1.4213
   11096       1.3730
   11097       1.4426
   11098       1.4492
   11099       1.4821
   11100       1.5046
   11101       1.4216
   11102       1.4131
   11103       1.4760
   11104       1.5167
   11105       1.5098
   11106       1.4494
   11107       1.4467
   11108       1.4527
   11109       1.4192
   11110       1.5426
   11111       1.4397
   11112       1.5554
   11113       1.4214
   11114       1.4572
   11115       1.3756
   11116       1.4180
   11117       1.4979
   11118       1.4031
   11119       1.3631
   11120       1.4203
   11121       1.4487
   11122       1.3720
   11123       1.4413
   11124       1.4527
   11125       1.4898
   11126       1.5357
   11127       1.5941
   11128       1.5719
   11129       1.6240
   11130       1.6374
   11131       1.6320
   11132       1.5730
   11133       1.5315
   11134       1.6377
   11135       1.6316
   11136       1.5965
   11137       1.5603
   11138       1.5325
   11139       1.5937
   11140       1.5018
   11141       1.6454
   11142       1.5339
   11143       1.5237
   11144       1.4236
   11145       1.5105
   11146       1.4882
   11147       1.4441
   11148       1.4566
   11149       1.4903
   11150       1.5141
   11151       1.4463
   11152       1.4084
   11153       1.4151
   11154       1.4345
   11155       1.4527
   11156       1.4554
   11157       1.3785
   11158       1.3950
   11159       1.3232
   11160       1.4897
   11161       1.4808
   11162       1.4668
   11163       1.5341
   11164       1.4252
   11165       1.4786
   11166       1.4191
   11167       1.4366
   11168       1.4697
   11169       1.3971
   11170       1.3979
   11171       1.4170
   11172       1.5007
   11173       1.4657
   11174       1.4948
   11175       1.4270
   11176       1.4886
   11177       1.4826
   11178       1.5548
   11179       1.5383
   11180       1.5154
   11181       1.4867
   11182       1.4535
   11183       1.4503
   11184       1.5397
   11185       1.4861
   11186       1.5002
   11187       1.5174
   11188       1.5119
   11189       1.4402
   11190       1.3859
   11191       1.4940
   11192       1.4779
   11193       1.4337
   11194       1.4981
   11195       1.3735
   11196       1.3677
   11197       1.3946
   11198       1.3558
   11199       1.4061
   11200       1.4472
   11201       1.4946
   11202       1.3939
   11203       1.3847
   11204       1.4784
   11205       1.4235
   11206       1.4513
   11207       1.4722
   11208       1.4872
   11209       1.5105
   11210       1.4284
   11211       1.4984
   11212       1.5172
   11213       1.4373
   11214       1.4562
   11215       1.5441
   11216       1.3981
   11217       1.3859
   11218       1.3855
   11219       1.4482
   11220       1.3251
   11221       1.3524
   11222       1.4540
   11223       1.4745
   11224       1.4204
   11225       1.4739
   11226       1.4081
   11227       1.4779
   11228       1.4273
   11229       1.4132
   11230       1.4996
   11231       1.5624
   11232       1.5075
   11233       1.4965
   11234       1.4888
   11235       1.5257
   11236       1.4695
   11237       1.4624
   11238       1.3209
   11239       1.4576
   11240       1.4840
   11241       1.3814
   11242       1.3860
   11243       1.4193
   11244       1.4455
   11245       1.4944
   11246       1.4112
   11247       1.4466
   11248       1.5056
   11249       1.4073
   11250       1.4749
   11251       1.3811
   11252       1.3325
   11253       1.2648
   11254       1.3250
   11255       1.3567
   11256       1.2598
   11257       1.4013
   11258       1.3501
   11259       1.4232
   11260       1.3998
   11261       1.3234
   11262       1.3673
   11263       1.4216
   11264       1.4081
   11265       1.4506
   11266       1.4480
   11267       1.4731
   11268       1.4324
   11269       1.4069
   11270       1.2600
   11271       1.3178
   11272       1.3239
   11273       1.4041
   11274       1.3919
   11275       1.3613
   11276       1.4299
   11277       1.4206
   11278       1.3668
   11279       1.4336
   11280       1.4950
   11281       1.4170
   11282       1.4300
   11283       1.3779
   11284       1.3080
   11285       1.4274
   11286       1.3866
   11287       1.3430
   11288       1.3999
   11289       1.4653
   11290       1.4185
   11291       1.4351
   11292       1.4076
   11293       1.4260
   11294       1.4646
   11295       1.3952
   11296       1.3555
   11297       1.4573
   11298       1.3847
   11299       1.4115
   11300       1.3858
   11301       1.2846
   11302       1.3069
   11303       1.4241
   11304       1.3187
   11305       1.2226
   11306       1.2654
   11307       1.2520
   11308       1.2527
   11309       1.2327
   11310       1.2232
   11311       1.2834
   11312       1.2605
   11313       1.3176
   11314       1.3016
   11315       1.3032
   11316       1.2467
   11317       1.2850
   11318       1.1684
   11319       1.2092
   11320       1.3454
   11321       1.1889
   11322       1.1341
   11323       1.1924
   11324       1.2996
   11325       1.2536
   11326       1.4431
   11327       1.4184
   11328       1.4024
   11329       1.3568
   11330       1.2401
   11331       1.3711
   11332       1.3134
   11333       1.2974
   11334       1.1888
   11335       1.3381
   11336       1.3646
   11337       1.2656
   11338       1.3012
   11339       1.3145
   11340       1.2309
   11341       1.2541
   11342       1.2209
   11343       1.3215
   11344       1.3322
   11345       1.3366
   11346       1.3254
   11347       1.3937
   11348       1.2863
   11349       1.2654
   11350       1.3367
   11351       1.3381
   11352       1.3169
   11353       1.3936
   11354       1.3463
   11355       1.4479
   11356       1.3085
   11357       1.3531
   11358       1.3888
   11359       1.3113
   11360       1.3265
   11361       1.4175
   11362       1.3422
   11363       1.3979
   11364       1.4077
   11365       1.4761
   11366       1.3314
   11367       1.4687
   11368       1.3622
   11369       1.3773
   11370       1.4398
   11371       1.3244
   11372       1.3180
   11373       1.3972
   11374       1.3276
   11375       1.4315
   11376       1.3211
   11377       1.4383
   11378       1.3499
   11379       1.4009
   11380       1.3597
   11381       1.4985
   11382       1.5202
   11383       1.5614
   11384       1.4948
   11385       1.4345
   11386       1.4197
   11387       1.4421
   11388       1.4483
   11389       1.4139
   11390       1.4487
   11391       1.4752
   11392       1.4049
   11393       1.3577
   11394       1.3260
   11395       1.3229
   11396       1.4094
   11397       1.3837
   11398       1.4039
   11399       1.4230
   11400       1.3619
   11401       1.3404
   11402       1.3226
   11403       1.3256
   11404       1.4182
   11405       1.4249
   11406       1.3970
   11407       1.4437
   11408       1.5005
   11409       1.4227
   11410       1.3965
   11411       1.4749
   11412       1.4168
   11413       1.4546
   11414       1.4751
   11415       1.3480
   11416       1.4156
   11417       1.4174
   11418       1.4146
   11419       1.4159
   11420       1.4370
   11421       1.4529
   11422       1.4262
   11423       1.4126
   11424       1.3746
   11425       1.4437
   11426       1.4463
   11427       1.4049
   11428       1.4010
   11429       1.4519
   11430       1.5333
   11431       1.4157
   11432       1.4692
   11433       1.5067
   11434       1.3859
   11435       1.4153
   11436       1.3655
   11437       1.3887
   11438       1.4655
   11439       1.3827
   11440       1.4414
   11441       1.3879
   11442       1.5230
   11443       1.4156
   11444       1.3385
   11445       1.3583
   11446       1.3676
   11447       1.3415
   11448       1.3797
   11449       1.3614
   11450       1.4082
   11451       1.4059
   11452       1.4439
   11453       1.5107
   11454       1.4804
   11455       1.4644
   11456       1.4283
   11457       1.3960
   11458       1.4331
   11459       1.4533
   11460       1.4527
   11461       1.3788
   11462       1.3857
   11463       1.4618
   11464       1.3815
   11465       1.4104
   11466       1.5092
   11467       1.4363
   11468       1.4171
   11469       1.3973
   11470       1.3151
   11471       1.3897
   11472       1.3411
   11473       1.3683
   11474       1.3539
   11475       1.3523
   11476       1.3475
   11477       1.4296
   11478       1.4438
   11479       1.4451
   11480       1.3183
   11481       1.4323
   11482       1.4266
   11483       1.5247
   11484       1.5611
   11485       1.4619
   11486       1.4138
   11487       1.4117
   11488       1.4867
   11489       1.4780
   11490       1.4624
   11491       1.5390
   11492       1.5186
   11493       1.5272
   11494       1.4352
   11495       1.3938
   11496       1.4915
   11497       1.4544
   11498       1.5041
   11499       1.5597
   11500       1.4573
   11501       1.5949
   11502       1.4535
   11503       1.4658
   11504       1.4124
   11505       1.4955
   11506       1.3862
   11507       1.4484
   11508       1.4262
   11509       1.5151
   11510       1.5181
   11511       1.5813
   11512       1.6219
   11513       1.4950
   11514       1.5237
   11515       1.4127
   11516       1.3504
   11517       1.5363
   11518       1.4309
   11519       1.4149
   11520       1.3540
   11521       1.3852
   11522       1.4443
   11523       1.4517
   11524       1.4082
   11525       1.4200
   11526       1.3817
   11527       1.4677
   11528       1.4019
   11529       1.4035
   11530       1.4245
   11531       1.4933
   11532       1.4531
   11533       1.4770
   11534       1.5631
   11535       1.4762
   11536       1.5233
   11537       1.5166
   11538       1.5248
   11539       1.5115
   11540       1.4518
   11541       1.4684
   11542       1.4699
   11543       1.3702
   11544       1.4953
   11545       1.4224
   11546       1.4960
   11547       1.5000
   11548       1.5317
   11549       1.4537
   11550       1.4959
   11551       1.4825
   11552       1.4790
   11553       1.5069
   11554       1.4965
   11555       1.5140
   11556       1.5011
   11557       1.5161
   11558       1.6111
   11559       1.5638
   11560       1.4847
   11561       1.5209
   11562       1.5273
   11563       1.5008
   11564       1.4274
   11565       1.4613
   11566       1.4837
   11567       1.4257
   11568       1.5149
   11569       1.4908
   11570       1.4737
   11571       1.4779
   11572       1.4565
   11573       1.5680
   11574       1.5530
   11575       1.4506
   11576       1.4900
   11577       1.4877
   11578       1.3730
   11579       1.4980
   11580       1.5447
   11581       1.4046
   11582       1.3851
   11583       1.5385
   11584       1.3975
   11585       1.5002
   11586       1.4879
   11587       1.4964
   11588       1.5356
   11589       1.5918
   11590       1.5404
   11591       1.4818
   11592       1.5094
   11593       1.5346
   11594       1.5172
   11595       1.4432
   11596       1.4610
   11597       1.5856
   11598       1.4722
   11599       1.4972
   11600       1.4417
   11601       1.5309
   11602       1.5595
   11603       1.5138
   11604       1.6093
   11605       1.6294
   11606       1.5884
   11607       1.5306
   11608       1.5741
   11609       1.6236
   11610       1.6494
   11611       1.6068
   11612       1.6113
   11613       1.5819
   11614       1.5589
   11615       1.5470
   11616       1.5335
   11617       1.4932
   11618       1.4947
   11619       1.5053
   11620       1.4174
   11621       1.5173
   11622       1.4998
   11623       1.5780
   11624       1.5331
   11625       1.5782
   11626       1.5750
   11627       1.5519
   11628       1.5735
   11629       1.5495
   11630       1.5050
   11631       1.5220
   11632       1.5331
   11633       1.5124
   11634       1.5977
   11635       1.5857
   11636       1.5405
   11637       1.6141
   11638       1.5897
   11639       1.5262
   11640       1.5315
   11641       1.5404
   11642       1.4939
   11643       1.5827
   11644       1.5400
   11645       1.5405
   11646       1.4608
   11647       1.4411
   11648       1.5822
   11649       1.6000
   11650       1.5667
   11651       1.5256
   11652       1.6529
   11653       1.7024
   11654       1.6446
   11655       1.5456
   11656       1.6326
   11657       1.4960
   11658       1.5123
   11659       1.5974
   11660       1.5409
   11661       1.4526
   11662       1.4990
   11663       1.5679
   11664       1.4942
   11665       1.4759
   11666       1.5346
   11667       1.6230
   11668       1.5740
   11669       1.5565
   11670       1.6628
   11671       1.5739
   11672       1.4973
   11673       1.5859
   11674       1.5207
   11675       1.4902
   11676       1.4760
   11677       1.4750
   11678       1.5082
   11679       1.5494
   11680       1.5403
   11681       1.5269
   11682       1.4964
   11683       1.4541
   11684       1.4948
   11685       1.4897
   11686       1.4908
   11687       1.5040
   11688       1.4793
   11689       1.4434
   11690       1.3974
   11691       1.4685
   11692       1.4425
   11693       1.4355
   11694       1.4566
   11695       1.3877
   11696       1.3900
   11697       1.3677
   11698       1.3782
   11699       1.4518
   11700       1.5643
   11701       1.5360
   11702       1.4801
   11703       1.4595
   11704       1.4257
   11705       1.3653
   11706       1.4248
   11707       1.4543
   11708       1.4778
   11709       1.5643
   11710       1.4998
   11711       1.5440
   11712       1.5926
   11713       1.5007
   11714       1.5209
   11715       1.6458
   11716       1.5657
   11717       1.5894
   11718       1.5969
   11719       1.5891
   11720       1.5258
   11721       1.6100
   11722       1.6847
   11723       1.6423
   11724       1.5690
   11725       1.4808
   11726       1.4127
   11727       1.4350
   11728       1.5741
   11729       1.6612
   11730       1.6109
   11731       1.5305
   11732       1.4834
   11733       1.4706
   11734       1.4434
   11735       1.3223
   11736       1.3285
   11737       1.3345
   11738       1.4044
   11739       1.4072
   11740       1.4881
   11741       1.5014
   11742       1.4092
   11743       1.4134
   11744       1.5195
   11745       1.5289
   11746       1.5352
   11747       1.5968
   11748       1.5986
   11749       1.5093
   11750       1.4972
   11751       1.4154
   11752       1.3850
   11753       1.4075
   11754       1.4233
   11755       1.4089
   11756       1.4083
   11757       1.4554
   11758       1.4456
   11759       1.5478
   11760       1.5020
   11761       1.4865
   11762       1.5612
   11763       1.5923
   11764       1.6262
   11765       1.5017
   11766       1.6139
   11767       1.5612
   11768       1.5665
   11769       1.5220
   11770       1.5922
   11771       1.5602
   11772       1.4856
   11773       1.5072
   11774       1.4699
   11775       1.5278
   11776       1.4988
   11777       1.4710
   11778       1.4728
   11779       1.5021
   11780       1.4828
   11781       1.3877
   11782       1.3978
   11783       1.4313
   11784       1.4742
   11785       1.5474
   11786       1.4058
   11787       1.4496
   11788       1.4454
   11789       1.4188
   11790       1.4369
   11791       1.3644
   11792       1.3488
   11793       1.3422
   11794       1.3886
   11795       1.3291
   11796       1.4460
   11797       1.5614
   11798       1.4860
   11799       1.4118
   11800       1.4769
   11801       1.3959
   11802       1.3662
   11803       1.3676
   11804       1.4477
   11805       1.3905
   11806       1.4594
   11807       1.4563
   11808       1.4207
   11809       1.3738
   11810       1.4559
   11811       1.5083
   11812       1.4157
   11813       1.4318
   11814       1.3451
   11815       1.3696
   11816       1.4967
   11817       1.3726
   11818       1.4090
   11819       1.4477
   11820       1.5008
   11821       1.5101
   11822       1.4968
   11823       1.5013
   11824       1.4351
   11825       1.3877
   11826       1.4313
   11827       1.5479
   11828       1.4658
   11829       1.5324
   11830       1.4550
   11831       1.4354
   11832       1.5060
   11833       1.4457
   11834       1.5471
   11835       1.4911
   11836       1.4098
   11837       1.4880
   11838       1.5311
   11839       1.4653
   11840       1.4941
   11841       1.5379
   11842       1.5118
   11843       1.5504
   11844       1.4918
   11845       1.5454
   11846       1.5723
   11847       1.4780
   11848       1.4667
   11849       1.4011
   11850       1.4166
   11851       1.4017
   11852       1.3735
   11853       1.3537
   11854       1.4239
   11855       1.5193
   11856       1.5375
   11857       1.5403
   11858       1.4962
   11859       1.5246
   11860       1.4507
   11861       1.5226
   11862       1.5066
   11863       1.5723
   11864       1.5333
   11865       1.4568
   11866       1.4355
   11867       1.3690
   11868       1.4100
   11869       1.3464
   11870       1.3736
   11871       1.3466
   11872       1.3377
   11873       1.4161
   11874       1.4180
   11875       1.4869
   11876       1.5351
   11877       1.4789
   11878       1.4460
   11879       1.4906
   11880       1.5687
   11881       1.4063
   11882       1.5203
   11883       1.4128
   11884       1.4702
   11885       1.5360
   11886       1.4161
   11887       1.4376
   11888       1.4289
   11889       1.4006
   11890       1.4992
   11891       1.4186
   11892       1.4199
   11893       1.4863
   11894       1.4228
   11895       1.4388
   11896       1.3927
   11897       1.4410
   11898       1.3897
   11899       1.3833
   11900       1.4499
   11901       1.4516
   11902       1.4298
   11903       1.4535
   11904       1.4271
   11905       1.6388
   11906       1.5018
   11907       1.4115
   11908       1.4996
   11909       1.5083
   11910       1.5052
   11911       1.6131
   11912       1.6486
   11913       1.5361
   11914       1.4908
   11915       1.4398
   11916       1.4951
   11917       1.5272
   11918       1.4790
   11919       1.4366
   11920       1.5156
   11921       1.6423
   11922       1.6577
   11923       1.5150
   11924       1.5091
   11925       1.5351
   11926       1.4654
   11927       1.3896
   11928       1.3444
   11929       1.4736
   11930       1.3451
   11931       1.4573
   11932       1.4987
   11933       1.4648
   11934       1.5354
   11935       1.4708
   11936       1.5094
   11937       1.4077
   11938       1.4251
   11939       1.4642
   11940       1.4348
   11941       1.2463
   11942       1.2356
   11943       1.2175
   11944       1.1946
   11945       1.2539
   11946       1.3749
   11947       1.3805
   11948       1.3218
   11949       1.3301
   11950       1.3556
   11951       1.3126
   11952       1.3694
   11953       1.3554
   11954       1.4243
   11955       1.3437
   11956       1.4469
   11957       1.4819
   11958       1.4788
   11959       1.4512
   11960       1.3797
   11961       1.4903
   11962       1.4507
   11963       1.4548
   11964       1.4400
   11965       1.4953
   11966       1.4598
   11967       1.4230
   11968       1.4381
   11969       1.3639
   11970       1.4495
   11971       1.4604
   11972       1.3626
   11973       1.4103
   11974       1.3471
   11975       1.4737
   11976       1.3995
   11977       1.3685
   11978       1.4538
   11979       1.4723
   11980       1.3755
   11981       1.3937
   11982       1.4618
   11983       1.4714
   11984       1.5250
   11985       1.4475
   11986       1.3233
   11987       1.3591
   11988       1.4336
   11989       1.3906
   11990       1.4615
   11991       1.3973
   11992       1.5410
   11993       1.4610
   11994       1.4569
   11995       1.4413
   11996       1.4531
   11997       1.4163
   11998       1.4506
   11999       1.3558
   12000       1.4627
   12001       1.4723
   12002       1.3693
   12003       1.3864
   12004       1.3905
   12005       1.3265
   12006       1.3625
   12007       1.3244
   12008       1.3680
   12009       1.4107
   12010       1.4771
   12011       1.3266
   12012       1.4301
   12013       1.4581
   12014       1.5598
   12015       1.5353
   12016       1.4607
   12017       1.5625
   12018       1.5333
   12019       1.4987
   12020       1.3736
   12021       1.4017
   12022       1.4268
   12023       1.4940
   12024       1.5191
   12025       1.4537
   12026       1.4327
   12027       1.4756
   12028       1.4736
   12029       1.4614
   12030       1.4852
   12031       1.4626
   12032       1.5285
   12033       1.4940
   12034       1.4473
   12035       1.4899
   12036       1.4654
   12037       1.4374
   12038       1.4794
   12039       1.4845
   12040       1.4969
   12041       1.5072
   12042       1.4692
   12043       1.4101
   12044       1.4993
   12045       1.5391
   12046       1.5204
   12047       1.5248
   12048       1.5685
   12049       1.5172
   12050       1.5496
   12051       1.5428
   12052       1.5239
   12053       1.5311
   12054       1.5807
   12055       1.6102
   12056       1.5384
   12057       1.4751
   12058       1.5766
   12059       1.4591
   12060       1.5012
   12061       1.4381
   12062       1.4302
   12063       1.4671
   12064       1.4429
   12065       1.4926
   12066       1.5727
   12067       1.5513
   12068       1.6692
   12069       1.5717
   12070       1.6019
   12071       1.6245
   12072       1.6039
   12073       1.5144
   12074       1.4578
   12075       1.4211
   12076       1.5501
   12077       1.4962
   12078       1.4966
   12079       1.5126
   12080       1.4692
   12081       1.5090
   12082       1.4919
   12083       1.4786
   12084       1.5319
   12085       1.5901
   12086       1.5179
   12087       1.4643
   12088       1.5700
   12089       1.4900
   12090       1.5260
   12091       1.4664
   12092       1.5912
   12093       1.4641
   12094       1.3658
   12095       1.3987
   12096       1.3072
   12097       1.3566
   12098       1.3841
   12099       1.4704
   12100       1.5047
   12101       1.4480
   12102       1.3138
   12103       1.3607
   12104       1.4366
   12105       1.5468
   12106       1.3938
   12107       1.5157
   12108       1.4607
   12109       1.4929
   12110       1.4953
   12111       1.3674
   12112       1.3912
   12113       1.3443
   12114       1.3767
   12115       1.4303
   12116       1.3393
   12117       1.3115
   12118       1.2633
   12119       1.2523
   12120       1.3430
   12121       1.3164
   12122       1.3771
   12123       1.4088
   12124       1.4247
   12125       1.4502
   12126       1.5045
   12127       1.4082
   12128       1.5517
   12129       1.4976
   12130       1.4347
   12131       1.4883
   12132       1.4997
   12133       1.6001
   12134       1.5231
   12135       1.4416
   12136       1.5411
   12137       1.5765
   12138       1.5458
   12139       1.5163
   12140       1.5641
   12141       1.6433
   12142       1.5668
   12143       1.5883
   12144       1.6389
   12145       1.5983
   12146       1.5969
   12147       1.5825
   12148       1.5214
   12149       1.5376
   12150       1.5808
   12151       1.5307
   12152       1.5103
   12153       1.6260
   12154       1.5617
   12155       1.5231
   12156       1.4700
   12157       1.5938
   12158       1.6321
   12159       1.6016
   12160       1.5962
   12161       1.5549
   12162       1.5581
   12163       1.5689
   12164       1.5870
   12165       1.6483
   12166       1.6219
   12167       1.5265
   12168       1.5032
   12169       1.5450
   12170       1.4878
   12171       1.5418
   12172       1.4156
   12173       1.5640
   12174       1.4623
   12175       1.4062
   12176       1.3181
   12177       1.3922
   12178       1.4876
   12179       1.4884
   12180       1.4768
   12181       1.5041
   12182       1.5157
   12183       1.4933
   12184       1.5141
   12185       1.5171
   12186       1.4626
   12187       1.4784
   12188       1.4696
   12189       1.5129
   12190       1.4383
   12191       1.4425
   12192       1.5796
   12193       1.4921
   12194       1.4674
   12195       1.4775
   12196       1.5006
   12197       1.4990
   12198       1.5130
   12199       1.4769
   12200       1.4206
   12201       1.5754
   12202       1.5205
   12203       1.5687
   12204       1.5589
   12205       1.4314
   12206       1.4217
   12207       1.4013
   12208       1.4414
   12209       1.4805
   12210       1.3737
   12211       1.3778
   12212       1.3858
   12213       1.3076
   12214       1.3147
   12215       1.3361
   12216       1.2953
   12217       1.3279
   12218       1.2238
   12219       1.2023
   12220       1.4015
   12221       1.4311
   12222       1.3298
   12223       1.3863
   12224       1.4595
   12225       1.4698
   12226       1.4393
   12227       1.4234
   12228       1.4235
   12229       1.3543
   12230       1.3802
   12231       1.4380
   12232       1.3846
   12233       1.3823
   12234       1.3489
   12235       1.4313
   12236       1.4012
   12237       1.3406
   12238       1.3445
   12239       1.3487
   12240       1.3205
   12241       1.4011
   12242       1.3826
   12243       1.3724
   12244       1.3770
   12245       1.3539
   12246       1.3272
   12247       1.4375
   12248       1.4833
   12249       1.4158
   12250       1.4819
   12251       1.3499
   12252       1.4496
   12253       1.4434
   12254       1.3909
   12255       1.3893
   12256       1.5780
   12257       1.5835
   12258       1.4554
   12259       1.4409
   12260       1.4597
   12261       1.4583
   12262       1.5744
   12263       1.5610
   12264       1.5578
   12265       1.4494
   12266       1.5015
   12267       1.5069
   12268       1.5266
   12269       1.5906
   12270       1.5608
   12271       1.4461
   12272       1.4434
   12273       1.5318
   12274       1.3848
   12275       1.3995
   12276       1.4501
   12277       1.4132
   12278       1.3857
   12279       1.3760
   12280       1.4561
   12281       1.3860
   12282       1.3701
   12283       1.3703
   12284       1.3778
   12285       1.3801
   12286       1.4374
   12287       1.4427
   12288       1.3260
   12289       1.3564
   12290       1.4908
   12291       1.4011
   12292       1.5347
   12293       1.4782
   12294       1.3901
   12295       1.4544
   12296       1.5924
   12297       1.4954
   12298       1.4387
   12299       1.4177
   12300       1.4646
   12301       1.3698
   12302       1.3955
   12303       1.3587
   12304       1.3374
   12305       1.3946
   12306       1.3110
   12307       1.2998
   12308       1.2647
   12309       1.3545
   12310       1.4016
   12311       1.3212
   12312       1.3084
   12313       1.3104
   12314       1.3925
   12315       1.3566
   12316       1.3426
   12317       1.4163
   12318       1.4494
   12319       1.4006
   12320       1.3987
   12321       1.4395
   12322       1.2865
   12323       1.5093
   12324       1.4655
   12325       1.3987
   12326       1.4243
   12327       1.4238
   12328       1.3132
   12329       1.3622
   12330       1.3586
   12331       1.2740
   12332       1.2634
   12333       1.4316
   12334       1.3594
   12335       1.3995
   12336       1.4183
   12337       1.4341
   12338       1.4067
   12339       1.4376
   12340       1.4251
   12341       1.4949
   12342       1.4579
   12343       1.4490
   12344       1.4392
   12345       1.4271
   12346       1.5077
   12347       1.5093
   12348       1.4575
   12349       1.5669
   12350       1.4878
   12351       1.3879
   12352       1.3732
   12353       1.3976
   12354       1.4657
   12355       1.3679
   12356       1.4667
   12357       1.3469
   12358       1.4261
   12359       1.3532
   12360       1.4211
   12361       1.4026
   12362       1.5006
   12363       1.4920
   12364       1.5537
   12365       1.4006
   12366       1.3651
   12367       1.4121
   12368       1.4755
   12369       1.4039
   12370       1.3809
   12371       1.4050
   12372       1.3249
   12373       1.3897
   12374       1.3754
   12375       1.4106
   12376       1.1749
   12377       1.3163
   12378       1.2974
   12379       1.3765
   12380       1.4697
   12381       1.2683
   12382       1.3446
   12383       1.2949
   12384       1.4117
   12385       1.4047
   12386       1.3873
   12387       1.3813
   12388       1.3098
   12389       1.3209
   12390       1.3112
   12391       1.4185
   12392       1.4314
   12393       1.4989
   12394       1.5181
   12395       1.4744
   12396       1.5056
   12397       1.5074
   12398       1.4316
   12399       1.4562
   12400       1.5199
   12401       1.5703
   12402       1.4319
   12403       1.4620
   12404       1.5712
   12405       1.4894
   12406       1.4304
   12407       1.5356
   12408       1.5331
   12409       1.4897
   12410       1.5793
   12411       1.4880
   12412       1.4671
   12413       1.4887
   12414       1.4885
   12415       1.5104
   12416       1.4967
   12417       1.4712
   12418       1.5276
   12419       1.4868
   12420       1.5450
   12421       1.5656
   12422       1.4785
   12423       1.3862
   12424       1.3887
   12425       1.2836
   12426       1.3390
   12427       1.3250
   12428       1.3343
   12429       1.3964
   12430       1.4254
   12431       1.4395
   12432       1.4634
   12433       1.4384
   12434       1.4061
   12435       1.3668
   12436       1.3403
   12437       1.3194
   12438       1.4231
   12439       1.3136
   12440       1.4319
   12441       1.3774
   12442       1.3286
   12443       1.4258
   12444       1.3410
   12445       1.3937
   12446       1.3945
   12447       1.4615
   12448       1.4623
   12449       1.4774
   12450       1.3413
   12451       1.4460
   12452       1.4545
   12453       1.4798
   12454       1.5656
   12455       1.5367
   12456       1.3184
   12457       1.3963
   12458       1.4146
   12459       1.5044
   12460       1.4357
   12461       1.5280
   12462       1.4836
   12463       1.4901
   12464       1.4447
   12465       1.4277
   12466       1.5623
   12467       1.4670
   12468       1.4254
   12469       1.4585
   12470       1.3263
   12471       1.3655
   12472       1.3682
   12473       1.3703
   12474       1.4269
   12475       1.4612
   12476       1.2903
   12477       1.2555
   12478       1.3290
   12479       1.4443
   12480       1.4229
   12481       1.3671
   12482       1.1744
   12483       1.2501
   12484       1.3667
   12485       1.2860
   12486       1.4012
   12487       1.4049
   12488       1.3424
   12489       1.3477
   12490       1.3831
   12491       1.3063
   12492       1.3620
   12493       1.3473
   12494       1.3497
   12495       1.3388
   12496       1.3995
   12497       1.4055
   12498       1.4142
   12499       1.4572
   12500       1.4017
   12501       1.3502
   12502       1.2462
   12503       1.3558
   12504       1.3237
   12505       1.4212
   12506       1.4871
   12507       1.3739
   12508       1.4394
   12509       1.3626
   12510       1.4012
   12511       1.3440
   12512       1.2814
   12513       1.3123
   12514       1.2987
   12515       1.4350
   12516       1.3411
   12517       1.2655
   12518       1.4434
   12519       1.3452
   12520       1.3487
   12521       1.4160
   12522       1.3234
   12523       1.3964
   12524       1.3679
   12525       1.3093
   12526       1.2787
   12527       1.2160
   12528       1.4215
   12529       1.3919
   12530       1.3622
   12531       1.2852
   12532       1.3609
   12533       1.4130
   12534       1.4735
   12535       1.3156
   12536       1.3473
   12537       1.2151
   12538       1.2682
   12539       1.3757
   12540       1.3313
   12541       1.4645
   12542       1.4871
   12543       1.3194
   12544       1.3879
   12545       1.4472
   12546       1.3711
   12547       1.3185
   12548       1.3423
   12549       1.4024
   12550       1.3583
   12551       1.4491
   12552       1.3816
   12553       1.4024
   12554       1.3691
   12555       1.3691
   12556       1.2901
   12557       1.2490
   12558       1.3394
   12559       1.3111
   12560       1.3249
   12561       1.3720
   12562       1.2369
   12563       1.3031
   12564       1.2871
   12565       1.3210
   12566       1.2840
   12567       1.2485
   12568       1.2458
   12569       1.2689
   12570       1.3107
   12571       1.3488
   12572       1.2615
   12573       1.2644
   12574       1.2079
   12575       1.1667
   12576       1.1964
   12577       1.1845
   12578       1.1817
   12579       1.2249
   12580       1.2988
   12581       1.2851
   12582       1.2742
   12583       1.2282
   12584       1.2711
   12585       1.2651
   12586       1.2970
   12587       1.1882
   12588       1.2088
   12589       1.2308
   12590       1.2958
   12591       1.2315
   12592       1.1678
   12593       1.2177
   12594       1.1474
   12595       1.2655
   12596       1.2622
   12597       1.2826
   12598       1.2439
   12599       1.2881
   12600       1.2809
   12601       1.2936
   12602       1.3195
   12603       1.3538
   12604       1.2378
   12605       1.2174
   12606       1.3142
   12607       1.3265
   12608       1.3118
   12609       1.2976
   12610       1.2047
   12611       1.2408
   12612       1.2180
   12613       1.1595
   12614       1.2515
   12615       1.2055
   12616       1.2657
   12617       1.3203
   12618       1.3009
   12619       1.2741
   12620       1.2033
   12621       1.2513
   12622       1.2555
   12623       1.2076
   12624       1.2289
   12625       1.3435
   12626       1.3451
   12627       1.3031
   12628       1.5160
   12629       1.4291
   12630       1.5284
   12631       1.4327
   12632       1.3604
   12633       1.3910
   12634       1.3796
   12635       1.3739
   12636       1.4038
   12637       1.3209
   12638       1.3794
   12639       1.3058
   12640       1.4760
   12641       1.5750
   12642       1.4618
   12643       1.3701
   12644       1.3952
   12645       1.3515
   12646       1.3817
   12647       1.3719
   12648       1.3052
   12649       1.4228
   12650       1.3358
   12651       1.3088
   12652       1.4692
   12653       1.3964
   12654       1.3643
   12655       1.3631
   12656       1.3332
   12657       1.4421
   12658       1.3315
   12659       1.4080
   12660       1.4220
   12661       1.3722
   12662       1.3389
   12663       1.4739
   12664       1.3850
   12665       1.3429
   12666       1.4280
   12667       1.3762
   12668       1.2765
   12669       1.3144
   12670       1.2944
   12671       1.2294
   12672       1.3051
   12673       1.3077
   12674       1.3186
   12675       1.4435
   12676       1.3492
   12677       1.4149
   12678       1.4398
   12679       1.4442
   12680       1.3789
   12681       1.4897
   12682       1.2867
   12683       1.3148
   12684       1.3870
   12685       1.3767
   12686       1.3163
   12687       1.2393
   12688       1.1738
   12689       1.2121
   12690       1.2559
   12691       1.2491
   12692       1.2250
   12693       1.2695
   12694       1.2934
   12695       1.3532
   12696       1.2733
   12697       1.2949
   12698       1.2491
   12699       1.3025
   12700       1.4300
   12701       1.3595
   12702       1.3990
   12703       1.4386
   12704       1.5087
   12705       1.4211
   12706       1.3964
   12707       1.2853
   12708       1.3549
   12709       1.3263
   12710       1.3422
   12711       1.3747
   12712       1.4159
   12713       1.2782
   12714       1.3094
   12715       1.3024
   12716       1.3397
   12717       1.2321
   12718       1.3320
   12719       1.4791
   12720       1.3306
   12721       1.3932
   12722       1.2864
   12723       1.3608
   12724       1.2767
   12725       1.3273
   12726       1.2648
   12727       1.3840
   12728       1.1966
   12729       1.2917
   12730       1.2370
   12731       1.2737
   12732       1.3456
   12733       1.2031
   12734       1.1843
   12735       1.1828
   12736       1.3486
   12737       1.3623
   12738       1.3813
   12739       1.2810
   12740       1.2505
   12741       1.3761
   12742       1.2405
   12743       1.3186
   12744       1.3767
   12745       1.3498
   12746       1.3657
   12747       1.3622
   12748       1.4412
   12749       1.3855
   12750       1.4127
   12751       1.3676
   12752       1.4284
   12753       1.3227
   12754       1.3589
   12755       1.3589
   12756       1.3684
   12757       1.3743
   12758       1.3988
   12759       1.4317
   12760       1.3834
   12761       1.3233
   12762       1.3690
   12763       1.3978
   12764       1.3128
   12765       1.3400
   12766       1.3349
   12767       1.3518
   12768       1.2876
   12769       1.2913
   12770       1.2755
   12771       1.3347
   12772       1.3998
   12773       1.2821
   12774       1.2963
   12775       1.3762
   12776       1.3959
   12777       1.3048
   12778       1.3325
   12779       1.4546
   12780       1.3990
   12781       1.4151
   12782       1.3578
   12783       1.3378
   12784       1.4005
   12785       1.4922
   12786       1.4553
   12787       1.3666
   12788       1.3486
   12789       1.4003
   12790       1.4528
   12791       1.4495
   12792       1.3809
   12793       1.3846
   12794       1.4829
   12795       1.4160
   12796       1.3912
   12797       1.3729
   12798       1.2522
   12799       1.3073
   12800       1.3907
   12801       1.3363
   12802       1.3484
   12803       1.3099
   12804       1.3034
   12805       1.4338
   12806       1.2099
   12807       1.3677
   12808       1.3016
   12809       1.2567
   12810       1.2855
   12811       1.2302
   12812       1.3877
   12813       1.3895
   12814       1.2290
   12815       1.3241
   12816       1.2652
   12817       1.3570
   12818       1.2435
   12819       1.3670
   12820       1.3639
   12821       1.3432
   12822       1.3940
   12823       1.3240
   12824       1.3892
   12825       1.5074
   12826       1.3814
   12827       1.4372
   12828       1.4444
   12829       1.4790
   12830       1.3002
   12831       1.2099
   12832       1.2660
   12833       1.3691
   12834       1.2928
   12835       1.3218
   12836       1.3183
   12837       1.2783
   12838       1.3540
   12839       1.2701
   12840       1.3637
   12841       1.3763
   12842       1.2732
   12843       1.2277
   12844       1.2827
   12845       1.1931
   12846       1.3461
   12847       1.3172
   12848       1.2464
   12849       1.2500
   12850       1.2872
   12851       1.2756
   12852       1.2633
   12853       1.2522
   12854       1.2784
   12855       1.2285
   12856       1.2628
   12857       1.1149
   12858       1.1840
   12859       1.1947
   12860       1.2506
   12861       1.1696
   12862       1.1621
   12863       1.1570
   12864       1.1650
   12865       1.2688
   12866       1.1901
   12867       1.1897
   12868       1.1609
   12869       1.2604
   12870       1.2762
   12871       1.2977
   12872       1.3169
   12873       1.3758
   12874       1.4108
   12875       1.3111
   12876       1.4198
   12877       1.3244
   12878       1.4944
   12879       1.3521
   12880       1.3434
   12881       1.2863
   12882       1.4292
   12883       1.3758
   12884       1.3828
   12885       1.3609
   12886       1.2729
   12887       1.2559
   12888       1.3150
   12889       1.2782
   12890       1.2513
   12891       1.2935
   12892       1.2827
   12893       1.3027
   12894       1.3120
   12895       1.2706
   12896       1.2998
   12897       1.3163
   12898       1.3250
   12899       1.4017
   12900       1.3244
   12901       1.2552
   12902       1.3643
   12903       1.3106
   12904       1.3050
   12905       1.3625
   12906       1.4053
   12907       1.4613
   12908       1.4503
   12909       1.3741
   12910       1.3120
   12911       1.3665
   12912       1.3360
   12913       1.4303
   12914       1.4267
   12915       1.3813
   12916       1.5155
   12917       1.3788
   12918       1.4070
   12919       1.3325
   12920       1.4032
   12921       1.3735
   12922       1.2792
   12923       1.3853
   12924       1.4300
   12925       1.2873
   12926       1.3729
   12927       1.3854
   12928       1.4109
   12929       1.4324
   12930       1.3736
   12931       1.3474
   12932       1.4617
   12933       1.3828
   12934       1.4151
   12935       1.3492
   12936       1.4221
   12937       1.4162
   12938       1.4929
   12939       1.4665
   12940       1.5149
   12941       1.4155
   12942       1.3737
   12943       1.3763
   12944       1.3896
   12945       1.4149
   12946       1.5001
   12947       1.5187
   12948       1.4167
   12949       1.4007
   12950       1.4662
   12951       1.3837
   12952       1.4068
   12953       1.3913
   12954       1.4502
   12955       1.4693
   12956       1.5127
   12957       1.6310
   12958       1.5689
   12959       1.4386
   12960       1.4651
   12961       1.4430
   12962       1.4578
   12963       1.5111
   12964       1.5167
   12965       1.4473
   12966       1.4577
   12967       1.4609
   12968       1.4694
   12969       1.4532
   12970       1.4681
   12971       1.4245
   12972       1.4261
   12973       1.4553
   12974       1.6216
   12975       1.4981
   12976       1.5200
   12977       1.3575
   12978       1.5732
   12979       1.4814
   12980       1.5626
   12981       1.5333
   12982       1.5286
   12983       1.5461
   12984       1.4514
   12985       1.4592
   12986       1.4124
   12987       1.4485
   12988       1.5347
   12989       1.5504
   12990       1.5003
   12991       1.5921
   12992       1.5622
   12993       1.4788
   12994       1.4835
   12995       1.3209
   12996       1.3661
   12997       1.4109
   12998       1.4950
   12999       1.4048
   13000       1.4157
   13001       1.5831
   13002       1.4707
   13003       1.4438
   13004       1.4326
   13005       1.3220
   13006       1.4008
   13007       1.4444
   13008       1.3766
   13009       1.4589
   13010       1.4974
   13011       1.4817
   13012       1.4138
   13013       1.3608
   13014       1.5140
   13015       1.4350
   13016       1.4596
   13017       1.4103
   13018       1.4216
   13019       1.5226
   13020       1.4480
   13021       1.5110
   13022       1.5148
   13023       1.5408
   13024       1.4606
   13025       1.5134
   13026       1.5031
   13027       1.4929
   13028       1.4494
   13029       1.4200
   13030       1.4708
   13031       1.5512
   13032       1.4265
   13033       1.3912
   13034       1.3222
   13035       1.3285
   13036       1.3767
   13037       1.4456
   13038       1.4244
   13039       1.4716
   13040       1.3704
   13041       1.5023
   13042       1.4833
   13043       1.3658
   13044       1.3780
   13045       1.4778
   13046       1.4485
   13047       1.3517
   13048       1.3800
   13049       1.3311
   13050       1.3155
   13051       1.3606
   13052       1.3892
   13053       1.3780
   13054       1.3812
   13055       1.4823
   13056       1.4964
   13057       1.4776
   13058       1.4839
   13059       1.4487
   13060       1.4599
   13061       1.4441
   13062       1.5536
   13063       1.5647
   13064       1.4978
   13065       1.4951
   13066       1.3908
   13067       1.4517
   13068       1.4620
   13069       1.5506
   13070       1.6083
   13071       1.6048
   13072       1.5660
   13073       1.5913
   13074       1.6383
   13075       1.5858
   13076       1.6138
   13077       1.5647
   13078       1.5022
   13079       1.4821
   13080       1.5420
   13081       1.4961
   13082       1.5315
   13083       1.5012
   13084       1.5032
   13085       1.5048
   13086       1.4612
   13087       1.5244
   13088       1.4807
   13089       1.3594
   13090       1.5578
   13091       1.5551
   13092       1.6380
   13093       1.6022
   13094       1.5819
   13095       1.5117
   13096       1.5060
   13097       1.4925
   13098       1.5159
   13099       1.5457
   13100       1.5655
   13101       1.5739
   13102       1.5500
   13103       1.5640
   13104       1.5204
   13105       1.4158
   13106       1.4733
   13107       1.4555
   13108       1.4997
   13109       1.4955
   13110       1.4999
   13111       1.3971
   13112       1.4195
   13113       1.5380
   13114       1.5962
   13115       1.5460
   13116       1.5104
   13117       1.6101
   13118       1.4179
   13119       1.4992
   13120       1.5046
   13121       1.5147
   13122       1.4928
   13123       1.5562
   13124       1.4788
   13125       1.6181
   13126       1.5715
   13127       1.4726
   13128       1.5001
   13129       1.5069
   13130       1.4858
   13131       1.4348
   13132       1.4797
   13133       1.4084
   13134       1.4651
   13135       1.4864
   13136       1.4222
   13137       1.5303
   13138       1.5280
   13139       1.6075
   13140       1.5182
   13141       1.5577
   13142       1.5269
   13143       1.5080
   13144       1.4618
   13145       1.4980
   13146       1.3597
   13147       1.3993
   13148       1.4434
   13149       1.4336
   13150       1.3657
   13151       1.3931
   13152       1.4423
   13153       1.4193
   13154       1.3977
   13155       1.4117
   13156       1.4532
   13157       1.4517
   13158       1.5158
   13159       1.5733
   13160       1.4773
   13161       1.5722
   13162       1.4929
   13163       1.5472
   13164       1.4916
   13165       1.4290
   13166       1.4607
   13167       1.4191
   13168       1.4447
   13169       1.4018
   13170       1.5393
   13171       1.5104
   13172       1.5020
   13173       1.3917
   13174       1.3906
   13175       1.5195
   13176       1.4403
   13177       1.4867
   13178       1.5193
   13179       1.5666
   13180       1.5277
   13181       1.4937
   13182       1.5405
   13183       1.4660
   13184       1.5130
   13185       1.6093
   13186       1.4622
   13187       1.4766
   13188       1.4895
   13189       1.5085
   13190       1.4992
   13191       1.5205
   13192       1.4237
   13193       1.5175
   13194       1.4142
   13195       1.5179
   13196       1.4942
   13197       1.5569
   13198       1.6222
   13199       1.6255
   13200       1.5548
   13201       1.6353
   13202       1.5461
   13203       1.5045
   13204       1.5129
   13205       1.3869
   13206       1.5278
   13207       1.6520
   13208       1.5596
   13209       1.5474
   13210       1.5956
   13211       1.6220
   13212       1.4966
   13213       1.6207
   13214       1.5511
   13215       1.5204
   13216       1.5536
   13217       1.6260
   13218       1.6367
   13219       1.5523
   13220       1.5821
   13221       1.6226
   13222       1.5153
   13223       1.4414
   13224       1.4455
   13225       1.5168
   13226       1.4747
   13227       1.5142
   13228       1.5657
   13229       1.4078
   13230       1.3937
   13231       1.3965
   13232       1.6307
   13233       1.5864
   13234       1.4949
   13235       1.4476
   13236       1.5068
   13237       1.4660
   13238       1.5240
   13239       1.5251
   13240       1.5468
   13241       1.5996
   13242       1.5019
   13243       1.5179
   13244       1.4108
   13245       1.4990
   13246       1.6252
   13247       1.4690
   13248       1.5487
   13249       1.4280
   13250       1.4672
   13251       1.5498
   13252       1.5291
   13253       1.5271
   13254       1.6202
   13255       1.5281
   13256       1.5402
   13257       1.4673
   13258       1.3958
   13259       1.3525
   13260       1.5111
   13261       1.3748
   13262       1.4707
   13263       1.5447
   13264       1.5662
   13265       1.4707
   13266       1.4867
   13267       1.3654
   13268       1.4816
   13269       1.4206
   13270       1.3781
   13271       1.4230
   13272       1.4018
   13273       1.3580
   13274       1.4447
   13275       1.4877
   13276       1.3904
   13277       1.4004
   13278       1.4409
   13279       1.3755
   13280       1.3812
   13281       1.4742
   13282       1.4188
   13283       1.3967
   13284       1.4102
   13285       1.3700
   13286       1.4457
   13287       1.4010
   13288       1.4589
   13289       1.3589
   13290       1.4508
   13291       1.5253
   13292       1.3839
   13293       1.3315
   13294       1.3247
   13295       1.3566
   13296       1.4095
   13297       1.3786
   13298       1.3818
   13299       1.3676
   13300       1.4373
   13301       1.4515
   13302       1.4462
   13303       1.4979
   13304       1.4702
   13305       1.4789
   13306       1.3983
   13307       1.4591
   13308       1.3496
   13309       1.2832
   13310       1.3065
   13311       1.4005
   13312       1.4248
   13313       1.4239
   13314       1.4289
   13315       1.5077
   13316       1.5257
   13317       1.4540
   13318       1.5236
   13319       1.6001
   13320       1.5216
   13321       1.4622
   13322       1.5627
   13323       1.4830
   13324       1.5043
   13325       1.5291
   13326       1.5196
   13327       1.5354
   13328       1.5558
   13329       1.5349
   13330       1.5434
   13331       1.4413
   13332       1.4408
   13333       1.4995
   13334       1.3985
   13335       1.4429
   13336       1.4476
   13337       1.4648
   13338       1.4696
   13339       1.4184
   13340       1.4903
   13341       1.5284
   13342       1.4618
   13343       1.4440
   13344       1.4130
   13345       1.5099
   13346       1.4965
   13347       1.4776
   13348       1.4716
   13349       1.3717
   13350       1.3263
   13351       1.4671
   13352       1.5495
   13353       1.5644
   13354       1.4193
   13355       1.5351
   13356       1.5565
   13357       1.4077
   13358       1.4682
   13359       1.5772
   13360       1.4798
   13361       1.5804
   13362       1.5200
   13363       1.5511
   13364       1.4700
   13365       1.5057
   13366       1.5535
   13367       1.6051
   13368       1.5997
   13369       1.5030
   13370       1.5332
   13371       1.5947
   13372       1.5706
   13373       1.5174
   13374       1.6544
   13375       1.5663
   13376       1.5121
   13377       1.5850
   13378       1.5066
   13379       1.4844
   13380       1.5185
   13381       1.4970
   13382       1.4165
   13383       1.4174
   13384       1.4472
   13385       1.4624
   13386       1.4175
   13387       1.3523
   13388       1.3417
   13389       1.3949
   13390       1.3605
   13391       1.3944
   13392       1.3986
   13393       1.4997
   13394       1.4718
   13395       1.4425
   13396       1.5660
   13397       1.4596
   13398       1.5537
   13399       1.4710
   13400       1.4187
   13401       1.3813
   13402       1.4449
   13403       1.4210
   13404       1.4599
   13405       1.4717
   13406       1.4604
   13407       1.4495
   13408       1.4510
   13409       1.4663
   13410       1.4486
   13411       1.4947
   13412       1.5094
   13413       1.3953
   13414       1.4760
   13415       1.4738
   13416       1.3894
   13417       1.4409
   13418       1.4721
   13419       1.4062
   13420       1.4609
   13421       1.3875
   13422       1.4616
   13423       1.5056
   13424       1.4634
   13425       1.4001
   13426       1.4677
   13427       1.4838
   13428       1.4674
   13429       1.3691
   13430       1.4029
   13431       1.4065
   13432       1.3727
   13433       1.3807
   13434       1.3007
   13435       1.4724
   13436       1.4605
   13437       1.4124
   13438       1.3153
   13439       1.4018
   13440       1.4453
   13441       1.4370
   13442       1.4285
   13443       1.5598
   13444       1.4874
   13445       1.4742
   13446       1.4687
   13447       1.3796
   13448       1.4025
   13449       1.2868
   13450       1.3694
   13451       1.4513
   13452       1.4142
   13453       1.3482
   13454       1.3306
   13455       1.3938
   13456       1.3806
   13457       1.3549
   13458       1.3867
   13459       1.4103
   13460       1.3753
   13461       1.3794
   13462       1.3933
   13463       1.4018
   13464       1.4302
   13465       1.3977
   13466       1.4081
   13467       1.4981
   13468       1.4823
   13469       1.4963
   13470       1.4948
   13471       1.5077
   13472       1.4195
   13473       1.5272
   13474       1.4489
   13475       1.5726
   13476       1.5189
   13477       1.5909
   13478       1.5814
   13479       1.5672
   13480       1.4952
   13481       1.6231
   13482       1.6650
   13483       1.4968
   13484       1.5322
   13485       1.4519
   13486       1.4987
   13487       1.4179
   13488       1.3374
   13489       1.3580
   13490       1.4000
   13491       1.5542
   13492       1.5024
   13493       1.5502
   13494       1.5082
   13495       1.4376
   13496       1.4003
   13497       1.4064
   13498       1.4268
   13499       1.4408
   13500       1.5493
   13501       1.3747
   13502       1.4276
   13503       1.4080
   13504       1.4496
   13505       1.3790
   13506       1.4071
   13507       1.4406
   13508       1.4099
   13509       1.5146
   13510       1.4308
   13511       1.4301
   13512       1.3723
   13513       1.4145
   13514       1.4141
   13515       1.4722
   13516       1.4552
   13517       1.4768
   13518       1.4165
   13519       1.5021
   13520       1.3782
   13521       1.4018
   13522       1.4971
   13523       1.4476
   13524       1.4027
   13525       1.3962
   13526       1.4456
   13527       1.4259
   13528       1.4141
   13529       1.5389
   13530       1.4147
   13531       1.3651
   13532       1.4406
   13533       1.4477
   13534       1.4939
   13535       1.4762
   13536       1.4420
   13537       1.4548
   13538       1.4309
   13539       1.4406
   13540       1.4352
   13541       1.5143
   13542       1.4822
   13543       1.4116
   13544       1.4536
   13545       1.4085
   13546       1.4050
   13547       1.4047
   13548       1.3722
   13549       1.4612
   13550       1.3384
   13551       1.4483
   13552       1.4034
   13553       1.3349
   13554       1.4092
   13555       1.3901
   13556       1.3958
   13557       1.4278
   13558       1.4267
   13559       1.4647
   13560       1.4973
   13561       1.3679
   13562       1.3566
   13563       1.2800
   13564       1.2980
   13565       1.3479
   13566       1.4525
   13567       1.3998
   13568       1.3732
   13569       1.2599
   13570       1.3050
   13571       1.3777
   13572       1.4538
   13573       1.3908
   13574       1.3830
   13575       1.3871
   13576       1.5179
   13577       1.4201
   13578       1.3863
   13579       1.4101
   13580       1.3213
   13581       1.3522
   13582       1.3726
   13583       1.4235
   13584       1.3120
   13585       1.3290
   13586       1.3835
   13587       1.2677
   13588       1.3690
   13589       1.4946
   13590       1.5409
   13591       1.3899
   13592       1.4689
   13593       1.4070
   13594       1.4089
   13595       1.4944
   13596       1.4238
   13597       1.4491
   13598       1.3891
   13599       1.4404
   13600       1.4458
   13601       1.4408
   13602       1.3725
   13603       1.3721
   13604       1.4053
   13605       1.3981
   13606       1.4641
   13607       1.3753
   13608       1.4145
   13609       1.4134
   13610       1.4433
   13611       1.5035
   13612       1.4534
   13613       1.4263
   13614       1.3516
   13615       1.4444
   13616       1.4253
   13617       1.4865
   13618       1.4200
   13619       1.4471
   13620       1.3971
   13621       1.4326
   13622       1.4683
   13623       1.3673
   13624       1.5040
   13625       1.5010
   13626       1.5213
   13627       1.5226
   13628       1.4907
   13629       1.4675
   13630       1.5242
   13631       1.4555
   13632       1.5040
   13633       1.4622
   13634       1.4146
   13635       1.4367
   13636       1.4674
   13637       1.3268
   13638       1.4910
   13639       1.4388
   13640       1.4724
   13641       1.4738
   13642       1.5682
   13643       1.5203
   13644       1.5274
   13645       1.5448
   13646       1.4599
   13647       1.5435
   13648       1.4840
   13649       1.4458
   13650       1.5529
   13651       1.4476
   13652       1.4839
   13653       1.4926
   13654       1.4770
   13655       1.5543
   13656       1.5302
   13657       1.5327
   13658       1.5573
   13659       1.5504
   13660       1.4843
   13661       1.5375
   13662       1.5046
   13663       1.4996
   13664       1.5223
   13665       1.4415
   13666       1.4453
   13667       1.4308
   13668       1.3976
   13669       1.4497
   13670       1.4888
   13671       1.3518
   13672       1.4835
   13673       1.4068
   13674       1.4252
   13675       1.5252
   13676       1.5390
   13677       1.4746
   13678       1.4155
   13679       1.4764
   13680       1.3625
   13681       1.4468
   13682       1.4020
   13683       1.3703
   13684       1.4927
   13685       1.3699
   13686       1.5208
   13687       1.4147
   13688       1.4225
   13689       1.4948
   13690       1.4544
   13691       1.5384
   13692       1.4417
   13693       1.6457
   13694       1.5131
   13695       1.5473
   13696       1.5148
   13697       1.6130
   13698       1.5864
   13699       1.5994
   13700       1.4864
   13701       1.6252
   13702       1.5053
   13703       1.5120
   13704       1.5831
   13705       1.5347
   13706       1.5507
   13707       1.5723
   13708       1.5338
   13709       1.5715
   13710       1.5892
   13711       1.6342
   13712       1.5372
   13713       1.5693
   13714       1.6369
   13715       1.6106
   13716       1.5924
   13717       1.5138
   13718       1.5935
   13719       1.4985
   13720       1.4846
   13721       1.5126
   13722       1.4697
   13723       1.4481
   13724       1.5112
   13725       1.5256
   13726       1.4983
   13727       1.3512
   13728       1.4586
   13729       1.6340
   13730       1.4629
   13731       1.4433
   13732       1.5194
   13733       1.4802
   13734       1.5411
   13735       1.5144
   13736       1.5672
   13737       1.4470
   13738       1.5970
   13739       1.6271
   13740       1.4927
   13741       1.5355
   13742       1.5462
   13743       1.5480
   13744       1.5482
   13745       1.5121
   13746       1.5826
   13747       1.6273
   13748       1.6087
   13749       1.5446
   13750       1.6398
   13751       1.4424
   13752       1.5816
   13753       1.5067
   13754       1.3794
   13755       1.5535
   13756       1.4974
   13757       1.5756
   13758       1.5556
   13759       1.5745
   13760       1.4600
   13761       1.4635
   13762       1.5944
   13763       1.5509
   13764       1.6378
   13765       1.5330
   13766       1.5212
   13767       1.4554
   13768       1.4829
   13769       1.4888
   13770       1.5434
   13771       1.4240
   13772       1.4034
   13773       1.4407
   13774       1.4291
   13775       1.5664
   13776       1.6504
   13777       1.5213
   13778       1.5123
   13779       1.5029
   13780       1.4792
   13781       1.5583
   13782       1.5366
   13783       1.4973
   13784       1.4865
   13785       1.5952
   13786       1.5936
   13787       1.4209
   13788       1.4289
   13789       1.4527
   13790       1.5075
   13791       1.4567
   13792       1.4594
   13793       1.4328
   13794       1.3794
   13795       1.3820
   13796       1.4661
   13797       1.5732
   13798       1.4322
   13799       1.4656
   13800       1.5295
   13801       1.4762
   13802       1.5257
   13803       1.4792
   13804       1.4350
   13805       1.4582
   13806       1.5392
   13807       1.5209
   13808       1.5952
   13809       1.4747
   13810       1.4517
   13811       1.4830
   13812       1.5590
   13813       1.5088
   13814       1.5552
   13815       1.5624
   13816       1.5218
   13817       1.4418
   13818       1.4926
   13819       1.4610
   13820       1.4391
   13821       1.5356
   13822       1.4459
   13823       1.5515
   13824       1.5218
   13825       1.5142
   13826       1.5110
   13827       1.5284
   13828       1.5348
   13829       1.6265
   13830       1.5237
   13831       1.5874
   13832       1.4939
   13833       1.5114
   13834       1.4487
   13835       1.4578
   13836       1.4271
   13837       1.5598
   13838       1.4931
   13839       1.4626
   13840       1.6005
   13841       1.5272
   13842       1.4933
   13843       1.4830
   13844       1.4058
   13845       1.4443
   13846       1.4388
   13847       1.4809
   13848       1.5396
   13849       1.5832
   13850       1.4804
   13851       1.4714
   13852       1.4953
   13853       1.5154
   13854       1.3945
   13855       1.4977
   13856       1.5904
   13857       1.5534
   13858       1.4923
   13859       1.5462
   13860       1.5372
   13861       1.5592
   13862       1.4585
   13863       1.5574
   13864       1.5266
   13865       1.5131
   13866       1.5072
   13867       1.5569
   13868       1.4552
   13869       1.4571
   13870       1.5252
   13871       1.4712
   13872       1.4938
   13873       1.4747
   13874       1.4334
   13875       1.4413
   13876       1.5046
   13877       1.4750
   13878       1.4871
   13879       1.5185
   13880       1.5195
   13881       1.5299
   13882       1.4394
   13883       1.5595
   13884       1.6293
   13885       1.5486
   13886       1.4308
   13887       1.4861
   13888       1.5670
   13889       1.5081
   13890       1.5326
   13891       1.4950
   13892       1.5289
   13893       1.5346
   13894       1.5592
   13895       1.5859
   13896       1.6961
   13897       1.5519
   13898       1.4837
   13899       1.5645
   13900       1.4994
   13901       1.6256
   13902       1.6655
   13903       1.6384
   13904       1.5781
   13905       1.5864
   13906       1.7188
   13907       1.5862
   13908       1.5703
   13909       1.4127
   13910       1.4283
   13911       1.5138
   13912       1.5010
   13913       1.5379
   13914       1.4838
   13915       1.5109
   13916       1.4701
   13917       1.4904
   13918       1.4933
   13919       1.5250
   13920       1.5398
   13921       1.5695
   13922       1.6217
   13923       1.6353
   13924       1.4706
   13925       1.5742
   13926       1.5117
   13927       1.5802
   13928       1.5944
   13929       1.5894
   13930       1.5704
   13931       1.5812
   13932       1.5822
   13933       1.6368
   13934       1.7432
   13935       1.5256
   13936       1.5592
   13937       1.5754
   13938       1.5226
   13939       1.4529
   13940       1.4264
   13941       1.5398
   13942       1.6505
   13943       1.5493
   13944       1.4531
   13945       1.4950
   13946       1.5260
   13947       1.5272
   13948       1.4981
   13949       1.4717
   13950       1.5690
   13951       1.5475
   13952       1.5932
   13953       1.5658
   13954       1.5588
   13955       1.5131
   13956       1.5514
   13957       1.6029
   13958       1.4982
   13959       1.5990
   13960       1.4919
   13961       1.5427
   13962       1.5842
   13963       1.5682
   13964       1.5788
   13965       1.4944
   13966       1.5368
   13967       1.4545
   13968       1.5169
   13969       1.5098
   13970       1.4097
   13971       1.4858
   13972       1.5256
   13973       1.5068
   13974       1.5853
   13975       1.4583
   13976       1.4842
   13977       1.5364
   13978       1.5444
   13979       1.6410
   13980       1.5499
   13981       1.5147
   13982       1.4565
   13983       1.4199
   13984       1.4888
   13985       1.4298
   13986       1.4619
   13987       1.4428
   13988       1.5263
   13989       1.4047
   13990       1.4691
   13991       1.4422
   13992       1.4482
   13993       1.5899
   13994       1.5529
   13995       1.4944
   13996       1.5007
   13997       1.5248
   13998       1.5702
   13999       1.4044
   14000       1.4725
   14001       1.4523
   14002       1.4159
   14003       1.4748
   14004       1.5052
   14005       1.4861
   14006       1.4387
   14007       1.4988
   14008       1.4547
   14009       1.4884
   14010       1.4364
   14011       1.4949
   14012       1.4750
   14013       1.5394
   14014       1.4747
   14015       1.5822
   14016       1.4418
   14017       1.5333
   14018       1.4285
   14019       1.6124
   14020       1.4287
   14021       1.4641
   14022       1.4301
   14023       1.4861
   14024       1.4734
   14025       1.4694
   14026       1.3730
   14027       1.4590
   14028       1.4535
   14029       1.4655
   14030       1.4014
   14031       1.3764
   14032       1.3787
   14033       1.5350
   14034       1.5224
   14035       1.5043
   14036       1.5663
   14037       1.4539
   14038       1.5324
   14039       1.4435
   14040       1.5176
   14041       1.4720
   14042       1.4447
   14043       1.4063
   14044       1.3657
   14045       1.4342
   14046       1.4996
   14047       1.4148
   14048       1.3631
   14049       1.4495
   14050       1.4174
   14051       1.4992
   14052       1.4807
   14053       1.4348
   14054       1.4103
   14055       1.4682
   14056       1.4834
   14057       1.3823
   14058       1.4018
   14059       1.4330
   14060       1.5221
   14061       1.4873
   14062       1.4240
   14063       1.4340
   14064       1.4396
   14065       1.4800
   14066       1.4840
   14067       1.4500
   14068       1.5158
   14069       1.5130
   14070       1.5766
   14071       1.5273
   14072       1.5787
   14073       1.5159
   14074       1.5388
   14075       1.5264
   14076       1.4660
   14077       1.5387
   14078       1.5272
   14079       1.5054
   14080       1.5890
   14081       1.5409
   14082       1.5867
   14083       1.5944
   14084       1.5394
   14085       1.5097
   14086       1.6676
   14087       1.5495
   14088       1.5104
   14089       1.6662
   14090       1.6305
   14091       1.5825
   14092       1.5164
   14093       1.5125
   14094       1.4571
   14095       1.5203
   14096       1.3601
   14097       1.4247
   14098       1.5146
   14099       1.4593
   14100       1.4751
   14101       1.4994
   14102       1.4874
   14103       1.4958
   14104       1.4785
   14105       1.4609
   14106       1.5352
   14107       1.4958
   14108       1.5147
   14109       1.5811
   14110       1.5457
   14111       1.5568
   14112       1.4959
   14113       1.5128
   14114       1.4988
   14115       1.5073
   14116       1.4911
   14117       1.3933
   14118       1.3726
   14119       1.4520
   14120       1.4565
   14121       1.4061
   14122       1.4110
   14123       1.3467
   14124       1.4197
   14125       1.4424
   14126       1.4518
   14127       1.3440
   14128       1.4099
   14129       1.4625
   14130       1.5061
   14131       1.4795
   14132       1.4263
   14133       1.4280
   14134       1.4119
   14135       1.4626
   14136       1.3609
   14137       1.4500
   14138       1.3591
   14139       1.4261
   14140       1.4917
   14141       1.4791
   14142       1.5107
   14143       1.4663
   14144       1.4883
   14145       1.6424
   14146       1.4332
   14147       1.4403
   14148       1.3819
   14149       1.4229
   14150       1.3502
   14151       1.3131
   14152       1.3234
   14153       1.3641
   14154       1.3322
   14155       1.4331
   14156       1.3580
   14157       1.3813
   14158       1.4072
   14159       1.3372
   14160       1.4288
   14161       1.4193
   14162       1.3937
   14163       1.3542
   14164       1.3937
   14165       1.3833
   14166       1.2867
   14167       1.4284
   14168       1.4015
   14169       1.3686
   14170       1.3391
   14171       1.3331
   14172       1.3946
   14173       1.4271
   14174       1.3830
   14175       1.4640
   14176       1.4760
   14177       1.4559
   14178       1.3548
   14179       1.3221
   14180       1.3437
   14181       1.2359
   14182       1.3212
   14183       1.3719
   14184       1.2792
   14185       1.3095
   14186       1.2962
   14187       1.3755
   14188       1.3826
   14189       1.4814
   14190       1.3897
   14191       1.3235
   14192       1.2510
   14193       1.2319
   14194       1.3235
   14195       1.2465
   14196       1.3355
   14197       1.2945
   14198       1.3570
   14199       1.2807
   14200       1.2357
   14201       1.3199
   14202       1.2215
   14203       1.2633
   14204       1.3082
   14205       1.3851
   14206       1.3475
   14207       1.3686
   14208       1.4156
   14209       1.3443
   14210       1.4603
   14211       1.4500
   14212       1.4494
   14213       1.5720
   14214       1.4388
   14215       1.4078
   14216       1.4173
   14217       1.4902
   14218       1.5722
   14219       1.4907
   14220       1.4240
   14221       1.5055
   14222       1.4775
   14223       1.4693
   14224       1.5000
   14225       1.5303
   14226       1.4914
   14227       1.4328
   14228       1.4877
   14229       1.5143
   14230       1.3799
   14231       1.3141
   14232       1.3404
   14233       1.2916
   14234       1.4136
   14235       1.3412
   14236       1.4200
   14237       1.3522
   14238       1.4659
   14239       1.5145
   14240       1.5958
   14241       1.4790
   14242       1.4208
   14243       1.3977
   14244       1.4075
   14245       1.4555
   14246       1.4171
   14247       1.2927
   14248       1.4075
   14249       1.3225
   14250       1.3786
   14251       1.3721
   14252       1.3991
   14253       1.3522
   14254       1.3654
   14255       1.3445
   14256       1.3804
   14257       1.3749
   14258       1.4133
   14259       1.3681
   14260       1.4055
   14261       1.3432
   14262       1.3885
   14263       1.2839
   14264       1.4214
   14265       1.3463
   14266       1.3935
   14267       1.4414
   14268       1.4557
   14269       1.4789
   14270       1.4016
   14271       1.3799
   14272       1.4858
   14273       1.3926
   14274       1.3745
   14275       1.4598
   14276       1.3755
   14277       1.3826
   14278       1.4273
   14279       1.4343
   14280       1.4504
   14281       1.4237
   14282       1.5334
   14283       1.4609
   14284       1.4718
   14285       1.4533
   14286       1.3531
   14287       1.5099
   14288       1.4737
   14289       1.4493
   14290       1.4894
   14291       1.4398
   14292       1.3302
   14293       1.2971
   14294       1.5074
   14295       1.3663
   14296       1.4024
   14297       1.4682
   14298       1.3909
   14299       1.3798
   14300       1.4253
   14301       1.4021
   14302       1.4128
   14303       1.3968
   14304       1.4655
   14305       1.4868
   14306       1.5277
   14307       1.5809
   14308       1.5462
   14309       1.5098
   14310       1.4690
   14311       1.4731
   14312       1.4003
   14313       1.4420
   14314       1.3901
   14315       1.4073
   14316       1.3713
   14317       1.4110
   14318       1.4360
   14319       1.2954
   14320       1.3456
   14321       1.3667
   14322       1.4200
   14323       1.2772
   14324       1.3546
   14325       1.3730
   14326       1.3364
   14327       1.3805
   14328       1.3438
   14329       1.3544
   14330       1.3177
   14331       1.3471
   14332       1.3481
   14333       1.4049
   14334       1.3995
   14335       1.5129
   14336       1.3259
   14337       1.2499
   14338       1.2487
   14339       1.3805
   14340       1.2938
   14341       1.2847
   14342       1.2841
   14343       1.3448
   14344       1.2770
   14345       1.3091
   14346       1.3171
   14347       1.2870
   14348       1.3242
   14349       1.3647
   14350       1.3136
   14351       1.3213
   14352       1.3573
   14353       1.3861
   14354       1.4556
   14355       1.3070
   14356       1.3250
   14357       1.3327
   14358       1.3543
   14359       1.3619
   14360       1.3512
   14361       1.4428
   14362       1.4430
   14363       1.5000
   14364       1.4805
   14365       1.4142
   14366       1.3771
   14367       1.4401
   14368       1.3986
   14369       1.3659
   14370       1.3556
   14371       1.3841
   14372       1.3818
   14373       1.3574
   14374       1.3877
   14375       1.3301
   14376       1.3137
   14377       1.2888
   14378       1.3184
   14379       1.2761
   14380       1.3625
   14381       1.2941
   14382       1.2922
   14383       1.3182
   14384       1.2856
   14385       1.2399
   14386       1.3355
   14387       1.2318
   14388       1.2736
   14389       1.2581
   14390       1.3046
   14391       1.2577
   14392       1.3768
   14393       1.4597
   14394       1.4612
   14395       1.4105
   14396       1.4397
   14397       1.4258
   14398       1.3070
   14399       1.3942
   14400       1.3816
   14401       1.3277
   14402       1.3634
   14403       1.3809
   14404       1.3666
   14405       1.4008
   14406       1.4257
   14407       1.4085
   14408       1.3281
   14409       1.3723
   14410       1.4167
   14411       1.4694
   14412       1.4435
   14413       1.3386
   14414       1.4873
   14415       1.4196
   14416       1.4109
   14417       1.3552
   14418       1.2889
   14419       1.3541
   14420       1.3891
   14421       1.3443
   14422       1.4071
   14423       1.3975
   14424       1.4000
   14425       1.3852
   14426       1.3251
   14427       1.4138
   14428       1.4072
   14429       1.3465
   14430       1.3517
   14431       1.3513
   14432       1.3278
   14433       1.2583
   14434       1.2851
   14435       1.3821
   14436       1.3798
   14437       1.3984
   14438       1.3660
   14439       1.3140
   14440       1.4154
   14441       1.3250
   14442       1.3469
   14443       1.4213
   14444       1.3447
   14445       1.3065
   14446       1.3684
   14447       1.4099
   14448       1.4342
   14449       1.3883
   14450       1.3002
   14451       1.2790
   14452       1.2770
   14453       1.2984
   14454       1.3820
   14455       1.3129
   14456       1.4485
   14457       1.3382
   14458       1.2853
   14459       1.3167
   14460       1.3254
   14461       1.3409
   14462       1.3522
   14463       1.3554
   14464       1.2217
   14465       1.3105
   14466       1.2872
   14467       1.2483
   14468       1.2594
   14469       1.3505
   14470       1.3660
   14471       1.2962
   14472       1.2831
   14473       1.2818
   14474       1.2868
   14475       1.2791
   14476       1.2494
   14477       1.2281
   14478       1.3149
   14479       1.3870
   14480       1.4491
   14481       1.3614
   14482       1.2644
   14483       1.3012
   14484       1.3317
   14485       1.3435
   14486       1.4032
   14487       1.3825
   14488       1.3991
   14489       1.3855
   14490       1.3605
   14491       1.4730
   14492       1.3924
   14493       1.4228
   14494       1.3991
   14495       1.4466
   14496       1.2766
   14497       1.3678
   14498       1.3402
   14499       1.3318
   14500       1.3276
   14501       1.2907
   14502       1.2677
   14503       1.3274
   14504       1.3188
   14505       1.3159
   14506       1.3382
   14507       1.3296
   14508       1.3791
   14509       1.3028
   14510       1.4499
   14511       1.3101
   14512       1.3257
   14513       1.3030
   14514       1.3360
   14515       1.3281
   14516       1.3671
   14517       1.2865
   14518       1.3459
   14519       1.3090
   14520       1.2953
   14521       1.2758
   14522       1.4053
   14523       1.3922
   14524       1.4151
   14525       1.3477
   14526       1.2946
   14527       1.4427
   14528       1.5055
   14529       1.4357
   14530       1.3981
   14531       1.3809
   14532       1.3317
   14533       1.4098
   14534       1.2550
   14535       1.3276
   14536       1.3270
   14537       1.3357
   14538       1.3566
   14539       1.3070
   14540       1.2956
   14541       1.4160
   14542       1.3616
   14543       1.3661
   14544       1.3492
   14545       1.3796
   14546       1.3898
   14547       1.4836
   14548       1.3596
   14549       1.3627
   14550       1.3389
   14551       1.3692
   14552       1.3336
   14553       1.2973
   14554       1.2377
   14555       1.2199
   14556       1.3078
   14557       1.2391
   14558       1.2525
   14559       1.2378
   14560       1.2365
   14561       1.3206
   14562       1.2306
   14563       1.2413
   14564       1.1951
   14565       1.2614
   14566       1.2095
   14567       1.2153
   14568       1.1471
   14569       1.2455
   14570       1.2068
   14571       1.3189
   14572       1.2201
   14573       1.1890
   14574       1.3137
   14575       1.2895
   14576       1.2316
   14577       1.3122
   14578       1.2775
   14579       1.3108
   14580       1.3687
   14581       1.2622
   14582       1.2312
   14583       1.1833
   14584       1.2708
   14585       1.1836
   14586       1.1820
   14587       1.2467
   14588       1.2248
   14589       1.2913
   14590       1.2384
   14591       1.1757
   14592       1.2137
   14593       1.1115
   14594       1.2736
   14595       1.1978
   14596       1.1107
   14597       1.1406
   14598       1.2098
   14599       1.2747
   14600       1.3277
   14601       1.2437
   14602       1.1751
   14603       1.2372
   14604       1.2586
   14605       1.2916
   14606       1.1505
   14607       1.2049
   14608       1.2545
   14609       1.2515
   14610       1.2821
   14611       1.2422
   14612       1.3160
   14613       1.3837
   14614       1.3497
   14615       1.3090
   14616       1.2670
   14617       1.2683
   14618       1.2730
   14619       1.2155
   14620       1.2655
   14621       1.2481
   14622       1.2310
   14623       1.2745
   14624       1.2840
   14625       1.3416
   14626       1.3910
   14627       1.3700
   14628       1.4041
   14629       1.4545
   14630       1.4041
   14631       1.3524
   14632       1.3823
   14633       1.3150
   14634       1.2801
   14635       1.2243
   14636       1.1575
   14637       1.2774
   14638       1.2900
   14639       1.2503
   14640       1.3347
   14641       1.2625
   14642       1.3886
   14643       1.2908
   14644       1.3620
   14645       1.2400
   14646       1.2371
   14647       1.3090
   14648       1.4052
   14649       1.2912
   14650       1.2810
   14651       1.2592
   14652       1.2653
   14653       1.3733
   14654       1.4109
   14655       1.3056
   14656       1.3055
   14657       1.2956
   14658       1.3080
   14659       1.3717
   14660       1.3445
   14661       1.2190
   14662       1.3825
   14663       1.3250
   14664       1.3608
   14665       1.2838
   14666       1.3848
   14667       1.3672
   14668       1.3082
   14669       1.3246
   14670       1.3168
   14671       1.2946
   14672       1.3317
   14673       1.2981
   14674       1.2490
   14675       1.3808
   14676       1.4486
   14677       1.4074
   14678       1.4490
   14679       1.3944
   14680       1.4753
   14681       1.3987
   14682       1.4008
   14683       1.3682
   14684       1.4266
   14685       1.3641
   14686       1.3358
   14687       1.3339
   14688       1.2856
   14689       1.3494
   14690       1.3332
   14691       1.3753
   14692       1.3904
   14693       1.5093
   14694       1.4323
   14695       1.4158
   14696       1.4341
   14697       1.2265
   14698       1.3114
   14699       1.3147
   14700       1.3524
   14701       1.4624
   14702       1.4979
   14703       1.5073
   14704       1.5068
   14705       1.4297
   14706       1.3955
   14707       1.4583
   14708       1.3846
   14709       1.3555
   14710       1.3216
   14711       1.2873
   14712       1.2580
   14713       1.2855
   14714       1.2632
   14715       1.3628
   14716       1.2700
   14717       1.2945
   14718       1.3170
   14719       1.3495
   14720       1.2795
   14721       1.3196
   14722       1.3536
   14723       1.3363
   14724       1.3384
   14725       1.3075
   14726       1.2814
   14727       1.3108
   14728       1.2904
   14729       1.3289
   14730       1.3185
   14731       1.3246
   14732       1.3780
   14733       1.2578
   14734       1.3293
   14735       1.3034
   14736       1.4968
   14737       1.3509
   14738       1.4433
   14739       1.3487
   14740       1.3980
   14741       1.3904
   14742       1.4029
   14743       1.4147
   14744       1.3689
   14745       1.3908
   14746       1.3350
   14747       1.3518
   14748       1.3925
   14749       1.3173
   14750       1.3511
   14751       1.3975
   14752       1.2934
   14753       1.2789
   14754       1.3031
   14755       1.3585
   14756       1.3118
   14757       1.2591
   14758       1.2612
   14759       1.2372
   14760       1.2483
   14761       1.1974
   14762       1.2261
   14763       1.3409
   14764       1.2996
   14765       1.2682
   14766       1.2805
   14767       1.2299
   14768       1.1993
   14769       1.1630
   14770       1.2822
   14771       1.2431
   14772       1.3185
   14773       1.2832
   14774       1.2666
   14775       1.2222
   14776       1.3017
   14777       1.2211
   14778       1.2465
   14779       1.3736
   14780       1.2914
   14781       1.3137
   14782       1.2809
   14783       1.2827
   14784       1.2364
   14785       1.2212
   14786       1.4204
   14787       1.2893
   14788       1.3108
   14789       1.2910
   14790       1.3042
   14791       1.2715
   14792       1.2463
   14793       1.2104
   14794       1.2736
   14795       1.1354
   14796       1.2130
   14797       1.2454
   14798       1.2249
   14799       1.2068
   14800       1.3092
   14801       1.1904
   14802       1.2205
   14803       1.2700
   14804       1.2604
   14805       1.2862
   14806       1.2601
   14807       1.2954
   14808       1.3285
   14809       1.2981
   14810       1.2462
   14811       1.2542
   14812       1.3922
   14813       1.3661
   14814       1.4268
   14815       1.2832
   14816       1.3767
   14817       1.3493
   14818       1.3888
   14819       1.3083
   14820       1.2933
   14821       1.2924
   14822       1.1745
   14823       1.1781
   14824       1.2276
   14825       1.1743
   14826       1.2611
   14827       1.2175
   14828       1.1895
   14829       1.2315
   14830       1.2018
   14831       1.2939
   14832       1.2369
   14833       1.1592
   14834       1.2985
   14835       1.1615
   14836       1.1839
   14837       1.1181
   14838       1.1883
   14839       1.1495
   14840       1.1227
   14841       1.1234
   14842       1.2405
   14843       1.2724
   14844       1.2702
   14845       1.3323
   14846       1.3581
   14847       1.2671
   14848       1.2221
   14849       1.2048
   14850       1.2168
   14851       1.2150
   14852       1.2382
   14853       1.2259
   14854       1.2149
   14855       1.0647
   14856       1.2617
   14857       1.2192
   14858       1.2627
   14859       1.2556
   14860       1.3852
   14861       1.2127
   14862       1.2254
   14863       1.3211
   14864       1.2161
   14865       1.2272
   14866       1.3501
   14867       1.2222
   14868       1.2457
   14869       1.2937
   14870       1.2221
   14871       1.2365
   14872       1.2934
   14873       1.2406
   14874       1.2306
   14875       1.1505
   14876       1.1495
   14877       1.2022
   14878       1.2309
   14879       1.2174
   14880       1.2005
   14881       1.1869
   14882       1.1853
   14883       1.2712
   14884       1.2365
   14885       1.1532
   14886       1.1492
   14887       1.1237
   14888       1.1549
   14889       1.2720
   14890       1.2454
   14891       1.1267
   14892       1.1184
   14893       1.2890
   14894       1.1214
   14895       1.1008
   14896       1.1699
   14897       1.2443
   14898       1.1918
   14899       1.1990
   14900       1.1441
   14901       1.0296
   14902       1.1589
   14903       1.1006
   14904       1.2004
   14905       1.1519
   14906       1.1913
   14907       1.2225
   14908       1.1717
   14909       1.2072
   14910       1.1095
   14911       1.2135
   14912       1.1840
   14913       1.1879
   14914       1.1227
   14915       1.1823
   14916       1.2287
   14917       1.2756
   14918       1.2296
   14919       1.1449
   14920       1.2406
   14921       1.3101
   14922       1.3190
   14923       1.3089
   14924       1.3225
   14925       1.3690
   14926       1.3056
   14927       1.3663
   14928       1.3245
   14929       1.2992
   14930       1.2538
   14931       1.2586
   14932       1.2356
   14933       1.3835
   14934       1.3285
   14935       1.3750
   14936       1.3609
   14937       1.3215
   14938       1.3684
   14939       1.3130
   14940       1.2543
   14941       1.3467
   14942       1.2159
   14943       1.2630
   14944       1.2104
   14945       1.2075
   14946       1.2985
   14947       1.2791
   14948       1.3501
   14949       1.2813
   14950       1.1701
   14951       1.3010
   14952       1.3088
   14953       1.3698
   14954       1.4047
   14955       1.4486
   14956       1.4943
   14957       1.3834
   14958       1.4848
   14959       1.3873
   14960       1.3687
   14961       1.3200
   14962       1.2335
   14963       1.2201
   14964       1.2281
   14965       1.3131
   14966       1.3584
   14967       1.3281
   14968       1.2893
   14969       1.2120
   14970       1.1702
   14971       1.1942
   14972       1.1933
   14973       1.2150
   14974       1.2838
   14975       1.3907
   14976       1.3724
   14977       1.3435
   14978       1.2165
   14979       1.2855
   14980       1.1467
   14981       1.1010
   14982       1.2128
   14983       1.3033
   14984       1.4348
   14985       1.4808
   14986       1.3780
   14987       1.3505
   14988       1.4471
   14989       1.4299
   14990       1.3671
   14991       1.4207
   14992       1.4224
   14993       1.2781
   14994       1.3003
   14995       1.2311
   14996       1.3566
   14997       1.4157
   14998       1.4081
   14999       1.3115
   15000       1.3680
   15001       1.3188
   15002       1.3012
   15003       1.3640
   15004       1.2243
   15005       1.3690
   15006       1.2459
   15007       1.3784
   15008       1.3921
   15009       1.3978
   15010       1.4112
   15011       1.5317
   15012       1.4546
   15013       1.4083
   15014       1.2980
   15015       1.2604
   15016       1.3227
   15017       1.4014
   15018       1.3546
   15019       1.3164
   15020       1.3372
   15021       1.2775
   15022       1.3667
   15023       1.2236
   15024       1.2770
   15025       1.3151
   15026       1.3277
   15027       1.3295
   15028       1.2273
   15029       1.3461
   15030       1.5254
   15031       1.4727
   15032       1.3909
   15033       1.4991
   15034       1.4919
   15035       1.4572
   15036       1.4744
   15037       1.4814
   15038       1.3950
   15039       1.3428
   15040       1.3692
   15041       1.4204
   15042       1.4942
   15043       1.3102
   15044       1.3456
   15045       1.3574
   15046       1.4312
   15047       1.3338
   15048       1.3651
   15049       1.3470
   15050       1.3609
   15051       1.4612
   15052       1.3497
   15053       1.3735
   15054       1.3914
   15055       1.3960
   15056       1.3686
   15057       1.3656
   15058       1.3762
   15059       1.3311
   15060       1.2662
   15061       1.3429
   15062       1.4127
   15063       1.3581
   15064       1.4023
   15065       1.3122
   15066       1.3159
   15067       1.3051
   15068       1.3462
   15069       1.1281
   15070       1.2331
   15071       1.3094
   15072       1.3319
   15073       1.2933
   15074       1.2965
   15075       1.4275
   15076       1.2897
   15077       1.3670
   15078       1.2746
   15079       1.1926
   15080       1.3746
   15081       1.3599
   15082       1.4577
   15083       1.3702
   15084       1.3442
   15085       1.2816
   15086       1.3630
   15087       1.2992
   15088       1.1993
   15089       1.2255
   15090       1.3127
   15091       1.3061
   15092       1.2371
   15093       1.2615
   15094       1.2358
   15095       1.1678
   15096       1.1920
   15097       1.1871
   15098       1.2139
   15099       1.1966
   15100       1.1836
   15101       1.2319
   15102       1.3404
   15103       1.3449
   15104       1.3425
   15105       1.3604
   15106       1.3979
   15107       1.1963
   15108       1.2115
   15109       1.2578
   15110       1.1994
   15111       1.2347
   15112       1.2263
   15113       1.1819
   15114       1.2567
   15115       1.2535
   15116       1.2596
   15117       1.2214
   15118       1.2514
   15119       1.1443
   15120       1.2332
   15121       1.1641
   15122       1.1838
   15123       1.1662
   15124       1.1432
   15125       1.1580
   15126       0.9996
   15127       1.2263
   15128       1.1996
   15129       1.1770
   15130       1.3087
   15131       1.3343
   15132       1.3280
   15133       1.2325
   15134       1.2777
   15135       1.1551
   15136       1.2247
   15137       1.2394
   15138       1.2231
   15139       1.1427
   15140       1.1883
   15141       1.1881
   15142       1.1774
   15143       1.1748
   15144       1.2376
   15145       1.2028
   15146       1.2782
   15147       1.2568
   15148       1.3264
   15149       1.3319
   15150       1.3179
   15151       1.2383
   15152       1.3527
   15153       1.3344
   15154       1.3936
   15155       1.3164
   15156       1.3515
   15157       1.3277
   15158       1.4229
   15159       1.3204
   15160       1.3475
   15161       1.3026
   15162       1.2380
   15163       1.2413
   15164       1.1933
   15165       1.2147
   15166       1.2986
   15167       1.3821
   15168       1.3175
   15169       1.4162
   15170       1.3856
   15171       1.2601
   15172       1.2792
   15173       1.2633
   15174       1.2849
   15175       1.3877
   15176       1.2447
   15177       1.1915
   15178       1.2840
   15179       1.2333
   15180       1.2815
   15181       1.2705
   15182       1.3734
   15183       1.2808
   15184       1.3449
   15185       1.2618
   15186       1.2219
   15187       1.2750
   15188       1.2191
   15189       1.2558
   15190       1.4233
   15191       1.2795
   15192       1.2525
   15193       1.3244
   15194       1.2567
   15195       1.4771
   15196       1.3769
   15197       1.2555
   15198       1.2688
   15199       1.2270
   15200       1.3283
   15201       1.2565
   15202       1.2937
   15203       1.2742
   15204       1.2444
   15205       1.3179
   15206       1.3603
   15207       1.3820
   15208       1.3696
   15209       1.3006
   15210       1.2588
   15211       1.3940
   15212       1.2459
   15213       1.3582
   15214       1.3734
   15215       1.3180
   15216       1.3719
   15217       1.4487
   15218       1.4127
   15219       1.4683
   15220       1.3705
   15221       1.4288
   15222       1.3767
   15223       1.3125
   15224       1.3349
   15225       1.4293
   15226       1.4684
   15227       1.3932
   15228       1.3683
   15229       1.4373
   15230       1.3585
   15231       1.2781
   15232       1.2682
   15233       1.1914
   15234       1.2198
   15235       1.1769
   15236       1.2640
   15237       1.1811
   15238       1.1602
   15239       1.3413
   15240       1.3309
   15241       1.2749
   15242       1.1734
   15243       1.2783
   15244       1.2545
   15245       1.2493
   15246       1.2690
   15247       1.2533
   15248       1.3339
   15249       1.2120
   15250       1.2118
   15251       1.2598
   15252       1.1322
   15253       1.1355
   15254       1.2935
   15255       1.2447
   15256       1.2770
   15257       1.3253
   15258       1.2565
   15259       1.3508
   15260       1.3077
   15261       1.3147
   15262       1.3705
   15263       1.2389
   15264       1.4098
   15265       1.4172
   15266       1.2398
   15267       1.3394
   15268       1.2881
   15269       1.3586
   15270       1.3511
   15271       1.2697
   15272       1.3253
   15273       1.3388
   15274       1.3941
   15275       1.3408
   15276       1.3900
   15277       1.4895
   15278       1.4392
   15279       1.4949
   15280       1.5508
   15281       1.4286
   15282       1.5497
   15283       1.4522
   15284       1.5398
   15285       1.4894
   15286       1.4860
   15287       1.5190
   15288       1.4931
   15289       1.5120
   15290       1.4874
   15291       1.4638
   15292       1.5719
   15293       1.6044
   15294       1.6020
   15295       1.4086
   15296       1.4359
   15297       1.3497
   15298       1.3278
   15299       1.4318
   15300       1.3298
   15301       1.2900
   15302       1.3303
   15303       1.5166
   15304       1.5451
   15305       1.4839
   15306       1.4362
   15307       1.4555
   15308       1.5648
   15309       1.5761
   15310       1.5111
   15311       1.3959
   15312       1.4470
   15313       1.3411
   15314       1.4112
   15315       1.4226
   15316       1.3401
   15317       1.4998
   15318       1.5858
   15319       1.4609
   15320       1.4533
   15321       1.5457
   15322       1.5256
   15323       1.4222
   15324       1.4783
   15325       1.5276
   15326       1.4619
   15327       1.5132
   15328       1.5645
   15329       1.5519
   15330       1.4316
   15331       1.4389
   15332       1.5230
   15333       1.5229
   15334       1.6734
   15335       1.6451
   15336       1.5746
   15337       1.5796
   15338       1.6458
   15339       1.6998
   15340       1.7087
   15341       1.6672
   15342       1.6908
   15343       1.6145
   15344       1.6662
   15345       1.5132
   15346       1.4301
   15347       1.4193
   15348       1.4493
   15349       1.4851
   15350       1.3630
   15351       1.4432
   15352       1.3859
   15353       1.3861
   15354       1.4417
   15355       1.3827
   15356       1.4295
   15357       1.4535
   15358       1.4430
   15359       1.4558
   15360       1.5381
   15361       1.4575
   15362       1.5027
   15363       1.4406
   15364       1.4014
   15365       1.4068
   15366       1.3950
   15367       1.3078
   15368       1.3981
   15369       1.3389
   15370       1.4176
   15371       1.3936
   15372       1.5110
   15373       1.4633
   15374       1.3669
   15375       1.4757
   15376       1.3664
   15377       1.4071
   15378       1.3414
   15379       1.4660
   15380       1.4857
   15381       1.4195
   15382       1.3199
   15383       1.4453
   15384       1.3498
   15385       1.3092
   15386       1.3644
   15387       1.4942
   15388       1.5023
   15389       1.4522
   15390       1.4786
   15391       1.4228
   15392       1.4314
   15393       1.4621
   15394       1.4556
   15395       1.4420
   15396       1.4238
   15397       1.5448
   15398       1.4587
   15399       1.4165
   15400       1.4339
   15401       1.3964
   15402       1.4174
   15403       1.3629
   15404       1.3843
   15405       1.5098
   15406       1.5818
   15407       1.4992
   15408       1.4642
   15409       1.4311
   15410       1.4930
   15411       1.4677
   15412       1.5005
   15413       1.4425
   15414       1.5364
   15415       1.4672
   15416       1.4198
   15417       1.3975
   15418       1.3371
   15419       1.4095
   15420       1.4363
   15421       1.4003
   15422       1.4077
   15423       1.2902
   15424       1.3217
   15425       1.3669
   15426       1.4728
   15427       1.3546
   15428       1.4239
   15429       1.4707
   15430       1.5178
   15431       1.3592
   15432       1.4983
   15433       1.6267
   15434       1.5775
   15435       1.6110
   15436       1.8347
   15437       1.6977
   15438       1.6570
   15439       1.6684
   15440       1.6848
   15441       1.5907
   15442       1.4730
   15443       1.4683
   15444       1.5782
   15445       1.5441
   15446       1.5077
   15447       1.5290
   15448       1.6623
   15449       1.5323
   15450       1.6152
   15451       1.5902
   15452       1.5099
   15453       1.5980
   15454       1.5444
   15455       1.4752
   15456       1.5601
   15457       1.6010
   15458       1.5193
   15459       1.4779
   15460       1.3922
   15461       1.3770
   15462       1.4067
   15463       1.6176
   15464       1.6310
   15465       1.6566
   15466       1.5238
   15467       1.5116
   15468       1.4701
   15469       1.5062
   15470       1.6005
   15471       1.5147
   15472       1.4777
   15473       1.5501
   15474       1.5321
   15475       1.4820
   15476       1.5110
   15477       1.5513
   15478       1.4865
   15479       1.4891
   15480       1.3310
   15481       1.3666
   15482       1.5234
   15483       1.5082
   15484       1.5931
   15485       1.4763
   15486       1.6768
   15487       1.5894
   15488       1.5518
   15489       1.4760
   15490       1.4627
   15491       1.4955
   15492       1.4398
   15493       1.4577
   15494       1.4571
   15495       1.4580
   15496       1.4790
   15497       1.4019
   15498       1.3790
   15499       1.4239
   15500       1.3620
   15501       1.4057
   15502       1.4137
   15503       1.3621
   15504       1.4258
   15505       1.3356
   15506       1.3067
   15507       1.4300
   15508       1.4444
   15509       1.3639
   15510       1.4667
   15511       1.4626
   15512       1.2437
   15513       1.4513
   15514       1.3946
   15515       1.4697
   15516       1.4201
   15517       1.3607
   15518       1.3993
   15519       1.3366
   15520       1.4594
   15521       1.3908
   15522       1.3557
   15523       1.2796
   15524       1.1531
   15525       1.3097
   15526       1.2177
   15527       1.3772
   15528       1.3264
   15529       1.4070
   15530       1.3115
   15531       1.2653
   15532       1.2112
   15533       1.2625
   15534       1.2223
   15535       1.2176
   15536       1.2652
   15537       1.3823
   15538       1.3205
   15539       1.2174
   15540       1.4040
   15541       1.3565
   15542       1.3769
   15543       1.4711
   15544       1.4184
   15545       1.5200
   15546       1.4465
   15547       1.3466
   15548       1.4362
   15549       1.3307
   15550       1.4012
   15551       1.3588
   15552       1.1996
   15553       1.3456
   15554       1.1974
   15555       1.2612
   15556       1.2896
   15557       1.3763
   15558       1.2826
   15559       1.4838
   15560       1.3163
   15561       1.4536
   15562       1.4235
   15563       1.3002
   15564       1.4128
   15565       1.3787
   15566       1.3793
   15567       1.3855
   15568       1.3855
   15569       1.3721
   15570       1.5165
   15571       1.3442
   15572       1.3933
   15573       1.3455
   15574       1.3578
   15575       1.4049
   15576       1.3862
   15577       1.3779
   15578       1.4285
   15579       1.4483
   15580       1.4484
   15581       1.4196
   15582       1.3709
   15583       1.4804
   15584       1.3359
   15585       1.2990
   15586       1.3226
   15587       1.3499
   15588       1.3396
   15589       1.2818
   15590       1.3512
   15591       1.4014
   15592       1.4385
   15593       1.2567
   15594       1.2379
   15595       1.3071
   15596       1.3854
   15597       1.2683
   15598       1.1895
   15599       1.1332
   15600       1.0721
   15601       1.2829
   15602       1.3272
   15603       1.3123
   15604       1.2506
   15605       1.2065
   15606       1.2755
   15607       1.2843
   15608       1.1754
   15609       1.1478
   15610       1.2623
   15611       1.3014
   15612       1.3004
   15613       1.3021
   15614       1.3879
   15615       1.4249
   15616       1.4360
   15617       1.3231
   15618       1.2991
   15619       1.3404
   15620       1.2622
   15621       1.2364
   15622       1.1869
   15623       1.2957
   15624       1.3406
   15625       1.2526
   15626       1.3107
   15627       1.2248
   15628       1.2205
   15629       1.2443
   15630       1.3225
   15631       1.2253
   15632       1.2446
   15633       1.3091
   15634       1.2733
   15635       1.3054
   15636       1.2232
   15637       1.3202
   15638       1.3221
   15639       1.2565
   15640       1.2510
   15641       1.2051
   15642       1.2514
   15643       1.3165
   15644       1.3903
   15645       1.3988
   15646       1.4027
   15647       1.2936
   15648       1.3372
   15649       1.4031
   15650       1.3738
   15651       1.3338
   15652       1.4014
   15653       1.4036
   15654       1.4960
   15655       1.4767
   15656       1.4819
   15657       1.4334
   15658       1.4452
   15659       1.3886
   15660       1.3986
   15661       1.3188
   15662       1.4999
   15663       1.4733
   15664       1.4029
   15665       1.3882
   15666       1.3817
   15667       1.3926
   15668       1.3546
   15669       1.3245
   15670       1.2498
   15671       1.2571
   15672       1.1885
   15673       1.3817
   15674       1.4051
   15675       1.3923
   15676       1.2942
   15677       1.3038
   15678       1.3599
   15679       1.4725
   15680       1.4125
   15681       1.4786
   15682       1.5411
   15683       1.4855
   15684       1.3849
   15685       1.4471
   15686       1.4477
   15687       1.4441
   15688       1.4263
   15689       1.4035
   15690       1.3800
   15691       1.5000
   15692       1.3534
   15693       1.4509
   15694       1.3693
   15695       1.2923
   15696       1.2896
   15697       1.2869
   15698       1.3667
   15699       1.3170
   15700       1.2484
   15701       1.4797
   15702       1.3541
   15703       1.2970
   15704       1.4086
   15705       1.4171
   15706       1.3704
   15707       1.3692
   15708       1.3848
   15709       1.4547
   15710       1.4281
   15711       1.4181
   15712       1.4526
   15713       1.4136
   15714       1.4291
   15715       1.4038
   15716       1.4503
   15717       1.4637
   15718       1.3444
   15719       1.4577
   15720       1.4714
   15721       1.4145
   15722       1.3432
   15723       1.3381
   15724       1.3832
   15725       1.4249
   15726       1.5651
   15727       1.5067
   15728       1.5245
   15729       1.4540
   15730       1.3472
   15731       1.5087
   15732       1.4219
   15733       1.4004
   15734       1.4529
   15735       1.4851
   15736       1.5251
   15737       1.4714
   15738       1.5109
   15739       1.4991
   15740       1.4584
   15741       1.4384
   15742       1.5682
   15743       1.4869
   15744       1.5541
   15745       1.5571
   15746       1.5515
   15747       1.3345
   15748       1.4580
   15749       1.3031
   15750       1.4461
   15751       1.4665
   15752       1.3235
   15753       1.4317
   15754       1.5150
   15755       1.4562
   15756       1.5812
   15757       1.4631
   15758       1.5265
   15759       1.4309
   15760       1.5423
   15761       1.6018
   15762       1.4283
   15763       1.4157
   15764       1.5016
   15765       1.3345
   15766       1.4505
   15767       1.3169
   15768       1.4704
   15769       1.4340
   15770       1.4822
   15771       1.6724
   15772       1.5019
   15773       1.4395
   15774       1.5226
   15775       1.5693
   15776       1.5272
   15777       1.6293
   15778       1.4760
   15779       1.4513
   15780       1.5106
   15781       1.4522
   15782       1.4594
   15783       1.5472
   15784       1.5308
   15785       1.5200
   15786       1.3974
   15787       1.3839
   15788       1.4712
   15789       1.3604
   15790       1.4646
   15791       1.5410
   15792       1.6706
   15793       1.6709
   15794       1.6734
   15795       1.5778
   15796       1.6014
   15797       1.5715
   15798       1.5945
   15799       1.5924
   15800       1.5681
   15801       1.5305
   15802       1.4977
   15803       1.5547
   15804       1.4603
   15805       1.5620
   15806       1.4562
   15807       1.5382
   15808       1.5355
   15809       1.5461
   15810       1.4734
   15811       1.4610
   15812       1.4486
   15813       1.4183
   15814       1.4325
   15815       1.3675
   15816       1.4921
   15817       1.4437
   15818       1.4695
   15819       1.4229
   15820       1.4544
   15821       1.4740
   15822       1.3561
   15823       1.3107
   15824       1.2893
   15825       1.2389
   15826       1.2672
   15827       1.2959
   15828       1.3351
   15829       1.2228
   15830       1.2785
   15831       1.2882
   15832       1.2324
   15833       1.3553
   15834       1.2831
   15835       1.3987
   15836       1.3832
   15837       1.3936
   15838       1.2923
   15839       1.2970
   15840       1.3443
   15841       1.3894
   15842       1.3576
   15843       1.3082
   15844       1.2906
   15845       1.3564
   15846       1.4217
   15847       1.4403
   15848       1.4768
   15849       1.4521
   15850       1.4136
   15851       1.3787
   15852       1.3688
   15853       1.4072
   15854       1.4076
   15855       1.3642
   15856       1.3619
   15857       1.4359
   15858       1.4864
   15859       1.4173
   15860       1.5332
   15861       1.5521
   15862       1.5151
   15863       1.4319
   15864       1.4713
   15865       1.4874
   15866       1.5481
   15867       1.5238
   15868       1.5366
   15869       1.5596
   15870       1.5995
   15871       1.6877
   15872       1.6883
   15873       1.5619
   15874       1.5970
   15875       1.6267
   15876       1.6364
   15877       1.5910
   15878       1.5053
   15879       1.6046
   15880       1.5472
   15881       1.5681
   15882       1.4977
   15883       1.6167
   15884       1.6095
   15885       1.5103
   15886       1.6640
   15887       1.5861
   15888       1.5373
   15889       1.5319
   15890       1.5616
   15891       1.5441
   15892       1.5864
   15893       1.5308
   15894       1.4993
   15895       1.5034
   15896       1.5307
   15897       1.4411
   15898       1.4254
   15899       1.3814
   15900       1.4432
   15901       1.5810
   15902       1.4108
   15903       1.4779
   15904       1.5340
   15905       1.5538
   15906       1.4077
   15907       1.5829
   15908       1.5257
   15909       1.5155
   15910       1.4796
   15911       1.5337
   15912       1.5072
   15913       1.3899
   15914       1.2931
   15915       1.3590
   15916       1.4335
   15917       1.3791
   15918       1.2665
   15919       1.3846
   15920       1.4333
   15921       1.4150
   15922       1.4169
   15923       1.2554
   15924       1.2968
   15925       1.2971
   15926       1.2517
   15927       1.2628
   15928       1.3470
   15929       1.3101
   15930       1.4518
   15931       1.4001
   15932       1.2680
   15933       1.4113
   15934       1.4247
   15935       1.4833
   15936       1.5520
   15937       1.5258
   15938       1.5093
   15939       1.5103
   15940       1.4657
   15941       1.3485
   15942       1.3727
   15943       1.4501
   15944       1.3808
   15945       1.4700
   15946       1.4136
   15947       1.4663
   15948       1.5015
   15949       1.3957
   15950       1.4573
   15951       1.3026
   15952       1.3261
   15953       1.3779
   15954       1.2973
   15955       1.3053
   15956       1.1723
   15957       1.1931
   15958       1.1697
   15959       1.1195
   15960       1.2402
   15961       1.3432
   15962       1.3084
   15963       1.2700
   15964       1.2526
   15965       1.2225
   15966       1.2765
   15967       1.2694
   15968       1.2696
   15969       1.3334
   15970       1.3152
   15971       1.3085
   15972       1.2988
   15973       1.3422
   15974       1.2859
   15975       1.2470
   15976       1.3271
   15977       1.2464
   15978       1.1139
   15979       1.0621
   15980       1.0368
   15981       1.1733
   15982       1.1803
   15983       1.3368
   15984       1.3268
   15985       1.2919
   15986       1.2514
   15987       1.2656
   15988       1.4596
   15989       1.2399
   15990       1.3059
   15991       1.2436
   15992       1.3432
   15993       1.2330
   15994       1.2377
   15995       1.2539
   15996       1.3692
   15997       1.3865
   15998       1.2725
   15999       1.2083
   16000       1.2036
   16001       1.3524
   16002       1.3542
   16003       1.3645
   16004       1.3311
   16005       1.3080
   16006       1.3994
   16007       1.3657
   16008       1.2904
   16009       1.2026
   16010       1.3227
   16011       1.3744
   16012       1.4022
   16013       1.3451
   16014       1.2862
   16015       1.3749
   16016       1.3921
   16017       1.4967
   16018       1.4736
   16019       1.3672
   16020       1.4249
   16021       1.3760
   16022       1.3858
   16023       1.3340
   16024       1.4330
   16025       1.4015
   16026       1.5218
   16027       1.4606
   16028       1.4916
   16029       1.4737
   16030       1.4086
   16031       1.4551
   16032       1.4899
   16033       1.5144
   16034       1.5182
   16035       1.4741
   16036       1.4974
   16037       1.4651
   16038       1.5633
   16039       1.5090
   16040       1.5189
   16041       1.6363
   16042       1.6608
   16043       1.6254
   16044       1.5510
   16045       1.5570
   16046       1.5365
   16047       1.4651
   16048       1.3884
   16049       1.4158
   16050       1.4171
   16051       1.3701
   16052       1.3794
   16053       1.4282
   16054       1.4530
   16055       1.3741
   16056       1.4969
   16057       1.4511
   16058       1.3880
   16059       1.4374
   16060       1.3989
   16061       1.4655
   16062       1.2643
   16063       1.2372
   16064       1.2484
   16065       1.3233
   16066       1.3096
   16067       1.3092
   16068       1.4597
   16069       1.3952
   16070       1.3513
   16071       1.3351
   16072       1.3056
   16073       1.2315
   16074       1.2369
   16075       1.1786
   16076       1.2447
   16077       1.1660
   16078       1.2241
   16079       1.3632
   16080       1.3065
   16081       1.3905
   16082       1.3965
   16083       1.4691
   16084       1.3911
   16085       1.1186
   16086       1.2443
   16087       1.5894
   16088       1.3809
   16089       1.3626
   16090       1.4839
   16091       1.3138
   16092       1.2851
   16093       1.2893
   16094       1.2571
   16095       1.3430
   16096       1.4558
   16097       1.4735
   16098       1.4483
   16099       1.4501
   16100       1.3404
   16101       1.3101
   16102       1.3034
   16103       1.4636
   16104       1.4359
   16105       1.5282
   16106       1.3644
   16107       1.3161
   16108       1.3698
   16109       1.3170
   16110       1.3439
   16111       1.3172
   16112       1.3660
   16113       1.2924
   16114       1.1977
   16115       1.3434
   16116       1.5807
   16117       1.4808
   16118       1.3644
   16119       1.4771
   16120       1.3899
   16121       1.3365
   16122       1.4268
   16123       1.4688
   16124       1.5098
   16125       1.6510
   16126       1.4380
   16127       1.3482
   16128       1.5213
   16129       1.3766
   16130       1.3804
   16131       1.4190
   16132       1.4654
   16133       1.3920
   16134       1.3147
   16135       1.3673
   16136       1.3542
   16137       1.4787
   16138       1.3986
   16139       1.3143
   16140       1.3591
   16141       1.2488
   16142       1.2976
   16143       1.2828
   16144       1.2603
   16145       1.3287
   16146       1.3237
   16147       1.2165
   16148       1.2381
   16149       1.1638
   16150       1.3175
   16151       1.2616
   16152       1.2065
   16153       1.3474
   16154       1.2688
   16155       1.3012
   16156       1.2167
   16157       1.1520
   16158       1.1891
   16159       1.2619
   16160       1.2699
   16161       1.1826
   16162       1.2324
   16163       1.1766
   16164       1.2544
   16165       1.2665
   16166       1.2332
   16167       1.2904
   16168       1.2794
   16169       1.1729
   16170       1.3002
   16171       1.3469
   16172       1.3979
   16173       1.3577
   16174       1.2890
   16175       1.3587
   16176       1.3477
   16177       1.3561
   16178       1.4393
   16179       1.4214
   16180       1.3053
   16181       1.2703
   16182       1.3372
   16183       1.4119
   16184       1.3197
   16185       1.2718
   16186       1.3441
   16187       1.2935
   16188       1.4087
   16189       1.4254
   16190       1.3440
   16191       1.3864
   16192       1.3856
   16193       1.4033
   16194       1.3276
   16195       1.4096
   16196       1.3993
   16197       1.2917
   16198       1.2923
   16199       1.4219
   16200       1.4014
   16201       1.3198
   16202       1.3392
   16203       1.4514
   16204       1.5309
   16205       1.4824
   16206       1.4568
   16207       1.4834
   16208       1.4148
   16209       1.3434
   16210       1.2897
   16211       1.4946
   16212       1.3552
   16213       1.4889
   16214       1.4788
   16215       1.4240
   16216       1.4340
   16217       1.3605
   16218       1.2917
   16219       1.2811
   16220       1.3070
   16221       1.3087
   16222       1.2481
   16223       1.2088
   16224       1.3830
   16225       1.4601
   16226       1.4447
   16227       1.5128
   16228       1.4581
   16229       1.4381
   16230       1.3994
   16231       1.4834
   16232       1.4012
   16233       1.4507
   16234       1.3689
   16235       1.2910
   16236       1.3521
   16237       1.3679
   16238       1.3593
   16239       1.3890
   16240       1.4163
   16241       1.4056
   16242       1.4138
   16243       1.3379
   16244       1.3083
   16245       1.3697
   16246       1.3319
   16247       1.2348
   16248       1.2728
   16249       1.3091
   16250       1.3252
   16251       1.3316
   16252       1.3789
   16253       1.4627
   16254       1.4674
   16255       1.4039
   16256       1.5473
   16257       1.5210
   16258       1.4579
   16259       1.6294
   16260       1.4887
   16261       1.5225
   16262       1.3165
   16263       1.3052
   16264       1.4132
   16265       1.3988
   16266       1.4022
   16267       1.4814
   16268       1.3499
   16269       1.4233
   16270       1.4017
   16271       1.5324
   16272       1.6717
   16273       1.5229
   16274       1.4874
   16275       1.4349
   16276       1.4471
   16277       1.2602
   16278       1.3072
   16279       1.4059
   16280       1.3431
   16281       1.2583
   16282       1.3393
   16283       1.3995
   16284       1.4396
   16285       1.4720
   16286       1.3906
   16287       1.3854
   16288       1.2336
   16289       1.1531
   16290       1.1747
   16291       1.1470
   16292       1.1492
   16293       1.1709
   16294       1.2403
   16295       1.2168
   16296       1.2001
   16297       1.3199
   16298       1.2918
   16299       1.2855
   16300       1.2987
   16301       1.3762
   16302       1.3079
   16303       1.2792
   16304       1.4084
   16305       1.3092
   16306       1.2110
   16307       1.2384
   16308       1.2227
   16309       1.4096
   16310       1.3235
   16311       1.3148
   16312       1.3837
   16313       1.3553
   16314       1.2774
   16315       1.4241
   16316       1.3294
   16317       1.2559
   16318       1.3844
   16319       1.3017
   16320       1.3718
   16321       1.3854
   16322       1.1879
   16323       1.3518
   16324       1.2205
   16325       1.3638
   16326       1.3115
   16327       1.2935
   16328       1.1591
   16329       1.1408
   16330       1.2334
   16331       1.2693
   16332       1.2303
   16333       1.2940
   16334       1.2701
   16335       1.3738
   16336       1.3933
   16337       1.2529
   16338       1.2115
   16339       1.2554
   16340       1.2034
   16341       1.3336
   16342       1.1740
   16343       1.2572
   16344       1.3320
   16345       1.3133
   16346       1.2666
   16347       1.2745
   16348       1.3418
   16349       1.5176
   16350       1.3759
   16351       1.3595
   16352       1.3410
   16353       1.3193
   16354       1.2411
   16355       1.3458
   16356       1.3548
   16357       1.2552
   16358       1.2760
   16359       1.2474
   16360       1.1626
   16361       1.2522
   16362       1.3568
   16363       1.3671
   16364       1.2991
   16365       1.2462
   16366       1.1656
   16367       1.2930
   16368       1.2190
   16369       1.2178
   16370       1.2584
   16371       1.1941
   16372       1.3022
   16373       1.3044
   16374       1.3365
   16375       1.3367
   16376       1.2385
   16377       1.3438
   16378       1.2147
   16379       1.3027
   16380       1.2720
   16381       1.2240
   16382       1.3960
   16383       1.1729
   16384       1.1882
   16385       1.1762
   16386       1.4856
   16387       1.2978
   16388       1.3137
   16389       1.3059
   16390       1.3864
   16391       1.2831
   16392       1.3606
   16393       1.3994
   16394       1.2761
   16395       1.2906
   16396       1.3674
   16397       1.3928
   16398       1.4220
   16399       1.5055
   16400       1.3518
   16401       1.4141
   16402       1.3715
   16403       1.4554
   16404       1.4377
   16405       1.3858
   16406       1.4598
   16407       1.4336
   16408       1.3789
   16409       1.3937
   16410       1.4093
   16411       1.3302
   16412       1.3381
   16413       1.3227
   16414       1.3731
   16415       1.4385
   16416       1.4179
   16417       1.3465
   16418       1.3136
   16419       1.3760
   16420       1.2281
   16421       1.4279
   16422       1.3828
   16423       1.3808
   16424       1.4397
   16425       1.5582
   16426       1.6290
   16427       1.5822
   16428       1.5795
   16429       1.4628
   16430       1.5162
   16431       1.4971
   16432       1.4583
   16433       1.4763
   16434       1.4604
   16435       1.3663
   16436       1.4489
   16437       1.4843
   16438       1.5545
   16439       1.5283
   16440       1.3980
   16441       1.3710
   16442       1.5007
   16443       1.4944
   16444       1.3452
   16445       1.4130
   16446       1.3398
   16447       1.2560
   16448       1.3247
   16449       1.3679
   16450       1.4194
   16451       1.3746
   16452       1.3151
   16453       1.3141
   16454       1.3612
   16455       1.3651
   16456       1.3374
   16457       1.5459
   16458       1.2379
   16459       1.3737
   16460       1.3081
   16461       1.4167
   16462       1.2425
   16463       1.3629
   16464       1.3602
   16465       1.4067
   16466       1.4391
   16467       1.3324
   16468       1.3840
   16469       1.2063
   16470       1.3625
   16471       1.3788
   16472       1.3158
   16473       1.3103
   16474       1.3357
   16475       1.3690
   16476       1.3756
   16477       1.2714
   16478       1.2428
   16479       1.2187
   16480       1.2631
   16481       1.3613
   16482       1.3349
   16483       1.3264
   16484       1.2364
   16485       1.3897
   16486       1.3182
   16487       1.4118
   16488       1.3632
   16489       1.5044
   16490       1.4500
   16491       1.4065
   16492       1.3610
   16493       1.3208
   16494       1.2835
   16495       1.3663
   16496       1.3309
   16497       1.4132
   16498       1.3309
   16499       1.3702
   16500       1.2984
   16501       1.4022
   16502       1.3241
   16503       1.4509
   16504       1.4487
   16505       1.4410
   16506       1.3158
   16507       1.2967
   16508       1.2777
   16509       1.2858
   16510       1.3150
   16511       1.2648
   16512       1.3203
   16513       1.2054
   16514       1.2415
   16515       1.2889
   16516       1.3702
   16517       1.3580
   16518       1.3049
   16519       1.2778
   16520       1.3366
   16521       1.3436
   16522       1.3435
   16523       1.3114
   16524       1.4079
   16525       1.4408
   16526       1.3834
   16527       1.3869
   16528       1.4153
   16529       1.2485
   16530       1.2783
   16531       1.2492
   16532       1.4601
   16533       1.3365
   16534       1.3154
   16535       1.3673
   16536       1.2802
   16537       1.2378
   16538       1.3984
   16539       1.2798
   16540       1.2922
   16541       1.3795
   16542       1.3951
   16543       1.2894
   16544       1.3181
   16545       1.3297
   16546       1.3655
   16547       1.3611
   16548       1.3673
   16549       1.4656
   16550       1.4341
   16551       1.3857
   16552       1.3822
   16553       1.3081
   16554       1.3033
   16555       1.2138
   16556       1.1794
   16557       1.2711
   16558       1.2525
   16559       1.2337
   16560       1.1687
   16561       1.1361
   16562       1.1949
   16563       1.2404
   16564       1.1522
   16565       1.1929
   16566       1.1885
   16567       1.2501
   16568       1.1836
   16569       1.1400
   16570       1.1966
   16571       1.1354
   16572       1.1741
   16573       1.0932
   16574       1.2196
   16575       1.1889
   16576       1.3670
   16577       1.2840
   16578       1.3233
   16579       1.2676
   16580       1.2393
   16581       1.3982
   16582       1.1938
   16583       1.2541
   16584       1.1790
   16585       1.2084
   16586       1.2251
   16587       1.3413
   16588       1.2309
   16589       1.2813
   16590       1.2758
   16591       1.2827
   16592       1.2475
   16593       1.3073
   16594       1.3056
   16595       1.3122
   16596       1.3878
   16597       1.3223
   16598       1.2226
   16599       1.2599
   16600       1.2361
   16601       1.3411
   16602       1.3319
   16603       1.2513
   16604       1.2392
   16605       1.2637
   16606       1.3540
   16607       1.2355
   16608       1.2329
   16609       1.2133
   16610       1.1902
   16611       1.2447
   16612       1.1947
   16613       1.2046
   16614       1.0821
   16615       1.1536
   16616       1.1392
   16617       1.1570
   16618       1.2208
   16619       1.1502
   16620       1.1321
   16621       1.2152
   16622       1.1385
   16623       1.1356
   16624       1.1727
   16625       1.1645
   16626       1.1976
   16627       1.2325
   16628       1.2466
   16629       1.2673
   16630       1.1745
   16631       1.2361
   16632       1.0613
   16633       1.0660
   16634       1.1886
   16635       1.1246
   16636       1.2259
   16637       1.2234
   16638       1.2650
   16639       1.2218
   16640       1.2764
   16641       1.1726
   16642       1.2195
   16643       1.1917
   16644       1.1393
   16645       1.1707
   16646       1.1433
   16647       1.1834
   16648       1.0418
   16649       1.1907
   16650       1.1599
   16651       1.1053
   16652       1.2746
   16653       1.2499
   16654       1.3390
   16655       1.1744
   16656       1.3281
   16657       1.2919
   16658       1.4027
   16659       1.3669
   16660       1.3228
   16661       1.3279
   16662       1.4212
   16663       1.3333
   16664       1.2523
   16665       1.2858
   16666       1.2465
   16667       1.1958
   16668       1.1111
   16669       1.1717
   16670       1.2294
   16671       1.2386
   16672       1.1960
   16673       1.2790
   16674       1.3013
   16675       1.2509
   16676       1.1885
   16677       1.2052
   16678       1.2342
   16679       1.2070
   16680       1.3674
   16681       1.3259
   16682       1.2044
   16683       1.2685
   16684       1.1751
   16685       1.1520
   16686       1.1529
   16687       1.2242
   16688       1.1649
   16689       1.2069
   16690       1.2085
   16691       1.2897
   16692       1.2565
   16693       1.2801
   16694       1.2324
   16695       1.1396
   16696       1.1430
   16697       1.2443
   16698       1.2465
   16699       1.2845
   16700       1.2469
   16701       1.2096
   16702       1.2130
   16703       1.2120
   16704       1.2564
   16705       1.2252
   16706       1.2613
   16707       1.1734
   16708       1.1674
   16709       1.2303
   16710       1.2312
   16711       1.2760
   16712       1.3872
   16713       1.2720
   16714       1.2385
   16715       1.2515
   16716       1.2763
   16717       1.1973
   16718       1.2374
   16719       1.2050
   16720       1.2231
   16721       1.2434
   16722       1.3121
   16723       1.2939
   16724       1.1536
   16725       1.1783
   16726       1.1560
   16727       1.1576
   16728       1.2097
   16729       1.2292
   16730       1.1909
   16731       1.1946
   16732       1.2641
   16733       1.2776
   16734       1.1970
   16735       1.1871
   16736       1.2485
   16737       1.2092
   16738       1.2743
   16739       1.2646
   16740       1.3200
   16741       1.1416
   16742       1.2322
   16743       1.1572
   16744       1.1347
   16745       1.1486
   16746       1.2574
   16747       1.2120
   16748       1.2720
   16749       1.2831
   16750       1.2526
   16751       1.2275
   16752       1.2452
   16753       1.2770
   16754       1.2438
   16755       1.2932
   16756       1.2226
   16757       1.2645
   16758       1.2429
   16759       1.2745
   16760       1.3064
   16761       1.2265
   16762       1.1941
   16763       1.2246
   16764       1.1921
   16765       1.1464
   16766       1.2478
   16767       1.2635
   16768       1.2919
   16769       1.2219
   16770       1.2794
   16771       1.1393
   16772       1.2041
   16773       1.2511
   16774       1.2381
   16775       1.1671
   16776       1.1775
   16777       1.2325
   16778       1.1289
   16779       1.1069
   16780       1.1307
   16781       1.1070
   16782       1.1358
   16783       1.0730
   16784       1.2091
   16785       1.2042
   16786       1.2135
   16787       1.2557
   16788       1.2978
   16789       1.3543
   16790       1.1882
   16791       1.1946
   16792       1.2459
   16793       1.1837
   16794       1.2105
   16795       1.2088
   16796       1.1400
   16797       1.2713
   16798       1.2042
   16799       1.1876
   16800       1.1761
   16801       1.1338
   16802       1.1431
   16803       1.2439
   16804       1.1279
   16805       1.1453
   16806       1.2458
   16807       1.2688
   16808       1.1445
   16809       1.2410
   16810       1.1931
   16811       1.0941
   16812       1.2011
   16813       1.0929
   16814       1.1344
   16815       1.1462
   16816       1.0754
   16817       1.0728
   16818       1.1615
   16819       1.1494
   16820       1.0796
   16821       1.1269
   16822       1.2323
   16823       1.2101
   16824       1.0909
   16825       1.1164
   16826       1.1501
   16827       1.2017
   16828       1.2034
   16829       1.1522
   16830       1.1476
   16831       1.1282
   16832       1.2083
   16833       1.2163
   16834       1.1316
   16835       1.1749
   16836       1.1488
   16837       1.1774
   16838       1.1404
   16839       1.2110
   16840       1.1469
   16841       1.1580
   16842       1.1249
   16843       1.0436
   16844       1.1630
   16845       1.0948
   16846       1.0508
   16847       1.1584
   16848       1.1984
   16849       1.1496
   16850       1.1919
   16851       1.2361
   16852       1.1762
   16853       1.1268
   16854       1.1261
   16855       1.1164
   16856       1.1756
   16857       1.1608
   16858       1.2086
   16859       1.2209
   16860       1.1608
   16861       1.1611
   16862       1.1385
   16863       1.1263
   16864       1.2932
   16865       1.1691
   16866       1.1717
   16867       1.2176
   16868       1.2425
   16869       1.1408
   16870       1.1468
   16871       1.2316
   16872       1.2313
   16873       1.1555
   16874       1.0883
   16875       1.1987
   16876       1.1930
   16877       1.1294
   16878       1.1572
   16879       1.1727
   16880       1.2664
   16881       1.1891
   16882       1.1446
   16883       1.0968
   16884       1.1366
   16885       1.1251
   16886       1.1365
   16887       1.1476
   16888       1.0956
   16889       1.0876
   16890       1.1311
   16891       1.1467
   16892       1.0516
   16893       1.0689
   16894       1.1498
   16895       1.1325
   16896       1.0825
   16897       1.1211
   16898       1.1060
   16899       1.0944
   16900       1.1316
   16901       1.0955
   16902       1.1298
   16903       1.1724
   16904       1.0940
   16905       1.1214
   16906       1.1612
   16907       1.2043
   16908       1.1267
   16909       1.0939
   16910       1.1819
   16911       1.1773
   16912       1.2648
   16913       1.1532
   16914       1.1493
   16915       1.2137
   16916       1.1262
   16917       1.1121
   16918       1.1119
   16919       1.1973
   16920       1.1461
   16921       1.1921
   16922       1.1316
   16923       1.1243
   16924       1.0316
   16925       1.0522
   16926       1.1606
   16927       1.1376
   16928       1.1769
   16929       1.1142
   16930       1.1433
   16931       1.0994
   16932       1.1515
   16933       1.0710
   16934       1.2665
   16935       1.1123
   16936       1.1012
   16937       1.1924
   16938       1.0799
   16939       1.2175
   16940       1.2023
   16941       1.2063
   16942       1.1919
   16943       1.0774
   16944       1.2085
   16945       1.2470
   16946       1.3438
   16947       1.3233
   16948       1.3481
   16949       1.2262
   16950       1.2287
   16951       1.1976
   16952       1.2020
   16953       1.2007
   16954       1.1675
   16955       1.1558
   16956       1.2609
   16957       1.1987
   16958       1.2417
   16959       1.1418
   16960       1.1427
   16961       1.1883
   16962       1.2270
   16963       1.2243
   16964       1.2397
   16965       1.1529
   16966       1.0495
   16967       1.1084
   16968       1.0482
   16969       1.1538
   16970       1.0973
   16971       1.0484
   16972       1.1228
   16973       1.1236
   16974       1.0514
   16975       1.1767
   16976       1.1251
   16977       1.1775
   16978       1.1066
   16979       1.2321
   16980       1.1297
   16981       1.2055
   16982       1.2670
   16983       1.2053
   16984       1.1922
   16985       1.1631
   16986       1.1947
   16987       1.2265
   16988       1.1523
   16989       1.1049
   16990       1.2099
   16991       1.1339
   16992       1.0823
   16993       1.1722
   16994       1.2051
   16995       1.1800
   16996       1.1497
   16997       1.1068
   16998       1.1846
   16999       1.2348
   17000       1.1862
   17001       1.2135
   17002       1.1872
   17003       1.1807
   17004       1.1770
   17005       1.1732
   17006       1.1338
   17007       1.0949
   17008       1.1915
   17009       1.1935
   17010       1.2575
   17011       1.1693
   17012       1.1909
   17013       1.1678
   17014       1.2346
   17015       1.2139
   17016       1.2816
   17017       1.2570
   17018       1.0599
   17019       1.2017
   17020       1.2176
   17021       1.2439
   17022       1.3195
   17023       1.1956
   17024       1.1347
   17025       1.1654
   17026       1.1643
   17027       1.2246
   17028       1.2464
   17029       1.2026
   17030       1.1694
   17031       1.1890
   17032       1.2397
   17033       1.0991
   17034       1.2662
   17035       1.2090
   17036       1.2323
   17037       1.2351
   17038       1.2469
   17039       1.2952
   17040       1.2048
   17041       1.3177
   17042       1.2675
   17043       1.2095
   17044       1.2789
   17045       1.2142
   17046       1.2489
   17047       1.1488
   17048       1.2233
   17049       1.2208
   17050       1.2072
   17051       1.1604
   17052       1.1904
   17053       1.2143
   17054       1.2969
   17055       1.2921
   17056       1.2186
   17057       1.2045
   17058       1.1887
   17059       1.3167
   17060       1.2699
   17061       1.1830
   17062       1.2183
   17063       1.2988
   17064       1.2210
   17065       1.2343
   17066       1.2149
   17067       1.3262
   17068       1.2594
   17069       1.2335
   17070       1.2504
   17071       1.3137
   17072       1.1973
   17073       1.1095
   17074       1.1741
   17075       1.2548
   17076       1.2427
   17077       1.2791
   17078       1.3058
   17079       1.2915
   17080       1.2939
   17081       1.2447
   17082       1.2400
   17083       1.1917
   17084       1.1333
   17085       1.1763
   17086       1.2781
   17087       1.2688
   17088       1.3369
   17089       1.2808
   17090       1.2984
   17091       1.2188
   17092       1.1802
   17093       1.0528
   17094       1.0800
   17095       1.1530
   17096       1.0978
   17097       1.1969
   17098       1.0969
   17099       1.2234
   17100       1.2631
   17101       1.2341
   17102       1.2754
   17103       1.3026
   17104       1.1380
   17105       1.1962
   17106       1.1633
   17107       1.2019
   17108       1.1167
   17109       1.0616
   17110       1.3036
   17111       1.3461
   17112       1.2988
   17113       1.2702
   17114       1.1465
   17115       1.1805
   17116       1.2311
   17117       1.2225
   17118       1.2665
   17119       1.2714
   17120       1.2295
   17121       1.0712
   17122       1.1559
   17123       1.2014
   17124       1.1911
   17125       1.2205
   17126       1.3043
   17127       1.2928
   17128       1.2108
   17129       1.1913
   17130       1.2196
   17131       1.1800
   17132       1.0926
   17133       1.1998
   17134       1.1903
   17135       1.1685
   17136       1.2531
   17137       1.1924
   17138       1.1924
   17139       1.2638
   17140       1.2077
   17141       1.2542
   17142       1.2473
   17143       1.1940
   17144       1.1656
   17145       1.2454
   17146       1.3712
   17147       1.2171
   17148       1.2028
   17149       1.1055
   17150       1.1795
   17151       1.2168
   17152       1.1919
   17153       1.1893
   17154       1.2146
   17155       1.2111
   17156       1.2421
   17157       1.2818
   17158       1.2566
   17159       1.2341
   17160       1.2536
   17161       1.2241
   17162       1.3175
   17163       1.3193
   17164       1.3674
   17165       1.3411
   17166       1.3570
   17167       1.2501
   17168       1.2162
   17169       1.2521
   17170       1.2299
   17171       1.2270
   17172       1.1427
   17173       1.2111
   17174       1.1136
   17175       1.2586
   17176       1.2008
   17177       1.1642
   17178       1.0987
   17179       1.1388
   17180       1.1046
   17181       1.1551
   17182       1.0922
   17183       1.1456
   17184       1.1031
   17185       1.1425
   17186       1.0941
   17187       1.1952
   17188       1.2551
   17189       1.1798
   17190       1.2703
   17191       1.2508
   17192       1.2425
   17193       1.2787
   17194       1.2353
   17195       1.2653
   17196       1.2406
   17197       1.3187
   17198       1.2475
   17199       1.2355
   17200       1.3176
   17201       1.2643
   17202       1.3158
   17203       1.3791
   17204       1.4089
   17205       1.4275
   17206       1.3775
   17207       1.4473
   17208       1.3494
   17209       1.3346
   17210       1.4170
   17211       1.3668
   17212       1.3669
   17213       1.3612
   17214       1.3867
   17215       1.4135
   17216       1.3707
   17217       1.4154
   17218       1.3393
   17219       1.3480
   17220       1.3898
   17221       1.3369
   17222       1.3211
   17223       1.2589
   17224       1.3234
   17225       1.3789
   17226       1.2397
   17227       1.3264
   17228       1.3303
   17229       1.4013
   17230       1.4469
   17231       1.4364
   17232       1.3682
   17233       1.3773
   17234       1.3192
   17235       1.2872
   17236       1.3197
   17237       1.2215
   17238       1.1862
   17239       1.2277
   17240       1.1637
   17241       1.2233
   17242       1.2433
   17243       1.2222
   17244       1.3457
   17245       1.2446
   17246       1.2535
   17247       1.2518
   17248       1.2180
   17249       1.3180
   17250       1.4012
   17251       1.3828
   17252       1.3717
   17253       1.2990
   17254       1.4632
   17255       1.3596
   17256       1.3218
   17257       1.3576
   17258       1.2770
   17259       1.3220
   17260       1.2519
   17261       1.2336
   17262       1.2648
   17263       1.2898
   17264       1.2747
   17265       1.2818
   17266       1.2210
   17267       1.2713
   17268       1.3468
   17269       1.3848
   17270       1.3806
   17271       1.3840
   17272       1.3838
   17273       1.4397
   17274       1.3514
   17275       1.4014
   17276       1.3765
   17277       1.3412
   17278       1.3347
   17279       1.3575
   17280       1.3160
   17281       1.3258
   17282       1.3621
   17283       1.3645
   17284       1.2730
   17285       1.3178
   17286       1.3346
   17287       1.3895
   17288       1.4702
   17289       1.3416
   17290       1.3441
   17291       1.3451
   17292       1.3268
   17293       1.3665
   17294       1.2816
   17295       1.3165
   17296       1.3705
   17297       1.3285
   17298       1.2724
   17299       1.3990
   17300       1.4189
   17301       1.2630
   17302       1.2906
   17303       1.2951
   17304       1.3741
   17305       1.3797
   17306       1.4378
   17307       1.3629
   17308       1.3737
   17309       1.4572
   17310       1.4691
   17311       1.3740
   17312       1.3633
   17313       1.4138
   17314       1.4318
   17315       1.3773
   17316       1.4623
   17317       1.3981
   17318       1.4279
   17319       1.3955
   17320       1.3428
   17321       1.4415
   17322       1.3859
   17323       1.3113
   17324       1.4132
   17325       1.4435
   17326       1.4313
   17327       1.3894
   17328       1.2417
   17329       1.3418
   17330       1.3421
   17331       1.4134
   17332       1.4559
   17333       1.4986
   17334       1.3819
   17335       1.3717
   17336       1.4289
   17337       1.4536
   17338       1.2656
   17339       1.4162
   17340       1.4024
   17341       1.3355
   17342       1.3449
   17343       1.3964
   17344       1.3309
   17345       1.4085
   17346       1.4378
   17347       1.4545
   17348       1.4733
   17349       1.4701
   17350       1.4096
   17351       1.3962
   17352       1.3579
   17353       1.3102
   17354       1.2308
   17355       1.1635
   17356       1.2120
   17357       1.2658
   17358       1.2974
   17359       1.3978
   17360       1.2865
   17361       1.4456
   17362       1.3116
   17363       1.3565
   17364       1.4448
   17365       1.3017
   17366       1.3077
   17367       1.3397
   17368       1.3665
   17369       1.3122
   17370       1.2880
   17371       1.3311
   17372       1.3450
   17373       1.3023
   17374       1.3229
   17375       1.3861
   17376       1.3638
   17377       1.3606
   17378       1.4484
   17379       1.4021
   17380       1.3896
   17381       1.3683
   17382       1.3386
   17383       1.3141
   17384       1.3702
   17385       1.2649
   17386       1.2967
   17387       1.3221
   17388       1.3240
   17389       1.2878
   17390       1.2729
   17391       1.3626
   17392       1.3000
   17393       1.4063
   17394       1.2740
   17395       1.2488
   17396       1.3063
   17397       1.3460
   17398       1.3026
   17399       1.4973
   17400       1.4508
   17401       1.3674
   17402       1.3770
   17403       1.4258
   17404       1.4343
   17405       1.4079
   17406       1.3683
   17407       1.3441
   17408       1.2734
   17409       1.3356
   17410       1.3890
   17411       1.2456
   17412       1.2551
   17413       1.4402
   17414       1.3412
   17415       1.4096
   17416       1.4200
   17417       1.3396
   17418       1.3108
   17419       1.2875
   17420       1.3503
   17421       1.3691
   17422       1.3654
   17423       1.3392
   17424       1.3065
   17425       1.4842
   17426       1.4130
   17427       1.4617
   17428       1.3212
   17429       1.3177
   17430       1.3810
   17431       1.3998
   17432       1.3563
   17433       1.3217
   17434       1.3484
   17435       1.3290
   17436       1.4836
   17437       1.3585
   17438       1.4653
   17439       1.4202
   17440       1.3798
   17441       1.3813
   17442       1.4110
   17443       1.3745
   17444       1.3908
   17445       1.4130
   17446       1.3054
   17447       1.3267
   17448       1.2737
   17449       1.3190
   17450       1.4810
   17451       1.4279
   17452       1.3884
   17453       1.3491
   17454       1.4160
   17455       1.3579
   17456       1.4294
   17457       1.2941
   17458       1.3060
   17459       1.3990
   17460       1.3397
   17461       1.2832
   17462       1.3561
   17463       1.2821
   17464       1.3615
   17465       1.2792
   17466       1.3236
   17467       1.3313
   17468       1.3120
   17469       1.3201
   17470       1.4194
   17471       1.2633
   17472       1.2709
   17473       1.3830
   17474       1.3163
   17475       1.3486
   17476       1.3498
   17477       1.3447
   17478       1.4228
   17479       1.4135
   17480       1.3491
   17481       1.2560
   17482       1.2877
   17483       1.3644
   17484       1.3589
   17485       1.3739
   17486       1.3015
   17487       1.3280
   17488       1.4550
   17489       1.4348
   17490       1.5035
   17491       1.3858
   17492       1.4284
   17493       1.4348
   17494       1.3873
   17495       1.3070
   17496       1.3721
   17497       1.4228
   17498       1.3611
   17499       1.4396
   17500       1.3637
   17501       1.3665
   17502       1.3740
   17503       1.3517
   17504       1.3305
   17505       1.4689
   17506       1.4300
   17507       1.4531
   17508       1.4741
   17509       1.4762
   17510       1.4642
   17511       1.4525
   17512       1.4647
   17513       1.4534
   17514       1.4212
   17515       1.4249
   17516       1.4890
   17517       1.5493
   17518       1.5468
   17519       1.5020
   17520       1.4962
   17521       1.5758
   17522       1.4400
   17523       1.4359
   17524       1.4784
   17525       1.4457
   17526       1.4286
   17527       1.4765
   17528       1.4776
   17529       1.3881
   17530       1.4313
   17531       1.3905
   17532       1.3510
   17533       1.4151
   17534       1.4817
   17535       1.6128
   17536       1.4548
   17537       1.3339
   17538       1.3173
   17539       1.4890
   17540       1.4281
   17541       1.4224
   17542       1.4314
   17543       1.4810
   17544       1.4187
   17545       1.3642
   17546       1.3065
   17547       1.4618
   17548       1.5215
   17549       1.5490
   17550       1.4809
   17551       1.4308
   17552       1.4475
   17553       1.4033
   17554       1.3163
   17555       1.4129
   17556       1.4788
   17557       1.4330
   17558       1.4716
   17559       1.4137
   17560       1.3351
   17561       1.4096
   17562       1.3616
   17563       1.3706
   17564       1.3454
   17565       1.3801
   17566       1.4080
   17567       1.3845
   17568       1.3933
   17569       1.4013
   17570       1.4147
   17571       1.3261
   17572       1.3318
   17573       1.3593
   17574       1.3082
   17575       1.2839
   17576       1.3670
   17577       1.3889
   17578       1.3953
   17579       1.3295
   17580       1.3741
   17581       1.2495
   17582       1.2837
   17583       1.3034
   17584       1.3425
   17585       1.2939
   17586       1.3469
   17587       1.4600
   17588       1.3889
   17589       1.3289
   17590       1.3829
   17591       1.4082
   17592       1.3122
   17593       1.2969
   17594       1.3808
   17595       1.3330
   17596       1.3402
   17597       1.4412
   17598       1.3095
   17599       1.3451
   17600       1.3106
   17601       1.2912
   17602       1.2554
   17603       1.4383
   17604       1.5067
   17605       1.4203
   17606       1.3733
   17607       1.3812
   17608       1.4559
   17609       1.5111
   17610       1.3953
   17611       1.3901
   17612       1.4183
   17613       1.2970
   17614       1.3014
   17615       1.3292
   17616       1.5248
   17617       1.4571
   17618       1.4172
   17619       1.4694
   17620       1.4865
   17621       1.4503
   17622       1.3815
   17623       1.4479
   17624       1.5370
   17625       1.5027
   17626       1.5017
   17627       1.4921
   17628       1.5169
   17629       1.3554
   17630       1.5335
   17631       1.6336
   17632       1.5037
   17633       1.5287
   17634       1.3995
   17635       1.5039
   17636       1.3955
   17637       1.4295
   17638       1.4805
   17639       1.4201
   17640       1.4076
   17641       1.5547
   17642       1.5580
   17643       1.5415
   17644       1.4540
   17645       1.4402
   17646       1.4822
   17647       1.5234
   17648       1.4522
   17649       1.3374
   17650       1.4363
   17651       1.4068
   17652       1.5323
   17653       1.3743
   17654       1.4094
   17655       1.3532
   17656       1.3773
   17657       1.3792
   17658       1.4613
   17659       1.3663
   17660       1.2977
   17661       1.2788
   17662       1.4149
   17663       1.3455
   17664       1.3826
   17665       1.3430
   17666       1.3354
   17667       1.3798
   17668       1.2772
   17669       1.2906
   17670       1.3197
   17671       1.3049
   17672       1.3217
   17673       1.3082
   17674       1.3424
   17675       1.2926
   17676       1.3093
   17677       1.2764
   17678       1.3165
   17679       1.2714
   17680       1.2554
   17681       1.2803
   17682       1.3298
   17683       1.3041
   17684       1.3664
   17685       1.4162
   17686       1.2905
   17687       1.3693
   17688       1.3689
   17689       1.3649
   17690       1.3607
   17691       1.3035
   17692       1.2880
   17693       1.2666
   17694       1.3454
   17695       1.3031
   17696       1.2617
   17697       1.2657
   17698       1.3548
   17699       1.3088
   17700       1.2676
   17701       1.3311
   17702       1.2948
   17703       1.2679
   17704       1.2593
   17705       1.2740
   17706       1.2766
   17707       1.3626
   17708       1.4026
   17709       1.3257
   17710       1.3092
   17711       1.3334
   17712       1.3067
   17713       1.3109
   17714       1.2516
   17715       1.3117
   17716       1.4356
   17717       1.2911
   17718       1.2809
   17719       1.2414
   17720       1.1931
   17721       1.2921
   17722       1.2945
   17723       1.3709
   17724       1.3615
   17725       1.2498
   17726       1.2551
   17727       1.2904
   17728       1.3080
   17729       1.3140
   17730       1.3539
   17731       1.3212
   17732       1.3666
   17733       1.2102
   17734       1.2756
   17735       1.2523
   17736       1.1876
   17737       1.2380
   17738       1.2710
   17739       1.2785
   17740       1.2889
   17741       1.2756
   17742       1.2370
   17743       1.2876
   17744       1.3030
   17745       1.3977
   17746       1.3491
   17747       1.3328
   17748       1.2724
   17749       1.2875
   17750       1.2880
   17751       1.1871
   17752       1.2166
   17753       1.1893
   17754       1.2263
   17755       1.3166
   17756       1.1488
   17757       1.1654
   17758       1.2471
   17759       1.1499
   17760       1.1870
   17761       1.2182
   17762       1.2076
   17763       1.1987
   17764       1.1975
   17765       1.2782
   17766       1.2364
   17767       1.2946
   17768       1.3216
   17769       1.2768
   17770       1.3677
   17771       1.2903
   17772       1.3207
   17773       1.2756
   17774       1.3032
   17775       1.2460
   17776       1.2878
   17777       1.3181
   17778       1.3407
   17779       1.4494
   17780       1.3307
   17781       1.3728
   17782       1.3764
   17783       1.3325
   17784       1.3394
   17785       1.3660
   17786       1.3563
   17787       1.2927
   17788       1.3961
   17789       1.3818
   17790       1.4297
   17791       1.3996
   17792       1.4304
   17793       1.3205
   17794       1.2989
   17795       1.2418
   17796       1.3450
   17797       1.2562
   17798       1.3343
   17799       1.2632
   17800       1.3437
   17801       1.3226
   17802       1.3469
   17803       1.3202
   17804       1.3136
   17805       1.3170
   17806       1.1923
   17807       1.2976
   17808       1.3736
   17809       1.3119
   17810       1.2970
   17811       1.3481
   17812       1.2896
   17813       1.3324
   17814       1.2900
   17815       1.3124
   17816       1.2087
   17817       1.2893
   17818       1.3439
   17819       1.2589
   17820       1.2289
   17821       1.2214
   17822       1.2444
   17823       1.2133
   17824       1.2663
   17825       1.2761
   17826       1.1605
   17827       1.2428
   17828       1.2952
   17829       1.1932
   17830       1.3261
   17831       1.2706
   17832       1.3952
   17833       1.2952
   17834       1.2549
   17835       1.3484
   17836       1.3349
   17837       1.3097
   17838       1.2829
   17839       1.3513
   17840       1.3622
   17841       1.2781
   17842       1.2477
   17843       1.2982
   17844       1.2558
   17845       1.2975
   17846       1.3358
   17847       1.2561
   17848       1.2563
   17849       1.2828
   17850       1.1888
   17851       1.2345
   17852       1.2884
   17853       1.3086
   17854       1.2324
   17855       1.3159
   17856       1.3078
   17857       1.2789
   17858       1.2808
   17859       1.2768
   17860       1.2759
   17861       1.2747
   17862       1.2373
   17863       1.2321
   17864       1.2262
   17865       1.2676
   17866       1.1921
   17867       1.2874
   17868       1.3371
   17869       1.3214
   17870       1.2555
   17871       1.2505
   17872       1.2940
   17873       1.2592
   17874       1.2366
   17875       1.2907
   17876       1.2261
   17877       1.2141
   17878       1.2433
   17879       1.3648
   17880       1.2242
   17881       1.2565
   17882       1.2150
   17883       1.2808
   17884       1.2999
   17885       1.3715
   17886       1.3223
   17887       1.2655
   17888       1.3047
   17889       1.2462
   17890       1.3740
   17891       1.3761
   17892       1.3585
   17893       1.3438
   17894       1.4183
   17895       1.3094
   17896       1.2714
   17897       1.2791
   17898       1.3147
   17899       1.3008
   17900       1.3476
   17901       1.3221
   17902       1.3697
   17903       1.3150
   17904       1.3288
   17905       1.3168
   17906       1.2993
   17907       1.2358
   17908       1.2346
   17909       1.3370
   17910       1.3213
   17911       1.2537
   17912       1.2874
   17913       1.3260
   17914       1.2245
   17915       1.2293
   17916       1.2360
   17917       1.2492
   17918       1.2816
   17919       1.3008
   17920       1.2814
   17921       1.3281
   17922       1.2726
   17923       1.3045
   17924       1.2946
   17925       1.3046
   17926       1.2632
   17927       1.3377
   17928       1.2837
   17929       1.2863
   17930       1.3296
   17931       1.2952
   17932       1.3138
   17933       1.3259
   17934       1.2872
   17935       1.2667
   17936       1.3305
   17937       1.2659
   17938       1.2141
   17939       1.2867
   17940       1.2428
   17941       1.2472
   17942       1.2434
   17943       1.2566
   17944       1.2113
   17945       1.2716
   17946       1.2711
   17947       1.2446
   17948       1.2652
   17949       1.2728
   17950       1.2562
   17951       1.2413
   17952       1.1763
   17953       1.2734
   17954       1.2792
   17955       1.2839
   17956       1.1830
   17957       1.2172
   17958       1.2324
   17959       1.2608
   17960       1.3011
   17961       1.2408
   17962       1.3191
   17963       1.3515
   17964       1.2774
   17965       1.2237
   17966       1.2692
   17967       1.2245
   17968       1.2998
   17969       1.2427
   17970       1.2516
   17971       1.2802
   17972       1.2772
   17973       1.2621
   17974       1.2632
   17975       1.2509
   17976       1.2751
   17977       1.2826
   17978       1.2825
   17979       1.2632
   17980       1.2388
   17981       1.2231
   17982       1.2265
   17983       1.2228
   17984       1.3074
   17985       1.3018
   17986       1.4079
   17987       1.3499
   17988       1.3211
   17989       1.2512
   17990       1.2649
   17991       1.2455
   17992       1.3302
   17993       1.4400
   17994       1.4142
   17995       1.3896
   17996       1.4077
   17997       1.3403
   17998       1.3460
   17999       1.3597
   18000       1.4098
   18001       1.3657
   18002       1.3950
   18003       1.3780
   18004       1.3328
   18005       1.3682
   18006       1.4823
   18007       1.3640
   18008       1.4539
   18009       1.4592
   18010       1.3660
   18011       1.4398
   18012       1.4380
   18013       1.4021
   18014       1.4112
   18015       1.3863
   18016       1.3472
   18017       1.3863
   18018       1.4119
   18019       1.3533
   18020       1.3681
   18021       1.3994
   18022       1.3516
   18023       1.3889
   18024       1.3275
   18025       1.3162
   18026       1.2674
   18027       1.2336
   18028       1.2620
   18029       1.2594
   18030       1.2336
   18031       1.3055
   18032       1.2775
   18033       1.3397
   18034       1.2201
   18035       1.2484
   18036       1.2246
   18037       1.2703
   18038       1.2923
   18039       1.2457
   18040       1.3313
   18041       1.3175
   18042       1.2841
   18043       1.2536
   18044       1.2040
   18045       1.2703
   18046       1.3110
   18047       1.3195
   18048       1.2708
   18049       1.2450
   18050       1.3010
   18051       1.4538
   18052       1.3657
   18053       1.4110
   18054       1.3669
   18055       1.2647
   18056       1.3392
   18057       1.3027
   18058       1.3398
   18059       1.4437
   18060       1.3427
   18061       1.2352
   18062       1.2834
   18063       1.2933
   18064       1.2826
   18065       1.3089
   18066       1.3557
   18067       1.2562
   18068       1.3369
   18069       1.2593
   18070       1.2444
   18071       1.2351
   18072       1.2258
   18073       1.2996
   18074       1.1968
   18075       1.2056
   18076       1.1327
   18077       1.1979
   18078       1.1671
   18079       1.1472
   18080       1.2083
   18081       1.1366
   18082       1.1462
   18083       1.1619
   18084       1.2542
   18085       1.3195
   18086       1.2234
   18087       1.2820
   18088       1.3511
   18089       1.2492
   18090       1.3218
   18091       1.3211
   18092       1.2537
   18093       1.3026
   18094       1.3514
   18095       1.3281
   18096       1.3013
   18097       1.2547
   18098       1.2851
   18099       1.2508
   18100       1.2807
   18101       1.2856
   18102       1.2407
   18103       1.2188
   18104       1.2475
   18105       1.2342
   18106       1.2070
   18107       1.2558
   18108       1.2667
   18109       1.2460
   18110       1.2655
   18111       1.3310
   18112       1.2668
   18113       1.2288
   18114       1.2758
   18115       1.3167
   18116       1.2176
   18117       1.3876
   18118       1.3302
   18119       1.3392
   18120       1.3797
   18121       1.3378
   18122       1.2764
   18123       1.2940
   18124       1.3370
   18125       1.3485
   18126       1.3317
   18127       1.3482
   18128       1.3397
   18129       1.3431
   18130       1.3362
   18131       1.3326
   18132       1.3562
   18133       1.3040
   18134       1.3078
   18135       1.3027
   18136       1.2987
   18137       1.3481
   18138       1.3065
   18139       1.3186
   18140       1.3261
   18141       1.2533
   18142       1.2204
   18143       1.3396
   18144       1.2450
   18145       1.3093
   18146       1.2987
   18147       1.3669
   18148       1.3722
   18149       1.3904
   18150       1.2923
   18151       1.3450
   18152       1.3758
   18153       1.3671
   18154       1.4196
   18155       1.2774
   18156       1.2557
   18157       1.1956
   18158       1.2440
   18159       1.3705
   18160       1.3053
   18161       1.2717
   18162       1.3121
   18163       1.4191
   18164       1.3714
   18165       1.2333
   18166       1.2141
   18167       1.2439
   18168       1.3398
   18169       1.2492
   18170       1.2140
   18171       1.2778
   18172       1.3623
   18173       1.3669
   18174       1.3929
   18175       1.2986
   18176       1.3286
   18177       1.3370
   18178       1.3219
   18179       1.3463
   18180       1.2775
   18181       1.2918
   18182       1.1784
   18183       1.2642
   18184       1.3100
   18185       1.2152
   18186       1.2668
   18187       1.2883
   18188       1.2098
   18189       1.1662
   18190       1.2320
   18191       1.2339
   18192       1.2724
   18193       1.3498
   18194       1.2938
   18195       1.2926
   18196       1.3270
   18197       1.2875
   18198       1.3309
   18199       1.3010
   18200       1.3117
   18201       1.2416
   18202       1.2950
   18203       1.1729
   18204       1.1842
   18205       1.2002
   18206       1.2474
   18207       1.2695
   18208       1.2961
   18209       1.2632
   18210       1.2065
   18211       1.1827
   18212       1.2930
   18213       1.2397
   18214       1.2957
   18215       1.2422
   18216       1.2928
   18217       1.2211
   18218       1.2154
   18219       1.1669
   18220       1.2105
   18221       1.2033
   18222       1.2258
   18223       1.1885
   18224       1.2531
   18225       1.2578
   18226       1.2712
   18227       1.1879
   18228       1.2657
   18229       1.1941
   18230       1.2688
   18231       1.3008
   18232       1.2461
   18233       1.2928
   18234       1.1779
   18235       1.2275
   18236       1.3004
   18237       1.2685
   18238       1.3386
   18239       1.2367
   18240       1.3190
   18241       1.2707
   18242       1.2737
   18243       1.1752
   18244       1.2633
   18245       1.2496
   18246       1.2814
   18247       1.2435
   18248       1.1860
   18249       1.2215
   18250       1.2854
   18251       1.2544
   18252       1.2018
   18253       1.1868
   18254       1.2937
   18255       1.2517
   18256       1.2424
   18257       1.2424
   18258       1.2424
   18259       1.2686
   18260       1.2604
   18261       1.1996
   18262       1.1499
   18263       1.1493
   18264       1.2389
   18265       1.2473
   18266       1.1552
   18267       1.2711
   18268       1.1614
   18269       1.2224
   18270       1.2488
   18271       1.1943
   18272       1.2889
   18273       1.1844
   18274       1.1550
   18275       1.1919
   18276       1.2151
   18277       1.2132
   18278       1.2072
   18279       1.1857
   18280       1.2288
   18281       1.1851
   18282       1.2432
   18283       1.2061
   18284       1.1888
   18285       1.2411
   18286       1.1889
   18287       1.2049
   18288       1.2138
   18289       1.1955
   18290       1.1992
   18291       1.1633
   18292       1.2521
   18293       1.1994
   18294       1.1499
   18295       1.1617
   18296       1.1190
   18297       1.1928
   18298       1.1747
   18299       1.1963
   18300       1.1785
   18301       1.1589
   18302       1.0780
   18303       1.1333
   18304       1.2240
   18305       1.1851
   18306       1.1615
   18307       1.2224
   18308       1.2226
   18309       1.2297
   18310       1.1748
   18311       1.2177
   18312       1.2088
   18313       1.2512
   18314       1.2420
   18315       1.2751
   18316       1.2105
   18317       1.2816
   18318       1.3061
   18319       1.3397
   18320       1.2433
   18321       1.2954
   18322       1.2526
   18323       1.2014
   18324       1.2610
   18325       1.2778
   18326       1.2702
   18327       1.2675
   18328       1.2706
   18329       1.2457
   18330       1.2637
   18331       1.2979
   18332       1.2718
   18333       1.2283
   18334       1.2362
   18335       1.2855
   18336       1.2663
   18337       1.2489
   18338       1.2620
   18339       1.1799
   18340       1.2347
   18341       1.2228
   18342       1.2191
   18343       1.2294
   18344       1.2317
   18345       1.2211
   18346       1.2713
   18347       1.2464
   18348       1.2502
   18349       1.3527
   18350       1.2764
   18351       1.2203
   18352       1.2545
   18353       1.2481
   18354       1.2215
   18355       1.2310
   18356       1.2884
   18357       1.2095
   18358       1.3075
   18359       1.1949
   18360       1.2963
   18361       1.3341
   18362       1.2988
   18363       1.3648
   18364       1.2701
   18365       1.2656
   18366       1.3670
   18367       1.3707
   18368       1.4047
   18369       1.3753
   18370       1.2969
   18371       1.1784
   18372       1.2104
   18373       1.1623
   18374       1.2140
   18375       1.2485
   18376       1.2922
   18377       1.3290
   18378       1.2780
   18379       1.2733
   18380       1.2878
   18381       1.2400
   18382       1.2109
   18383       1.1900
   18384       1.2127
   18385       1.2482
   18386       1.3402
   18387       1.2714
   18388       1.2287
   18389       1.2373
   18390       1.2367
   18391       1.3011
   18392       1.2438
   18393       1.2228
   18394       1.2734
   18395       1.2452
   18396       1.2261
   18397       1.2696
   18398       1.2171
   18399       1.1653
   18400       1.2301
   18401       1.2785
   18402       1.1776
   18403       1.2808
   18404       1.2212
   18405       1.2418
   18406       1.3001
   18407       1.2292
   18408       1.2014
   18409       1.1861
   18410       1.1822
   18411       1.2019
   18412       1.1816
   18413       1.1802
   18414       1.1428
   18415       1.1479
   18416       1.2154
   18417       1.2200
   18418       1.3294
   18419       1.3147
   18420       1.2684
   18421       1.1162
   18422       1.1992
   18423       1.1887
   18424       1.1937
   18425       1.1682
   18426       1.2207
   18427       1.1649
   18428       1.1559
   18429       1.1511
   18430       1.1222
   18431       1.1743
   18432       1.2075
   18433       1.2498
   18434       1.2047
   18435       1.2019
   18436       1.1923
   18437       1.2179
   18438       1.2595
   18439       1.1954
   18440       1.2347
   18441       1.2406
   18442       1.2447
   18443       1.2232
   18444       1.2774
   18445       1.2135
   18446       1.1653
   18447       1.1625
   18448       1.2476
   18449       1.2752
   18450       1.1920
   18451       1.2142
   18452       1.1804
   18453       1.1984
   18454       1.2219
   18455       1.1033
   18456       1.1697
   18457       1.1479
   18458       1.2539
   18459       1.2250
   18460       1.2224
   18461       1.1942
   18462       1.3106
   18463       1.2343
   18464       1.3213
   18465       1.3135
   18466       1.2381
   18467       1.3068
   18468       1.3027
   18469       1.3139
   18470       1.2996
   18471       1.3031
   18472       1.2894
   18473       1.3253
   18474       1.2742
   18475       1.2768
   18476       1.3158
   18477       1.2394
   18478       1.1929
   18479       1.3175
   18480       1.2095
   18481       1.2542
   18482       1.1779
   18483       1.2096
   18484       1.2159
   18485       1.2560
   18486       1.1895
   18487       1.1540
   18488       1.2260
   18489       1.2129
   18490       1.2326
   18491       1.1705
   18492       1.2730
   18493       1.2879
   18494       1.2759
   18495       1.2942
   18496       1.2720
   18497       1.2611
   18498       1.2812
   18499       1.3166
   18500       1.2631
   18501       1.2842
   18502       1.2631
   18503       1.1991
   18504       1.1521
   18505       1.2022
   18506       1.3083
   18507       1.2156
   18508       1.2057
   18509       1.2635
   18510       1.1430
   18511       1.1331
   18512       1.2390
   18513       1.2601
   18514       1.2282
   18515       1.1786
   18516       1.3354
   18517       1.2115
   18518       1.3690
   18519       1.3253
   18520       1.4429
   18521       1.3180
   18522       1.3145
   18523       1.3608
   18524       1.3909
   18525       1.3917
   18526       1.3163
   18527       1.3073
   18528       1.3077
   18529       1.2912
   18530       1.2032
   18531       1.2644
   18532       1.1966
   18533       1.2819
   18534       1.2406
   18535       1.2554
   18536       1.3115
   18537       1.3040
   18538       1.2052
   18539       1.3070
   18540       1.2669
   18541       1.2690
   18542       1.3029
   18543       1.2678
   18544       1.3569
   18545       1.2602
   18546       1.2059
   18547       1.3151
   18548       1.3330
   18549       1.3098
   18550       1.2793
   18551       1.3108
   18552       1.2623
   18553       1.3160
   18554       1.3306
   18555       1.3679
   18556       1.3078
   18557       1.3021
   18558       1.3022
   18559       1.3259
   18560       1.2841
   18561       1.3338
   18562       1.2886
   18563       1.3427
   18564       1.2812
   18565       1.2528
   18566       1.3052
   18567       1.3776
   18568       1.3477
   18569       1.4139
   18570       1.3285
   18571       1.3207
   18572       1.2565
   18573       1.2135
   18574       1.3574
   18575       1.2977
   18576       1.2955
   18577       1.3360
   18578       1.1827
   18579       1.2963
   18580       1.2808
   18581       1.3000
   18582       1.3051
   18583       1.3801
   18584       1.2620
   18585       1.3706
   18586       1.2086
   18587       1.4293
   18588       1.4294
   18589       1.3545
   18590       1.2529
   18591       1.3609
   18592       1.2421
   18593       1.3195
   18594       1.3418
   18595       1.2821
   18596       1.2908
   18597       1.2600
   18598       1.3557
   18599       1.3332
   18600       1.3804
   18601       1.2318
   18602       1.2154
   18603       1.2271
   18604       1.2562
   18605       1.2010
   18606       1.2261
   18607       1.2137
   18608       1.2477
   18609       1.2962
   18610       1.3439
   18611       1.2280
   18612       1.2793
   18613       1.2385
   18614       1.2353
   18615       1.3164
   18616       1.3351
   18617       1.2936
   18618       1.2809
   18619       1.3197
   18620       1.4220
   18621       1.3594
   18622       1.3817
   18623       1.4111
   18624       1.2618
   18625       1.3152
   18626       1.3441
   18627       1.2085
   18628       1.3021
   18629       1.2063
   18630       1.2187
   18631       1.3344
   18632       1.2643
   18633       1.2175
   18634       1.1684
   18635       1.2775
   18636       1.2091
   18637       1.2660
   18638       1.3058
   18639       1.2848
   18640       1.2958
   18641       1.3286
   18642       1.1991
   18643       1.1615
   18644       1.1203
   18645       1.1617
   18646       1.1686
   18647       1.2017
   18648       1.2077
   18649       1.2094
   18650       1.2044
   18651       1.1332
   18652       1.1526
   18653       1.2624
   18654       1.2176
   18655       1.2160
   18656       1.1765
   18657       1.1394
   18658       1.1767
   18659       1.2153
   18660       1.2598
   18661       1.2300
   18662       1.1913
   18663       1.1543
   18664       1.1986
   18665       1.1832
   18666       1.2307
   18667       1.1710
   18668       1.1372
   18669       1.1780
   18670       1.2190
   18671       1.2466
   18672       1.1429
   18673       1.1629
   18674       1.1954
   18675       1.1562
   18676       1.1831
   18677       1.2145
   18678       1.2389
   18679       1.2017
   18680       1.3120
   18681       1.2580
   18682       1.2907
   18683       1.2170
   18684       1.2328
   18685       1.2056
   18686       1.2503
   18687       1.2695
   18688       1.2069
   18689       1.2251
   18690       1.2375
   18691       1.2402
   18692       1.2244
   18693       1.2842
   18694       1.2749
   18695       1.2264
   18696       1.2426
   18697       1.3088
   18698       1.2256
   18699       1.2417
   18700       1.2463
   18701       1.2203
   18702       1.2667
   18703       1.3167
   18704       1.2771
   18705       1.2230
   18706       1.2623
   18707       1.3333
   18708       1.1844
   18709       1.2620
   18710       1.2703
   18711       1.2312
   18712       1.1926
   18713       1.2718
   18714       1.1734
   18715       1.1844
   18716       1.2576
   18717       1.2340
   18718       1.1715
   18719       1.2516
   18720       1.1847
   18721       1.2848
   18722       1.2680
   18723       1.2727
   18724       1.2130
   18725       1.2163
   18726       1.1727
   18727       1.1607
   18728       1.1617
   18729       1.3277
   18730       1.2300
   18731       1.2493
   18732       1.2103
   18733       1.1567
   18734       1.0844
   18735       1.1269
   18736       1.1511
   18737       1.1607
   18738       1.1880
   18739       1.1847
   18740       1.2185
   18741       1.1811
   18742       1.1316
   18743       1.1027
   18744       1.1549
   18745       1.1407
   18746       1.1711
   18747       1.1701
   18748       1.2144
   18749       1.2244
   18750       1.1148
   18751       1.2010
   18752       1.1133
   18753       1.1622
   18754       1.1822
   18755       1.1507
   18756       1.1688
   18757       1.0929
   18758       1.1479
   18759       1.1906
   18760       1.1162
   18761       1.1528
   18762       1.1136
   18763       1.1098
   18764       1.2303
   18765       1.2651
   18766       1.2268
   18767       1.2074
   18768       1.1775
   18769       1.1180
   18770       1.2035
   18771       1.2188
   18772       1.1961
   18773       1.2111
   18774       1.1486
   18775       1.1498
   18776       1.2395
   18777       1.2092
   18778       1.1917
   18779       1.2158
   18780       1.1621
   18781       1.1664
   18782       1.1845
   18783       1.2688
   18784       1.2469
   18785       1.1888
   18786       1.2453
   18787       1.2164
   18788       1.2243
   18789       1.2277
   18790       1.1900
   18791       1.2775
   18792       1.2478
   18793       1.2403
   18794       1.1456
   18795       1.1849
   18796       1.1586
   18797       1.1542
   18798       1.1584
   18799       1.2047
   18800       1.1754
   18801       1.2044
   18802       1.1810
   18803       1.2533
   18804       1.3207
   18805       1.2294
   18806       1.3126
   18807       1.1942
   18808       1.3181
   18809       1.2745
   18810       1.2449
   18811       1.2887
   18812       1.2190
   18813       1.2900
   18814       1.2391
   18815       1.2441
   18816       1.2487
   18817       1.2471
   18818       1.2462
   18819       1.1428
   18820       1.1833
   18821       1.1994
   18822       1.2033
   18823       1.1260
   18824       1.1266
   18825       1.1217
   18826       1.1705
   18827       1.2416
   18828       1.1696
   18829       1.2524
   18830       1.1721
   18831       1.2317
   18832       1.2387
   18833       1.2317
   18834       1.1899
   18835       1.2400
   18836       1.2276
   18837       1.2426
   18838       1.1982
   18839       1.2641
   18840       1.2855
   18841       1.2084
   18842       1.2294
   18843       1.2598
   18844       1.3001
   18845       1.1979
   18846       1.3025
   18847       1.2932
   18848       1.1949
   18849       1.2399
   18850       1.2818
   18851       1.1382
   18852       1.2695
   18853       1.2236
   18854       1.2663
   18855       1.2565
   18856       1.1834
   18857       1.1890
   18858       1.1644
   18859       1.2087
   18860       1.2601
   18861       1.2055
   18862       1.1973
   18863       1.2316
   18864       1.1827
   18865       1.3128
   18866       1.3377
   18867       1.3304
   18868       1.2586
   18869       1.2798
   18870       1.2315
   18871       1.2911
   18872       1.2277
   18873       1.2229
   18874       1.2149
   18875       1.1948
   18876       1.2496
   18877       1.1871
   18878       1.1794
   18879       1.2841
   18880       1.2236
   18881       1.2532
   18882       1.1651
   18883       1.2155
   18884       1.2171
   18885       1.2227
   18886       1.3332
   18887       1.2611
   18888       1.3846
   18889       1.2117
   18890       1.3651
   18891       1.2904
   18892       1.2357
   18893       1.2088
   18894       1.3783
   18895       1.3286
   18896       1.3660
   18897       1.3173
   18898       1.3676
   18899       1.3664
   18900       1.2687
   18901       1.3257
   18902       1.2683
   18903       1.2424
   18904       1.2252
   18905       1.2614
   18906       1.2688
   18907       1.2522
   18908       1.1973
   18909       1.3329
   18910       1.2489
   18911       1.3181
   18912       1.3487
   18913       1.3351
   18914       1.3252
   18915       1.3754
   18916       1.3198
   18917       1.2196
   18918       1.3267
   18919       1.2799
   18920       1.2857
   18921       1.2409
   18922       1.3570
   18923       1.3015
   18924       1.2292
   18925       1.2543
   18926       1.2605
   18927       1.2554
   18928       1.3085
   18929       1.3795
   18930       1.3309
   18931       1.3309
   18932       1.3126
   18933       1.2480
   18934       1.2306
   18935       1.2642
   18936       1.2397
   18937       1.2776
   18938       1.2908
   18939       1.2862
   18940       1.3888
   18941       1.3156
   18942       1.3101
   18943       1.3791
   18944       1.3351
   18945       1.3711
   18946       1.3060
   18947       1.2317
   18948       1.2114
   18949       1.2230
   18950       1.2238
   18951       1.3443
   18952       1.2605
   18953       1.2559
   18954       1.2305
   18955       1.3044
   18956       1.2212
   18957       1.2723
   18958       1.2243
   18959       1.1658
   18960       1.2153
   18961       1.2634
   18962       1.2499
   18963       1.2826
   18964       1.2070
   18965       1.2838
   18966       1.3351
   18967       1.3725
   18968       1.2689
   18969       1.2662
   18970       1.3259
   18971       1.3458
   18972       1.4145
   18973       1.3339
   18974       1.3618
   18975       1.3572
   18976       1.3146
   18977       1.3862
   18978       1.4036
   18979       1.3848
   18980       1.3428
   18981       1.3435
   18982       1.3380
   18983       1.3544
   18984       1.3702
   18985       1.3192
   18986       1.3090
   18987       1.3257
   18988       1.2840
   18989       1.2488
   18990       1.4012
   18991       1.2915
   18992       1.2940
   18993       1.3017
   18994       1.3718
   18995       1.3931
   18996       1.3953
   18997       1.3600
   18998       1.3017
   18999       1.3226
   19000       1.3816
   19001       1.3515
   19002       1.3528
   19003       1.3659
   19004       1.3509
   19005       1.4225
   19006       1.3979
   19007       1.3935
   19008       1.4034
   19009       1.3264
   19010       1.3244
   19011       1.3250
   19012       1.2652
   19013       1.2281
   19014       1.3145
   19015       1.2679
   19016       1.1888
   19017       1.2141
   19018       1.2889
   19019       1.2864
   19020       1.2683
   19021       1.2814
   19022       1.1740
   19023       1.2015
   19024       1.1677
   19025       1.2580
   19026       1.1351
   19027       1.1587
   19028       1.1990
   19029       1.1976
   19030       1.1524
   19031       1.1035
   19032       1.1202
   19033       1.2035
   19034       1.1287
   19035       1.1317
   19036       1.1905
   19037       1.1946
   19038       1.1851
   19039       1.1779
   19040       1.2077
   19041       1.2806
   19042       1.1937
   19043       1.2114
   19044       1.3617
   19045       1.2477
   19046       1.2515
   19047       1.2088
   19048       1.1917
   19049       1.2109
   19050       1.2542
   19051       1.1670
   19052       1.2153
   19053       1.2800
   19054       1.2403
   19055       1.2745
   19056       1.3191
   19057       1.3063
   19058       1.1569
   19059       1.2079
   19060       1.2298
   19061       1.2397
   19062       1.1957
   19063       1.2522
   19064       1.3159
   19065       1.3420
   19066       1.2734
   19067       1.3206
   19068       1.2457
   19069       1.3199
   19070       1.1855
   19071       1.1506
   19072       1.1143
   19073       1.1878
   19074       1.0935
   19075       1.1346
   19076       1.1375
   19077       1.2620
   19078       1.2679
   19079       1.2323
   19080       1.3374
   19081       1.3471
   19082       1.2970
   19083       1.2139
   19084       1.1631
   19085       1.1324
   19086       1.1742
   19087       1.1210
   19088       1.1590
   19089       1.1033
   19090       1.0865
   19091       1.1580
   19092       1.1854
   19093       1.1324
   19094       1.1299
   19095       1.0394
   19096       1.0498
   19097       1.0525
   19098       1.0257
   19099       1.0184
   19100       1.1508
   19101       1.1726
   19102       1.1026
   19103       1.1759
   19104       1.2050
   19105       1.2053
   19106       1.1958
   19107       1.1711
   19108       1.1793
   19109       1.1533
   19110       1.2577
   19111       1.2674
   19112       1.2830
   19113       1.3323
   19114       1.3329
   19115       1.2446
   19116       1.1959
   19117       1.1468
   19118       1.1431
   19119       1.0308
   19120       1.1326
   19121       1.0717
   19122       1.1510
   19123       1.1834
   19124       1.1821
   19125       1.1342
   19126       1.1949
   19127       1.0731
   19128       1.0720
   19129       1.1365
   19130       1.1207
   19131       1.1321
   19132       1.1163
   19133       1.1131
   19134       1.0671
   19135       1.0986
   19136       1.0869
   19137       0.9993
   19138       1.0829
   19139       1.0957
   19140       1.0209
   19141       1.0831
   19142       1.0483
   19143       0.9995
   19144       1.0797
   19145       1.0333
   19146       1.0879
   19147       1.0168
   19148       1.1516
   19149       1.1160
   19150       1.0679
   19151       1.0348
   19152       1.0818
   19153       1.0328
   19154       1.0537
   19155       1.1810
   19156       1.1723
   19157       1.1330
   19158       1.0719
   19159       1.0735
   19160       1.0839
   19161       1.0746
   19162       1.0417
   19163       0.9965
   19164       1.0745
   19165       1.0116
   19166       1.0792
   19167       1.0353
   19168       1.0560
   19169       1.0643
   19170       1.0739
   19171       1.0226
   19172       0.9723
   19173       0.9883
   19174       0.9730
   19175       0.9616
   19176       0.9394
   19177       0.9944
   19178       1.0829
   19179       1.0581
   19180       1.1263
   19181       1.1088
   19182       1.1377
   19183       1.1367
   19184       1.1740
   19185       1.1649
   19186       1.1632
   19187       1.0814
   19188       1.0578
   19189       1.1237
   19190       1.1455
   19191       1.3114
   19192       1.2348
   19193       1.1088
   19194       1.1510
   19195       1.1259
   19196       1.1062
   19197       1.2052
   19198       1.2931
   19199       1.1239
   19200       1.1554
   19201       1.2063
   19202       1.1933
   19203       1.2025
   19204       1.1725
   19205       1.1735
   19206       1.1843
   19207       1.1639
   19208       1.1390
   19209       1.1531
   19210       1.0385
   19211       1.0294
   19212       1.0861
   19213       1.0249
   19214       1.1110
   19215       1.0674
   19216       1.0665
   19217       1.0642
   19218       1.0227
   19219       1.0112
   19220       1.0651
   19221       1.0574
   19222       1.1838
   19223       1.1380
   19224       1.1386
   19225       1.2003
   19226       1.1870
   19227       1.2048
   19228       1.0744
   19229       1.2316
   19230       1.2007
   19231       1.1051
   19232       1.0247
   19233       0.9970
   19234       0.9989
   19235       1.1286
   19236       1.1575
   19237       1.2095
   19238       1.0991
   19239       1.2059
   19240       1.1652
   19241       1.1956
   19242       1.1858
   19243       1.2583
   19244       1.2153
   19245       1.2328
   19246       1.2221
   19247       1.2121
   19248       1.1601
   19249       1.2458
   19250       1.2044
   19251       1.1890
   19252       1.1558
   19253       1.1435
   19254       1.1119
   19255       1.2062
   19256       1.0978
   19257       1.0839
   19258       1.0942
   19259       1.1382
   19260       1.1579
   19261       1.0640
   19262       1.1388
   19263       1.0514
   19264       0.9710
   19265       0.9636
   19266       1.0336
   19267       1.1035
   19268       1.0721
   19269       1.0230
   19270       1.0534
   19271       1.0485
   19272       1.0851
   19273       1.0712
   19274       0.9805
   19275       0.9922
   19276       1.1248
   19277       1.2355
   19278       1.3026
   19279       1.2799
   19280       1.2878
   19281       1.3049
   19282       1.3229
   19283       1.2528
   19284       1.2214
   19285       1.3291
   19286       1.3334
   19287       1.2090
   19288       1.1563
   19289       1.2487
   19290       1.1527
   19291       1.1043
   19292       1.1604
   19293       1.2259
   19294       1.2092
   19295       1.1937
   19296       1.1136
   19297       1.0374
   19298       1.0987
   19299       0.9574
   19300       1.0403
   19301       0.9749
   19302       1.1104
   19303       1.1394
   19304       1.0755
   19305       1.0063
   19306       1.1356
   19307       1.0514
   19308       1.0465
   19309       0.9710
   19310       1.0192
   19311       1.1379
   19312       1.0193
   19313       0.9991
   19314       1.0399
   19315       1.0522
   19316       1.0895
   19317       1.0234
   19318       1.0957
   19319       1.1391
   19320       1.0174
   19321       1.0208
   19322       1.0181
   19323       0.9978
   19324       0.9362
   19325       1.0292
   19326       1.0013
   19327       1.0223
   19328       0.9744
   19329       0.9810
   19330       0.9266
   19331       0.9731
   19332       0.8978
   19333       0.9617
   19334       0.8783
   19335       0.8775
   19336       0.9902
   19337       1.0475
   19338       1.0254
   19339       0.8564
   19340       0.9141
   19341       0.9850
   19342       1.0683
   19343       0.9959
   19344       1.0146
   19345       0.9887
   19346       0.9533
   19347       0.9412
   19348       0.9322
   19349       0.9674
   19350       0.9439
   19351       0.9485
   19352       1.0552
   19353       1.0243
   19354       0.9735
   19355       0.9872
   19356       1.0536
   19357       1.0370
   19358       1.1435
   19359       1.0632
   19360       1.0547
   19361       1.1322
   19362       1.0510
   19363       0.9763
   19364       0.9784
   19365       0.9493
   19366       0.9683
   19367       0.9494
   19368       0.9383
   19369       0.9589
   19370       1.0694
   19371       0.9779
   19372       1.0174
   19373       1.0347
   19374       1.0497
   19375       0.9748
   19376       0.9674
   19377       0.9365
   19378       0.9882
   19379       0.9843
   19380       0.9447
   19381       0.9131
   19382       0.9638
   19383       0.9257
   19384       1.0809
   19385       1.0919
   19386       1.0093
   19387       1.0325
   19388       1.0374
   19389       1.0824
   19390       1.0233
   19391       1.0463
   19392       1.1564
   19393       1.1126
   19394       1.0795
   19395       1.1589
   19396       1.1412
   19397       1.1863
   19398       1.1460
   19399       1.1291
   19400       1.0794
   19401       1.0442
   19402       0.9899
   19403       1.0159
   19404       1.0588
   19405       1.0274
   19406       1.0763
   19407       1.0225
   19408       1.1292
   19409       1.0923
   19410       0.9919
   19411       1.0340
   19412       1.0868
   19413       1.1806
   19414       1.1903
   19415       1.1601
   19416       1.1463
   19417       1.0450
   19418       1.0376
   19419       1.0305
   19420       1.1213
   19421       1.1738
   19422       1.1620
   19423       1.1807
   19424       1.1965
   19425       1.1265
   19426       1.0320
   19427       1.1697
   19428       1.1305
   19429       1.0798
   19430       1.0647
   19431       1.0823
   19432       1.2306
   19433       1.1181
   19434       1.0289
   19435       1.1179
   19436       1.0290
   19437       0.9792
   19438       0.9606
   19439       0.9844
   19440       0.9457
   19441       0.9524
   19442       0.9486
   19443       1.0139
   19444       1.0530
   19445       1.0463
   19446       1.0371
   19447       1.0681
   19448       0.9909
   19449       1.1193
   19450       1.1376
   19451       1.0404
   19452       1.0789
   19453       1.0611
   19454       1.0371
   19455       0.9977
   19456       1.0889
   19457       1.0522
   19458       1.0329
   19459       1.1015
   19460       1.0583
   19461       1.0290
   19462       1.0125
   19463       1.0755
   19464       0.9857
   19465       1.1289
   19466       1.0252
   19467       1.1122
   19468       0.9837
   19469       0.9762
   19470       1.1266
   19471       1.0492
   19472       1.0729
   19473       1.0482
   19474       0.9972
   19475       1.0415
   19476       1.1483
   19477       1.1060
   19478       1.1059
   19479       1.2358
   19480       1.0957
   19481       1.1808
   19482       1.1598
   19483       1.0774
   19484       1.0589
   19485       1.0353
   19486       1.0724
   19487       0.9848
   19488       1.0404
   19489       1.0286
   19490       1.0549
   19491       0.9872
   19492       0.9516
   19493       1.0738
   19494       0.9810
   19495       0.9575
   19496       0.9845
   19497       1.0274
   19498       0.9630
   19499       0.9430
   19500       0.9942
   19501       0.9710
   19502       1.0275
   19503       1.0289
   19504       1.0253
   19505       1.1676
   19506       1.0902
   19507       1.0786
   19508       1.0577
   19509       1.1195
   19510       1.1013
   19511       1.0832
   19512       1.0531
   19513       1.1381
   19514       1.0829
   19515       0.9898
   19516       1.0562
   19517       1.0278
   19518       1.0853
   19519       1.1209
   19520       1.0629
   19521       1.1124
   19522       0.9902
   19523       1.0220
   19524       1.1315
   19525       1.1358
   19526       1.1529
   19527       1.1186
   19528       1.1051
   19529       1.2097
   19530       1.1340
   19531       1.0738
   19532       1.1212
   19533       1.1292
   19534       1.0751
   19535       1.0995
   19536       1.1102
   19537       1.0154
   19538       1.0677
   19539       1.0005
   19540       1.0355
   19541       1.1019
   19542       0.9956
   19543       0.9173
   19544       1.0967
   19545       1.0535
   19546       1.0084
   19547       0.9822
   19548       1.0455
   19549       0.9845
   19550       0.9761
   19551       1.1050
   19552       1.0658
   19553       1.0142
   19554       1.2473
   19555       1.0918
   19556       1.0792
   19557       1.1109
   19558       1.0935
   19559       1.1048
   19560       0.9786
   19561       1.0617
   19562       1.0252
   19563       0.9896
   19564       1.0133
   19565       1.0344
   19566       0.9852
   19567       1.0035
   19568       1.0022
   19569       1.0074
   19570       1.0994
   19571       0.9426
   19572       0.9515
   19573       1.0543
   19574       1.0222
   19575       1.0307
   19576       1.1348
   19577       1.0089
   19578       1.0545
   19579       1.0150
   19580       1.1011
   19581       1.0636
   19582       1.0515
   19583       1.1014
   19584       0.9858
   19585       1.1106
   19586       1.2259
   19587       1.2113
   19588       1.0976
   19589       1.0931
   19590       1.1834
   19591       1.2490
   19592       1.0917
   19593       1.1645
   19594       1.1598
   19595       1.1328
   19596       1.2914
   19597       1.2106
   19598       1.1222
   19599       1.2612
   19600       1.2110
   19601       1.1048
   19602       1.2744
   19603       1.1262
   19604       1.0217
   19605       0.9981
   19606       1.1153
   19607       1.0924
   19608       1.0614
   19609       1.0349
   19610       1.0153
   19611       1.0007
   19612       1.2054
   19613       1.1038
   19614       1.0931
   19615       0.9468
   19616       1.0547
   19617       1.0888
   19618       1.1357
   19619       1.1257
   19620       1.1984
   19621       1.1068
   19622       1.1352
   19623       1.0956
   19624       1.1056
   19625       1.0036
   19626       1.2076
   19627       1.1433
   19628       1.0663
   19629       1.1103
   19630       1.0942
   19631       1.0900
   19632       1.2263
   19633       1.2459
   19634       1.1261
   19635       1.1011
   19636       1.0690
   19637       0.9889
   19638       1.0908
   19639       0.8725
   19640       1.0430
   19641       0.9684
   19642       0.9678
   19643       1.0533
   19644       1.0195
   19645       0.9935
   19646       0.9868
   19647       0.9786
   19648       1.0333
   19649       1.1342
   19650       0.9971
   19651       1.0222
   19652       1.1342
   19653       1.0711
   19654       1.0129
   19655       1.0080
   19656       1.0691
   19657       1.1551
   19658       1.0976
   19659       1.1176
   19660       1.0725
   19661       1.0429
   19662       1.1020
   19663       1.1060
   19664       1.1089
   19665       1.1970
   19666       1.1230
   19667       1.1426
   19668       1.0999
   19669       1.1095
   19670       1.1344
   19671       1.0888
   19672       1.1011
   19673       1.1211
   19674       1.1298
   19675       1.1360
   19676       1.2517
   19677       1.1246
   19678       1.1638
   19679       1.1843
   19680       1.1486
   19681       1.1151
   19682       1.0414
   19683       1.0626
   19684       1.0614
   19685       1.0949
   19686       1.0015
   19687       0.9497
   19688       0.9867
   19689       1.0974
   19690       1.0437
   19691       1.0641
   19692       1.0677
   19693       1.1433
   19694       1.2109
   19695       1.0893
   19696       1.1245
   19697       1.0486
   19698       1.0911
   19699       1.0366
   19700       1.0442
   19701       1.0621
   19702       1.1019
   19703       1.0152
   19704       1.0130
   19705       0.9859
   19706       1.1135
   19707       1.2021
   19708       1.2186
   19709       1.1482
   19710       1.2358
   19711       1.2082
   19712       1.0741
   19713       1.0687
   19714       1.0845
   19715       1.1500
   19716       1.2038
   19717       1.1983
   19718       1.2045
   19719       1.1034
   19720       1.1183
   19721       1.1792
   19722       1.2826
   19723       1.2458
   19724       1.2319
   19725       1.1836
   19726       1.2635
   19727       1.2525
   19728       1.2534
   19729       1.2951
   19730       1.2238
   19731       1.1713
   19732       1.1185
   19733       1.0784
   19734       1.0721
   19735       1.0803
   19736       1.0512
   19737       1.0943
   19738       1.0848
   19739       1.1915
   19740       1.1585
   19741       1.1401
   19742       1.0809
   19743       1.1133
   19744       1.0347
   19745       1.1121
   19746       1.0008
   19747       1.0693
   19748       0.9402
   19749       1.1448
   19750       1.0718
   19751       1.1313
   19752       1.1033
   19753       1.1595
   19754       1.1809
   19755       1.0441
   19756       1.0756
   19757       1.0272
   19758       1.0555
   19759       1.0635
   19760       1.0250
   19761       1.0406
   19762       1.0943
   19763       1.1163
   19764       1.0609
   19765       0.9650
   19766       0.9986
   19767       1.0403
   19768       0.9952
   19769       1.0834
   19770       1.1284
   19771       1.0413
   19772       1.1003
   19773       1.1882
   19774       1.1513
   19775       1.1401
   19776       1.1888
   19777       1.1939
   19778       1.1840
   19779       1.1003
   19780       1.1148
   19781       1.1263
   19782       1.1371
   19783       1.0789
   19784       1.1429
   19785       1.0729
   19786       0.9705
   19787       1.0532
   19788       1.0164
   19789       1.0671
   19790       1.1456
   19791       1.0617
   19792       1.0523
   19793       1.0257
   19794       1.0724
   19795       1.0246
   19796       1.0461
   19797       1.1385
   19798       1.1271
   19799       1.0920
   19800       1.0636
   19801       1.0417
   19802       1.2252
   19803       1.1355
   19804       1.0271
   19805       1.1017
   19806       1.0709
   19807       1.1407
   19808       1.0611
   19809       1.0802
   19810       1.0742
   19811       1.1312
   19812       1.0714
   19813       1.0702
   19814       1.1329
   19815       1.0688
   19816       1.0647
   19817       1.0449
   19818       1.0782
   19819       1.1237
   19820       1.0521
   19821       1.1504
   19822       1.1823
   19823       1.2293
   19824       1.1578
   19825       1.1000
   19826       1.1094
   19827       1.1618
   19828       1.1286
   19829       1.1561
   19830       1.1763
   19831       1.1886
   19832       1.2125
   19833       1.2246
   19834       1.1458
   19835       1.1432
   19836       1.1858
   19837       1.1952
   19838       1.2098
   19839       1.0397
   19840       1.0784
   19841       0.9982
   19842       1.1234
   19843       1.1420
   19844       1.0883
   19845       1.0273
   19846       1.1787
   19847       1.0433
   19848       1.0372
   19849       0.9708
   19850       1.0538
   19851       1.0467
   19852       1.1806
   19853       1.0757
   19854       1.1078
   19855       1.1200
   19856       1.1287
   19857       1.1089
   19858       1.2036
   19859       1.1945
   19860       1.1711
   19861       1.1937
   19862       1.1519
   19863       1.2087
   19864       1.2444
   19865       1.1573
   19866       1.1505
   19867       1.0825
   19868       1.1774
   19869       1.1539
   19870       1.1735
   19871       1.1232
   19872       1.0935
   19873       1.0661
   19874       1.1224
   19875       1.0760
   19876       1.0504
   19877       1.0865
   19878       1.1066
   19879       1.0028
   19880       0.9652
   19881       1.0087
   19882       1.1264
   19883       0.9801
   19884       1.0027
   19885       1.0498
   19886       0.9388
   19887       1.0822
   19888       0.9174
   19889       1.0175
   19890       1.0321
   19891       1.0164
   19892       1.0522
   19893       1.0479
   19894       0.9744
   19895       0.9955
   19896       0.9700
   19897       1.1520
   19898       1.0936
   19899       1.0501
   19900       1.0410
   19901       1.1537
   19902       1.1269
   19903       1.0752
   19904       1.1220
   19905       0.9591
   19906       1.0151
   19907       1.0648
   19908       1.0637
   19909       1.1219
   19910       1.1058
   19911       1.0973
   19912       1.0779
   19913       1.0832
   19914       1.0492
   19915       1.1256
   19916       1.1294
   19917       1.1169
   19918       1.2352
   19919       1.1196
   19920       1.2116
   19921       1.0884
   19922       1.0834
   19923       1.2318
   19924       1.1262
   19925       1.1758
   19926       1.1254
   19927       1.2054
   19928       1.1597
   19929       1.0770
   19930       1.0593
   19931       1.0611
   19932       1.0399
   19933       1.1151
   19934       0.9979
   19935       1.0671
   19936       1.0093
   19937       0.9831
   19938       0.9700
   19939       1.0321
   19940       1.0874
   19941       1.0956
   19942       1.0300
   19943       1.0972
   19944       1.1122
   19945       1.1016
   19946       1.1640
   19947       1.2897
   19948       1.2106
   19949       1.1216
   19950       1.0975
   19951       1.1669
   19952       1.1679
   19953       1.0976
   19954       1.1030
   19955       1.0802
   19956       1.1257
   19957       1.1507
   19958       1.1822
   19959       1.0673
   19960       1.0857
   19961       1.1681
   19962       1.0812
   19963       1.1768
   19964       1.0981
   19965       1.0303
   19966       1.0865
   19967       1.1586
   19968       1.1098
   19969       1.2762
   19970       1.0517
   19971       1.0436
   19972       1.0831
   19973       1.1536
   19974       1.0010
   19975       1.1260
   19976       1.1230
   19977       1.0834
   19978       1.0624
   19979       1.1538
   19980       1.1294
   19981       1.0954
   19982       1.0968
   19983       1.0791
   19984       1.1394
   19985       1.1403
   19986       1.1534
   19987       1.1767
   19988       1.1490
   19989       1.1240
   19990       1.1801
   19991       1.0081
   19992       1.0611
   19993       1.1436
   19994       1.1720
   19995       1.1577
   19996       1.0769
   19997       1.1150
   19998       1.1601
   19999       1.2547
   20000       1.1608
   20001       1.1456
   20002       1.1310
   20003       1.1236
   20004       1.0855
   20005       1.1343
   20006       1.1745
   20007       1.1429
   20008       1.0473
   20009       1.0715
   20010       1.0407
   20011       1.0585
   20012       1.0820
   20013       1.0463
   20014       1.0668
   20015       1.0804
   20016       1.0611
   20017       1.0524
   20018       1.0555
   20019       1.0880
   20020       0.9691
   20021       1.0088
   20022       1.1165
   20023       1.0386
   20024       1.1022
   20025       0.9239
   20026       0.9466
   20027       0.9813
   20028       0.9960
   20029       1.0270
   20030       1.0298
   20031       1.0964
   20032       0.9975
   20033       1.0593
   20034       0.9795
   20035       1.0143
   20036       1.1204
   20037       1.0613
   20038       1.1417
   20039       1.0292
   20040       1.0675
   20041       1.2154
   20042       1.1779
   20043       1.0503
   20044       1.1255
   20045       1.0777
   20046       1.0993
   20047       1.1185
   20048       1.0061
   20049       1.0852
   20050       1.0986
   20051       1.0919
   20052       1.0982
   20053       1.0886
   20054       1.0454
   20055       1.1007
   20056       1.1337
   20057       1.0566
   20058       1.1707
   20059       1.1268
   20060       1.0898
   20061       1.1493
   20062       1.1664
   20063       1.0886
   20064       1.1157
   20065       1.1169
   20066       1.1092
   20067       1.1515
   20068       1.1029
   20069       1.1673
   20070       1.0768
   20071       1.1482
   20072       1.0727
   20073       1.2389
   20074       1.1515
   20075       1.2581
   20076       1.1767
   20077       1.1938
   20078       1.2326
   20079       1.2725
   20080       1.1455
   20081       1.0662
   20082       1.1031
   20083       1.0559
   20084       1.0959
   20085       1.1080
   20086       1.1128
   20087       1.0744
   20088       1.0382
   20089       1.0815
   20090       1.1455
   20091       1.1350
   20092       1.0300
   20093       1.0773
   20094       1.1065
   20095       1.0877
   20096       1.1154
   20097       1.1460
   20098       1.0574
   20099       1.1849
   20100       1.1320
   20101       1.1029
   20102       1.1174
   20103       1.1740
   20104       1.1515
   20105       1.0784
   20106       1.0996
   20107       1.0432
   20108       0.9926
   20109       1.0415
   20110       1.0351
   20111       1.0007
   20112       1.1116
   20113       1.0593
   20114       1.0231
   20115       1.0264
   20116       1.1113
   20117       1.0309
   20118       1.0943
   20119       1.0441
   20120       0.9423
   20121       0.9777
   20122       0.9949
   20123       0.9983
   20124       0.9825
   20125       1.0331
   20126       1.0404
   20127       1.0456
   20128       0.9549
   20129       1.0799
   20130       0.9680
   20131       0.9954
   20132       0.9887
   20133       1.0142
   20134       1.0734
   20135       1.0056
   20136       1.0605
   20137       1.1021
   20138       1.1725
   20139       1.0765
   20140       1.0149
   20141       1.0292
   20142       0.9845
   20143       1.0280
   20144       0.9958
   20145       0.9655
   20146       0.9785
   20147       1.0660
   20148       1.0222
   20149       0.9590
   20150       1.0170
   20151       1.0131
   20152       1.0867
   20153       1.0910
   20154       1.1226
   20155       1.1247
   20156       1.0591
   20157       0.9386
   20158       1.0573
   20159       1.0351
   20160       1.0155
   20161       1.0653
   20162       0.9588
   20163       1.0130
   20164       1.0572
   20165       0.9547
   20166       1.0769
   20167       1.0955
   20168       1.0567
   20169       1.1215
   20170       0.9894
   20171       1.0576
   20172       1.1079
   20173       1.1361
   20174       1.2143
   20175       1.1193
   20176       1.0701
   20177       1.0041
   20178       0.9855
   20179       1.0137
   20180       1.0968
   20181       1.0970
   20182       1.0062
   20183       1.0208
   20184       1.0608
   20185       1.0649
   20186       1.0423
   20187       1.1299
   20188       1.0860
   20189       0.9962
   20190       0.9449
   20191       1.0414
   20192       1.1334
   20193       1.0274
   20194       1.1475
   20195       0.9857
   20196       1.0924
   20197       0.9989
   20198       0.9869
   20199       1.0069
   20200       0.9930
   20201       0.9926
   20202       1.0232
   20203       1.0845
   20204       1.0422
   20205       1.0581
   20206       1.0450
   20207       1.1058
   20208       1.0030
   20209       1.0560
   20210       1.1181
   20211       0.9801
   20212       1.0798
   20213       0.9833
   20214       0.9814
   20215       1.0819
   20216       1.0252
   20217       1.0247
   20218       1.0435
   20219       1.0012
   20220       1.0938
   20221       1.0680
   20222       1.1461
   20223       1.1939
   20224       0.9802
   20225       1.1413
   20226       1.1436
   20227       1.1138
   20228       1.1032
   20229       1.0944
   20230       1.0391
   20231       1.0344
   20232       1.0560
   20233       1.1587
   20234       1.0519
   20235       1.0947
   20236       1.0261
   20237       1.1414
   20238       1.0292
   20239       1.1270
   20240       1.0822
   20241       1.0524
   20242       1.0361
   20243       1.0482
   20244       1.0842
   20245       1.0760
   20246       1.1468
   20247       1.1729
   20248       1.1711
   20249       1.0457
   20250       1.1167
   20251       1.1151
   20252       0.9518
   20253       1.0099
   20254       0.9620
   20255       0.9947
   20256       0.9443
   20257       0.9318
   20258       0.9700
   20259       1.0103
   20260       0.9648
   20261       1.0362
   20262       0.9690
   20263       0.9601
   20264       0.9928
   20265       1.0313
   20266       1.0504
   20267       0.9719
   20268       1.0219
   20269       1.0744
   20270       0.9326
   20271       0.9495
   20272       1.0017
   20273       0.9209
   20274       1.0091
   20275       0.8878
   20276       1.0268
   20277       1.0035
   20278       0.9914
   20279       1.1088
   20280       1.0563
   20281       0.9935
   20282       1.0492
   20283       1.1307
   20284       1.1030
   20285       1.0715
   20286       1.1317
   20287       1.1443
   20288       1.0824
   20289       1.0092
   20290       0.9785
   20291       0.9899
   20292       0.9811
   20293       0.9463
   20294       1.0052
   20295       0.9989
   20296       0.9806
   20297       1.0186
   20298       1.0309
   20299       1.0552
   20300       1.0867
   20301       1.1053
   20302       1.1264
   20303       1.0806
   20304       1.0012
   20305       1.1372
   20306       1.0887
   20307       1.0838
   20308       1.0307
   20309       1.0428
   20310       1.0489
   20311       1.0419
   20312       1.0359
   20313       1.0535
   20314       1.0173
   20315       0.9852
   20316       1.0433
   20317       1.1795
   20318       1.0823
   20319       1.0052
   20320       0.9793
   20321       0.9261
   20322       0.9599
   20323       0.9690
   20324       0.9960
   20325       1.0049
   20326       1.0570
   20327       1.0895
   20328       0.9741
   20329       0.9764
   20330       0.9737
   20331       1.0387
   20332       1.0465
   20333       0.9623
   20334       1.0843
   20335       1.0360
   20336       0.9665
   20337       0.9895
   20338       0.9779
   20339       0.9885
   20340       1.0368
   20341       1.1518
   20342       0.9210
   20343       1.1335
   20344       1.0895
   20345       1.1988
   20346       1.1219
   20347       1.0908
   20348       0.9608
   20349       0.9900
   20350       1.0432
   20351       1.1323
   20352       1.1564
   20353       1.0396
   20354       1.0906
   20355       1.0357
   20356       1.0964
   20357       1.1301
   20358       1.1445
   20359       1.1485
   20360       1.1081
   20361       1.1196
   20362       1.1121
   20363       1.1655
   20364       1.0933
   20365       1.0915
   20366       1.0980
   20367       1.1305
   20368       1.0930
   20369       1.0298
   20370       1.1576
   20371       1.1006
   20372       1.1294
   20373       1.0633
   20374       1.1496
   20375       1.0880
   20376       1.0633
   20377       1.0748
   20378       1.0353
   20379       1.1147
   20380       1.0076
   20381       1.0579
   20382       1.0862
   20383       0.9558
   20384       1.0673
   20385       1.1039
   20386       1.0689
   20387       1.0699
   20388       1.0011
   20389       1.0407
   20390       1.0811
   20391       1.0497
   20392       1.1039
   20393       0.9509
   20394       0.9991
   20395       0.9829
   20396       1.0939
   20397       0.9719
   20398       1.0977
   20399       1.1087
   20400       1.1740
   20401       1.0845
   20402       1.1176
   20403       1.1802
   20404       1.0590
   20405       1.1605
   20406       1.1293
   20407       1.1010
   20408       1.0839
   20409       1.1340
   20410       1.0406
   20411       1.1072
   20412       1.1562
   20413       1.1291
   20414       1.1902
   20415       1.0258
   20416       1.0333
   20417       1.0257
   20418       1.0437
   20419       1.0811
   20420       1.0957
   20421       1.0426
   20422       1.1452
   20423       1.0686
   20424       0.9924
   20425       1.0871
   20426       1.0660
   20427       1.1098
   20428       1.1640
   20429       1.0960
   20430       1.1076
   20431       1.0404
   20432       1.0068
   20433       1.1145
   20434       1.1905
   20435       1.1842
   20436       1.1668
   20437       1.0923
   20438       1.2076
   20439       1.1484
   20440       1.1037
   20441       1.1063
   20442       1.2844
   20443       1.2497
   20444       1.2252
   20445       1.1932
   20446       1.2094
   20447       1.1582
   20448       1.1221
   20449       1.1487
   20450       1.2251
   20451       1.1537
   20452       1.1623
   20453       1.1182
   20454       1.1513
   20455       1.1433
   20456       1.1856
   20457       1.1954
   20458       1.1549
   20459       1.0672
   20460       1.1529
   20461       1.0474
   20462       1.1963
   20463       1.1531
   20464       1.2508
   20465       1.2159
   20466       1.1094
   20467       1.1442
   20468       1.1046
   20469       1.1288
   20470       1.1400
   20471       1.0725
   20472       1.1326
   20473       1.2673
   20474       1.1676
   20475       1.1203
   20476       1.2563
   20477       1.1394
   20478       1.2673
   20479       1.2367
   20480       1.2277
   20481       1.1615
   20482       1.1984
   20483       1.2213
   20484       1.2440
   20485       1.1398
   20486       1.1234
   20487       1.1296
   20488       1.1530
   20489       1.2198
   20490       1.2374
   20491       1.2653
   20492       1.2289
   20493       1.1556
   20494       1.1830
   20495       1.1360
   20496       1.1709
   20497       1.1913
   20498       1.1216
   20499       1.2557
   20500       1.1727
   20501       1.2032
   20502       1.1587
   20503       1.1257
   20504       1.2004
   20505       1.0921
   20506       1.1351
   20507       1.0265
   20508       1.0708
   20509       1.1376
   20510       1.1731
   20511       1.1376
   20512       1.1699
   20513       1.0759
   20514       1.0702
   20515       1.0676
   20516       1.0879
   20517       1.0728
   20518       1.1792
   20519       1.1021
   20520       1.1278
   20521       1.2111
   20522       1.1836
   20523       1.1546
   20524       1.2112
   20525       1.1520
   20526       1.0868
   20527       1.1136
   20528       1.1770
   20529       1.1201
   20530       1.2235
   20531       1.1348
   20532       1.1851
   20533       1.0762
   20534       1.0539
   20535       1.1731
   20536       1.1101
   20537       1.1451
   20538       1.1379
   20539       1.1024
   20540       1.1359
   20541       1.1671
   20542       1.2213
   20543       1.1847
   20544       1.1835
   20545       1.1826
   20546       1.2477
   20547       1.2081
   20548       1.1957
   20549       1.1260
   20550       1.1258
   20551       1.1941
   20552       1.0925
   20553       1.1471
   20554       1.1289
   20555       1.1618
   20556       1.1485
   20557       1.0676
   20558       1.0957
   20559       1.1129
   20560       1.2205
   20561       1.2117
   20562       1.2050
   20563       1.2141
   20564       1.0855
   20565       1.1916
   20566       1.1638
   20567       1.0974
   20568       1.1727
   20569       1.0865
   20570       1.1770
   20571       1.2264
   20572       1.0014
   20573       1.1036
   20574       1.1127
   20575       1.1808
   20576       1.2791
   20577       1.1824
   20578       1.1986
   20579       1.1615
   20580       1.2212
   20581       1.2539
   20582       1.2858
   20583       1.2473
   20584       1.2012
   20585       1.2943
   20586       1.2266
   20587       1.3699
   20588       1.3059
   20589       1.2537
   20590       1.2961
   20591       1.2224
   20592       1.1187
   20593       1.2465
   20594       1.2296
   20595       1.2298
   20596       1.3533
   20597       1.2670
   20598       1.2579
   20599       1.1890
   20600       1.2243
   20601       1.1933
   20602       1.2244
   20603       1.1685
   20604       1.2188
   20605       1.2507
   20606       1.2662
   20607       1.1642
   20608       1.1668
   20609       1.2315
   20610       1.2339
   20611       1.2893
   20612       1.2616
   20613       1.3133
   20614       1.3122
   20615       1.2084
   20616       1.1754
   20617       1.1469
   20618       1.2564
   20619       1.2344
   20620       1.1646
   20621       1.1725
   20622       1.2561
   20623       1.3219
   20624       1.3230
   20625       1.3363
   20626       1.3269
   20627       1.2982
   20628       1.3374
   20629       1.3031
   20630       1.4127
   20631       1.2559
   20632       1.2234
   20633       1.2740
   20634       1.2938
   20635       1.1658
   20636       1.1669
   20637       1.2573
   20638       1.2419
   20639       1.1848
   20640       1.1910
   20641       1.1791
   20642       1.2065
   20643       1.1577
   20644       1.1447
   20645       1.1587
   20646       1.2015
   20647       1.1610
   20648       1.1012
   20649       1.2630
   20650       1.2238
   20651       1.2608
   20652       1.2410
   20653       1.2491
   20654       1.2045
   20655       1.2605
   20656       1.2133
   20657       1.2310
   20658       1.0833
   20659       1.1868
   20660       1.1519
   20661       1.2074
   20662       1.2382
   20663       1.2358
   20664       1.2740
   20665       1.2774
   20666       1.1774
   20667       1.2032
   20668       1.2430
   20669       1.2203
   20670       1.1886
   20671       1.2260
   20672       1.1172
   20673       1.2367
   20674       1.1547
   20675       1.1354
   20676       1.2176
   20677       1.2268
   20678       1.2343
   20679       1.1420
   20680       1.1389
   20681       1.2184
   20682       1.1703
   20683       1.2102
   20684       1.1347
   20685       1.2226
   20686       1.1917
   20687       1.1795
   20688       1.1719
   20689       1.0720
   20690       1.2503
   20691       1.2879
   20692       1.2471
   20693       1.2123
   20694       1.2207
   20695       1.2364
   20696       1.2039
   20697       1.2872
   20698       1.2034
   20699       1.1615
   20700       1.2293
   20701       1.1787
   20702       1.1811
   20703       1.2025
   20704       1.1827
   20705       1.2320
   20706       1.2778
   20707       1.0896
   20708       1.1207
   20709       1.1853
   20710       1.1180
   20711       1.1614
   20712       1.1459
   20713       1.2252
   20714       1.2657
   20715       1.2618
   20716       1.1821
   20717       1.2856
   20718       1.2645
   20719       1.2113
   20720       1.2804
   20721       1.1792
   20722       1.2588
   20723       1.2881
   20724       1.2665
   20725       1.3084
   20726       1.3920
   20727       1.4258
   20728       1.3835
   20729       1.3003
   20730       1.3096
   20731       1.2762
   20732       1.2872
   20733       1.2144
   20734       1.2034
   20735       1.2514
   20736       1.2469
   20737       1.1598
   20738       1.1731
   20739       1.2612
   20740       1.2053
   20741       1.2234
   20742       1.2046
   20743       1.2845
   20744       1.3122
   20745       1.1608
   20746       1.1516
   20747       1.1827
   20748       1.2127
   20749       1.2564
   20750       1.2213
   20751       1.0949
   20752       1.0911
   20753       1.1476
   20754       1.1066
   20755       1.1712
   20756       1.2132
   20757       1.1380
   20758       1.1972
   20759       1.1690
   20760       1.1010
   20761       1.0928
   20762       1.2139
   20763       1.2218
   20764       1.1374
   20765       1.1459
   20766       1.1557
   20767       1.1250
   20768       1.1497
   20769       1.2525
   20770       1.1538
   20771       1.0874
   20772       1.0981
   20773       1.1561
   20774       1.0666
   20775       1.2219
   20776       1.1880
   20777       1.2177
   20778       1.2208
   20779       1.2092
   20780       1.2463
   20781       1.1203
   20782       1.1599
   20783       1.1260
   20784       1.2336
   20785       1.1170
   20786       1.0747
   20787       1.1499
   20788       1.0453
   20789       1.0859
   20790       1.1847
   20791       1.0747
   20792       1.2104
   20793       1.1110
   20794       1.1211
   20795       1.1720
   20796       1.1875
   20797       1.2436
   20798       1.1698
   20799       1.2380
   20800       1.2747
   20801       1.2820
   20802       1.1841
   20803       1.1633
   20804       1.1730
   20805       1.2982
   20806       1.2291
   20807       1.1563
   20808       1.1601
   20809       1.1342
   20810       1.2753
   20811       1.2875
   20812       1.2443
   20813       1.1913
   20814       1.1833
   20815       1.2044
   20816       1.1102
   20817       1.1950
   20818       1.3122
   20819       1.2821
   20820       1.1602
   20821       1.2214
   20822       1.3347
   20823       1.2345
   20824       1.1993
   20825       1.3055
   20826       1.2079
   20827       1.1864
   20828       1.2423
   20829       1.2704
   20830       1.2361
   20831       1.1790
   20832       1.1966
   20833       1.2757
   20834       1.2457
   20835       1.2527
   20836       1.2326
   20837       1.2307
   20838       1.1964
   20839       1.2731
   20840       1.1072
   20841       1.1978
   20842       1.2118
   20843       1.2381
   20844       1.0958
   20845       1.0935
   20846       1.1154
   20847       1.1767
   20848       1.1462
   20849       1.2473
   20850       1.1962
   20851       1.1701
   20852       1.2187
   20853       1.2529
   20854       1.1841
   20855       1.2727
   20856       1.2216
   20857       1.3165
   20858       1.3189
   20859       1.3078
   20860       1.2680
   20861       1.2902
   20862       1.2862
   20863       1.2957
   20864       1.3115
   20865       1.1996
   20866       1.2758
   20867       1.3383
   20868       1.3772
   20869       1.3777
   20870       1.2677
   20871       1.4243
   20872       1.4964
   20873       1.3695
   20874       1.4258
   20875       1.3845
   20876       1.3186
   20877       1.2708
   20878       1.2912
   20879       1.2674
   20880       1.3944
   20881       1.3726
   20882       1.3448
   20883       1.3282
   20884       1.4096
   20885       1.3385
   20886       1.4139
   20887       1.5146
   20888       1.4638
   20889       1.3101
   20890       1.3267
   20891       1.2794
   20892       1.3337
   20893       1.2699
   20894       1.3695
   20895       1.2648
   20896       1.3548
   20897       1.3404
   20898       1.4289
   20899       1.5014
   20900       1.4025
   20901       1.4446
   20902       1.4958
   20903       1.5413
   20904       1.5114
   20905       1.4846
   20906       1.4187
   20907       1.4464
   20908       1.4163
   20909       1.3877
   20910       1.4605
   20911       1.3966
   20912       1.5005
   20913       1.4149
   20914       1.3970
   20915       1.3838
   20916       1.4390
   20917       1.4001
   20918       1.3374
   20919       1.3191
   20920       1.2116
   20921       1.3429
   20922       1.3548
   20923       1.3189
   20924       1.4810
   20925       1.4599
   20926       1.4777
   20927       1.3648
   20928       1.4617
   20929       1.4497
   20930       1.4521
   20931       1.3124
   20932       1.3100
   20933       1.4267
   20934       1.4024
   20935       1.3936
   20936       1.2227
   20937       1.2914
   20938       1.2338
   20939       1.3065
   20940       1.3564
   20941       1.4818
   20942       1.3191
   20943       1.2396
   20944       1.2464
   20945       1.2390
   20946       1.3667
   20947       1.3758
   20948       1.3953
   20949       1.2689
   20950       1.3328
   20951       1.3263
   20952       1.3407
   20953       1.3752
   20954       1.4244
   20955       1.2979
   20956       1.3109
   20957       1.3747
   20958       1.4176
   20959       1.3956
   20960       1.4001
   20961       1.4124
   20962       1.3256
   20963       1.3798
   20964       1.4845
   20965       1.3901
   20966       1.4783
   20967       1.4352
   20968       1.4452
   20969       1.3292
   20970       1.3396
   20971       1.3666
   20972       1.3344
   20973       1.2960
   20974       1.3573
   20975       1.3851
   20976       1.2702
   20977       1.1779
   20978       1.3158
   20979       1.3625
   20980       1.3344
   20981       1.3348
   20982       1.3110
   20983       1.2721
   20984       1.3523
   20985       1.4430
   20986       1.4649
   20987       1.3742
   20988       1.3474
   20989       1.4806
   20990       1.4289
   20991       1.4132
   20992       1.3185
   20993       1.3737
   20994       1.3444
   20995       1.3129
   20996       1.2748
   20997       1.2218
   20998       1.3635
   20999       1.4508
   21000       1.3808
   21001       1.3927
   21002       1.2613
   21003       1.2891
   21004       1.4203
   21005       1.4830
   21006       1.3887
   21007       1.4107
   21008       1.4629
   21009       1.4054
   21010       1.4570
   21011       1.4111
   21012       1.3952
   21013       1.3760
   21014       1.3540
   21015       1.3741
   21016       1.4216
   21017       1.4682
   21018       1.5770
   21019       1.6028
   21020       1.4772
   21021       1.4111
   21022       1.5117
   21023       1.5943
   21024       1.5084
   21025       1.4155
   21026       1.3141
   21027       1.4795
   21028       1.4358
   21029       1.3885
   21030       1.3995
   21031       1.5268
   21032       1.4331
   21033       1.3905
   21034       1.3927
   21035       1.4765
   21036       1.4315
   21037       1.4617
   21038       1.5226
   21039       1.3894
   21040       1.3908
   21041       1.4783
   21042       1.4595
   21043       1.4810
   21044       1.4234
   21045       1.5480
   21046       1.4183
   21047       1.4443
   21048       1.5782
   21049       1.4653
   21050       1.4524
   21051       1.3966
   21052       1.4937
   21053       1.3222
   21054       1.3172
   21055       1.3915
   21056       1.2458
   21057       1.2326
   21058       1.1936
   21059       1.1252
   21060       1.1532
   21061       1.2275
   21062       1.2843
   21063       1.3169
   21064       1.2712
   21065       1.3481
   21066       1.3792
   21067       1.3491
   21068       1.2510
   21069       1.3172
   21070       1.3504
   21071       1.2390
   21072       1.2434
   21073       1.2622
   21074       1.3164
   21075       1.3683
   21076       1.3898
   21077       1.3034
   21078       1.2513
   21079       1.2871
   21080       1.3630
   21081       1.4583
   21082       1.4273
   21083       1.3566
   21084       1.3978
   21085       1.3595
   21086       1.4384
   21087       1.3661
   21088       1.4254
   21089       1.4572
   21090       1.4252
   21091       1.3783
   21092       1.3546
   21093       1.3695
   21094       1.3897
   21095       1.4009
   21096       1.3821
   21097       1.3707
   21098       1.4412
   21099       1.3209
   21100       1.2048
   21101       1.2803
   21102       1.3300
   21103       1.2365
   21104       1.3230
   21105       1.3695
   21106       1.2607
   21107       1.3657
   21108       1.2318
   21109       1.3416
   21110       1.2711
   21111       1.2411
   21112       1.2405
   21113       1.3356
   21114       1.3264
   21115       1.3469
   21116       1.4219
   21117       1.3310
   21118       1.2720
   21119       1.3200
   21120       1.3062
   21121       1.3258
   21122       1.2811
   21123       1.3730
   21124       1.3009
   21125       1.3215
   21126       1.4251
   21127       1.4321
   21128       1.3504
   21129       1.3633
   21130       1.4610
   21131       1.3131
   21132       1.3546
   21133       1.4168
   21134       1.3292
   21135       1.3408
   21136       1.3479
   21137       1.4564
   21138       1.3363
   21139       1.3741
   21140       1.2820
   21141       1.4315
   21142       1.2443
   21143       1.3813
   21144       1.4135
   21145       1.3378
   21146       1.3151
   21147       1.2646
   21148       1.4147
   21149       1.3170
   21150       1.3777
   21151       1.4393
   21152       1.3462
   21153       1.3542
   21154       1.3580
   21155       1.2718
   21156       1.3690
   21157       1.3423
   21158       1.3116
   21159       1.3424
   21160       1.4082
   21161       1.3475
   21162       1.3874
   21163       1.3652
   21164       1.2667
   21165       1.4105
   21166       1.3429
   21167       1.3066
   21168       1.4896
   21169       1.4190
   21170       1.3837
   21171       1.2817
   21172       1.3042
   21173       1.3533
   21174       1.3247
   21175       1.3146
   21176       1.2268
   21177       1.2604
   21178       1.3417
   21179       1.4605
   21180       1.2379
   21181       1.2847
   21182       1.2604
   21183       1.2161
   21184       1.3440
   21185       1.2896
   21186       1.2916
   21187       1.3187
   21188       1.3121
   21189       1.2594
   21190       1.2725
   21191       1.2278
   21192       1.2282
   21193       1.2085
   21194       1.2887
   21195       1.2409
   21196       1.1896
   21197       1.2058
   21198       1.2114
   21199       1.1429
   21200       1.1577
   21201       1.3234
   21202       1.3157
   21203       1.3490
   21204       1.2593
   21205       1.2864
   21206       1.1251
   21207       1.1889
   21208       1.1651
   21209       1.2127
   21210       1.2877
   21211       1.2235
   21212       1.2982
   21213       1.2615
   21214       1.1950
   21215       1.3032
   21216       1.2242
   21217       1.2203
   21218       1.1381
   21219       1.0624
   21220       1.0740
   21221       1.2488
   21222       1.2636
   21223       1.2413
   21224       1.2096
   21225       1.0909
   21226       1.1106
   21227       1.1647
   21228       1.1851
   21229       1.2636
   21230       1.2581
   21231       1.1684
   21232       1.1747
   21233       1.1647
   21234       1.1210
   21235       1.1404
   21236       1.1665
   21237       1.1140
   21238       1.1661
   21239       1.0900
   21240       1.1439
   21241       1.2606
   21242       1.2237
   21243       1.2334
   21244       1.2309
   21245       1.1798
   21246       1.2138
   21247       1.2274
   21248       1.1544
   21249       1.2774
   21250       1.3323
   21251       1.3081
   21252       1.2839
   21253       1.3772
   21254       1.3208
   21255       1.3665
   21256       1.2779
   21257       1.3073
   21258       1.2863
   21259       1.3474
   21260       1.4269
   21261       1.2599
   21262       1.3534
   21263       1.3284
   21264       1.2631
   21265       1.3566
   21266       1.3491
   21267       1.3417
   21268       1.3500
   21269       1.3713
   21270       1.3682
   21271       1.4259
   21272       1.4675
   21273       1.3793
   21274       1.4761
   21275       1.3771
   21276       1.3707
   21277       1.3451
   21278       1.3973
   21279       1.3549
   21280       1.3001
   21281       1.3365
   21282       1.3184
   21283       1.2526
   21284       1.2248
   21285       1.3789
   21286       1.2992
   21287       1.3382
   21288       1.2086
   21289       1.2541
   21290       1.3236
   21291       1.3318
   21292       1.2761
   21293       1.3762
   21294       1.3360
   21295       1.2691
   21296       1.2723
   21297       1.3231
   21298       1.3428
   21299       1.4168
   21300       1.3475
   21301       1.2717
   21302       1.4162
   21303       1.2322
   21304       1.3249
   21305       1.2027
   21306       1.2779
   21307       1.2680
   21308       1.1882
   21309       1.2523
   21310       1.2652
   21311       1.3661
   21312       1.2458
   21313       1.3376
   21314       1.3056
   21315       1.2809
   21316       1.2555
   21317       1.3354
   21318       1.3134
   21319       1.3517
   21320       1.3850
   21321       1.3433
   21322       1.3154
   21323       1.2585
   21324       1.3067
   21325       1.2577
   21326       1.2948
   21327       1.3310
   21328       1.2860
   21329       1.2051
   21330       1.2660
   21331       1.3043
   21332       1.2347
   21333       1.2109
   21334       1.2769
   21335       1.2659
   21336       1.2714
   21337       1.2880
   21338       1.3158
   21339       1.3137
   21340       1.3021
   21341       1.4054
   21342       1.2672
   21343       1.2784
   21344       1.3650
   21345       1.3902
   21346       1.3698
   21347       1.3538
   21348       1.3778
   21349       1.4532
   21350       1.4721
   21351       1.4513
   21352       1.4035
   21353       1.3160
   21354       1.3965
   21355       1.3884
   21356       1.3286
   21357       1.2619
   21358       1.2556
   21359       1.2785
   21360       1.3477
   21361       1.2999
   21362       1.2184
   21363       1.0489
   21364       1.1264
   21365       1.2973
   21366       1.2659
   21367       1.2772
   21368       1.1909
   21369       1.2321
   21370       1.1909
   21371       1.2157
   21372       1.1233
   21373       1.2581
   21374       1.1853
   21375       1.1659
   21376       1.1932
   21377       1.2310
   21378       1.1981
   21379       1.2088
   21380       1.2910
   21381       1.3119
   21382       1.2079
   21383       1.1941
   21384       1.2472
   21385       1.2243
   21386       1.2414
   21387       1.2056
   21388       1.2854
   21389       1.1930
   21390       1.2513
   21391       1.4040
   21392       1.4988
   21393       1.2173
   21394       1.2608
   21395       1.3017
   21396       1.2919
   21397       1.1491
   21398       1.2552
   21399       1.2252
   21400       1.2783
   21401       1.2863
   21402       1.1475
   21403       1.2125
   21404       1.3301
   21405       1.2350
   21406       1.3208
   21407       1.2826
   21408       1.2369
   21409       1.2400
   21410       1.2028
   21411       1.2125
   21412       1.3078
   21413       1.1695
   21414       1.1747
   21415       1.2298
   21416       1.2346
   21417       1.3068
   21418       1.1071
   21419       1.2954
   21420       1.2624
   21421       1.3278
   21422       1.3664
   21423       1.2596
   21424       1.3597
   21425       1.4204
   21426       1.3060
   21427       1.3034
   21428       1.3448
   21429       1.2591
   21430       1.3403
   21431       1.2641
   21432       1.3314
   21433       1.2814
   21434       1.3985
   21435       1.3943
   21436       1.3817
   21437       1.3113
   21438       1.3533
   21439       1.3929
   21440       1.3361
   21441       1.4132
   21442       1.2659
   21443       1.2190
   21444       1.3377
   21445       1.3312
   21446       1.3271
   21447       1.3923
   21448       1.3021
   21449       1.3493
   21450       1.2051
   21451       1.3277
   21452       1.2941
   21453       1.3217
   21454       1.4161
   21455       1.3308
   21456       1.3417
   21457       1.3658
   21458       1.3227
   21459       1.3750
   21460       1.2829
   21461       1.1412
   21462       1.1231
   21463       1.2698
   21464       1.2779
   21465       1.2047
   21466       1.2719
   21467       1.2560
   21468       1.2614
   21469       1.2564
   21470       1.2423
   21471       1.2572
   21472       1.1319
   21473       1.2457
   21474       1.1107
   21475       1.2288
   21476       1.2210
   21477       1.2650
   21478       1.2675
   21479       1.3620
   21480       1.2521
   21481       1.1836
   21482       1.1666
   21483       1.2301
   21484       1.2338
   21485       1.2833
   21486       1.2622
   21487       1.2645
   21488       1.2777
   21489       1.3923
   21490       1.3513
   21491       1.3646
   21492       1.4169
   21493       1.2787
   21494       1.2986
   21495       1.1583
   21496       1.1501
   21497       1.3147
   21498       1.2227
   21499       1.1900
   21500       1.2180
   21501       1.2132
   21502       1.1086
   21503       1.0606
   21504       1.2346
   21505       1.2027
   21506       1.2863
   21507       1.3712
   21508       1.3688
   21509       1.3380
   21510       1.2370
   21511       1.2355
   21512       1.2018
   21513       1.2185
   21514       1.2004
   21515       1.2298
   21516       1.2113
   21517       1.2675
   21518       1.2160
   21519       1.1673
   21520       1.2516
   21521       1.1958
   21522       1.0913
   21523       1.1942
   21524       1.1435
   21525       1.1167
   21526       1.1535
   21527       1.1617
   21528       1.1542
   21529       1.1747
   21530       1.0864
   21531       1.1507
   21532       1.1632
   21533       1.0985
   21534       1.1537
   21535       1.1992
   21536       1.1426
   21537       0.9954
   21538       1.1318
   21539       1.0720
   21540       1.1304
   21541       1.2146
   21542       1.2024
   21543       1.1853
   21544       1.1299
   21545       1.1033
   21546       1.1244
   21547       1.1593
   21548       1.2427
   21549       1.1358
   21550       1.1763
   21551       1.1116
   21552       1.0658
   21553       0.9857
   21554       1.0502
   21555       0.9260
   21556       1.0695
   21557       1.1244
   21558       1.1749
   21559       1.1712
   21560       1.0688
   21561       1.1172
   21562       1.1483
   21563       1.1292
   21564       1.1216
   21565       1.1547
   21566       1.1242
   21567       1.0354
   21568       1.0308
   21569       1.0506
   21570       1.2588
   21571       1.1377
   21572       1.1231
   21573       1.1052
   21574       1.0245
   21575       1.0527
   21576       0.9712
   21577       0.9667
   21578       0.9312
   21579       0.9510
   21580       1.0713
   21581       0.9896
   21582       1.0847
   21583       1.2259
   21584       1.1137
   21585       1.0542
   21586       1.0289
   21587       1.0194
   21588       1.0326
   21589       1.0472
   21590       1.1009
   21591       1.0397
   21592       1.0709
   21593       1.0884
   21594       1.1162
   21595       1.1235
   21596       1.1444
   21597       1.0797
   21598       1.0075
   21599       1.0783
   21600       1.1649
   21601       1.1630
   21602       1.1124
   21603       1.0876
   21604       1.1250
   21605       1.1349
   21606       1.0885
   21607       1.0957
   21608       1.0876
   21609       1.0650
   21610       0.9880
   21611       0.9836
   21612       0.9920
   21613       1.0190
   21614       1.0440
   21615       0.9677
   21616       1.0552
   21617       1.0733
   21618       1.0094
   21619       1.0483
   21620       1.0236
   21621       1.0443
   21622       0.9621
   21623       1.0000
   21624       1.0783
   21625       0.9979
   21626       1.0961
   21627       1.0632
   21628       1.0926
   21629       1.0272
   21630       1.1240
   21631       1.1034
   21632       0.9995
   21633       1.0520
   21634       1.0398
   21635       1.1060
   21636       1.1364
   21637       1.0666
   21638       1.0114
   21639       1.0390
   21640       0.9879
   21641       1.0002
   21642       1.0457
   21643       1.0492
   21644       1.0024
   21645       1.0790
   21646       1.0327
   21647       1.1078
   21648       1.1324
   21649       1.1803
   21650       1.1212
   21651       1.1301
   21652       1.0613
   21653       1.0374
   21654       1.0370
   21655       1.1111
   21656       1.0848
   21657       1.1335
   21658       1.0838
   21659       1.1221
   21660       1.0417
   21661       1.0707
   21662       1.0002
   21663       1.1157
   21664       1.0729
   21665       0.9732
   21666       1.0610
   21667       1.0735
   21668       1.0883
   21669       1.0257
   21670       1.0141
   21671       1.0504
   21672       1.0674
   21673       1.1556
   21674       1.1943
   21675       1.0369
   21676       0.9510
   21677       1.0610
   21678       1.0923
   21679       1.0982
   21680       1.0449
   21681       1.0415
   21682       1.0349
   21683       1.0733
   21684       1.1198
   21685       1.1552
   21686       1.1080
   21687       1.1195
   21688       1.0459
   21689       1.1004
   21690       1.1173
   21691       1.0217
   21692       1.0266
   21693       1.0101
   21694       0.9735
   21695       1.0133
   21696       1.1619
   21697       1.0804
   21698       1.1190
   21699       1.0477
   21700       1.1128
   21701       1.1186
   21702       1.2536
   21703       1.1861
   21704       1.0947
   21705       1.0827
   21706       1.0651
   21707       1.1481
   21708       1.1835
   21709       1.0152
   21710       1.0443
   21711       1.0736
   21712       1.0655
   21713       1.0579
   21714       1.0691
   21715       1.0650
   21716       1.1700
   21717       1.0703
   21718       1.0445
   21719       1.1023
   21720       1.0862
   21721       1.1557
   21722       0.9808
   21723       1.0458
   21724       1.0403
   21725       1.0636
   21726       1.1002
   21727       1.1612
   21728       1.2311
   21729       1.1599
   21730       1.1391
   21731       1.1441
   21732       1.1845
   21733       1.1938
   21734       1.0858
   21735       1.1833
   21736       1.2034
   21737       1.0648
   21738       1.0465
   21739       1.1074
   21740       1.1112
   21741       1.0624
   21742       1.1510
   21743       1.1895
   21744       1.2166
   21745       1.1936
   21746       1.1528
   21747       1.0928
   21748       1.0085
   21749       1.0836
   21750       1.0508
   21751       1.1949
   21752       1.1639
   21753       1.2013
   21754       1.1373
   21755       1.1358
   21756       1.1203
   21757       1.1245
   21758       1.1057
   21759       1.0927
   21760       0.9756
   21761       1.0977
   21762       1.0985
   21763       1.1163
   21764       1.0909
   21765       1.1095
   21766       1.1603
   21767       1.1443
   21768       1.1355
   21769       1.1347
   21770       1.1050
   21771       1.2430
   21772       1.1231
   21773       1.1584
   21774       1.1350
   21775       1.1376
   21776       1.1138
   21777       1.1947
   21778       1.2099
   21779       1.3105
   21780       1.2333
   21781       1.1978
   21782       1.1006
   21783       1.1407
   21784       1.1348
   21785       1.1931
   21786       1.1387
   21787       1.1559
   21788       1.1718
   21789       1.0785
   21790       1.1179
   21791       1.1222
   21792       1.1544
   21793       1.1257
   21794       1.0794
   21795       1.0305
   21796       1.1011
   21797       1.1454
   21798       1.1271
   21799       1.1229
   21800       1.0965
   21801       1.1357
   21802       1.0966
   21803       1.1632
   21804       1.1213
   21805       1.0788
   21806       1.1271
   21807       1.0816
   21808       1.1168
   21809       1.0684
   21810       1.0909
   21811       1.1121
   21812       1.1384
   21813       1.1202
   21814       1.1833
   21815       1.1130
   21816       1.1874
   21817       1.1560
   21818       1.1588
   21819       1.2197
   21820       1.2411
   21821       1.1416
   21822       1.1819
   21823       1.1886
   21824       1.1892
   21825       1.2211
   21826       1.1401
   21827       1.1708
   21828       1.1578
   21829       1.2096
   21830       1.1271
   21831       1.0854
   21832       1.1660
   21833       1.2618
   21834       1.1428
   21835       1.2263
   21836       1.1594
   21837       1.1098
   21838       1.1562
   21839       1.1129
   21840       1.1119
   21841       0.9369
   21842       1.1646
   21843       1.1075
   21844       1.0691
   21845       1.0837
   21846       1.0773
   21847       1.1102
   21848       1.1625
   21849       1.0613
   21850       1.0838
   21851       1.0446
   21852       0.9556
   21853       1.0651
   21854       1.1022
   21855       1.0224
   21856       1.0039
   21857       0.9638
   21858       1.0531
   21859       1.0996
   21860       0.9970
   21861       1.0434
   21862       1.0968
   21863       1.0310
   21864       1.0754
   21865       1.0550
   21866       1.0207
   21867       1.0540
   21868       0.9920
   21869       0.9492
   21870       1.0604
   21871       1.0816
   21872       1.0584
   21873       1.0234
   21874       0.9292
   21875       0.9469
   21876       0.9914
   21877       1.0969
   21878       0.9444
   21879       1.0368
   21880       1.1148
   21881       0.9472
   21882       1.0265
   21883       0.9211
   21884       0.9385
   21885       1.0797
   21886       1.0386
   21887       1.0087
   21888       1.0775
   21889       0.9848
   21890       1.0445
   21891       1.1125
   21892       1.0956
   21893       1.1675
   21894       1.0504
   21895       1.0634
   21896       1.0062
   21897       1.0874
   21898       1.0750
   21899       1.0267
   21900       0.9860
   21901       1.0597
   21902       0.9914
   21903       1.0485
   21904       1.1080
   21905       1.0445
   21906       1.0147
   21907       1.1419
   21908       1.1236
   21909       1.1764
   21910       1.1271
   21911       1.1620
   21912       1.2389
   21913       1.1732
   21914       1.0430
   21915       1.1272
   21916       1.1938
   21917       1.1553
   21918       1.1026
   21919       1.0568
   21920       1.0195
   21921       1.0791
   21922       1.0842
   21923       1.1525
   21924       1.1215
   21925       1.1213
   21926       1.0699
   21927       1.1266
   21928       1.2050
   21929       1.1301
   21930       1.1081
   21931       1.0829
   21932       1.0491
   21933       1.2033
   21934       1.1374
   21935       1.0933
   21936       1.0979
   21937       1.1530
   21938       1.0841
   21939       1.0036
   21940       1.0717
   21941       1.1255
   21942       1.1723
   21943       1.1546
   21944       1.1628
   21945       1.1344
   21946       1.2729
   21947       1.2362
   21948       1.1601
   21949       1.0589
   21950       1.1410
   21951       1.1246
   21952       1.1112
   21953       1.1256
   21954       1.1150
   21955       1.0804
   21956       1.0965
   21957       1.0395
   21958       1.1363
   21959       1.1104
   21960       1.0585
   21961       1.0276
   21962       1.0496
   21963       1.0156
   21964       1.1370
   21965       1.0973
   21966       1.1443
   21967       1.0857
   21968       1.1234
   21969       1.1112
   21970       1.0987
   21971       1.0963
   21972       1.1429
   21973       1.1618
   21974       1.1879
   21975       1.1411
   21976       1.2284
   21977       1.0770
   21978       1.0105
   21979       1.0690
   21980       1.0392
   21981       0.9953
   21982       0.9917
   21983       1.0384
   21984       1.0502
   21985       1.0011
   21986       1.0196
   21987       1.0245
   21988       1.1229
   21989       1.0779
   21990       1.1014
   21991       1.1896
   21992       1.2200
   21993       1.1632
   21994       1.0398
   21995       1.2490
   21996       1.3242
   21997       1.1666
   21998       1.2403
   21999       1.1785
   22000       1.1958
   22001       1.1105
   22002       1.1325
   22003       1.1180
   22004       1.0662
   22005       1.0540
   22006       1.0542
   22007       1.0895
   22008       1.0621
   22009       1.1172
   22010       1.1330
   22011       1.1374
   22012       1.1115
   22013       1.1356
   22014       1.1326
   22015       1.0972
   22016       1.0142
   22017       1.0102
   22018       1.0041
   22019       1.0587
   22020       1.0486
   22021       1.0592
   22022       1.1742
   22023       1.0905
   22024       1.0175
   22025       1.1828
   22026       1.0812
   22027       1.0186
   22028       1.0158
   22029       1.0526
   22030       0.9817
   22031       1.0230
   22032       1.1278
   22033       0.9842
   22034       1.1070
   22035       1.1040
   22036       0.9822
   22037       1.0136
   22038       1.0627
   22039       1.0889
   22040       1.2417
   22041       1.1348
   22042       1.1847
   22043       1.1167
   22044       1.0020
   22045       1.0400
   22046       1.0750
   22047       1.0903
   22048       1.0447
   22049       1.0221
   22050       0.9938
   22051       0.9998
   22052       1.0001
   22053       1.0208
   22054       1.0886
   22055       1.0343
   22056       0.9999
   22057       1.0343
   22058       1.0633
   22059       1.0450
   22060       0.9868
   22061       1.0546
   22062       0.9815
   22063       1.1566
   22064       1.2189
   22065       1.0492
   22066       1.1551
   22067       1.1512
   22068       1.1787
   22069       1.2973
   22070       1.1694
   22071       1.1517
   22072       1.1190
   22073       1.1507
   22074       1.0677
   22075       1.0636
   22076       1.0489
   22077       0.9497
   22078       0.9902
   22079       1.0701
   22080       1.0287
   22081       1.0063
   22082       1.0394
   22083       1.0572
   22084       1.1395
   22085       1.0710
   22086       1.0056
   22087       1.0875
   22088       1.0219
   22089       1.0664
   22090       1.1629
   22091       1.0577
   22092       1.0858
   22093       1.0669
   22094       1.0748
   22095       1.1410
   22096       1.0910
   22097       0.9995
   22098       1.0433
   22099       1.1192
   22100       1.0668
   22101       1.1322
   22102       1.2293
   22103       1.1375
   22104       1.1450
   22105       1.2130
   22106       1.0979
   22107       1.0968
   22108       1.0748
   22109       1.0124
   22110       1.0344
   22111       1.0436
   22112       1.0195
   22113       1.1267
   22114       1.0772
   22115       1.0570
   22116       1.0727
   22117       1.0831
   22118       1.0065
   22119       1.0495
   22120       0.9333
   22121       0.9987
   22122       1.0855
   22123       1.0856
   22124       0.9909
   22125       1.0234
   22126       1.0392
   22127       0.9991
   22128       1.0395
   22129       1.0169
   22130       1.1080
   22131       1.0584
   22132       1.1891
   22133       1.0109
   22134       1.0497
   22135       1.0920
   22136       1.0871
   22137       1.1459
   22138       1.1350
   22139       1.1584
   22140       1.1107
   22141       1.1915
   22142       1.2473
   22143       1.3437
   22144       1.0938
   22145       1.0619
   22146       1.0664
   22147       1.1094
   22148       1.0865
   22149       1.1208
   22150       1.2000
   22151       1.2439
   22152       1.1562
   22153       1.2322
   22154       1.1165
   22155       1.1202
   22156       1.2226
   22157       1.2237
   22158       1.0843
   22159       1.0320
   22160       1.0791
   22161       1.0309
   22162       1.1182
   22163       1.2118
   22164       1.1200
   22165       1.0234
   22166       1.0365
   22167       1.0739
   22168       1.1262
   22169       1.1305
   22170       1.2144
   22171       1.1064
   22172       1.0509
   22173       1.0667
   22174       1.0568
   22175       1.0735
   22176       1.1015
   22177       1.1442
   22178       1.1587
   22179       1.1148
   22180       1.0447
   22181       1.0795
   22182       1.0295
   22183       1.2065
   22184       1.1923
   22185       1.2323
   22186       1.2150
   22187       0.9887
   22188       0.9974
   22189       0.9127
   22190       1.0472
   22191       0.9872
   22192       1.0481
   22193       1.0579
   22194       1.1192
   22195       1.1289
   22196       1.1909
   22197       1.0330
   22198       1.1056
   22199       1.0943
   22200       1.1070
   22201       1.0915
   22202       1.1002
   22203       1.0755
   22204       1.1406
   22205       1.0105
   22206       1.0727
   22207       0.9726
   22208       1.1943
   22209       1.0590
   22210       1.1389
   22211       1.1311
   22212       1.2749
   22213       1.1434
   22214       1.0828
   22215       1.0818
   22216       1.0707
   22217       1.0856
   22218       1.1850
   22219       1.1196
   22220       1.2288
   22221       1.1100
   22222       1.1604
   22223       1.1449
   22224       1.1031
   22225       1.0842
   22226       1.0610
   22227       1.1038
   22228       1.0117
   22229       1.0868
   22230       1.0158
   22231       1.0350
   22232       1.0217
   22233       1.0210
   22234       0.9996
   22235       0.9692
   22236       0.9176
   22237       0.9660
   22238       0.9250
   22239       0.9213
   22240       0.9692
   22241       1.0369
   22242       1.0308
   22243       1.0092
   22244       0.9405
   22245       0.9686
   22246       0.9846
   22247       1.0545
   22248       1.0792
   22249       1.0072
   22250       1.0758
   22251       1.0738
   22252       1.1050
   22253       0.9786
   22254       0.9987
   22255       1.0185
   22256       1.0637
   22257       1.1220
   22258       1.0602
   22259       1.1274
   22260       1.0411
   22261       1.1148
   22262       0.9951
   22263       1.1471
   22264       1.0513
   22265       1.1316
   22266       1.1378
   22267       1.1814
   22268       1.1583
   22269       1.2432
   22270       1.1743
   22271       1.1962
   22272       1.1935
   22273       1.1837
   22274       1.1932
   22275       1.3483
   22276       1.1488
   22277       1.2048
   22278       1.2537
   22279       1.1546
   22280       1.1073
   22281       1.2465
   22282       1.0762
   22283       1.1325
   22284       1.2665
   22285       1.2299
   22286       1.1069
   22287       1.1462
   22288       1.1452
   22289       1.2072
   22290       1.2228
   22291       1.1746
   22292       1.2126
   22293       1.1768
   22294       1.2453
   22295       1.2564
   22296       1.2529
   22297       1.3942
   22298       1.2937
   22299       1.2552
   22300       1.3217
   22301       1.2227
   22302       1.1319
   22303       1.2197
   22304       1.2699
   22305       1.3214
   22306       1.2773
   22307       1.3719
   22308       1.2592
   22309       1.2285
   22310       1.2362
   22311       1.1701
   22312       1.1575
   22313       1.0423
   22314       1.0946
   22315       1.0851
   22316       1.1513
   22317       1.1117
   22318       1.3728
   22319       1.2974
   22320       1.2306
   22321       1.3341
   22322       1.2761
   22323       1.1372
   22324       1.1919
   22325       1.1739
   22326       1.2975
   22327       1.3557
   22328       1.2506
   22329       1.2064
   22330       1.2773
   22331       1.2955
   22332       1.4101
   22333       1.3340
   22334       1.2473
   22335       1.3483
   22336       1.2727
   22337       1.2855
   22338       1.2783
   22339       1.3473
   22340       1.2365
   22341       1.3027
   22342       1.2382
   22343       1.2937
   22344       1.3592
   22345       1.1939
   22346       1.1638
   22347       1.1323
   22348       1.1410
   22349       1.0402
   22350       1.0754
   22351       1.1475
   22352       1.0709
   22353       1.1279
   22354       1.1588
   22355       1.1067
   22356       1.1015
   22357       1.1167
   22358       1.0911
   22359       1.1855
   22360       1.2115
   22361       1.1615
   22362       1.1310
   22363       1.1101
   22364       1.1153
   22365       1.1184
   22366       1.0745
   22367       1.1696
   22368       1.1511
   22369       1.0466
   22370       1.0359
   22371       1.0772
   22372       1.0460
   22373       1.0613
   22374       1.0553
   22375       0.9922
   22376       1.0427
   22377       1.0795
   22378       1.1575
   22379       1.1152
   22380       1.2385
   22381       1.1473
   22382       1.1363
   22383       1.2370
   22384       1.1765
   22385       1.2585
   22386       1.2986
   22387       1.2749
   22388       1.3003
   22389       1.2272
   22390       1.2410
   22391       1.1848
   22392       1.2542
   22393       1.2008
   22394       1.2345
   22395       1.1880
   22396       1.2074
   22397       1.1570
   22398       1.2059
   22399       1.1931
   22400       1.2051
   22401       1.2445
   22402       1.2101
   22403       1.1309
   22404       1.2518
   22405       1.2230
   22406       1.2130
   22407       1.2964
   22408       1.2872
   22409       1.2260
   22410       1.2431
   22411       1.2822
   22412       1.1798
   22413       1.1999
   22414       1.1013
   22415       1.1451
   22416       1.1643
   22417       1.2064
   22418       1.1375
   22419       1.0574
   22420       1.0776
   22421       1.1438
   22422       1.0744
   22423       1.0062
   22424       1.0469
   22425       1.0460
   22426       1.0845
   22427       1.1054
   22428       0.9312
   22429       1.0146
   22430       0.9358
   22431       1.0074
   22432       0.9570
   22433       1.1214
   22434       1.0250
   22435       1.0167
   22436       1.0725
   22437       1.0837
   22438       1.0468
   22439       0.9649
   22440       0.9354
   22441       1.0596
   22442       1.0635
   22443       1.0300
   22444       1.0599
   22445       0.9861
   22446       0.9822
   22447       1.0571
   22448       1.0742
   22449       1.0940
   22450       1.0952
   22451       1.0071
   22452       1.0220
   22453       1.0952
   22454       1.0403
   22455       1.0950
   22456       1.1730
   22457       1.1554
   22458       1.2007
   22459       1.1176
   22460       1.2506
   22461       1.1651
   22462       1.2468
   22463       1.2215
   22464       1.2267
   22465       1.1665
   22466       1.1221
   22467       1.1549
   22468       1.1229
   22469       1.1663
   22470       1.1810
   22471       1.0565
   22472       1.1267
   22473       1.1194
   22474       1.2022
   22475       1.2685
   22476       1.1217
   22477       1.1562
   22478       1.0739
   22479       1.0986
   22480       1.1712
   22481       1.1848
   22482       1.1278
   22483       1.0632
   22484       1.1373
   22485       1.1515
   22486       1.1882
   22487       1.1885
   22488       1.2947
   22489       1.1704
   22490       1.2094
   22491       1.0940
   22492       1.2226
   22493       1.1956
   22494       1.1519
   22495       1.2178
   22496       1.1409
   22497       1.2126
   22498       1.1847
   22499       1.2301
   22500       1.3080
   22501       1.3506
   22502       1.1615
   22503       1.2345
   22504       1.2594
   22505       1.3005
   22506       1.2954
   22507       1.1688
   22508       1.1767
   22509       1.2389
   22510       1.2606
   22511       1.1881
   22512       1.2536
   22513       1.2657
   22514       1.2922
   22515       1.2033
   22516       1.3586
   22517       1.2553
   22518       1.1903
   22519       1.2105
   22520       1.2438
   22521       1.2663
   22522       1.1563
   22523       1.1076
   22524       1.1863
   22525       1.2141
   22526       1.1154
   22527       1.1066
   22528       1.1683
   22529       1.1456
   22530       1.0069
   22531       1.0795
   22532       1.1329
   22533       1.0970
   22534       1.1823
   22535       1.0842
   22536       1.1693
   22537       1.1951
   22538       1.1937
   22539       1.1300
   22540       1.2012
   22541       1.1397
   22542       1.0364
   22543       1.0699
   22544       1.1341
   22545       1.0442
   22546       0.9687
   22547       1.0784
   22548       1.0196
   22549       1.1625
   22550       1.1164
   22551       1.1201
   22552       1.2307
   22553       1.1610
   22554       1.3201
   22555       1.2415
   22556       1.1561
   22557       1.2071
   22558       1.1872
   22559       1.2295
   22560       1.2245
   22561       1.2075
   22562       1.0732
   22563       1.0723
   22564       1.1113
   22565       1.0735
   22566       1.1309
   22567       1.1432
   22568       1.1432
   22569       1.1833
   22570       1.1435
   22571       1.1785
   22572       1.1406
   22573       1.1355
   22574       1.0909
   22575       1.1666
   22576       1.1074
   22577       1.1119
   22578       1.1514
   22579       1.0717
   22580       1.2407
   22581       1.1256
   22582       1.1744
   22583       1.1563
   22584       1.0888
   22585       1.1952
   22586       1.2857
   22587       1.0791
   22588       1.0736
   22589       1.1467
   22590       1.1212
   22591       1.1880
   22592       1.1506
   22593       1.0734
   22594       1.1379
   22595       1.2241
   22596       1.1423
   22597       1.1030
   22598       1.0244
   22599       1.0914
   22600       1.0215
   22601       1.0974
   22602       1.1565
   22603       1.1459
   22604       1.0655
   22605       1.0458
   22606       1.0865
   22607       1.0772
   22608       1.1602
   22609       1.0862
   22610       1.1903
   22611       1.1047
   22612       1.1724
   22613       1.1711
   22614       1.1201
   22615       1.1481
   22616       1.2634
   22617       1.2299
   22618       1.2676
   22619       1.2959
   22620       1.2348
   22621       1.2572
   22622       1.2462
   22623       1.2390
   22624       1.1665
   22625       1.3116
   22626       1.1368
   22627       1.2102
   22628       1.2672
   22629       1.2041
   22630       1.2193
   22631       1.2065
   22632       1.2807
   22633       1.1481
   22634       1.1284
   22635       1.2263
   22636       1.1634
   22637       1.2406
   22638       1.2268
   22639       1.2142
   22640       1.1939
   22641       1.1018
   22642       1.1743
   22643       1.2984
   22644       1.2949
   22645       1.2634
   22646       1.3073
   22647       1.2737
   22648       1.3964
   22649       1.3339
   22650       1.2331
   22651       1.1823
   22652       1.2175
   22653       1.1405
   22654       1.3304
   22655       1.2646
   22656       1.2302
   22657       1.3187
   22658       1.3463
   22659       1.1930
   22660       1.1202
   22661       1.2487
   22662       1.1938
   22663       1.2482
   22664       1.1406
   22665       1.1090
   22666       1.1026
   22667       1.2257
   22668       1.1984
   22669       1.2717
   22670       1.1595
   22671       1.2129
   22672       1.1766
   22673       1.1550
   22674       1.1339
   22675       1.1621
   22676       1.0759
   22677       0.9602
   22678       0.9851
   22679       1.0423
   22680       1.0717
   22681       1.0287
   22682       1.0846
   22683       1.0607
   22684       1.0901
   22685       1.0651
   22686       1.0912
   22687       1.2065
   22688       1.0844
   22689       1.1998
   22690       1.1147
   22691       1.1546
   22692       1.0848
   22693       1.1166
   22694       1.0393
   22695       1.0635
   22696       1.0313
   22697       1.0689
   22698       1.0586
   22699       1.0070
   22700       1.1396
   22701       1.2338
   22702       1.0521
   22703       1.0335
   22704       1.0868
   22705       1.1360
   22706       1.0131
   22707       1.0412
   22708       1.0700
   22709       0.9875
   22710       0.9447
   22711       1.0559
   22712       1.0470
   22713       0.9876
   22714       1.0507
   22715       1.0309
   22716       1.1444
   22717       1.1015
   22718       0.9790
   22719       1.0178
   22720       0.9297
   22721       1.0265
   22722       0.9701
   22723       0.9358
   22724       0.9310
   22725       1.0401
   22726       1.0215
   22727       0.9820
   22728       1.0573
   22729       1.0018
   22730       1.0995
   22731       1.1249
   22732       1.0270
   22733       1.1378
   22734       1.1079
   22735       1.1210
   22736       1.0574
   22737       1.0779
   22738       1.0689
   22739       1.1031
   22740       1.1265
   22741       1.2070
   22742       1.0300
   22743       1.1474
   22744       1.0595
   22745       1.0455
   22746       1.0749
   22747       1.1160
   22748       1.0969
   22749       1.1676
   22750       1.1116
   22751       1.1211
   22752       1.0716
   22753       1.1085
   22754       1.1426
   22755       1.0833
   22756       1.2042
   22757       1.1813
   22758       1.1488
   22759       1.0933
   22760       1.0452
   22761       1.1203
   22762       1.0517
   22763       1.2254
   22764       1.1706
   22765       1.2049
   22766       1.1180
   22767       1.1062
   22768       1.1177
   22769       1.1347
   22770       1.0436
   22771       1.0607
   22772       1.1025
   22773       1.1968
   22774       1.0857
   22775       1.1098
   22776       1.3014
   22777       1.2107
   22778       1.1274
   22779       1.1396
   22780       1.1835
   22781       1.2674
   22782       1.1894
   22783       1.1964
   22784       1.2036
   22785       1.1072
   22786       1.1045
   22787       1.0656
   22788       1.0534
   22789       1.0315
   22790       1.1950
   22791       1.1499
   22792       1.0565
   22793       1.0105
   22794       1.0903
   22795       1.0213
   22796       1.0531
   22797       1.1108
   22798       1.0623
   22799       1.0198
   22800       1.1665
   22801       1.0737
   22802       1.0488
   22803       1.1390
   22804       1.0107
   22805       1.0101
   22806       1.0840
   22807       1.1316
   22808       1.0499
   22809       1.0146
   22810       1.0326
   22811       0.9500
   22812       0.9972
   22813       1.0624
   22814       0.9779
   22815       1.0286
   22816       0.9364
   22817       1.0462
   22818       1.0162
   22819       0.9392
   22820       1.0288
   22821       1.0576
   22822       1.0540
   22823       1.0619
   22824       1.0484
   22825       0.9856
   22826       1.0565
   22827       1.0332
   22828       0.9788
   22829       1.0337
   22830       1.0682
   22831       1.0514
   22832       1.1020
   22833       1.0899
   22834       1.1314
   22835       1.1164
   22836       0.9859
   22837       1.0063
   22838       1.0319
   22839       0.9379
   22840       0.9974
   22841       1.0903
   22842       1.0819
   22843       0.9768
   22844       1.0172
   22845       1.1594
   22846       1.1770
   22847       1.1837
   22848       1.1775
   22849       1.2217
   22850       1.1471
   22851       1.0877
   22852       1.1349
   22853       1.0506
   22854       1.1027
   22855       1.0662
   22856       1.0356
   22857       1.0588
   22858       1.1311
   22859       1.0696
   22860       1.0498
   22861       0.9692
   22862       1.0613
   22863       1.0185
   22864       1.0297
   22865       0.9900
   22866       1.1090
   22867       1.1291
   22868       1.0745
   22869       1.1174
   22870       1.0359
   22871       1.1046
   22872       1.1369
   22873       1.1323
   22874       1.1367
   22875       1.0966
   22876       1.0500
   22877       1.0577
   22878       1.0718
   22879       1.1787
   22880       1.1017
   22881       1.0123
   22882       1.1623
   22883       1.1197
   22884       1.1163
   22885       1.1561
   22886       1.0354
   22887       1.1147
   22888       1.1446
   22889       1.2236
   22890       1.1814
   22891       1.1260
   22892       1.1924
   22893       1.1069
   22894       1.0975
   22895       1.0512
   22896       1.0629
   22897       1.1505
   22898       1.1401
   22899       1.0995
   22900       1.0312
   22901       1.1804
   22902       1.1926
   22903       1.1247
   22904       1.2432
   22905       1.1056
   22906       1.1070
   22907       1.0990
   22908       1.2133
   22909       1.1403
   22910       1.1106
   22911       1.0935
   22912       1.0275
   22913       1.0901
   22914       1.1210
   22915       1.1549
   22916       1.1180
   22917       1.2344
   22918       1.2436
   22919       1.1908
   22920       1.2078
   22921       1.0735
   22922       1.1837
   22923       1.1052
   22924       1.1315
   22925       1.1983
   22926       1.0831
   22927       1.0638
   22928       1.0386
   22929       1.1672
   22930       1.1610
   22931       1.1913
   22932       1.1158
   22933       1.1968
   22934       1.1540
   22935       1.2218
   22936       1.0943
   22937       1.1801
   22938       1.0294
   22939       1.1417
   22940       1.0925
   22941       1.1133
   22942       1.0573
   22943       1.0623
   22944       1.0545
   22945       1.0541
   22946       1.0746
   22947       1.0775
   22948       1.0643
   22949       1.0705
   22950       1.1131
   22951       0.9912
   22952       1.1850
   22953       1.0604
   22954       1.0307
   22955       1.0070
   22956       0.9733
   22957       1.1432
   22958       1.1104
   22959       1.1630
   22960       1.0376
   22961       1.0187
   22962       1.0281
   22963       1.0378
   22964       1.0494
   22965       1.0173
   22966       1.0323
   22967       1.1456
   22968       1.1157
   22969       1.0585
   22970       0.9560
   22971       0.9494
   22972       1.0002
   22973       1.0530
   22974       1.0312
   22975       0.9817
   22976       1.0050
   22977       1.0065
   22978       0.9718
   22979       1.0499
   22980       1.0228
   22981       1.0070
   22982       1.0037
   22983       1.0519
   22984       0.9750
   22985       1.0544
   22986       1.0836
   22987       1.0657
   22988       1.0675
   22989       1.0594
   22990       1.0182
   22991       1.0076
   22992       1.1005
   22993       1.0732
   22994       1.0995
   22995       1.0956
   22996       1.1144
   22997       1.1667
   22998       1.0865
   22999       1.1238
   23000       1.0123
   23001       1.0470
   23002       1.0278
   23003       1.0865
   23004       0.9727
   23005       1.1262
   23006       1.0707
   23007       1.0668
   23008       0.9829
   23009       1.0948
   23010       1.1641
   23011       1.0268
   23012       1.0843
   23013       1.1015
   23014       1.0988
   23015       1.1222
   23016       1.1483
   23017       1.2606
   23018       1.1353
   23019       1.1253
   23020       1.1236
   23021       1.0884
   23022       1.0655
   23023       1.0150
   23024       0.9675
   23025       0.9822
   23026       1.0150
   23027       0.9149
   23028       0.9776
   23029       1.0127
   23030       1.0456
   23031       1.0043
   23032       0.9852
   23033       0.9849
   23034       1.1009
   23035       1.0709
   23036       1.1069
   23037       1.0871
   23038       1.0565
   23039       1.0833
   23040       1.0365
   23041       1.0686
   23042       1.0461
   23043       0.9892
   23044       1.0164
   23045       1.0840
   23046       1.1842
   23047       1.1304
   23048       1.1531
   23049       1.1840
   23050       1.1339
   23051       1.1430
   23052       1.1918
   23053       1.0881
   23054       1.1440
   23055       1.1545
   23056       1.1082
   23057       1.1800
   23058       1.1723
   23059       1.1149
   23060       1.0261
   23061       1.1656
   23062       1.0319
   23063       1.0594
   23064       1.1060
   23065       1.1437
   23066       1.0210
   23067       1.1974
   23068       1.1021
   23069       1.0513
   23070       1.1150
   23071       1.1281
   23072       1.0993
   23073       1.0732
   23074       1.0679
   23075       1.1598
   23076       1.0901
   23077       1.0316
   23078       1.0736
   23079       1.0065
   23080       1.0765
   23081       0.9922
   23082       0.9620
   23083       1.0953
   23084       1.2154
   23085       1.0580
   23086       1.1796
   23087       1.1415
   23088       1.1458
   23089       1.1592
   23090       1.0938
   23091       1.1568
   23092       1.1032
   23093       1.1912
   23094       1.1413
   23095       1.1817
   23096       1.1696
   23097       1.1372
   23098       1.1830
   23099       1.1108
   23100       1.1031
   23101       1.1748
   23102       1.1773
   23103       1.1216
   23104       1.1136
   23105       1.1474
   23106       1.1193
   23107       1.2143
   23108       1.1494
   23109       1.0749
   23110       1.1228
   23111       1.1014
   23112       1.0773
   23113       1.0992
   23114       1.0685
   23115       1.1485
   23116       1.1585
   23117       1.1307
   23118       1.1549
   23119       1.1448
   23120       1.0723
   23121       1.0536
   23122       1.1858
   23123       1.0809
   23124       1.1467
   23125       1.0641
   23126       1.0695
   23127       1.1438
   23128       1.2236
   23129       1.1002
   23130       1.0774
   23131       1.1002
   23132       1.1552
   23133       1.1201
   23134       1.2389
   23135       1.1363
   23136       1.1849
   23137       1.1367
   23138       1.1078
   23139       1.1183
   23140       1.1438
   23141       1.2193
   23142       1.1275
   23143       1.0463
   23144       1.0402
   23145       1.0948
   23146       1.0925
   23147       1.0178
   23148       1.0750
   23149       1.1512
   23150       1.1106
   23151       1.0852
   23152       1.0793
   23153       1.1951
   23154       1.1713
   23155       1.1299
   23156       1.0800
   23157       1.0961
   23158       1.0031
   23159       0.9596
   23160       0.9496
   23161       1.0276
   23162       0.9552
   23163       1.0340
   23164       1.0708
   23165       1.0602
   23166       1.1468
   23167       1.0456
   23168       1.0346
   23169       0.9762
   23170       1.0256
   23171       1.0737
   23172       1.0452
   23173       1.1299
   23174       1.1087
   23175       1.1619
   23176       1.0830
   23177       1.0684
   23178       1.0479
   23179       1.1137
   23180       1.0705
   23181       1.0664
   23182       1.0240
   23183       0.9888
   23184       1.0553
   23185       1.0257
   23186       0.9848
   23187       0.9542
   23188       0.9872
   23189       1.0615
   23190       1.0654
   23191       1.0193
   23192       1.1220
   23193       1.0353
   23194       1.1313
   23195       1.1229
   23196       1.1644
   23197       1.2375
   23198       1.1879
   23199       1.0559
   23200       1.1183
   23201       1.1637
   23202       1.2028
   23203       1.1824
   23204       1.1113
   23205       1.0814
   23206       1.1146
   23207       1.0991
   23208       1.0464
   23209       1.0075
   23210       1.0475
   23211       1.1435
   23212       1.1148
   23213       1.1538
   23214       1.1360
   23215       1.2184
   23216       1.1738
   23217       1.1660
   23218       1.1030
   23219       1.1155
   23220       1.1224
   23221       1.1650
   23222       1.1824
   23223       1.2045
   23224       1.1959
   23225       1.1927
   23226       1.1399
   23227       1.1281
   23228       1.1399
   23229       1.1030
   23230       1.1744
   23231       1.2051
   23232       0.9924
   23233       1.0876
   23234       1.1376
   23235       1.0954
   23236       1.1392
   23237       1.0729
   23238       1.1973
   23239       1.0563
   23240       0.9788
   23241       1.0316
   23242       0.9850
   23243       1.0774
   23244       0.9580
   23245       1.0413
   23246       0.9909
   23247       1.0659
   23248       1.0244
   23249       1.0223
   23250       1.1067
   23251       1.0263
   23252       1.0187
   23253       1.0111
   23254       1.0654
   23255       1.0309
   23256       1.0164
   23257       0.9511
   23258       0.9786
   23259       0.9958
   23260       1.1100
   23261       1.1496
   23262       0.9870
   23263       1.1098
   23264       0.9814
   23265       1.0548
   23266       1.0197
   23267       1.0305
   23268       1.0768
   23269       1.1079
   23270       1.0802
   23271       1.0286
   23272       1.1289
   23273       0.9957
   23274       1.0585
   23275       1.1197
   23276       1.0956
   23277       1.0962
   23278       0.9371
   23279       0.9636
   23280       1.0074
   23281       0.9761
   23282       0.9181
   23283       0.9460
   23284       1.0040
   23285       1.0140
   23286       1.0778
   23287       0.9754
   23288       0.9795
   23289       1.0959
   23290       1.0304
   23291       1.1714
   23292       1.0412
   23293       1.0092
   23294       1.1213
   23295       1.1471
   23296       1.0273
   23297       0.9538
   23298       0.9525
   23299       1.0263
   23300       1.0496
   23301       1.0580
   23302       1.0600
   23303       1.0867
   23304       0.9639
   23305       0.9834
   23306       1.0249
   23307       0.9495
   23308       0.9621
   23309       1.0366
   23310       0.8729
   23311       0.9546
   23312       0.9784
   23313       0.9802
   23314       1.0294
   23315       1.0410
   23316       1.0720
   23317       1.1794
   23318       1.0688
   23319       1.0979
   23320       1.0965
   23321       1.1406
   23322       1.1482
   23323       1.0566
   23324       1.1068
   23325       1.1429
   23326       1.1227
   23327       1.1245
   23328       1.0541
   23329       1.1406
   23330       1.1562
   23331       1.1121
   23332       1.1456
   23333       1.0452
   23334       1.0872
   23335       1.0487
   23336       1.0704
   23337       1.0991
   23338       1.0592
   23339       1.0219
   23340       1.1132
   23341       1.0272
   23342       1.0520
   23343       1.1007
   23344       0.9632
   23345       1.0974
   23346       1.1225
   23347       1.1077
   23348       0.9755
   23349       1.1501
   23350       1.0674
   23351       1.0527
   23352       1.0361
   23353       1.0867
   23354       1.0276
   23355       1.0230
   23356       1.1825
   23357       1.0500
   23358       1.0708
   23359       1.0516
   23360       1.0864
   23361       1.0948
   23362       1.0679
   23363       1.1030
   23364       1.0637
   23365       1.0663
   23366       1.0819
   23367       1.0232
   23368       1.0989
   23369       1.1016
   23370       1.1188
   23371       1.1367
   23372       1.0959
   23373       1.0364
   23374       1.0732
   23375       1.1666
   23376       1.1035
   23377       1.2534
   23378       1.2383
   23379       1.1624
   23380       1.1263
   23381       1.0455
   23382       1.1011
   23383       0.9160
   23384       1.0118
   23385       1.0016
   23386       0.9788
   23387       0.9816
   23388       0.9881
   23389       1.1438
   23390       1.0735
   23391       1.0224
   23392       1.0508
   23393       1.0629
   23394       1.0175
   23395       1.0370
   23396       1.0592
   23397       0.9817
   23398       1.0484
   23399       1.1538
   23400       1.0254
   23401       1.1126
   23402       1.1504
   23403       1.0570
   23404       1.1507
   23405       1.0940
   23406       1.0588
   23407       1.0837
   23408       1.1712
   23409       1.1268
   23410       1.0847
   23411       1.1565
   23412       1.0535
   23413       1.1268
   23414       1.2901
   23415       1.1366
   23416       1.0277
   23417       0.9758
   23418       1.1400
   23419       1.0719
   23420       1.0104
   23421       1.0523
   23422       1.1794
   23423       0.9746
   23424       1.0665
   23425       1.0440
   23426       1.1013
   23427       1.0696
   23428       1.0391
   23429       1.0528
   23430       1.0506
   23431       0.9866
   23432       1.1124
   23433       1.0208
   23434       1.1382
   23435       1.0180
   23436       1.0603
   23437       1.0526
   23438       0.9924
   23439       1.1057
   23440       1.0513
   23441       1.0645
   23442       1.1092
   23443       1.0544
   23444       1.1364
   23445       1.0373
   23446       1.0271
   23447       1.0104
   23448       1.0663
   23449       1.0605
   23450       0.9000
   23451       1.0547
   23452       1.0541
   23453       1.0883
   23454       1.0658
   23455       0.9803
   23456       1.1440
   23457       1.1744
   23458       1.2103
   23459       1.0310
   23460       1.1751
   23461       1.1613
   23462       1.0678
   23463       1.1655
   23464       1.1838
   23465       1.1640
   23466       1.1445
   23467       1.2078
   23468       1.2080
   23469       1.2678
   23470       1.1428
   23471       1.1656
   23472       1.2870
   23473       1.2435
   23474       1.1318
   23475       1.1944
   23476       1.1066
   23477       1.3084
   23478       1.2612
   23479       1.1970
   23480       1.0540
   23481       1.2040
   23482       1.1659
   23483       1.0743
   23484       1.1487
   23485       1.0588
   23486       1.1247
   23487       1.1278
   23488       1.0529
   23489       1.0249
   23490       1.0560
   23491       1.1077
   23492       1.1816
   23493       1.1491
   23494       1.1793
   23495       1.2164
   23496       1.2840
   23497       1.1700
   23498       1.2518
   23499       1.2301
   23500       1.1942
   23501       1.1443
   23502       1.1745
   23503       1.2191
   23504       1.1305
   23505       1.1347
   23506       1.1524
   23507       1.1522
   23508       1.1237
   23509       1.2258
   23510       1.2189
   23511       1.1624
   23512       1.1185
   23513       1.0744
   23514       1.1622
   23515       1.1412
   23516       1.1600
   23517       1.2079
   23518       1.1702
   23519       1.0494
   23520       1.0847
   23521       1.2424
   23522       1.1866
   23523       1.2106
   23524       1.1790
   23525       1.2267
   23526       1.1798
   23527       1.2451
   23528       1.2754
   23529       1.3285
   23530       1.3464
   23531       1.3944
   23532       1.4335
   23533       1.2273
   23534       1.0825
   23535       1.3236
   23536       1.2165
   23537       1.2254
   23538       1.1601
   23539       1.1175
   23540       1.2710
   23541       1.2196
   23542       1.2231
   23543       1.1712
   23544       1.1261
   23545       1.2552
   23546       1.2978
   23547       1.2092
   23548       1.1682
   23549       1.2614
   23550       1.1249
   23551       1.2971
   23552       1.1595
   23553       1.2084
   23554       1.2628
   23555       1.2867
   23556       1.2121
   23557       1.3378
   23558       1.2523
   23559       1.2490
   23560       1.1698
   23561       1.1821
   23562       1.1658
   23563       1.2548
   23564       1.1204
   23565       1.1837
   23566       1.1166
   23567       1.1784
   23568       1.1173
   23569       1.2308
   23570       1.1500
   23571       1.0767
   23572       1.0842
   23573       1.1706
   23574       1.2350
   23575       1.2292
   23576       1.2785
   23577       1.2022
   23578       1.1747
   23579       1.1168
   23580       1.1065
   23581       1.1401
   23582       1.0866
   23583       1.1538
   23584       1.1267
   23585       1.1793
   23586       1.2063
   23587       1.1031
   23588       1.1554
   23589       1.1461
   23590       1.2058
   23591       1.1030
   23592       1.1213
   23593       1.1522
   23594       1.1827
   23595       1.2730
   23596       1.2056
   23597       1.2724
   23598       1.3319
   23599       1.3728
   23600       1.3736
   23601       1.4207
   23602       1.3939
   23603       1.2591
   23604       1.2413
   23605       1.2373
   23606       1.2296
   23607       1.1481
   23608       1.1962
   23609       1.2516
   23610       1.2481
   23611       1.2219
   23612       1.0787
   23613       1.1251
   23614       1.1251
   23615       1.1651
   23616       1.1186
   23617       1.2241
   23618       1.1154
   23619       1.1156
   23620       1.1726
   23621       1.1307
   23622       1.1701
   23623       1.0753
   23624       1.0853
   23625       1.2281
   23626       1.1463
   23627       1.2737
   23628       1.2367
   23629       1.2524
   23630       1.1451
   23631       1.2291
   23632       1.1736
   23633       1.1179
   23634       1.0992
   23635       1.2398
   23636       1.1045
   23637       1.2229
   23638       1.2209
   23639       1.2823
   23640       1.2596
   23641       1.1267
   23642       1.1366
   23643       1.2112
   23644       1.2494
   23645       1.2523
   23646       1.1869
   23647       1.2874
   23648       1.1855
   23649       1.2401
   23650       1.2114
   23651       1.1580
   23652       1.1100
   23653       1.0643
   23654       1.0762
   23655       1.1221
   23656       1.0076
   23657       1.0681
   23658       1.0205
   23659       1.0719
   23660       1.1038
   23661       1.1593
   23662       1.1547
   23663       1.0902
   23664       1.0245
   23665       0.9655
   23666       1.0114
   23667       1.2318
   23668       1.1362
   23669       1.1266
   23670       1.1229
   23671       1.0843
   23672       1.1414
   23673       1.2099
   23674       1.0614
   23675       1.0713
   23676       1.1105
   23677       1.0569
   23678       1.1392
   23679       1.0496
   23680       1.0276
   23681       1.0416
   23682       0.9660
   23683       0.9894
   23684       1.0832
   23685       0.9916
   23686       1.1291
   23687       1.0172
   23688       1.0822
   23689       0.9394
   23690       1.0738
   23691       1.0167
   23692       1.0555
   23693       1.1288
   23694       1.0380
   23695       1.0626
   23696       0.9493
   23697       1.0457
   23698       1.0508
   23699       1.1685
   23700       1.1104
   23701       1.0714
   23702       1.0382
   23703       0.9871
   23704       0.9776
   23705       1.0026
   23706       1.0437
   23707       1.0063
   23708       0.8953
   23709       1.0120
   23710       0.9380
   23711       1.0042
   23712       0.9895
   23713       1.1025
   23714       0.9774
   23715       0.9215
   23716       0.9914
   23717       1.0398
   23718       1.0008
   23719       0.9615
   23720       0.9288
   23721       0.9780
   23722       0.9974
   23723       1.0195
   23724       1.0441
   23725       1.0116
   23726       0.9754
   23727       1.0426
   23728       1.1095
   23729       1.0818
   23730       1.1280
   23731       1.1158
   23732       1.1869
   23733       1.1733
   23734       1.1977
   23735       1.1937
   23736       1.1562
   23737       1.2663
   23738       1.2432
   23739       1.1536
   23740       1.0237
   23741       1.2015
   23742       1.1536
   23743       1.2568
   23744       1.1238
   23745       1.1613
   23746       1.1462
   23747       1.0682
   23748       1.1828
   23749       1.1092
   23750       1.0364
   23751       1.1555
   23752       1.1409
   23753       1.1695
   23754       1.1675
   23755       1.0820
   23756       1.0704
   23757       1.0513
   23758       1.0579
   23759       1.0847
   23760       1.0835
   23761       0.9962
   23762       1.1119
   23763       1.1300
   23764       0.9296
   23765       0.9966
   23766       1.0096
   23767       1.0907
   23768       1.0271
   23769       1.0046
   23770       0.9740
   23771       1.0583
   23772       0.9750
   23773       1.1442
   23774       1.2161
   23775       1.0669
   23776       1.2388
   23777       1.1187
   23778       1.1476
   23779       1.1694
   23780       1.0787
   23781       1.0995
   23782       1.2014
   23783       1.2070
   23784       1.2228
   23785       1.2176
   23786       1.0755
   23787       1.1325
   23788       1.0514
   23789       1.1148
   23790       1.1344
   23791       1.1437
   23792       1.1252
   23793       1.1824
   23794       1.1530
   23795       1.1976
   23796       1.1482
   23797       1.1656
   23798       1.2148
   23799       1.1191
   23800       1.1260
   23801       1.2431
   23802       1.1714
   23803       1.1348
   23804       1.1591
   23805       1.1943
   23806       1.2570
   23807       1.1494
   23808       1.2033
   23809       1.3194
   23810       1.1593
   23811       1.2015
   23812       1.1715
   23813       1.3067
   23814       1.2447
   23815       1.3103
   23816       1.2750
   23817       1.2842
   23818       1.2613
   23819       1.1379
   23820       1.1471
   23821       1.0804
   23822       1.0059
   23823       1.0579
   23824       1.0254
   23825       1.1156
   23826       1.1093
   23827       1.0683
   23828       1.2126
   23829       1.1560
   23830       1.0538
   23831       1.1552
   23832       1.0394
   23833       1.1147
   23834       1.1057
   23835       1.1148
   23836       1.1062
   23837       1.0428
   23838       1.1811
   23839       1.1876
   23840       1.2570
   23841       1.2976
   23842       1.0914
   23843       1.1611
   23844       1.1996
   23845       1.0969
   23846       1.1707
   23847       1.1846
   23848       1.1657
   23849       1.2027
   23850       1.1519
   23851       1.1937
   23852       1.2095
   23853       1.2572
   23854       1.0082
   23855       1.0325
   23856       1.0514
   23857       1.1083
   23858       1.1100
   23859       1.1815
   23860       1.1499
   23861       1.2087
   23862       1.0812
   23863       1.2847
   23864       1.0461
   23865       1.1142
   23866       1.1579
   23867       1.2407
   23868       1.2191
   23869       1.1535
   23870       1.0433
   23871       1.1037
   23872       1.1183
   23873       1.0799
   23874       1.1216
   23875       1.1270
   23876       1.1330
   23877       1.0857
   23878       1.1246
   23879       1.0958
   23880       1.1491
   23881       1.0857
   23882       1.1098
   23883       1.1555
   23884       1.1356
   23885       1.1545
   23886       1.2507
   23887       1.2032
   23888       1.3043
   23889       1.2248
   23890       1.0941
   23891       1.1187
   23892       1.1030
   23893       1.0514
   23894       1.0649
   23895       1.1933
   23896       1.1541
   23897       1.1728
   23898       1.1931
   23899       1.2714
   23900       1.2299
   23901       1.2751
   23902       1.2420
   23903       1.2526
   23904       1.2350
   23905       1.1377
   23906       1.2391
   23907       1.2022
   23908       1.2741
   23909       1.2714
   23910       1.3215
   23911       1.1947
   23912       1.2829
   23913       1.3123
   23914       1.1664
   23915       1.2830
   23916       1.3164
   23917       1.2692
   23918       1.1805
   23919       1.1476
   23920       1.1875
   23921       1.2143
   23922       1.2013
   23923       1.2630
   23924       1.2448
   23925       1.1270
   23926       1.1551
   23927       1.2490
   23928       1.2006
   23929       1.2330
   23930       1.2858
   23931       1.1989
   23932       1.3066
   23933       1.3403
   23934       1.2731
   23935       1.3134
   23936       1.3696
   23937       1.2748
   23938       1.2268
   23939       1.2461
   23940       1.3016
   23941       1.3795
   23942       1.2894
   23943       1.1843
   23944       1.1631
   23945       1.2088
   23946       1.1492
   23947       1.2028
   23948       1.1179
   23949       1.2066
   23950       1.2501
   23951       1.2606
   23952       1.2865
   23953       1.1032
   23954       1.2028
   23955       1.1851
   23956       1.2430
   23957       1.3418
   23958       1.2313
   23959       1.2965
   23960       1.3475
   23961       1.1773
   23962       1.3336
   23963       1.2884
   23964       1.3149
   23965       1.3383
   23966       1.4106
   23967       1.2707
   23968       1.3196
   23969       1.4302
   23970       1.4111
   23971       1.3241
   23972       1.3735
   23973       1.3138
   23974       1.2393
   23975       1.3080
   23976       1.2363
   23977       1.2030
   23978       1.3106
   23979       1.2528
   23980       1.1434
   23981       1.2639
   23982       1.2811
   23983       1.2342
   23984       1.2222
   23985       1.1934
   23986       1.2860
   23987       1.2683
   23988       1.2647
   23989       1.2690
   23990       1.2332
   23991       1.1275
   23992       1.2427
   23993       1.1428
   23994       1.2547
   23995       1.2320
   23996       1.3367
   23997       1.2595
   23998       1.2418
   23999       1.2838
   24000       1.1716
   24001       1.2914
   24002       1.2361
   24003       1.2658
   24004       1.2005
   24005       1.2380
   24006       1.1674
   24007       1.1693
   24008       1.1353
   24009       1.1514
   24010       1.0002
   24011       0.9891
   24012       0.9005
   24013       1.0369
   24014       1.0749
   24015       1.1139
   24016       1.1063
   24017       1.0770
   24018       1.0610
   24019       1.0708
   24020       0.9666
   24021       0.9603
   24022       1.0471
   24023       1.0029
   24024       1.0189
   24025       1.1438
   24026       1.1019
   24027       1.1012
   24028       1.0379
   24029       1.1476
   24030       1.0896
   24031       1.1585
   24032       1.0611
   24033       1.0867
   24034       1.1515
   24035       1.0666
   24036       1.1513
   24037       1.0085
   24038       1.0752
   24039       1.0447
   24040       1.0703
   24041       1.0561
   24042       1.0947
   24043       1.0221
   24044       1.0919
   24045       1.0879
   24046       1.0364
   24047       1.0077
   24048       1.1281
   24049       1.1918
   24050       1.0768
   24051       1.0763
   24052       1.0712
   24053       1.0919
   24054       1.0997
   24055       1.1329
   24056       1.1555
   24057       1.1466
   24058       1.0675
   24059       1.0951
   24060       1.1361
   24061       1.1428
   24062       1.0491
   24063       1.0843
   24064       1.1066
   24065       1.1231
   24066       1.1417
   24067       1.1278
   24068       1.1362
   24069       1.0860
   24070       1.1034
   24071       1.1385
   24072       1.1888
   24073       1.0781
   24074       1.0414
   24075       1.0674
   24076       0.9975
   24077       1.0765
   24078       0.9529
   24079       1.0470
   24080       1.0777
   24081       1.0560
   24082       1.0279
   24083       1.1221
   24084       1.0302
   24085       1.0954
   24086       1.0032
   24087       1.0834
   24088       1.0156
   24089       1.0499
   24090       1.0456
   24091       1.0641
   24092       1.0104
   24093       1.0696
   24094       1.1208
   24095       1.0146
   24096       1.0342
   24097       0.9989
   24098       1.1154
   24099       1.0160
   24100       1.0786
   24101       1.1458
   24102       1.1250
   24103       1.0555
   24104       1.0875
   24105       0.9620
   24106       1.0084
   24107       1.0345
   24108       1.0271
   24109       1.0779
   24110       1.0639
   24111       1.1617
   24112       1.1079
   24113       1.0681
   24114       1.2276
   24115       1.0596
   24116       1.0349
   24117       1.1682
   24118       1.0870
   24119       1.0512
   24120       1.0927
   24121       1.1042
   24122       1.1430
   24123       1.2198
   24124       1.1864
   24125       1.2063
   24126       1.1618
   24127       1.0647
   24128       1.2151
   24129       1.1675
   24130       1.0877
   24131       1.0352
   24132       1.1611
   24133       1.1075
   24134       1.1163
   24135       1.1121
   24136       1.1516
   24137       1.1622
   24138       0.9678
   24139       0.9564
   24140       1.0332
   24141       1.0599
   24142       1.1070
   24143       1.2040
   24144       1.1322
   24145       1.0245
   24146       1.1384
   24147       1.0078
   24148       0.9867
   24149       1.0713
   24150       1.0949
   24151       0.9985
   24152       1.0273
   24153       1.0412
   24154       1.0154
   24155       1.0554
   24156       1.0832
   24157       1.2343
   24158       1.2062
   24159       1.1910
   24160       1.1873
   24161       1.1524
   24162       1.1426
   24163       1.1134
   24164       1.2295
   24165       1.1115
   24166       1.1459
   24167       1.2330
   24168       1.2330
   24169       1.1878
   24170       1.1064
   24171       1.2322
   24172       1.0826
   24173       1.1299
   24174       1.1048
   24175       1.0997
   24176       1.0464
   24177       1.0932
   24178       1.1471
   24179       1.0308
   24180       1.0291
   24181       1.0462
   24182       1.1135
   24183       1.0682
   24184       1.0762
   24185       1.1323
   24186       1.0177
   24187       1.1087
   24188       1.0851
   24189       1.1598
   24190       1.1213
   24191       0.9962
   24192       0.9582
   24193       1.0122
   24194       1.0792
   24195       1.0617
   24196       1.0512
   24197       1.0740
   24198       1.1151
   24199       0.9972
   24200       1.0646
   24201       1.0430
   24202       1.1018
   24203       1.0810
   24204       1.1162
   24205       1.0675
   24206       0.9903
   24207       1.0913
   24208       0.9748
   24209       1.0785
   24210       1.1115
   24211       1.0818
   24212       1.1144
   24213       0.9714
   24214       1.0741
   24215       1.1161
   24216       1.0032
   24217       0.9883
   24218       0.9773
   24219       1.0108
   24220       1.0561
   24221       0.9364
   24222       1.0821
   24223       0.9669
   24224       1.0016
   24225       1.0431
   24226       0.9940
   24227       0.9995
   24228       1.0883
   24229       1.0367
   24230       0.9840
   24231       0.9923
   24232       1.0095
   24233       1.0345
   24234       0.9659
   24235       1.0017
   24236       0.9623
   24237       0.9674
   24238       1.0302
   24239       1.0289
   24240       0.9458
   24241       0.9402
   24242       1.0188
   24243       0.9847
   24244       1.0460
   24245       1.0379
   24246       1.0643
   24247       1.0686
   24248       1.1058
   24249       1.0438
   24250       1.1406
   24251       1.0205
   24252       1.1342
   24253       1.1096
   24254       1.0638
   24255       1.0568
   24256       1.0777
   24257       1.0861
   24258       1.0662
   24259       1.0322
   24260       0.9777
   24261       1.0608
   24262       0.9911
   24263       0.9427
   24264       1.2134
   24265       1.1001
   24266       1.0360
   24267       1.1024
   24268       0.9836
   24269       1.0681
   24270       0.9298
   24271       0.9477
   24272       1.1067
   24273       1.0089
   24274       0.9276
   24275       1.1241
   24276       0.9897
   24277       1.0396
   24278       1.0942
   24279       1.0825
   24280       1.0042
   24281       1.0671
   24282       0.9910
   24283       0.9178
   24284       1.0922
   24285       1.0737
   24286       1.0636
   24287       1.1001
   24288       1.0680
   24289       1.0678
   24290       0.9725
   24291       0.9227
   24292       0.9733
   24293       0.9525
   24294       1.0323
   24295       1.0935
   24296       1.0193
   24297       1.0278
   24298       1.1116
   24299       1.1096
   24300       1.1471
   24301       1.1221
   24302       1.1486
   24303       1.1599
   24304       1.0147
   24305       1.1719
   24306       1.1161
   24307       1.1076
   24308       1.1110
   24309       1.0941
   24310       1.2107
   24311       1.2016
   24312       1.1385
   24313       1.1789
   24314       1.1276
   24315       1.1381
   24316       1.1413
   24317       1.1294
   24318       1.1351
   24319       1.1671
   24320       1.1731
   24321       1.1201
   24322       1.1576
   24323       1.0322
   24324       1.1002
   24325       1.0456
   24326       1.0694
   24327       1.0456
   24328       0.9735
   24329       1.0458
   24330       1.0271
   24331       1.1178
   24332       1.1093
   24333       1.1183
   24334       1.0721
   24335       1.0397
   24336       1.0619
   24337       1.0954
   24338       1.0298
   24339       1.0798
   24340       1.0702
   24341       1.0378
   24342       0.9624
   24343       1.0386
   24344       1.0530
   24345       1.0925
   24346       1.0534
   24347       1.1825
   24348       1.1207
   24349       1.0196
   24350       1.0867
   24351       1.0709
   24352       1.0823
   24353       1.0337
   24354       1.0580
   24355       1.0930
   24356       1.0801
   24357       1.0106
   24358       1.1007
   24359       0.9924
   24360       1.0027
   24361       0.9793
   24362       1.0311
   24363       1.0129
   24364       1.1204
   24365       1.0527
   24366       1.0181
   24367       0.9785
   24368       1.0237
   24369       1.0870
   24370       1.0681
   24371       1.0798
   24372       1.0307
   24373       0.9278
   24374       0.9321
   24375       1.0215
   24376       1.0322
   24377       1.0205
   24378       1.0205
   24379       0.9577
   24380       0.9225
   24381       0.9560
   24382       1.0016
   24383       1.0744
   24384       0.9770
   24385       0.9722
   24386       1.0080
   24387       0.9699
   24388       0.9517
   24389       1.0646
   24390       1.0877
   24391       1.0314
   24392       1.1916
   24393       1.1299
   24394       1.0647
   24395       1.0429
   24396       1.0149
   24397       1.0912
   24398       0.9180
   24399       0.9748
   24400       0.9319
   24401       0.9530
   24402       0.9801
   24403       0.9261
   24404       1.0164
   24405       1.2264
   24406       1.1231
   24407       1.1559
   24408       1.0870
   24409       1.1193
   24410       1.1314
   24411       1.1387
   24412       1.0997
   24413       1.1022
   24414       1.0281
   24415       1.0833
   24416       1.0808
   24417       1.0795
   24418       1.0664
   24419       1.1074
   24420       1.0793
   24421       1.1685
   24422       0.9822
   24423       1.1044
   24424       1.0074
   24425       1.0909
   24426       0.9968
   24427       1.0439
   24428       1.0882
   24429       1.0542
   24430       1.0833
   24431       1.1439
   24432       1.0725
   24433       1.0871
   24434       0.9941
   24435       1.0341
   24436       1.0296
   24437       1.0365
   24438       1.0235
   24439       1.0232
   24440       1.0317
   24441       1.0272
   24442       1.0416
   24443       1.0433
   24444       1.0073
   24445       1.1048
   24446       0.9840
   24447       1.0063
   24448       1.0831
   24449       1.1007
   24450       1.1485
   24451       1.0730
   24452       1.0992
   24453       1.0287
   24454       1.0352
   24455       1.0790
   24456       1.0930
   24457       1.0897
   24458       1.1235
   24459       1.0699
   24460       1.0692
   24461       0.9818
   24462       0.9722
   24463       1.0113
   24464       1.0605
   24465       1.0562
   24466       1.1542
   24467       1.0948
   24468       1.0386
   24469       1.1369
   24470       1.0693
   24471       1.1217
   24472       1.0918
   24473       1.0686
   24474       1.0333
   24475       1.0590
   24476       1.1299
   24477       1.2562
   24478       1.2338
   24479       1.1932
   24480       1.1121
   24481       1.1723
   24482       1.2203
   24483       1.2114
   24484       1.1864
   24485       1.1730
   24486       1.0892
   24487       1.1492
   24488       1.0978
   24489       1.0077
   24490       1.0136
   24491       1.0375
   24492       1.0351
   24493       1.0551
   24494       1.1973
   24495       1.1270
   24496       1.1424
   24497       1.1515
   24498       1.1747
   24499       1.3101
   24500       1.0932
   24501       1.0922
   24502       1.0821
   24503       1.0602
   24504       1.0268
   24505       1.1643
   24506       1.0961
   24507       1.2202
   24508       1.1591
   24509       1.1426
   24510       1.1550
   24511       1.1665
   24512       1.1601
   24513       1.1823
   24514       1.2070
   24515       1.2245
   24516       1.2004
   24517       1.3181
   24518       1.2304
   24519       1.3108
   24520       1.2634
   24521       1.2533
   24522       1.3639
   24523       1.3930
   24524       1.3729
   24525       1.3498
   24526       1.3519
   24527       1.2371
   24528       1.2430
   24529       1.3448
   24530       1.2470
   24531       1.1551
   24532       1.1593
   24533       1.1522
   24534       1.2425
   24535       1.2562
   24536       1.2232
   24537       1.1974
   24538       1.2618
   24539       1.2099
   24540       1.1639
   24541       1.1954
   24542       1.2249
   24543       1.2489
   24544       1.2290
   24545       1.2556
   24546       1.2172
   24547       1.0661
   24548       1.1551
   24549       1.1583
   24550       1.1496
   24551       1.1255
   24552       1.1996
   24553       1.2196
   24554       1.2201
   24555       1.2125
   24556       1.1728
   24557       1.1588
   24558       1.2247
   24559       1.1753
   24560       1.2292
   24561       1.1326
   24562       1.0959
   24563       1.0931
   24564       1.0879
   24565       1.1070
   24566       1.1555
   24567       1.2209
   24568       0.9738
   24569       1.0043
   24570       1.1545
   24571       1.3015
   24572       1.0845
   24573       1.1286
   24574       1.1543
   24575       1.2116
   24576       1.1661
   24577       1.3000
   24578       1.1562
   24579       1.2116
   24580       1.3478
   24581       1.2266
   24582       1.1722
   24583       1.2245
   24584       1.2610
   24585       1.2927
   24586       1.2395
   24587       1.1700
   24588       1.0806
   24589       1.1923
   24590       1.2097
   24591       1.2390
   24592       1.2082
   24593       1.2623
   24594       1.3545
   24595       1.3031
   24596       1.2261
   24597       1.2426
   24598       1.2710
   24599       1.2430
   24600       1.3002
   24601       1.2035
   24602       1.2756
   24603       1.3735
   24604       1.3120
   24605       1.2912
   24606       1.2972
   24607       1.2665
   24608       1.3157
   24609       1.3649
   24610       1.2243
   24611       1.2860
   24612       1.2872
   24613       1.2543
   24614       1.2153
   24615       1.2741
   24616       1.2404
   24617       1.1023
   24618       1.2411
   24619       1.3113
   24620       1.2008
   24621       1.2164
   24622       1.2241
   24623       1.2235
   24624       1.2596
   24625       1.1799
   24626       1.2169
   24627       1.1633
   24628       1.1791
   24629       1.2204
   24630       1.3319
   24631       1.2454
   24632       1.1880
   24633       1.2371
   24634       1.1960
   24635       1.2372
   24636       1.2322
   24637       1.1847
   24638       1.2515
   24639       1.2603
   24640       1.3235
   24641       1.2760
   24642       1.2841
   24643       1.3276
   24644       1.2207
   24645       1.3090
   24646       1.2938
   24647       1.3693
   24648       1.3692
   24649       1.3595
   24650       1.2597
   24651       1.2972
   24652       1.3762
   24653       1.3323
   24654       1.2643
   24655       1.3957
   24656       1.3768
   24657       1.3210
   24658       1.2823
   24659       1.4136
   24660       1.2953
   24661       1.2073
   24662       1.0638
   24663       1.2401
   24664       1.2624
   24665       1.2557
   24666       1.1931
   24667       1.2939
   24668       1.2614
   24669       1.2487
   24670       1.2892
   24671       1.2562
   24672       1.3776
   24673       1.2650
   24674       1.3199
   24675       1.2716
   24676       1.2787
   24677       1.2843
   24678       1.2528
   24679       1.2323
   24680       1.2706
   24681       1.2314
   24682       1.2699
   24683       1.2218
   24684       1.3163
   24685       1.2415
   24686       1.2427
   24687       1.2767
   24688       1.2950
   24689       1.3469
   24690       1.2798
   24691       1.2046
   24692       1.2422
   24693       1.2285
   24694       1.3101
   24695       1.2962
   24696       1.2581
   24697       1.2887
   24698       1.2917
   24699       1.2676
   24700       1.2869
   24701       1.1943
   24702       1.2191
   24703       1.3413
   24704       1.2753
   24705       1.2500
   24706       1.3261
   24707       1.3074
   24708       1.3235
   24709       1.3358
   24710       1.3233
   24711       1.3805
   24712       1.2711
   24713       1.3171
   24714       1.2408
   24715       1.2505
   24716       1.2473
   24717       1.2583
   24718       1.2579
   24719       1.3316
   24720       1.3363
   24721       1.3908
   24722       1.3861
   24723       1.2987
   24724       1.2571
   24725       1.3208
   24726       1.2267
   24727       1.2106
   24728       1.2288
   24729       1.2786
   24730       1.2499
   24731       1.2966
   24732       1.2756
   24733       1.2227
   24734       1.2601
   24735       1.3603
   24736       1.2502
   24737       1.2177
   24738       1.2527
   24739       1.2531
   24740       1.3495
   24741       1.2664
   24742       1.3265
   24743       1.2064
   24744       1.2911
   24745       1.2719
   24746       1.3804
   24747       1.3444
   24748       1.3776
   24749       1.3968
   24750       1.3396
   24751       1.3927
   24752       1.3487
   24753       1.2269
   24754       1.3431
   24755       1.2497
   24756       1.2879
   24757       1.3024
   24758       1.3357
   24759       1.3183
   24760       1.2623
   24761       1.3082
   24762       1.2942
   24763       1.3716
   24764       1.2611
   24765       1.2661
   24766       1.3517
   24767       1.2649
   24768       1.1837
   24769       1.3069
   24770       1.2182
   24771       1.2153
   24772       1.3087
   24773       1.2829
   24774       1.2675
   24775       1.2711
   24776       1.3556
   24777       1.2498
   24778       1.3139
   24779       1.1987
   24780       1.3743
   24781       1.2601
   24782       1.2940
   24783       1.3509
   24784       1.2654
   24785       1.2641
   24786       1.2996
   24787       1.2003
   24788       1.2412
   24789       1.2161
   24790       1.2414
   24791       1.2901
   24792       1.2652
   24793       1.2889
   24794       1.3350
   24795       1.3505
   24796       1.2717
   24797       1.2401
   24798       1.3825
   24799       1.2670
   24800       1.3421
   24801       1.2651
   24802       1.3156
   24803       1.2544
   24804       1.2312
   24805       1.2071
   24806       1.2971
   24807       1.2903
   24808       1.2520
   24809       1.2162
   24810       1.2411
   24811       1.2681
   24812       1.2183
   24813       1.3760
   24814       1.3755
   24815       1.2393
   24816       1.2214
   24817       1.2562
   24818       1.2405
   24819       1.2856
   24820       1.1940
   24821       1.2113
   24822       1.1925
   24823       1.2698
   24824       1.2777
   24825       1.2470
   24826       1.2143
   24827       1.2603
   24828       1.1912
   24829       1.1682
   24830       1.2434
   24831       1.3070
   24832       1.2322
   24833       1.2962
   24834       1.2852
   24835       1.2912
   24836       1.3403
   24837       1.3897
   24838       1.2625
   24839       1.2698
   24840       1.2651
   24841       1.3776
   24842       1.3076
   24843       1.2778
   24844       1.3682
   24845       1.4161
   24846       1.3126
   24847       1.4480
   24848       1.4211
   24849       1.4826
   24850       1.3812
   24851       1.3576
   24852       1.3378
   24853       1.2381
   24854       1.2835
   24855       1.2473
   24856       1.3355
   24857       1.3939
   24858       1.3796
   24859       1.3422
   24860       1.3789
   24861       1.3654
   24862       1.2118
   24863       1.2488
   24864       1.3097
   24865       1.2968
   24866       1.2189
   24867       1.1876
   24868       1.1472
   24869       1.1384
   24870       1.1827
   24871       1.1560
   24872       1.1991
   24873       1.1940
   24874       1.0584
   24875       1.0528
   24876       1.0617
   24877       1.1093
   24878       1.0970
   24879       1.0790
   24880       1.0970
   24881       1.0101
   24882       1.0869
   24883       1.1832
   24884       1.1756
   24885       1.2208
   24886       1.1929
   24887       1.0894
   24888       1.1786
   24889       1.2084
   24890       1.1807
   24891       1.1406
   24892       1.1786
   24893       1.1428
   24894       1.1935
   24895       1.2299
   24896       1.2599
   24897       1.3076
   24898       1.2440
   24899       1.2612
   24900       1.0684
   24901       1.0679
   24902       1.1773
   24903       1.0530
   24904       1.0947
   24905       1.1331
   24906       1.1300
   24907       1.1930
   24908       1.1646
   24909       1.1443
   24910       1.1025
   24911       1.0838
   24912       1.0595
   24913       1.1021
   24914       1.0429
   24915       1.1502
   24916       1.1643
   24917       1.1777
   24918       1.1136
   24919       1.1429
   24920       1.1286
   24921       1.1382
   24922       1.0760
   24923       1.0469
   24924       1.0793
   24925       1.0333
   24926       1.0383
   24927       0.9846
   24928       1.0786
   24929       0.9982
   24930       1.0106
   24931       1.0790
   24932       0.9879
   24933       1.0503
   24934       0.9521
   24935       0.9977
   24936       1.0518
   24937       1.0587
   24938       1.1355
   24939       1.1628
   24940       1.0774
   24941       1.0689
   24942       1.1164
   24943       1.1720
   24944       1.1017
   24945       1.1553
   24946       1.1500
   24947       1.1537
   24948       1.1340
   24949       1.1955
   24950       0.9981
   24951       1.1375
   24952       1.1589
   24953       1.1256
   24954       1.1200
   24955       1.1577
   24956       1.2097
   24957       1.1255
   24958       1.2319
   24959       1.1949
   24960       1.2567
   24961       1.2362
   24962       1.2601
   24963       1.2379
   24964       1.2090
   24965       1.2859
   24966       1.2235
   24967       1.3077
   24968       1.2447
   24969       1.1291
   24970       1.2074
   24971       1.2663
   24972       1.2624
   24973       1.3501
   24974       1.3058
   24975       1.3348
   24976       1.3212
   24977       1.3376
   24978       1.2241
   24979       1.2945
   24980       1.2577
   24981       1.2531
   24982       1.2578
   24983       1.1983
   24984       1.2526
   24985       1.3044
   24986       1.2789
   24987       1.4289
   24988       1.3071
   24989       1.2878
   24990       1.3219
   24991       1.2768
   24992       1.2502
   24993       1.1842
   24994       1.1989
   24995       1.2160
   24996       1.2807
   24997       1.2808
   24998       1.2417
   24999       1.2060
   25000       1.3387
   25001       1.3517
   25002       1.2835
   25003       1.2191
   25004       1.3247
   25005       1.2902
   25006       1.3189
   25007       1.3034
   25008       1.1890
   25009       1.2513
   25010       1.2137
   25011       1.2642
   25012       1.3319
   25013       1.4296
   25014       1.3179
   25015       1.2513
   25016       1.3472
   25017       1.3217
   25018       1.2403
   25019       1.2359
   25020       1.2193
   25021       1.1883
   25022       1.2275
   25023       1.2599
   25024       1.2789
   25025       1.2182
   25026       1.2336
   25027       1.2137
   25028       1.2826
   25029       1.2220
   25030       1.1939
   25031       1.2226
   25032       1.1793
   25033       1.2843
   25034       1.2043
   25035       1.2338
   25036       1.1881
   25037       1.3475
   25038       1.3111
   25039       1.2399
   25040       1.2398
   25041       1.2756
   25042       1.1590
   25043       1.2073
   25044       1.2273
   25045       1.2575
   25046       1.3072
   25047       1.3251
   25048       1.3107
   25049       1.3467
   25050       1.1965
   25051       1.2373
   25052       1.2432
   25053       1.1937
   25054       1.2063
   25055       1.2284
   25056       1.2028
   25057       1.2892
   25058       1.2398
   25059       1.2669
   25060       1.2498
   25061       1.3330
   25062       1.3129
   25063       1.3106
   25064       1.2512
   25065       1.2547
   25066       1.3139
   25067       1.3849
   25068       1.2307
   25069       1.2434
   25070       1.3115
   25071       1.2487
   25072       1.2844
   25073       1.3479
   25074       1.4369
   25075       1.3094
   25076       1.3100
   25077       1.3977
   25078       1.3226
   25079       1.3070
   25080       1.3432
   25081       1.3356
   25082       1.4485
   25083       1.3314
   25084       1.4026
   25085       1.3995
   25086       1.4889
   25087       1.5043
   25088       1.4167
   25089       1.2898
   25090       1.2978
   25091       1.3626
   25092       1.4279
   25093       1.3237
   25094       1.3347
   25095       1.3574
   25096       1.2898
   25097       1.3983
   25098       1.3812
   25099       1.3465
   25100       1.3671
   25101       1.4174
   25102       1.2966
   25103       1.3965
   25104       1.4452
   25105       1.4110
   25106       1.4466
   25107       1.5881
   25108       1.3857
   25109       1.4644
   25110       1.3652
   25111       1.3987
   25112       1.4938
   25113       1.3679
   25114       1.4238
   25115       1.4365
   25116       1.3826
   25117       1.4566
   25118       1.4742
   25119       1.4790
   25120       1.5414
   25121       1.4268
   25122       1.4742
   25123       1.4701
   25124       1.4829
   25125       1.5102
   25126       1.5574
   25127       1.4769
   25128       1.5095
   25129       1.4038
   25130       1.3352
   25131       1.5227
   25132       1.3635
   25133       1.3974
   25134       1.3308
   25135       1.4735
   25136       1.3886
   25137       1.4031
   25138       1.5364
   25139       1.5523
   25140       1.4635
   25141       1.4566
   25142       1.3635
   25143       1.2937
   25144       1.3911
   25145       1.3138
   25146       1.3166
   25147       1.3971
   25148       1.3437
   25149       1.3721
   25150       1.4223
   25151       1.4365
   25152       1.4205
   25153       1.3988
   25154       1.3734
   25155       1.3724
   25156       1.4627
   25157       1.3981
   25158       1.4067
   25159       1.4158
   25160       1.3909
   25161       1.5064
   25162       1.4492
   25163       1.4083
   25164       1.4438
   25165       1.4486
   25166       1.4456
   25167       1.4449
   25168       1.3860
   25169       1.3548
   25170       1.3583
   25171       1.4740
   25172       1.3171
   25173       1.3302
   25174       1.3772
   25175       1.3772
   25176       1.3144
   25177       1.3749
   25178       1.3494
   25179       1.3877
   25180       1.3103
   25181       1.3938
   25182       1.2390
   25183       1.2403
   25184       1.3237
   25185       1.3497
   25186       1.3327
   25187       1.2956
   25188       1.3740
   25189       1.3662
   25190       1.3639
   25191       1.3433
   25192       1.3430
   25193       1.2963
   25194       1.4027
   25195       1.3116
   25196       1.2973
   25197       1.3568
   25198       1.4391
   25199       1.4215
   25200       1.4011
   25201       1.3300
   25202       1.4686
   25203       1.4498
   25204       1.4794
   25205       1.4365
   25206       1.5175
   25207       1.4625
   25208       1.5433
   25209       1.3903
   25210       1.4680
   25211       1.4834
   25212       1.4234
   25213       1.3736
   25214       1.4281
   25215       1.3730
   25216       1.3873
   25217       1.3168
   25218       1.3501
   25219       1.3894
   25220       1.4346
   25221       1.3905
   25222       1.3606
   25223       1.2647
   25224       1.3311
   25225       1.4012
   25226       1.3764
   25227       1.2923
   25228       1.3260
   25229       1.2951
   25230       1.3835
   25231       1.3336
   25232       1.4316
   25233       1.3820
   25234       1.3119
   25235       1.2885
   25236       1.2425
   25237       1.4240
   25238       1.3108
   25239       1.3245
   25240       1.4221
   25241       1.3245
   25242       1.4012
   25243       1.3313
   25244       1.4268
   25245       1.3626
   25246       1.3995
   25247       1.3973
   25248       1.3900
   25249       1.3123
   25250       1.3498
   25251       1.3778
   25252       1.2901
   25253       1.3426
   25254       1.2937
   25255       1.4106
   25256       1.3502
   25257       1.3294
   25258       1.3615
   25259       1.4649
   25260       1.4629
   25261       1.4374
   25262       1.4582
   25263       1.4119
   25264       1.3942
   25265       1.2532
   25266       1.2624
   25267       1.3247
   25268       1.3327
   25269       1.3474
   25270       1.4023
   25271       1.3766
   25272       1.4443
   25273       1.3654
   25274       1.3526
   25275       1.3158
   25276       1.3935
   25277       1.3522
   25278       1.4136
   25279       1.3796
   25280       1.3067
   25281       1.2528
   25282       1.3248
   25283       1.3447
   25284       1.3164
   25285       1.3692
   25286       1.4283
   25287       1.2978
   25288       1.3081
   25289       1.4116
   25290       1.3433
   25291       1.2715
   25292       1.3643
   25293       1.2486
   25294       1.2190
   25295       1.3560
   25296       1.3918
   25297       1.2641
   25298       1.3279
   25299       1.2838
   25300       1.2388
   25301       1.2780
   25302       1.2670
   25303       1.3325
   25304       1.3330
   25305       1.3661
   25306       1.3802
   25307       1.3438
   25308       1.4400
   25309       1.3856
   25310       1.4759
   25311       1.4398
   25312       1.3310
   25313       1.3520
   25314       1.3154
   25315       1.3255
   25316       1.3855
   25317       1.3204
   25318       1.4120
   25319       1.3734
   25320       1.2515
   25321       1.3356
   25322       1.3254
   25323       1.2276
   25324       1.2197
   25325       1.3002
   25326       1.3273
   25327       1.3224
   25328       1.2757
   25329       1.4003
   25330       1.2777
   25331       1.2846
   25332       1.2357
   25333       1.3223
   25334       1.4074
   25335       1.3288
   25336       1.3963
   25337       1.2907
   25338       1.3253
   25339       1.3382
   25340       1.2903
   25341       1.3067
   25342       1.4061
   25343       1.3051
   25344       1.3657
   25345       1.3926
   25346       1.3045
   25347       1.3485
   25348       1.3492
   25349       1.3432
   25350       1.3769
   25351       1.4117
   25352       1.4975
   25353       1.3711
   25354       1.3803
   25355       1.5023
   25356       1.4400
   25357       1.4090
   25358       1.4214
   25359       1.2990
   25360       1.3351
   25361       1.2953
   25362       1.4029
   25363       1.4830
   25364       1.3714
   25365       1.3863
   25366       1.3960
   25367       1.2497
   25368       1.3645
   25369       1.4052
   25370       1.4056
   25371       1.3615
   25372       1.2786
   25373       1.3393
   25374       1.3056
   25375       1.3491
   25376       1.3539
   25377       1.3558
   25378       1.2744
   25379       1.3524
   25380       1.3575
   25381       1.3929
   25382       1.3151
   25383       1.3306
   25384       1.3304
   25385       1.3560
   25386       1.3554
   25387       1.2457
   25388       1.3412
   25389       1.3137
   25390       1.3570
   25391       1.2095
   25392       1.2766
   25393       1.2698
   25394       1.2047
   25395       1.3039
   25396       1.2068
   25397       1.2195
   25398       1.2719
   25399       1.2395
   25400       1.1982
   25401       1.2310
   25402       1.2600
   25403       1.2401
   25404       1.1746
   25405       1.1816
   25406       1.1982
   25407       1.1958
   25408       1.2340
   25409       1.2450
   25410       1.2256
   25411       1.3228
   25412       1.2724
   25413       1.2428
   25414       1.2835
   25415       1.2132
   25416       1.3733
   25417       1.3701
   25418       1.3431
   25419       1.3447
   25420       1.4554
   25421       1.3057
   25422       1.3898
   25423       1.4754
   25424       1.3637
   25425       1.5148
   25426       1.3723
   25427       1.4076
   25428       1.3878
   25429       1.3284
   25430       1.2762
   25431       1.3757
   25432       1.3125
   25433       1.3199
   25434       1.3382
   25435       1.2735
   25436       1.2998
   25437       1.3523
   25438       1.2783
   25439       1.2392
   25440       1.2206
   25441       1.3881
   25442       1.3319
   25443       1.2843
   25444       1.2465
   25445       1.3773
   25446       1.3029
   25447       1.2495
   25448       1.2190
   25449       1.2321
   25450       1.2792
   25451       1.2498
   25452       1.2740
   25453       1.2660
   25454       1.2850
   25455       1.2730
   25456       1.2837
   25457       1.2573
   25458       1.2233
   25459       1.2964
   25460       1.2591
   25461       1.2647
   25462       1.2311
   25463       1.3276
   25464       1.2530
   25465       1.2475
   25466       1.3275
   25467       1.2921
   25468       1.2829
   25469       1.3191
   25470       1.3557
   25471       1.2149
   25472       1.2076
   25473       1.3024
   25474       1.3827
   25475       1.2582
   25476       1.3292
   25477       1.2702
   25478       1.2478
   25479       1.1623
   25480       1.2020
   25481       1.2208
   25482       1.2199
   25483       1.1847
   25484       1.3469
   25485       1.3849
   25486       1.2768
   25487       1.1244
   25488       1.2749
   25489       1.2529
   25490       1.1764
   25491       1.1324
   25492       1.1994
   25493       1.3202
   25494       1.2063
   25495       1.2208
   25496       1.1797
   25497       1.2345
   25498       1.2661
   25499       1.2138
   25500       1.2551
   25501       1.2063
   25502       1.1432
   25503       1.2701
   25504       1.3452
   25505       1.3503
   25506       1.2886
   25507       1.2746
   25508       1.1822
   25509       1.2474
   25510       1.2250
   25511       1.3048
   25512       1.1915
   25513       1.3039
   25514       1.2591
   25515       1.2921
   25516       1.3240
   25517       1.3756
   25518       1.2062
   25519       1.2962
   25520       1.2670
   25521       1.1854
   25522       1.1522
   25523       1.2814
   25524       1.3495
   25525       1.3172
   25526       1.2749
   25527       1.3292
   25528       1.2936
   25529       1.1900
   25530       1.1960
   25531       1.1343
   25532       1.2043
   25533       1.2007
   25534       1.1879
   25535       1.2325
   25536       1.2262
   25537       1.3060
   25538       1.3540
   25539       1.3536
   25540       1.3274
   25541       1.3496
   25542       1.3594
   25543       1.3053
   25544       1.2952
   25545       1.3334
   25546       1.3283
   25547       1.3162
   25548       1.2235
   25549       1.2607
   25550       1.2750
   25551       1.3718
   25552       1.3048
   25553       1.3706
   25554       1.4255
   25555       1.2818
   25556       1.2724
   25557       1.3021
   25558       1.3372
   25559       1.2194
   25560       1.1439
   25561       1.2310
   25562       1.1938
   25563       1.2151
   25564       1.2392
   25565       1.2778
   25566       1.1850
   25567       1.3141
   25568       1.2581
   25569       1.2151
   25570       1.1905
   25571       1.1238
   25572       1.1688
   25573       1.1963
   25574       1.2104
   25575       1.1477
   25576       1.1959
   25577       1.2848
   25578       1.3326
   25579       1.2748
   25580       1.4028
   25581       1.3225
   25582       1.2784
   25583       1.3087
   25584       1.3210
   25585       1.2458
   25586       1.2275
   25587       1.2289
   25588       1.1676
   25589       1.2846
   25590       1.1679
   25591       1.2797
   25592       1.3436
   25593       1.3114
   25594       1.3410
   25595       1.3928
   25596       1.3796
   25597       1.3162
   25598       1.3631
   25599       1.2708
   25600       1.3228
   25601       1.3511
   25602       1.2681
   25603       1.2507
   25604       1.1243
   25605       1.1979
   25606       1.2102
   25607       1.2397
   25608       1.2225
   25609       1.2870
   25610       1.2943
   25611       1.3226
   25612       1.2660
   25613       1.2790
   25614       1.2783
   25615       1.2642
   25616       1.2322
   25617       1.2227
   25618       1.2760
   25619       1.2981
   25620       1.2570
   25621       1.2759
   25622       1.2935
   25623       1.3445
   25624       1.2861
   25625       1.2900
   25626       1.3106
   25627       1.2844
   25628       1.2071
   25629       1.2557
   25630       1.2336
   25631       1.2388
   25632       1.2366
   25633       1.2424
   25634       1.2249
   25635       1.1174
   25636       1.1396
   25637       1.0554
   25638       1.1668
   25639       1.2329
   25640       1.1787
   25641       1.2118
   25642       1.2390
   25643       1.2477
   25644       1.2631
   25645       1.2693
   25646       1.2283
   25647       1.3241
   25648       1.1644
   25649       1.2605
   25650       1.2608
   25651       1.1598
   25652       1.2255
   25653       1.1480
   25654       1.1999
   25655       1.2271
   25656       1.1835
   25657       1.2275
   25658       1.2050
   25659       1.1791
   25660       1.2264
   25661       1.2074
   25662       1.1322
   25663       1.2015
   25664       1.1356
   25665       1.2080
   25666       1.3080
   25667       1.1976
   25668       1.2859
   25669       1.2543
   25670       1.1628
   25671       1.1725
   25672       1.2393
   25673       1.1977
   25674       1.2191
   25675       1.1563
   25676       1.2026
   25677       1.2422
   25678       1.2888
   25679       1.1714
   25680       1.1481
   25681       1.0319
   25682       1.1094
   25683       1.1207
   25684       1.1078
   25685       1.0643
   25686       1.0758
   25687       1.0972
   25688       1.1728
   25689       1.1536
   25690       1.2199
   25691       1.1792
   25692       1.0852
   25693       1.1124
   25694       1.1336
   25695       1.1426
   25696       1.1592
   25697       1.1076
   25698       0.9706
   25699       0.9883
   25700       1.1507
   25701       1.1525
   25702       1.2279
   25703       1.2280
   25704       1.2675
   25705       1.1416
   25706       1.1440
   25707       1.1995
   25708       1.0899
   25709       1.0285
   25710       1.0450
   25711       1.0740
   25712       1.1555
   25713       1.1241
   25714       1.0948
   25715       1.0645
   25716       1.0618
   25717       0.9802
   25718       0.9981
   25719       0.9643
   25720       1.0227
   25721       1.0926
   25722       1.0286
   25723       1.0817
   25724       1.0715
   25725       1.0428
   25726       1.0674
   25727       1.0433
   25728       0.9617
   25729       0.9690
   25730       0.9798
   25731       0.9636
   25732       0.9281
   25733       1.0119
   25734       1.0331
   25735       0.9778
   25736       1.0087
   25737       1.1069
   25738       1.0975
   25739       1.1126
   25740       1.1735
   25741       1.0034
   25742       0.9705
   25743       0.9175
   25744       1.0279
   25745       0.9660
   25746       0.9904
   25747       0.9913
   25748       1.0719
   25749       1.1478
   25750       0.9351
   25751       0.9697
   25752       0.8845
   25753       0.9997
   25754       1.0020
   25755       1.0800
   25756       1.0452
   25757       0.9540
   25758       0.9452
   25759       0.9509
   25760       0.9526
   25761       1.0410
   25762       1.0415
   25763       0.9419
   25764       0.9510
   25765       1.0081
   25766       0.9757
   25767       0.9307
   25768       1.0140
   25769       0.9573
   25770       1.0045
   25771       1.0698
   25772       1.1724
   25773       1.0881
   25774       1.0976
   25775       1.0753
   25776       1.0982
   25777       1.1519
   25778       1.1675
   25779       1.0651
   25780       1.0434
   25781       1.0293
   25782       1.0700
   25783       1.1080
   25784       1.2308
   25785       1.1042
   25786       1.1403
   25787       1.1366
   25788       1.0658
   25789       1.1144
   25790       1.2048
   25791       1.1025
   25792       1.0741
   25793       1.1052
   25794       1.1272
   25795       1.1158
   25796       1.0652
   25797       1.1819
   25798       1.1836
   25799       1.0465
   25800       1.1150
   25801       1.1272
   25802       1.1098
   25803       1.2012
   25804       0.9907
   25805       0.9916
   25806       0.9550
   25807       0.9915
   25808       1.0007
   25809       0.9754
   25810       0.9330
   25811       0.9644
   25812       0.9392
   25813       0.9769
   25814       0.9113
   25815       0.9510
   25816       0.9247
   25817       0.9535
   25818       0.9292
   25819       1.0856
   25820       0.9493
   25821       0.9855
   25822       1.0115
   25823       0.8667
   25824       0.9397
   25825       0.9814
   25826       0.9739
   25827       0.9551
   25828       1.0596
   25829       1.0671
   25830       1.0439
   25831       1.0351
   25832       1.0218
   25833       1.1173
   25834       0.9697
   25835       0.9877
   25836       1.0078
   25837       0.9855
   25838       0.8929
   25839       0.8934
   25840       0.9481
   25841       0.8967
   25842       0.9263
   25843       0.8557
   25844       0.8944
   25845       0.8922
   25846       0.9533
   25847       1.0198
   25848       0.9699
   25849       1.0479
   25850       1.0067
   25851       1.1142
   25852       1.0146
   25853       1.0339
   25854       0.9660
   25855       1.0405
   25856       1.0867
   25857       1.1199
   25858       1.1109
   25859       1.0977
   25860       1.1165
   25861       1.1668
   25862       1.1273
   25863       1.1548
   25864       1.0510
   25865       1.0896
   25866       1.0371
   25867       1.0876
   25868       1.1199
   25869       1.2002
   25870       1.1173
   25871       1.1442
   25872       1.1463
   25873       1.1556
   25874       1.2039
   25875       1.1377
   25876       1.1715
   25877       1.0737
   25878       1.1708
   25879       1.1920
   25880       1.2219
   25881       1.0075
   25882       1.1376
   25883       1.1721
   25884       1.2040
   25885       1.1476
   25886       1.1637
   25887       1.1610
   25888       1.2241
   25889       1.0769
   25890       1.1278
   25891       1.1763
   25892       1.0237
   25893       1.1834
   25894       1.2131
   25895       1.1748
   25896       1.1927
   25897       1.2466
   25898       1.1063
   25899       1.1917
   25900       1.1625
   25901       1.2130
   25902       1.2312
   25903       1.2067
   25904       1.2053
   25905       1.2368
   25906       1.2966
   25907       1.3045
   25908       1.3028
   25909       1.2684
   25910       1.1906
   25911       1.1769
   25912       1.1633
   25913       1.0996
   25914       1.1344
   25915       1.2801
   25916       1.1805
   25917       1.2155
   25918       1.0729
   25919       1.1016
   25920       1.1254
   25921       1.1777
   25922       1.1743
   25923       1.1614
   25924       1.2459
   25925       1.0912
   25926       1.0260
   25927       1.0207
   25928       1.0393
   25929       1.0269
   25930       1.1063
   25931       1.0961
   25932       1.0634
   25933       1.0934
   25934       1.0961
   25935       1.0458
   25936       0.9994
   25937       0.9834
   25938       1.0212
   25939       1.0708
   25940       1.0697
   25941       1.0498
   25942       1.0882
   25943       1.1151
   25944       1.0839
   25945       1.0887
   25946       1.1350
   25947       1.0442
   25948       1.0440
   25949       1.1479
   25950       1.0164
   25951       1.1729
   25952       1.2243
   25953       1.0870
   25954       1.1157
   25955       1.1272
   25956       1.1172
   25957       1.0944
   25958       1.0673
   25959       1.0757
   25960       1.1670
   25961       1.1181
   25962       1.0130
   25963       1.1140
   25964       1.0412
   25965       1.0392
   25966       1.0208
   25967       1.0630
   25968       1.0387
   25969       1.1090
   25970       1.1203
   25971       1.0568
   25972       1.0510
   25973       0.9904
   25974       1.1380
   25975       1.0538
   25976       0.9557
   25977       1.0114
   25978       1.0681
   25979       1.0466
   25980       1.0476
   25981       1.0178
   25982       0.9386
   25983       1.0098
   25984       1.0300
   25985       1.0980
   25986       1.1194
   25987       1.2099
   25988       1.0585
   25989       1.0794
   25990       1.0452
   25991       1.0068
   25992       1.0316
   25993       1.0134
   25994       1.0091
   25995       1.0649
   25996       1.1179
   25997       1.1124
   25998       1.0458
   25999       1.1637
   26000       1.1251
   26001       1.0377
   26002       1.0566
   26003       1.0451
   26004       1.1165
   26005       1.1031
   26006       1.0289
   26007       1.1272
   26008       1.0406
   26009       1.0932
   26010       1.0363
   26011       1.0945
   26012       1.0581
   26013       0.9840
   26014       1.1099
   26015       1.0587
   26016       0.9510
   26017       1.0111
   26018       1.0585
   26019       1.1142
   26020       1.0129
   26021       1.0319
   26022       1.0503
   26023       0.9996
   26024       1.0604
   26025       0.9998
   26026       1.1038
   26027       1.0591
   26028       0.9766
   26029       1.0137
   26030       0.9727
   26031       1.0111
   26032       0.9366
   26033       1.0047
   26034       0.9617
   26035       0.9009
   26036       0.9674
   26037       0.9499
   26038       0.8983
   26039       0.9390
   26040       0.9419
   26041       1.0253
   26042       1.0430
   26043       0.9051
   26044       0.9941
   26045       1.0219
   26046       0.9248
   26047       1.0241
   26048       1.0409
   26049       0.9875
   26050       0.9290
   26051       0.9863
   26052       1.0001
   26053       1.0555
   26054       0.9240
   26055       0.9914
   26056       0.9349
   26057       0.9263
   26058       1.0143
   26059       1.0036
   26060       0.9898
   26061       1.0251
   26062       1.0447
   26063       1.0638
   26064       1.0795
   26065       1.0491
   26066       1.0254
   26067       1.1074
   26068       1.1280
   26069       1.1744
   26070       1.0508
   26071       1.0655
   26072       1.1094
   26073       1.1495
   26074       1.0674
   26075       1.1456
   26076       1.2150
   26077       1.0850
   26078       1.0962
   26079       0.9909
   26080       1.0767
   26081       1.0816
   26082       1.0717
   26083       1.0637
   26084       0.9317
   26085       1.1416
   26086       1.1632
   26087       1.0008
   26088       1.0694
   26089       1.1135
   26090       1.1143
   26091       1.2422
   26092       1.1299
   26093       1.1437
   26094       1.1952
   26095       1.1558
   26096       1.0918
   26097       1.1587
   26098       1.2088
   26099       1.0564
   26100       1.0905
   26101       1.1647
   26102       1.1280
   26103       1.1103
   26104       1.1590
   26105       1.1252
   26106       1.1636
   26107       1.0866
   26108       1.0936
   26109       1.0826
   26110       1.1022
   26111       1.0975
   26112       1.1919
   26113       1.0955
   26114       1.1257
   26115       1.0551
   26116       1.1792
   26117       1.1334
   26118       1.1293
   26119       1.1129
   26120       1.0488
   26121       1.1271
   26122       1.0590
   26123       1.2067
   26124       1.1453
   26125       1.0776
   26126       1.1331
   26127       1.0900
   26128       1.1333
   26129       1.1321
   26130       1.1304
   26131       1.1668
   26132       1.0914
   26133       1.0825
   26134       1.1367
   26135       1.0303
   26136       1.1345
   26137       1.1827
   26138       1.1782
   26139       1.1451
   26140       1.1732
   26141       1.1478
   26142       1.1226
   26143       1.1820
   26144       1.1760
   26145       1.2105
   26146       1.1029
   26147       1.1041
   26148       1.0642
   26149       1.1530
   26150       1.1432
   26151       1.2155
   26152       1.1920
   26153       1.1709
   26154       1.2319
   26155       1.1769
   26156       1.1213
   26157       1.1502
   26158       1.1072
   26159       1.2167
   26160       1.1689
   26161       1.0554
   26162       1.0281
   26163       1.0037
   26164       1.0353
   26165       1.0338
   26166       1.1182
   26167       1.0843
   26168       1.0239
   26169       1.0235
   26170       1.1149
   26171       1.2029
   26172       1.0871
   26173       1.1297
   26174       1.1605
   26175       1.0674
   26176       1.0659
   26177       1.0868
   26178       1.1457
   26179       1.0896
   26180       1.1068
   26181       1.0375
   26182       1.0424
   26183       1.0010
   26184       1.1319
   26185       1.0340
   26186       1.0463
   26187       1.1655
   26188       1.1292
   26189       1.0960
   26190       1.1050
   26191       1.1515
   26192       0.9870
   26193       1.1336
   26194       1.1132
   26195       1.0488
   26196       1.0762
   26197       1.0644
   26198       1.0981
   26199       1.0429
   26200       1.0871
   26201       1.0998
   26202       1.1361
   26203       1.0776
   26204       1.0748
   26205       1.0428
   26206       1.0821
   26207       1.0453
   26208       1.0205
   26209       1.0305
   26210       1.0700
   26211       1.1029
   26212       1.1139
   26213       1.1671
   26214       1.0564
   26215       1.1215
   26216       1.0940
   26217       1.1099
   26218       1.1337
   26219       1.0277
   26220       1.2016
   26221       1.2609
   26222       1.2318
   26223       1.1160
   26224       1.1047
   26225       1.1838
   26226       1.2726
   26227       1.1887
   26228       1.1601
   26229       1.1491
   26230       1.2802
   26231       1.1888
   26232       1.2905
   26233       1.1454
   26234       1.1697
   26235       1.0616
   26236       1.0417
   26237       1.0499
   26238       1.1167
   26239       1.0808
   26240       1.1401
   26241       1.2038
   26242       1.1223
   26243       1.1683
   26244       1.1190
   26245       1.1796
   26246       1.1125
   26247       1.0874
   26248       1.1293
   26249       1.1518
   26250       1.1236
   26251       1.1055
   26252       1.0718
   26253       1.0360
   26254       1.1117
   26255       1.0488
   26256       1.0631
   26257       1.0568
   26258       1.0441
   26259       1.1017
   26260       1.1589
   26261       1.1227
   26262       1.0625
   26263       1.1672
   26264       1.1983
   26265       1.1783
   26266       1.0953
   26267       1.1182
   26268       1.1469
   26269       1.2527
   26270       1.1624
   26271       1.1420
   26272       1.2182
   26273       1.1867
   26274       1.1178
   26275       1.0603
   26276       1.1048
   26277       1.2359
   26278       1.2053
   26279       1.1029
   26280       1.2205
   26281       1.0868
   26282       1.1714
   26283       1.1062
   26284       1.0146
   26285       1.1232
   26286       1.0970
   26287       1.0777
   26288       1.1046
   26289       1.1579
   26290       1.1102
   26291       1.0687
   26292       1.0350
   26293       1.0432
   26294       1.0893
   26295       1.0305
   26296       1.0919
   26297       1.0942
   26298       1.1079
   26299       1.0922
   26300       1.1151
   26301       1.0786
   26302       1.1111
   26303       1.0723
   26304       1.0583
   26305       1.1457
   26306       1.1340
   26307       1.1130
   26308       1.1284
   26309       1.0865
   26310       1.1074
   26311       1.1560
   26312       1.0816
   26313       1.1578
   26314       1.1020
   26315       1.1466
   26316       1.2546
   26317       1.1669
   26318       1.1976
   26319       1.1375
   26320       1.0929
   26321       1.1085
   26322       1.1838
   26323       1.1702
   26324       1.1734
   26325       1.0134
   26326       1.1669
   26327       1.1442
   26328       1.1428
   26329       1.1095
   26330       1.1068
   26331       1.0394
   26332       1.1082
   26333       1.0693
   26334       1.1440
   26335       1.1019
   26336       1.0381
   26337       1.0446
   26338       1.1567
   26339       1.1560
   26340       1.1870
   26341       1.1766
   26342       1.1742
   26343       1.1448
   26344       1.1821
   26345       1.1798
   26346       1.0967
   26347       1.1908
   26348       1.1437
   26349       1.0979
   26350       1.1249
   26351       1.0942
   26352       1.1917
   26353       1.0837
   26354       1.0762
   26355       1.0733
   26356       1.1207
   26357       1.0271
   26358       1.0551
   26359       0.9969
   26360       0.9468
   26361       1.0069
   26362       1.0249
   26363       0.9601
   26364       1.0000
   26365       1.0806
   26366       1.0771
   26367       1.1035
   26368       1.0576
   26369       1.1859
   26370       1.2340
   26371       1.1971
   26372       1.0857
   26373       1.2182
   26374       1.1399
   26375       1.1515
   26376       1.0161
   26377       1.0839
   26378       1.0258
   26379       1.0826
   26380       1.0048
   26381       1.0239
   26382       1.0243
   26383       0.9519
   26384       1.0456
   26385       1.0982
   26386       1.0915
   26387       1.0391
   26388       1.1068
   26389       1.0897
   26390       1.0339
   26391       1.1350
   26392       1.1509
   26393       1.1228
   26394       1.1281
   26395       1.0180
   26396       1.0521
   26397       1.0843
   26398       0.9976
   26399       1.0112
   26400       1.0977
   26401       1.1046
   26402       1.0837
   26403       1.1305
   26404       1.1619
   26405       1.1691
   26406       1.1422
   26407       1.1076
   26408       1.0392
   26409       0.9584
   26410       0.9962
   26411       1.0192
   26412       1.0611
   26413       0.9728
   26414       1.0143
   26415       0.9808
   26416       1.0550
   26417       1.0801
   26418       1.2081
   26419       1.0381
   26420       1.0848
   26421       1.0968
   26422       1.0659
   26423       1.0598
   26424       1.1307
   26425       0.9723
   26426       1.1396
   26427       1.1000
   26428       1.0332
   26429       0.9759
   26430       1.0893
   26431       0.9653
   26432       0.9581
   26433       1.0104
   26434       1.0152
   26435       0.9993
   26436       0.9610
   26437       1.0149
   26438       1.0097
   26439       0.9367
   26440       0.9177
   26441       0.9866
   26442       0.9615
   26443       1.0245
   26444       1.0732
   26445       1.0564
   26446       1.0679
   26447       1.0681
   26448       0.9972
   26449       0.9872
   26450       0.9167
   26451       0.9893
   26452       0.9332
   26453       0.9770
   26454       0.9602
   26455       1.0665
   26456       1.0112
   26457       0.9349
   26458       0.9539
   26459       0.9113
   26460       1.0909
   26461       1.0239
   26462       1.1172
   26463       0.9226
   26464       1.0161
   26465       1.0006
   26466       0.9788
   26467       1.0793
   26468       0.9970
   26469       1.0681
   26470       1.0138
   26471       1.1512
   26472       0.9796
   26473       0.9804
   26474       1.0849
   26475       1.1019
   26476       1.1119
   26477       1.0480
   26478       1.0229
   26479       1.0801
   26480       0.9802
   26481       1.0533
   26482       0.9889
   26483       0.9818
   26484       1.0285
   26485       1.0769
   26486       1.0713
   26487       1.0371
   26488       1.0067
   26489       0.9072
   26490       1.0919
   26491       1.0112
   26492       1.0683
   26493       1.1091
   26494       1.0374
   26495       1.0239
   26496       0.9698
   26497       0.9726
   26498       0.9483
   26499       1.0655
   26500       1.0044
   26501       1.0196
   26502       1.0851
   26503       0.9466
   26504       0.9502
   26505       0.9491
   26506       0.9445
   26507       1.0230
   26508       1.1029
   26509       1.0387
   26510       1.1819
   26511       1.0253
   26512       1.0075
   26513       1.1247
   26514       1.1904
   26515       1.1003
   26516       1.1310
   26517       1.1428
   26518       0.9903
   26519       1.0263
   26520       1.0127
   26521       1.0104
   26522       0.9768
   26523       0.9814
   26524       1.0456
   26525       0.9398
   26526       0.8629
   26527       0.8682
   26528       1.0132
   26529       1.0451
   26530       1.0069
   26531       1.0406
   26532       1.0653
   26533       1.0225
   26534       1.0432
   26535       0.9822
   26536       0.9247
   26537       0.8428
   26538       0.8940
   26539       0.9266
   26540       1.0224
   26541       0.9628
   26542       1.0539
   26543       1.0019
   26544       1.0321
   26545       1.0451
   26546       1.0090
   26547       0.8897
   26548       0.9979
   26549       0.9425
   26550       0.9693
   26551       1.0544
   26552       0.9834
   26553       0.8951
   26554       0.9929
   26555       0.9511
   26556       0.9341
   26557       0.9753
   26558       0.9658
   26559       0.9413
   26560       1.0285
   26561       0.9901
   26562       0.8966
   26563       0.9596
   26564       0.9287
   26565       0.9532
   26566       0.9226
   26567       0.9765
   26568       0.9252
   26569       1.0080
   26570       1.0494
   26571       1.0756
   26572       1.1227
   26573       1.0353
   26574       1.1688
   26575       1.0284
   26576       1.0327
   26577       1.0219
   26578       1.1414
   26579       1.0843
   26580       1.1568
   26581       1.0338
   26582       1.0754
   26583       1.1645
   26584       1.1054
   26585       1.0192
   26586       1.0761
   26587       1.0081
   26588       1.0137
   26589       1.0694
   26590       1.0437
   26591       1.1119
   26592       1.1062
   26593       1.0980
   26594       1.0759
   26595       1.0264
   26596       0.9892
   26597       1.1264
   26598       1.1264
   26599       1.1568
   26600       1.0824
   26601       1.0345
   26602       1.0501
   26603       1.0983
   26604       0.9959
   26605       1.0091
   26606       1.0488
   26607       0.9785
   26608       0.9436
   26609       1.0944
   26610       1.0491
   26611       0.9652
   26612       1.0496
   26613       1.0649
   26614       1.0990
   26615       1.1644
   26616       1.0982
   26617       1.0837
   26618       1.1460
   26619       1.1140
   26620       1.0683
   26621       1.0496
   26622       1.0436
   26623       1.1507
   26624       1.2031
   26625       1.0991
   26626       1.1970
   26627       1.1861
   26628       1.1685
   26629       1.0131
   26630       1.0638
   26631       1.0260
   26632       1.1749
   26633       1.1271
   26634       1.1523
   26635       1.0991
   26636       1.1571
   26637       1.1309
   26638       1.1269
   26639       1.0014
   26640       1.0476
   26641       1.0899
   26642       0.9886
   26643       1.0176
   26644       1.0256
   26645       1.0136
   26646       1.0432
   26647       1.1326
   26648       1.0413
   26649       1.0249
   26650       1.0620
   26651       1.0798
   26652       1.0775
   26653       1.0824
   26654       1.1014
   26655       1.1166
   26656       1.0438
   26657       1.0898
   26658       1.0765
   26659       1.1285
   26660       1.0957
   26661       1.0341
   26662       1.0959
   26663       1.2181
   26664       1.1922
   26665       1.1030
   26666       1.0547
   26667       1.0524
   26668       1.0699
   26669       1.0898
   26670       1.1903
   26671       1.0357
   26672       1.1121
   26673       1.1784
   26674       1.2221
   26675       1.1898
   26676       1.1189
   26677       1.1104
   26678       1.0919
   26679       1.0387
   26680       1.2090
   26681       1.1677
   26682       1.1371
   26683       1.1896
   26684       1.2535
   26685       1.1908
   26686       1.1527
   26687       1.2513
   26688       1.2324
   26689       1.1173
   26690       1.1972
   26691       1.0786
   26692       1.0394
   26693       1.1169
   26694       1.1085
   26695       1.0888
   26696       1.1513
   26697       1.1673
   26698       1.0234
   26699       0.9369
   26700       0.9866
   26701       1.0392
   26702       1.1621
   26703       0.9751
   26704       0.9297
   26705       1.0107
   26706       0.9496
   26707       0.8912
   26708       1.0015
   26709       1.1209
   26710       0.9902
   26711       1.0371
   26712       1.0342
   26713       0.9961
   26714       1.0744
   26715       1.0058
   26716       0.9027
   26717       1.0437
   26718       1.0702
   26719       0.9431
   26720       1.1434
   26721       1.0099
   26722       1.0959
   26723       1.0713
   26724       1.1172
   26725       1.0578
   26726       1.0569
   26727       1.0474
   26728       1.0041
   26729       1.0806
   26730       1.0292
   26731       1.0145
   26732       1.0113
   26733       1.0965
   26734       1.0708
   26735       1.0752
   26736       1.1168
   26737       1.0627
   26738       1.0484
   26739       1.1110
   26740       1.0119
   26741       1.0194
   26742       0.9902
   26743       1.0438
   26744       0.9958
   26745       1.0413
   26746       0.9841
   26747       1.0328
   26748       1.1035
   26749       1.1329
   26750       1.0670
   26751       1.0479
   26752       1.0420
   26753       0.9984
   26754       0.9989
   26755       1.0677
   26756       1.1683
   26757       1.0115
   26758       0.9997
   26759       1.1019
   26760       1.1261
   26761       1.0678
   26762       1.0329
   26763       0.9876
   26764       1.0915
   26765       1.0639
   26766       1.0676
   26767       1.0805
   26768       1.0270
   26769       1.1927
   26770       1.1391
   26771       1.0638
   26772       1.1005
   26773       1.0622
   26774       1.1333
   26775       1.2211
   26776       1.2153
   26777       1.0792
   26778       1.0582
   26779       1.0770
   26780       1.0804
   26781       1.0448
   26782       1.1080
   26783       1.0608
   26784       1.1403
   26785       1.1905
   26786       1.1542
   26787       1.2088
   26788       1.1656
   26789       1.1560
   26790       1.1733
   26791       1.0905
   26792       1.0733
   26793       1.0446
   26794       1.1054
   26795       0.9954
   26796       1.0893
   26797       1.0437
   26798       1.1096
   26799       1.1043
   26800       1.1366
   26801       1.2274
   26802       1.1762
   26803       1.0399
   26804       0.9552
   26805       1.1013
   26806       1.0539
   26807       1.0987
   26808       1.1228
   26809       1.0588
   26810       1.0764
   26811       1.1585
   26812       1.0966
   26813       1.1265
   26814       1.0614
   26815       1.0613
   26816       1.1199
   26817       1.1979
   26818       1.2049
   26819       1.1660
   26820       1.2593
   26821       1.1995
   26822       1.2894
   26823       1.2154
   26824       1.2914
   26825       1.2675
   26826       1.1382
   26827       1.1387
   26828       1.2399
   26829       1.1928
   26830       1.1934
   26831       1.2603
   26832       1.2433
   26833       1.2065
   26834       1.1754
   26835       1.1446
   26836       1.0543
   26837       1.1331
   26838       1.1426
   26839       1.1164
   26840       1.1456
   26841       1.0927
   26842       1.0846
   26843       1.1730
   26844       1.0917
   26845       1.1029
   26846       1.1616
   26847       1.1082
   26848       1.0650
   26849       1.1324
   26850       1.1040
   26851       1.1136
   26852       1.1343
   26853       1.0647
   26854       1.0833
   26855       1.1071
   26856       1.2126
   26857       1.1620
   26858       1.1207
   26859       1.1212
   26860       1.1658
   26861       1.1722
   26862       1.0841
   26863       1.0686
   26864       1.0908
   26865       1.0879
   26866       1.1875
   26867       1.0090
   26868       1.1079
   26869       1.0787
   26870       1.0296
   26871       1.0807
   26872       1.0937
   26873       1.2135
   26874       1.0728
   26875       1.0667
   26876       1.0792
   26877       1.0787
   26878       1.1991
   26879       1.2214
   26880       1.1963
   26881       1.1399
   26882       1.0871
   26883       1.1351
   26884       1.1162
   26885       1.1582
   26886       0.9831
   26887       1.0693
   26888       1.0921
   26889       1.0755
   26890       1.0969
   26891       1.0576
   26892       1.0688
   26893       1.0127
   26894       0.9780
   26895       1.0464
   26896       1.0040
   26897       0.9923
   26898       1.0102
   26899       1.1190
   26900       1.1213
   26901       1.1485
   26902       1.2253
   26903       1.2461
   26904       1.2733
   26905       1.2864
   26906       1.3071
   26907       1.2257
   26908       1.1928
   26909       1.1630
   26910       1.1149
   26911       1.2055
   26912       1.0989
   26913       1.0765
   26914       1.1154
   26915       1.0262
   26916       1.1155
   26917       1.1166
   26918       1.1240
   26919       1.0618
   26920       1.1212
   26921       1.0602
   26922       1.0339
   26923       1.1511
   26924       1.2248
   26925       1.0579
   26926       1.0790
   26927       1.1265
   26928       1.2152
   26929       1.0635
   26930       1.1109
   26931       1.1135
   26932       1.1071
   26933       1.0503
   26934       1.0084
   26935       0.9696
   26936       1.1133
   26937       1.0438
   26938       1.1587
   26939       1.1723
   26940       1.1328
   26941       1.1253
   26942       1.0284
   26943       1.1509
   26944       1.0394
   26945       1.1035
   26946       1.0325
   26947       1.0353
   26948       1.0438
   26949       1.0752
   26950       1.0951
   26951       1.1581
   26952       1.1487
   26953       1.1026
   26954       1.0260
   26955       0.9975
   26956       0.9634
   26957       1.0923
   26958       1.1857
   26959       1.0793
   26960       1.1225
   26961       1.1447
   26962       1.1013
   26963       1.1053
   26964       0.9860
   26965       1.2623
   26966       1.1592
   26967       1.0199
   26968       1.0915
   26969       1.0930
   26970       1.1437
   26971       1.0621
   26972       1.0061
   26973       1.0765
   26974       1.0144
   26975       1.0539
   26976       1.1401
   26977       1.0749
   26978       1.0448
   26979       1.1384
   26980       1.1493
   26981       1.0461
   26982       1.0656
   26983       1.0328
   26984       1.0314
   26985       0.9627
   26986       1.0179
   26987       1.0736
   26988       1.0414
   26989       1.0631
   26990       1.1354
   26991       1.1357
   26992       1.1688
   26993       1.0793
   26994       1.2157
   26995       1.1207
   26996       1.2086
   26997       1.1240
   26998       1.0731
   26999       1.0696
   27000       1.0276
   27001       1.0476
   27002       1.1201
   27003       0.9649
   27004       1.0850
   27005       0.9941
   27006       1.0895
   27007       1.0640
   27008       1.0167
   27009       1.0111
   27010       1.0273
   27011       1.0205
   27012       0.9558
   27013       1.0099
   27014       0.9995
   27015       1.0232
   27016       1.0940
   27017       0.9735
   27018       1.0140
   27019       0.9899
   27020       0.9738
   27021       0.9588
   27022       1.0249
   27023       1.0163
   27024       1.0639
   27025       1.0948
   27026       1.0490
   27027       1.0026
   27028       0.9284
   27029       0.9641
   27030       0.9764
   27031       1.0333
   27032       1.0995
   27033       1.0383
   27034       0.9567
   27035       0.9903
   27036       1.0250
   27037       0.9913
   27038       0.9729
   27039       0.9834
   27040       0.9780
   27041       1.0131
   27042       0.9680
   27043       0.9964
   27044       1.0300
   27045       1.0071
   27046       0.9391
   27047       0.9697
   27048       0.9684
   27049       1.0175
   27050       1.0811
   27051       1.0453
   27052       1.0624
   27053       1.0682
   27054       0.9339
   27055       0.9639
   27056       1.0215
   27057       0.9525
   27058       1.0638
   27059       0.9035
   27060       1.0097
   27061       1.1046
   27062       1.0339
   27063       0.9982
   27064       0.9637
   27065       0.9679
   27066       0.9688
   27067       1.0460
   27068       0.8989
   27069       0.9177
   27070       0.9039
   27071       1.0376
   27072       1.0456
   27073       1.0186
   27074       1.0100
   27075       1.0019
   27076       1.0082
   27077       0.9550
   27078       1.1133
   27079       1.0674
   27080       1.0705
   27081       0.9882
   27082       0.9054
   27083       1.0324
   27084       1.0437
   27085       0.9523
   27086       1.0061
   27087       1.0985
   27088       1.0612
   27089       0.9863
   27090       1.1497
   27091       1.0901
   27092       1.1807
   27093       1.0991
   27094       1.1252
   27095       1.0949
   27096       1.0696
   27097       1.0281
   27098       1.0403
   27099       0.9904
   27100       1.0646
   27101       0.9451
   27102       1.0345
   27103       0.9818
   27104       1.0251
   27105       0.9792
   27106       1.0188
   27107       0.9857
   27108       0.9727
   27109       1.0193
   27110       1.0116
   27111       0.9819
   27112       0.9669
   27113       1.0110
   27114       1.0059
   27115       1.1883
   27116       1.1801
   27117       1.1233
   27118       1.0253
   27119       1.0084
   27120       1.0762
   27121       1.1689
   27122       1.1040
   27123       1.1800
   27124       0.9867
   27125       1.0399
   27126       1.0630
   27127       1.0656
   27128       1.1231
   27129       1.1015
   27130       0.9523
   27131       0.9902
   27132       1.0571
   27133       0.9983
   27134       1.1151
   27135       1.0170
   27136       1.1854
   27137       1.1121
   27138       1.0140
   27139       0.9768
   27140       1.0297
   27141       1.0930
   27142       1.0159
   27143       1.0187
   27144       1.0219
   27145       0.9678
   27146       1.0365
   27147       0.9311
   27148       1.0068
   27149       1.0474
   27150       1.0046
   27151       0.9690
   27152       1.0139
   27153       0.9516
   27154       0.9602
   27155       1.0256
   27156       1.1175
   27157       1.0567
   27158       1.0120
   27159       1.0123
   27160       1.0811
   27161       1.1628
   27162       1.0703
   27163       1.0785
   27164       1.0122
   27165       1.1043
   27166       1.0932
   27167       1.1156
   27168       1.1360
   27169       1.0909
   27170       1.0987
   27171       1.1770
   27172       1.0663
   27173       1.1711
   27174       1.1319
   27175       1.1263
   27176       1.0329
   27177       1.0751
   27178       1.1206
   27179       1.1610
   27180       1.1721
   27181       1.1129
   27182       1.0685
   27183       0.9891
   27184       1.0503
   27185       0.9934
   27186       1.1146
   27187       1.0506
   27188       0.9469
   27189       1.0472
   27190       1.0313
   27191       0.9874
   27192       1.0118
   27193       1.0607
   27194       0.9993
   27195       1.0259
   27196       1.0059
   27197       0.9629
   27198       0.9239
   27199       0.9707
   27200       0.9785
   27201       1.0873
   27202       1.0944
   27203       1.0409
   27204       1.0989
   27205       1.0086
   27206       0.9489
   27207       1.0251
   27208       1.0153
   27209       1.1920
   27210       1.0805
   27211       1.1666
   27212       1.1743
   27213       1.0732
   27214       1.0804
   27215       1.0232
   27216       0.9447
   27217       1.0240
   27218       1.0416
   27219       1.0193
   27220       1.1079
   27221       1.0430
   27222       1.1388
   27223       1.1721
   27224       1.1326
   27225       1.1379
   27226       1.0844
   27227       1.1706
   27228       1.0282
   27229       1.0957
   27230       1.2524
   27231       1.1836
   27232       1.0347
   27233       1.0584
   27234       1.1347
   27235       1.2555
   27236       1.1374
   27237       1.0404
   27238       1.0502
   27239       1.0897
   27240       1.1165
   27241       1.1057
   27242       1.1287
   27243       1.0255
   27244       0.9865
   27245       0.9984
   27246       1.0108
   27247       1.0536
   27248       0.9234
   27249       1.1085
   27250       1.1863
   27251       1.1276
   27252       1.1455
   27253       1.1269
   27254       1.1112
   27255       1.0268
   27256       0.9724
   27257       1.0651
   27258       1.0830
   27259       1.0033
   27260       1.0466
   27261       0.9572
   27262       1.1018
   27263       1.0102
   27264       1.0413
   27265       0.9849
   27266       0.9347
   27267       1.0033
   27268       0.9646
   27269       1.0736
   27270       1.0730
   27271       1.0164
   27272       0.9628
   27273       0.9730
   27274       0.9808
   27275       0.9175
   27276       0.9575
   27277       0.9210
   27278       0.9842
   27279       1.0682
   27280       0.9941
   27281       1.0104
   27282       1.0387
   27283       1.0709
   27284       1.0182
   27285       1.0039
   27286       0.9716
   27287       0.9887
   27288       0.9767
   27289       0.9884
   27290       1.0994
   27291       0.9617
   27292       1.0050
   27293       0.9598
   27294       1.1409
   27295       1.0029
   27296       1.0622
   27297       1.0103
   27298       0.9745
   27299       1.1239
   27300       0.9981
   27301       1.0498
   27302       1.0797
   27303       1.0782
   27304       0.9912
   27305       0.9832
   27306       0.9863
   27307       1.0672
   27308       1.0325
   27309       1.0098
   27310       0.9577
   27311       0.9813
   27312       1.0714
   27313       1.0000
   27314       0.9427
   27315       0.9977
   27316       0.9519
   27317       0.9996
   27318       1.0611
   27319       1.1174
   27320       0.9816
   27321       1.0636
   27322       0.9755
   27323       1.0856
   27324       1.0217
   27325       1.0952
   27326       1.0307
   27327       1.0645
   27328       1.0415
   27329       1.1149
   27330       1.0883
   27331       1.0882
   27332       1.1335
   27333       1.0633
   27334       1.0805
   27335       1.0391
   27336       1.0806
   27337       1.0224
   27338       1.0225
   27339       1.0432
   27340       1.1441
   27341       1.1345
   27342       1.0345
   27343       1.1199
   27344       1.0425
   27345       0.9465
   27346       1.0754
   27347       1.0869
   27348       1.1431
   27349       1.0768
   27350       1.1257
   27351       1.1558
   27352       1.1411
   27353       1.0837
   27354       1.1431
   27355       1.2338
   27356       1.0726
   27357       1.0605
   27358       0.9378
   27359       0.9693
   27360       1.0810
   27361       1.0671
   27362       1.0526
   27363       0.9510
   27364       1.1047
   27365       1.0724
   27366       1.0218
   27367       1.0459
   27368       0.9463
   27369       1.0919
   27370       1.0194
   27371       1.0279
   27372       0.9788
   27373       1.0270
   27374       1.0610
   27375       0.9645
   27376       0.9450
   27377       0.9836
   27378       1.0463
   27379       1.1183
   27380       1.0361
   27381       1.0712
   27382       1.0360
   27383       1.0815
   27384       1.0237
   27385       0.9973
   27386       1.0013
   27387       0.9763
   27388       1.0719
   27389       0.9057
   27390       0.8541
   27391       0.9508
   27392       0.8614
   27393       0.9013
   27394       0.9828
   27395       1.0796
   27396       1.0107
   27397       1.0647
   27398       0.9885
   27399       1.0303
   27400       0.9766
   27401       0.9922
   27402       1.0946
   27403       0.9603
   27404       1.0687
   27405       1.0413
   27406       1.0952
   27407       1.0206
   27408       1.0006
   27409       1.0706
   27410       1.1860
   27411       1.0838
   27412       1.1029
   27413       1.0188
   27414       1.0115
   27415       1.0155
   27416       1.1399
   27417       1.0787
   27418       0.9788
   27419       1.1844
   27420       1.1036
   27421       1.0924
   27422       1.0570
   27423       1.0897
   27424       1.0801
   27425       1.0070
   27426       1.1092
   27427       1.0744
   27428       1.0428
   27429       1.0743
   27430       1.0879
   27431       1.1063
   27432       1.1089
   27433       1.0186
   27434       1.1101
   27435       1.0990
   27436       1.0963
   27437       1.1349
   27438       1.0098
   27439       0.9441
   27440       1.0121
   27441       0.9424
   27442       1.0374
   27443       0.9744
   27444       1.0210
   27445       0.9816
   27446       0.9038
   27447       1.1099
   27448       0.9066
   27449       0.9123
   27450       0.9305
   27451       0.9394
   27452       0.9580
   27453       0.8968
   27454       1.0199
   27455       1.0418
   27456       1.0811
   27457       0.9411
   27458       1.0269
   27459       0.8869
   27460       0.9471
   27461       1.0372
   27462       1.0125
   27463       1.0854
   27464       1.1093
   27465       1.1545
   27466       1.0925
   27467       1.1046
   27468       1.0277
   27469       1.1117
   27470       0.9949
   27471       0.9520
   27472       0.9323
   27473       1.0182
   27474       0.9802
   27475       0.9911
   27476       1.0194
   27477       0.9639
   27478       1.0780
   27479       1.0856
   27480       1.0159
   27481       1.0394
   27482       1.0174
   27483       1.1428
   27484       1.1340
   27485       0.9648
   27486       0.9466
   27487       0.9679
   27488       1.0804
   27489       1.0410
   27490       1.0535
   27491       1.0627
   27492       1.0030
   27493       1.0648
   27494       1.0420
   27495       1.0487
   27496       1.0652
   27497       1.0104
   27498       1.0468
   27499       1.0165
   27500       0.9314
   27501       0.9681
   27502       0.9512
   27503       1.0001
   27504       0.9435
   27505       1.0080
   27506       1.0072
   27507       1.0333
   27508       0.9768
   27509       1.0857
   27510       1.0578
   27511       1.0768
   27512       1.0364
   27513       1.1161
   27514       1.0512
   27515       0.9402
   27516       0.9305
   27517       1.0317
   27518       0.9974
   27519       1.1213
   27520       1.0797
   27521       1.0868
   27522       1.1383
   27523       1.0293
   27524       0.9842
   27525       1.0774
   27526       1.0902
   27527       1.0852
   27528       1.0344
   27529       0.9254
   27530       1.0505
   27531       0.9708
   27532       0.9720
   27533       1.0070
   27534       1.0589
   27535       1.0170
   27536       1.1000
   27537       1.0814
   27538       1.2516
   27539       1.0931
   27540       1.0932
   27541       1.0889
   27542       1.1234
   27543       1.0882
   27544       1.1693
   27545       1.0638
   27546       0.9994
   27547       1.1794
   27548       1.0370
   27549       1.1075
   27550       1.0433
   27551       0.9453
   27552       0.9210
   27553       0.9957
   27554       1.0244
   27555       0.9704
   27556       0.9944
   27557       0.9646
   27558       0.9665
   27559       1.0427
   27560       1.0002
   27561       1.0424
   27562       0.9828
   27563       1.0196
   27564       1.0115
   27565       1.0469
   27566       0.9842
   27567       1.0304
   27568       1.1180
   27569       1.0839
   27570       1.0660
   27571       1.1521
   27572       1.0363
   27573       1.0002
   27574       1.0530
   27575       1.0722
   27576       1.0862
   27577       1.0684
   27578       1.0911
   27579       1.1373
   27580       1.0821
   27581       1.0475
   27582       1.0337
   27583       1.0470
   27584       1.1844
   27585       1.0709
   27586       1.1215
   27587       1.1122
   27588       1.0733
   27589       1.0758
   27590       1.0372
   27591       1.0031
   27592       1.0146
   27593       1.0179
   27594       1.0176
   27595       1.0141
   27596       1.0094
   27597       1.0538
   27598       1.2135
   27599       1.1057
   27600       1.1050
   27601       1.1023
   27602       1.0121
   27603       1.0480
   27604       1.0225
   27605       1.0874
   27606       1.0449
   27607       1.0973
   27608       1.1759
   27609       1.0259
   27610       1.0692
   27611       0.9834
   27612       0.9537
   27613       1.1297
   27614       1.0031
   27615       1.0286
   27616       1.1682
   27617       1.0518
   27618       1.0708
   27619       1.1876
   27620       1.1911
   27621       1.1336
   27622       1.1310
   27623       1.0496
   27624       1.0929
   27625       1.0948
   27626       1.1726
   27627       1.1396
   27628       1.1459
   27629       1.2084
   27630       1.1747
   27631       1.0007
   27632       1.0313
   27633       1.1276
   27634       1.0645
   27635       1.1385
   27636       0.9673
   27637       1.0193
   27638       1.0663
   27639       0.9254
   27640       1.0229
   27641       1.1101
   27642       1.0943
   27643       1.1456
   27644       1.0933
   27645       1.1626
   27646       1.0168
   27647       1.0404
   27648       1.1027
   27649       1.0836
   27650       1.1188
   27651       1.1416
   27652       1.1241
   27653       1.1033
   27654       1.0355
   27655       1.0067
   27656       1.0086
   27657       0.9700
   27658       1.0207
   27659       1.1102
   27660       1.1929
   27661       1.0190
   27662       0.9892
   27663       1.0042
   27664       1.0579
   27665       1.0664
   27666       1.0950
   27667       1.0366
   27668       1.0986
   27669       1.1626
   27670       1.0648
   27671       1.1585
   27672       1.1183
   27673       1.1647
   27674       1.1015
   27675       1.0876
   27676       1.1942
   27677       1.0809
   27678       1.0323
   27679       1.1008
   27680       1.0450
   27681       1.0135
   27682       0.9873
   27683       1.0876
   27684       1.1389
   27685       0.9950
   27686       1.1050
   27687       1.0826
   27688       1.0850
   27689       1.1177
   27690       1.1326
   27691       1.1220
   27692       1.1737
   27693       1.1658
   27694       1.1127
   27695       1.0531
   27696       1.0641
   27697       1.1104
   27698       0.9423
   27699       1.0008
   27700       1.0433
   27701       1.0169
   27702       1.0721
   27703       1.1082
   27704       0.9801
   27705       1.0091
   27706       1.2123
   27707       1.0515
   27708       1.1484
   27709       1.1106
   27710       1.0902
   27711       1.0983
   27712       1.1510
   27713       1.0906
   27714       1.0926
   27715       1.0996
   27716       1.1242
   27717       1.1644
   27718       1.1708
   27719       1.0123
   27720       0.9483
   27721       0.9878
   27722       1.0038
   27723       1.0590
   27724       1.0542
   27725       0.9903
   27726       1.0435
   27727       1.0683
   27728       1.0612
   27729       1.0317
   27730       1.0301
   27731       1.0577
   27732       1.0692
   27733       1.0463
   27734       1.0346
   27735       1.0515
   27736       1.0981
   27737       1.1574
   27738       1.0560
   27739       1.0348
   27740       0.9793
   27741       1.0905
   27742       1.0747
   27743       1.0408
   27744       1.0824
   27745       1.0531
   27746       1.0057
   27747       0.9764
   27748       0.9224
   27749       0.9891
   27750       1.0121
   27751       1.0176
   27752       1.0054
   27753       1.0128
   27754       1.0022
   27755       1.0123
   27756       1.0048
   27757       0.9234
   27758       0.9900
   27759       1.0333
   27760       1.0368
   27761       1.0500
   27762       1.0593
   27763       1.0117
   27764       1.0879
   27765       0.9386
   27766       1.0488
   27767       1.0089
   27768       1.0623
   27769       1.1503
   27770       1.0586
   27771       1.0623
   27772       1.0483
   27773       1.0839
   27774       1.0476
   27775       1.0555
   27776       1.0233
   27777       0.9448
   27778       1.0856
   27779       0.9878
   27780       1.0538
   27781       0.9959
   27782       1.0796
   27783       1.0611
   27784       1.0142
   27785       1.0086
   27786       1.0641
   27787       1.0245
   27788       1.0359
   27789       1.1536
   27790       1.0303
   27791       1.0061
   27792       1.0912
   27793       1.0942
   27794       1.0881
   27795       1.1619
   27796       1.0076
   27797       1.0390
   27798       1.0509
   27799       1.0926
   27800       0.9755
   27801       1.0288
   27802       1.0271
   27803       1.2033
   27804       1.0682
   27805       0.9081
   27806       1.0229
   27807       0.9807
   27808       1.0776
   27809       1.1070
   27810       0.9590
   27811       1.0704
   27812       1.1057
   27813       1.0821
   27814       1.0772
   27815       1.1029
   27816       1.0092
   27817       1.0842
   27818       1.0663
   27819       0.9643
   27820       0.9570
   27821       1.0034
   27822       0.9364
   27823       1.1013
   27824       1.0349
   27825       1.0290
   27826       1.0663
   27827       1.0136
   27828       0.9641
   27829       1.0566
   27830       1.0268
   27831       0.9439
   27832       1.0301
   27833       0.9593
   27834       0.9152
   27835       0.9092
   27836       0.9550
   27837       1.0469
   27838       0.9501
   27839       0.9806
   27840       0.9640
   27841       1.0194
   27842       1.0623
   27843       1.0222
   27844       0.9510
   27845       0.9318
   27846       0.9779
   27847       0.9749
   27848       0.9701
   27849       1.0456
   27850       1.0351
   27851       1.0342
   27852       1.1177
   27853       0.9940
   27854       0.9706
   27855       0.9893
   27856       1.0569
   27857       1.0198
   27858       0.9832
   27859       1.0897
   27860       1.0165
   27861       1.0450
   27862       0.9699
   27863       0.9707
   27864       0.9942
   27865       0.9218
   27866       0.9893
   27867       0.9546
   27868       0.9444
   27869       0.9554
   27870       0.9263
   27871       0.8134
   27872       0.7828
   27873       0.8997
   27874       0.8917
   27875       0.8616
   27876       0.8751
   27877       0.9516
   27878       1.0333
   27879       0.9599
   27880       0.9705
   27881       1.0676
   27882       0.9560
   27883       0.8979
   27884       0.9364
   27885       0.9097
   27886       0.9777
   27887       0.9525
   27888       1.0365
   27889       1.0333
   27890       1.0298
   27891       0.9524
   27892       0.9220
   27893       1.0113
   27894       1.0417
   27895       1.0133
   27896       0.9744
   27897       1.0216
   27898       0.9552
   27899       1.0554
   27900       1.0509
   27901       1.1186
   27902       0.9913
   27903       0.9992
   27904       1.0284
   27905       0.9692
   27906       0.9883
   27907       0.9968
   27908       0.9299
   27909       0.9986
   27910       1.1084
   27911       1.1003
   27912       1.0826
   27913       0.9737
   27914       1.0805
   27915       1.0285
   27916       1.0973
   27917       1.1039
   27918       1.0324
   27919       1.0545
   27920       1.0709
   27921       1.1559
   27922       1.0659
   27923       1.0008
   27924       1.0025
   27925       1.0490
   27926       1.0537
   27927       1.0765
   27928       1.0962
   27929       1.1447
   27930       1.1087
   27931       1.0783
   27932       1.0874
   27933       1.0122
   27934       1.0002
   27935       1.0475
   27936       1.1509
   27937       1.0905
   27938       1.1316
   27939       1.1278
   27940       1.0376
   27941       1.1922
   27942       1.0999
   27943       1.1046
   27944       1.1912
   27945       1.1354
   27946       1.0652
   27947       1.0011
   27948       0.9835
   27949       1.0833
   27950       1.0637
   27951       1.1388
   27952       0.9766
   27953       1.0785
   27954       1.1057
   27955       1.1321
   27956       0.9982
   27957       1.0199
   27958       1.0120
   27959       1.1319
   27960       1.1688
   27961       1.0977
   27962       1.0444
   27963       1.1005
   27964       1.0224
   27965       0.9444
   27966       0.9626
   27967       1.0295
   27968       1.0313
   27969       1.0410
   27970       1.0120
   27971       1.0898
   27972       1.0918
   27973       0.9886
   27974       1.0375
   27975       1.0717
   27976       1.0862
   27977       0.9851
   27978       1.0785
   27979       1.0413
   27980       0.9845
   27981       1.0495
   27982       1.1218
   27983       1.0769
   27984       0.9936
   27985       1.1431
   27986       1.0487
   27987       1.1456
   27988       1.1803
   27989       0.9929
   27990       0.9712
   27991       0.9609
   27992       0.9385
   27993       0.9747
   27994       0.9404
   27995       0.9467
   27996       0.9130
   27997       0.9742
   27998       0.9698
   27999       0.9988
   28000       0.9854
   28001       1.1352
   28002       1.0320
   28003       1.0091
   28004       1.0408
   28005       1.0342
   28006       0.9905
   28007       0.9872
   28008       0.9862
   28009       1.0662
   28010       1.0413
   28011       1.1273
   28012       1.0784
   28013       1.0692
   28014       1.0777
   28015       1.0231
   28016       1.1117
   28017       1.0457
   28018       0.9928
   28019       0.9700
   28020       0.8962
   28021       0.9591
   28022       1.0232
   28023       0.9566
   28024       1.0929
   28025       0.9633
   28026       1.0343
   28027       1.0287
   28028       1.1274
   28029       1.0061
   28030       1.0971
   28031       1.0212
   28032       1.0743
   28033       1.0926
   28034       0.9260
   28035       0.9811
   28036       1.0282
   28037       0.9268
   28038       1.0880
   28039       0.9796
   28040       1.0006
   28041       1.0145
   28042       0.9657
   28043       0.9541
   28044       0.9456
   28045       0.9543
   28046       1.0311
   28047       1.0883
   28048       1.0775
   28049       1.0722
   28050       1.0153
   28051       1.0738
   28052       1.0552
   28053       1.0572
   28054       0.9569
   28055       1.0489
   28056       1.0962
   28057       0.9273
   28058       1.0306
   28059       1.1258
   28060       1.0225
   28061       0.9971
   28062       1.0707
   28063       1.0672
   28064       1.1284
   28065       1.1558
   28066       1.0699
   28067       1.0841
   28068       1.1144
   28069       1.1085
   28070       1.2142
   28071       1.1846
   28072       1.0714
   28073       0.9551
   28074       1.0887
   28075       1.0481
   28076       0.9797
   28077       0.9283
   28078       1.0748
   28079       1.0059
   28080       1.0750
   28081       1.1563
   28082       1.1172
   28083       1.0439
   28084       0.8941
   28085       1.0462
   28086       1.0509
   28087       1.0150
   28088       1.1008
   28089       0.9780
   28090       0.9689
   28091       1.0452
   28092       0.9874
   28093       1.0526
   28094       1.0665
   28095       1.0653
   28096       0.9855
   28097       0.9810
   28098       0.9960
   28099       0.9255
   28100       1.0418
   28101       1.0408
   28102       0.9906
   28103       0.9415
   28104       0.9989
   28105       1.0560
   28106       0.9840
   28107       1.0823
   28108       0.9938
   28109       0.9154
   28110       0.9383
   28111       0.9582
   28112       0.9971
   28113       1.0129
   28114       0.9916
   28115       1.0398
   28116       0.9775
   28117       1.0064
   28118       1.0054
   28119       0.9472
   28120       1.0453
   28121       1.0477
   28122       1.0824
   28123       1.0238
   28124       1.0101
   28125       1.0535
   28126       1.0160
   28127       1.0000
   28128       1.0872
   28129       1.0703
   28130       1.0953
   28131       1.1073
   28132       1.0279
   28133       1.0357
   28134       1.0357
   28135       1.0007
   28136       1.1552
   28137       1.0661
   28138       1.0254
   28139       1.1076
   28140       1.0268
   28141       1.1258
   28142       0.9760
   28143       0.9637
   28144       1.0165
   28145       1.0614
   28146       1.0005
   28147       1.0068
   28148       0.9453
   28149       1.0292
   28150       1.0493
   28151       1.0354
   28152       1.0367
   28153       1.0003
   28154       0.9772
   28155       1.0218
   28156       1.0223
   28157       1.0156
   28158       1.0989
   28159       0.9841
   28160       0.9537
   28161       1.0671
   28162       1.0663
   28163       0.9603
   28164       1.1774
   28165       1.1907
   28166       1.0585
   28167       1.0639
   28168       1.1326
   28169       0.9847
   28170       1.0873
   28171       1.0564
   28172       1.1373
   28173       1.0202
   28174       1.0914
   28175       1.0409
   28176       1.0158
   28177       1.0621
   28178       1.0193
   28179       1.1185
   28180       1.1179
   28181       1.1677
   28182       1.1266
   28183       1.1128
   28184       1.0539
   28185       0.9683
   28186       0.9774
   28187       0.9597
   28188       0.9568
   28189       0.9810
   28190       0.9452
   28191       0.9651
   28192       0.9919
   28193       0.9064
   28194       0.9260
   28195       0.8687
   28196       0.9186
   28197       1.0056
   28198       1.0784
   28199       1.0643
   28200       1.0268
   28201       0.9685
   28202       1.0122
   28203       0.9277
   28204       1.0359
   28205       1.0104
   28206       1.0334
   28207       1.0715
   28208       1.0157
   28209       0.9832
   28210       0.9777
   28211       1.1558
   28212       0.9753
   28213       1.1429
   28214       1.0934
   28215       1.0959
   28216       1.0110
   28217       1.0053
   28218       1.1333
   28219       1.1002
   28220       1.0788
   28221       1.1196
   28222       1.1042
   28223       1.0590
   28224       0.9572
   28225       0.9074
   28226       0.9677
   28227       1.0888
   28228       1.1846
   28229       1.1798
   28230       1.0964
   28231       1.1021
   28232       1.1529
   28233       1.1319
   28234       1.0993
   28235       1.0652
   28236       1.1214
   28237       1.0093
   28238       0.9407
   28239       1.0527
   28240       1.0580
   28241       1.0770
   28242       0.9099
   28243       0.9546
   28244       0.9914
   28245       1.0362
   28246       1.0200
   28247       1.0755
   28248       1.0478
   28249       1.0509
   28250       1.0395
   28251       1.1021
   28252       1.1245
   28253       1.1106
   28254       1.0574
   28255       1.2494
   28256       1.1269
   28257       1.0920
   28258       1.0971
   28259       1.1367
   28260       1.0558
   28261       1.0677
   28262       1.0014
   28263       1.1029
   28264       1.1807
   28265       1.0944
   28266       0.9960
   28267       1.0753
   28268       0.9886
   28269       1.1639
   28270       1.0831
   28271       1.1886
   28272       1.0927
   28273       1.0626
   28274       1.0417
   28275       1.1071
   28276       1.0735
   28277       1.0808
   28278       1.0225
   28279       0.9961
   28280       1.0198
   28281       0.9705
   28282       1.1238
   28283       1.0424
   28284       1.0387
   28285       1.1139
   28286       1.1351
   28287       1.0085
   28288       1.1472
   28289       1.0053
   28290       0.9642
   28291       1.0653
   28292       0.9748
   28293       1.0016
   28294       1.0090
   28295       0.9827
   28296       1.0415
   28297       1.0948
   28298       0.9865
   28299       0.9237
   28300       0.9642
   28301       1.0431
   28302       1.0595
   28303       0.9937
   28304       1.0250
   28305       1.1039
   28306       0.9531
   28307       1.0697
   28308       0.9697
   28309       1.0337
   28310       1.0146
   28311       0.9792
   28312       0.9579
   28313       0.9827
   28314       0.9299
   28315       1.0711
   28316       0.9506
   28317       0.9995
   28318       1.0489
   28319       1.0020
   28320       1.0669
   28321       1.0078
   28322       1.0192
   28323       1.0416
   28324       1.0411
   28325       1.1370
   28326       1.0140
   28327       0.9720
   28328       0.9143
   28329       1.0358
   28330       1.0012
   28331       0.9978
   28332       0.9880
   28333       1.0785
   28334       1.0027
   28335       1.0357
   28336       0.9497
   28337       0.9644
   28338       0.9626
   28339       0.9824
   28340       0.9543
   28341       1.0748
   28342       1.0491
   28343       0.9595
   28344       0.8658
   28345       0.9364
   28346       1.0027
   28347       1.0587
   28348       1.1112
   28349       1.1485
   28350       1.0847
   28351       1.0231
   28352       1.1157
   28353       1.0616
   28354       1.0557
   28355       1.0410
   28356       1.1358
   28357       1.0591
   28358       1.0675
   28359       1.0313
   28360       1.0377
   28361       1.0035
   28362       1.0359
   28363       1.1097
   28364       0.9977
   28365       1.0274
   28366       1.0934
   28367       0.9972
   28368       1.0814
   28369       1.0487
   28370       1.0585
   28371       1.0869
   28372       1.0197
   28373       1.0472
   28374       1.0437
   28375       0.9805
   28376       1.1537
   28377       1.0225
   28378       0.9350
   28379       0.9990
   28380       0.9654
   28381       1.0098
   28382       0.9495
   28383       1.0086
   28384       0.9209
   28385       1.0816
   28386       1.0168
   28387       1.0311
   28388       1.0581
   28389       0.9928
   28390       1.0622
   28391       1.0194
   28392       0.9121
   28393       0.9389
   28394       1.0445
   28395       0.9688
   28396       1.0028
   28397       0.9835
   28398       1.0163
   28399       0.9123
   28400       0.9340
   28401       0.9939
   28402       1.0603
   28403       1.0231
   28404       1.0431
   28405       1.0250
   28406       0.9459
   28407       0.9481
   28408       0.9521
   28409       0.9222
   28410       0.9884
   28411       1.0649
   28412       1.0703
   28413       1.1139
   28414       0.9733
   28415       1.0228
   28416       1.0623
   28417       1.0820
   28418       1.0737
   28419       1.1195
   28420       1.0310
   28421       1.0733
   28422       1.1552
   28423       1.0541
   28424       1.0515
   28425       1.0474
   28426       1.0083
   28427       1.0051
   28428       1.1359
   28429       1.0353
   28430       1.0482
   28431       1.1570
   28432       1.1194
   28433       1.0787
   28434       1.0053
   28435       1.0347
   28436       1.0582
   28437       1.0178
   28438       1.1258
   28439       1.0670
   28440       1.1843
   28441       1.1846
   28442       1.0883
   28443       1.0973
   28444       1.1689
   28445       1.0667
   28446       1.1014
   28447       1.0953
   28448       1.1307
   28449       1.0675
   28450       1.0932
   28451       1.0258
   28452       1.0151
   28453       0.9936
   28454       1.1167
   28455       1.0001
   28456       1.0533
   28457       1.0833
   28458       1.0008
   28459       1.0507
   28460       1.0199
   28461       0.9213
   28462       1.0827
   28463       1.0586
   28464       1.0023
   28465       1.0685
   28466       1.1367
   28467       1.2230
   28468       1.1309
   28469       1.1347
   28470       1.2227
   28471       1.1281
   28472       1.0509
   28473       1.0689
   28474       0.9615
   28475       1.0193
   28476       1.0660
   28477       1.0107
   28478       0.9971
   28479       1.1097
   28480       1.0121
   28481       1.0559
   28482       0.9709
   28483       0.9966
   28484       1.0227
   28485       1.0333
   28486       0.9652
   28487       1.0958
   28488       0.9342
   28489       1.0451
   28490       0.9937
   28491       0.9900
   28492       0.9879
   28493       1.0170
   28494       0.9697
   28495       0.9243
   28496       0.9717
   28497       1.0039
   28498       0.9293
   28499       0.9007
   28500       0.8934
   28501       0.8624
   28502       0.9538
   28503       0.9202
   28504       0.8984
   28505       0.8493
   28506       0.9422
   28507       0.9061
   28508       0.9365
   28509       0.9493
   28510       0.8856
   28511       0.8918
   28512       0.8670
   28513       0.8690
   28514       0.9511
   28515       0.8792
   28516       1.0036
   28517       1.0194
   28518       1.1445
   28519       1.0709
   28520       1.0291
   28521       1.1112
   28522       1.0895
   28523       1.1046
   28524       1.1018
   28525       0.9093
   28526       1.0792
   28527       1.0148
   28528       1.0875
   28529       1.0420
   28530       1.0679
   28531       1.0673
   28532       1.0638
   28533       1.0325
   28534       0.9916
   28535       0.9589
   28536       1.0551
   28537       1.0200
   28538       1.0732
   28539       1.1072
   28540       1.1241
   28541       1.0712
   28542       0.9215
   28543       1.0628
   28544       1.0920
   28545       1.1293
   28546       1.0774
   28547       1.0039
   28548       1.0486
   28549       1.0019
   28550       1.0794
   28551       1.1239
   28552       1.0465
   28553       1.1524
   28554       1.0960
   28555       1.0511
   28556       1.1945
   28557       1.2409
   28558       1.0923
   28559       1.1701
   28560       1.0914
   28561       1.1696
   28562       1.1058
   28563       1.0336
   28564       0.9439
   28565       0.9814
   28566       0.9300
   28567       0.9692
   28568       1.1046
   28569       1.1523
   28570       1.1778
   28571       1.0526
   28572       1.1631
   28573       1.0180
   28574       1.1262
   28575       1.0602
   28576       1.1282
   28577       1.1275
   28578       1.1714
   28579       1.1096
   28580       1.0962
   28581       1.0938
   28582       1.1419
   28583       1.0734
   28584       1.1630
   28585       1.0378
   28586       1.0689
   28587       1.0135
   28588       1.0826
   28589       1.1260
   28590       0.9966
   28591       0.9693
   28592       1.0492
   28593       1.0063
   28594       0.9978
   28595       1.1128
   28596       1.1185
   28597       1.1670
   28598       1.0792
   28599       0.9747
   28600       1.0444
   28601       1.0476
   28602       1.0915
   28603       1.1332
   28604       1.2349
   28605       1.2279
   28606       1.1395
   28607       1.2432
   28608       1.1921
   28609       1.2041
   28610       1.1837
   28611       1.1337
   28612       1.0923
   28613       1.0516
   28614       1.1273
   28615       1.2211
   28616       1.0853
   28617       1.1813
   28618       1.0520
   28619       1.0877
   28620       1.1223
   28621       1.1383
   28622       1.1317
   28623       1.1352
   28624       1.2397
   28625       1.2078
   28626       1.1926
   28627       1.1091
   28628       1.0811
   28629       1.1262
   28630       1.1122
   28631       1.1175
   28632       1.1246
   28633       1.1899
   28634       1.2222
   28635       1.1994
   28636       1.1264
   28637       1.0476
   28638       1.1159
   28639       1.1692
   28640       1.0812
   28641       1.0449
   28642       1.2092
   28643       1.2140
   28644       1.1305
   28645       1.1080
   28646       1.1461
   28647       1.1657
   28648       1.1505
   28649       1.2139
   28650       1.2869
   28651       1.2023
   28652       1.1770
   28653       1.1023
   28654       1.0512
   28655       1.0843
   28656       1.1599
   28657       1.2037
   28658       1.2108
   28659       1.2233
   28660       1.1445
   28661       1.1272
   28662       1.1745
   28663       1.1197
   28664       1.0885
   28665       1.1453
   28666       1.1844
   28667       1.2187
   28668       1.1236
   28669       1.0641
   28670       1.1616
   28671       1.0068
   28672       1.0436
   28673       0.9190
   28674       0.9867
   28675       0.9584
   28676       0.9602
   28677       0.9832
   28678       1.0448
   28679       0.9391
   28680       0.9578
   28681       1.0192
   28682       1.0851
   28683       1.1777
   28684       1.0080
   28685       1.0782
   28686       1.0285
   28687       1.0266
   28688       1.0673
   28689       1.0587
   28690       1.1272
   28691       1.1468
   28692       1.1090
   28693       1.0623
   28694       1.0752
   28695       1.0925
   28696       1.0565
   28697       1.1400
   28698       1.0413
   28699       1.0574
   28700       0.9986
   28701       1.1086
   28702       1.0220
   28703       1.0297
   28704       1.0130
   28705       0.9908
   28706       0.9940
   28707       1.0087
   28708       1.2010
   28709       1.0023
   28710       1.0417
   28711       1.1474
   28712       1.1931
   28713       1.2212
   28714       1.1997
   28715       1.2185
   28716       1.1185
   28717       1.0969
   28718       1.0381
   28719       1.0974
   28720       1.0721
   28721       1.1489
   28722       1.1299
   28723       1.0940
   28724       0.9843
   28725       1.0614
   28726       1.0415
   28727       1.1105
   28728       1.0586
   28729       1.0890
   28730       1.0525
   28731       1.0206
   28732       1.0953
   28733       1.0469
   28734       1.0597
   28735       1.1926
   28736       1.1031
   28737       1.1463
   28738       1.1284
   28739       1.1937
   28740       1.1668
   28741       0.9843
   28742       1.0605
   28743       1.0123
   28744       1.0564
   28745       1.0223
   28746       1.0020
   28747       1.1313
   28748       0.9834
   28749       1.0541
   28750       1.0686
   28751       1.1122
   28752       1.0548
   28753       1.1036
   28754       1.0518
   28755       1.0856
   28756       1.0559
   28757       1.0078
   28758       1.0351
   28759       1.0629
   28760       1.0067
   28761       1.0870
   28762       1.0717
   28763       1.0912
   28764       1.0418
   28765       1.1032
   28766       1.1351
   28767       1.1298
   28768       1.0778
   28769       1.0473
   28770       1.0507
   28771       0.9633
   28772       1.1139
   28773       1.0801
   28774       0.9978
   28775       1.0226
   28776       0.9817
   28777       0.9808
   28778       1.0173
   28779       1.0210
   28780       0.9748
   28781       0.9549
   28782       1.0112
   28783       0.9914
   28784       0.9582
   28785       1.0150
   28786       1.0411
   28787       1.0565
   28788       1.0454
   28789       1.0557
   28790       1.0167
   28791       1.0151
   28792       1.0721
   28793       1.0139
   28794       1.0096
   28795       0.9143
   28796       0.9999
   28797       1.0829
   28798       1.1364
   28799       1.1068
   28800       1.0965
   28801       1.0425
   28802       1.1622
   28803       1.1031
   28804       1.1683
   28805       1.1100
   28806       1.2421
   28807       1.1599
   28808       1.1815
   28809       0.9789
   28810       1.0834
   28811       1.1091
   28812       1.1397
   28813       1.0947
   28814       0.9898
   28815       1.0519
   28816       1.1224
   28817       1.0992
   28818       1.0887
   28819       1.0231
   28820       0.9630
   28821       1.0555
   28822       1.0222
   28823       1.0130
   28824       1.0115
   28825       1.0618
   28826       0.9859
   28827       1.1444
   28828       1.1259
   28829       1.1314
   28830       1.1397
   28831       1.0411
   28832       1.0891
   28833       1.1285
   28834       1.1543
   28835       1.2986
   28836       1.3627
   28837       1.2005
   28838       1.2859
   28839       1.1709
   28840       1.1861
   28841       1.1503
   28842       1.0860
   28843       1.0625
   28844       1.2261
   28845       1.2050
   28846       1.2449
   28847       1.2135
   28848       1.2729
   28849       1.1867
   28850       1.2899
   28851       1.2128
   28852       1.2316
   28853       1.2263
   28854       1.1836
   28855       1.3006
   28856       1.1823
   28857       1.1687
   28858       1.1107
   28859       1.0882
   28860       1.0547
   28861       0.9764
   28862       1.0219
   28863       1.0384
   28864       1.1246
   28865       1.1402
   28866       1.1197
   28867       1.2031
   28868       1.1477
   28869       1.1603
   28870       1.1341
   28871       1.1266
   28872       1.1724
   28873       1.2112
   28874       1.1885
   28875       1.1019
   28876       1.1895
   28877       1.1145
   28878       1.1359
   28879       1.0552
   28880       1.1153
   28881       1.1665
   28882       1.1128
   28883       1.1116
   28884       1.1510
   28885       1.2023
   28886       1.0017
   28887       1.0595
   28888       1.0691
   28889       1.1875
   28890       1.2257
   28891       1.0642
   28892       1.1134
   28893       1.1212
   28894       1.0915
   28895       1.0325
   28896       1.0699
   28897       1.0066
   28898       1.0366
   28899       1.0442
   28900       0.9826
   28901       0.9483
   28902       0.9962
   28903       1.0338
   28904       1.0132
   28905       1.1682
   28906       1.1158
   28907       1.1022
   28908       1.2020
   28909       1.1469
   28910       1.0753
   28911       1.0849
   28912       1.0718
   28913       1.0828
   28914       1.1354
   28915       1.0692
   28916       1.0746
   28917       1.0913
   28918       1.0832
   28919       1.1838
   28920       1.1469
   28921       1.1231
   28922       1.0754
   28923       1.1636
   28924       1.1690
   28925       1.0923
   28926       1.0764
   28927       1.0929
   28928       1.2096
   28929       1.1298
   28930       1.1409
   28931       1.1011
   28932       1.1101
   28933       1.0997
   28934       1.1163
   28935       1.1159
   28936       1.0674
   28937       1.1503
   28938       1.0987
   28939       1.0992
   28940       1.0117
   28941       1.0495
   28942       1.1645
   28943       1.1059
   28944       1.2424
   28945       1.2022
   28946       1.1594
   28947       1.1642
   28948       1.1953
   28949       1.1902
   28950       1.2366
   28951       1.0649
   28952       1.1487
   28953       1.0872
   28954       1.1655
   28955       1.1343
   28956       1.1234
   28957       1.1869
   28958       1.0924
   28959       1.0674
   28960       1.1500
   28961       1.1329
   28962       1.0679
   28963       1.1169
   28964       1.1117
   28965       1.1684
   28966       1.1489
   28967       1.0812
   28968       1.1608
   28969       1.1754
   28970       1.1402
   28971       1.0461
   28972       1.0896
   28973       1.0488
   28974       1.1025
   28975       1.1240
   28976       1.0582
   28977       1.0303
   28978       1.0403
   28979       1.0554
   28980       1.0443
   28981       1.0553
   28982       1.1472
   28983       1.2295
   28984       1.1999
   28985       1.2031
   28986       1.0511
   28987       1.1019
   28988       1.1687
   28989       1.1596
   28990       1.0599
   28991       1.0213
   28992       0.9564
   28993       1.1154
   28994       1.1125
   28995       1.0910
   28996       1.0545
   28997       1.0166
   28998       1.1998
   28999       1.2295
   29000       1.1202
   29001       1.1772
   29002       1.0882
   29003       1.1983
   29004       1.1594
   29005       1.0326
   29006       1.0704
   29007       1.0607
   29008       1.1085
   29009       1.0137
   29010       1.0725
   29011       1.0691
   29012       0.9693
   29013       1.0471
   29014       0.9548
   29015       1.0440
   29016       1.0570
   29017       0.9837
   29018       0.9368
   29019       0.9131
   29020       0.9596
   29021       0.9627
   29022       1.0722
   29023       1.1030
   29024       1.1169
   29025       1.0125
   29026       1.0305
   29027       1.0363
   29028       1.0683
   29029       1.0288
   29030       1.0115
   29031       1.0187
   29032       1.0459
   29033       0.9937
   29034       0.9861
   29035       1.0333
   29036       1.1100
   29037       1.1009
   29038       1.0692
   29039       1.0811
   29040       1.1866
   29041       1.1277
   29042       1.0970
   29043       1.1633
   29044       1.1401
   29045       1.1107
   29046       1.0826
   29047       1.0535
   29048       1.0680
   29049       1.0194
   29050       1.0173
   29051       1.1995
   29052       1.0973
   29053       1.1109
   29054       1.1699
   29055       1.0805
   29056       1.0863
   29057       1.1276
   29058       1.0712
   29059       1.1351
   29060       1.1864
   29061       1.0940
   29062       0.9570
   29063       1.1346
   29064       1.0817
   29065       1.0431
   29066       0.9362
   29067       1.0839
   29068       1.1614
   29069       1.1412
   29070       1.0894
   29071       1.0817
   29072       1.0610
   29073       1.1016
   29074       1.1515
   29075       1.0874
   29076       1.0049
   29077       1.0602
   29078       1.0473
   29079       1.1009
   29080       1.2266
   29081       1.2320
   29082       1.2253
   29083       1.1098
   29084       1.0387
   29085       1.0464
   29086       1.1436
   29087       1.0661
   29088       0.9129
   29089       1.0126
   29090       1.1526
   29091       1.1323
   29092       1.2164
   29093       1.2128
   29094       1.0839
   29095       1.1295
   29096       1.0962
   29097       1.0400
   29098       1.0014
   29099       0.9688
   29100       0.9626
   29101       0.9121
   29102       1.0090
   29103       1.0629
   29104       0.9642
   29105       1.0599
   29106       1.0638
   29107       1.1055
   29108       1.1282
   29109       1.1122
   29110       1.1947
   29111       1.2552
   29112       1.2373
   29113       1.0923
   29114       1.1102
   29115       1.1305
   29116       1.0332
   29117       1.0897
   29118       1.0372
   29119       1.0445
   29120       1.1044
   29121       1.1071
   29122       1.0871
   29123       1.1970
   29124       1.0787
   29125       1.1096
   29126       1.1320
   29127       1.0273
   29128       1.1360
   29129       1.0808
   29130       1.1032
   29131       1.0754
   29132       0.9904
   29133       1.0310
   29134       1.0404
   29135       1.1300
   29136       1.0482
   29137       1.0395
   29138       1.0618
   29139       1.0568
   29140       1.0402
   29141       1.0138
   29142       0.9775
   29143       1.0638
   29144       1.1350
   29145       1.0026
   29146       1.0711
   29147       1.1081
   29148       0.9882
   29149       0.9750
   29150       1.0791
   29151       0.9935
   29152       1.0613
   29153       1.0297
   29154       0.9648
   29155       1.0960
   29156       1.1389
   29157       1.1588
   29158       1.1185
   29159       1.1372
   29160       1.0671
   29161       1.1564
   29162       1.1867
   29163       1.2911
   29164       1.2177
   29165       1.1777
   29166       1.2383
   29167       1.1951
   29168       1.1072
   29169       1.1411
   29170       1.0782
   29171       1.0423
   29172       1.1614
   29173       1.1592
   29174       1.2211
   29175       1.1738
   29176       1.1300
   29177       1.1820
   29178       1.3056
   29179       1.2665
   29180       1.2370
   29181       1.2724
   29182       1.1171
   29183       1.1637
   29184       1.2136
   29185       1.1844
   29186       1.2195
   29187       1.2953
   29188       1.2406
   29189       1.2217
   29190       1.3326
   29191       1.1924
   29192       1.2984
   29193       1.2770
   29194       1.2145
   29195       1.1950
   29196       1.1760
   29197       1.2076
   29198       1.2816
   29199       1.2397
   29200       1.1644
   29201       1.0873
   29202       1.1706
   29203       1.2486
   29204       1.2218
   29205       1.2664
   29206       1.0788
   29207       1.1814
   29208       1.1243
   29209       1.1370
   29210       1.1786
   29211       1.1422
   29212       1.0631
   29213       1.2097
   29214       1.1703
   29215       1.2334
   29216       1.1530
   29217       1.0986
   29218       1.2229
   29219       1.1835
   29220       1.1292
   29221       1.0658
   29222       0.9856
   29223       1.0603
   29224       1.0191
   29225       1.0411
   29226       1.0830
   29227       1.0451
   29228       1.0762
   29229       1.0573
   29230       1.0726
   29231       1.2280
   29232       1.1892
   29233       1.0543
   29234       1.0593
   29235       1.0125
   29236       1.0535
   29237       1.0153
   29238       1.0403
   29239       1.0370
   29240       1.0693
   29241       1.0802
   29242       1.0693
   29243       1.1122
   29244       1.0655
   29245       1.0824
   29246       1.1122
   29247       1.1130
   29248       1.1664
   29249       1.0921
   29250       1.0125
   29251       1.0215
   29252       0.9847
   29253       0.9579
   29254       1.0853
   29255       1.0383
   29256       1.0932
   29257       1.1524
   29258       1.1747
   29259       1.0966
   29260       1.1095
   29261       1.0357
   29262       1.0672
   29263       0.9971
   29264       1.0331
   29265       1.0673
   29266       1.0375
   29267       0.9819
   29268       1.1096
   29269       1.0487
   29270       1.0467
   29271       1.0158
   29272       1.0406
   29273       0.9641
   29274       0.9420
   29275       0.9959
   29276       1.0695
   29277       1.0021
   29278       1.0219
   29279       0.9712
   29280       0.9932
   29281       1.0595
   29282       1.0110
   29283       1.0741
   29284       1.0904
   29285       1.1225
   29286       1.1040
   29287       0.9959
   29288       1.0338
   29289       0.9687
   29290       1.0434
   29291       1.0229
   29292       1.0773
   29293       1.0882
   29294       1.0004
   29295       1.1109
   29296       1.0933
   29297       1.0571
   29298       1.0958
   29299       1.1212
   29300       1.1523
   29301       1.1827
   29302       1.0657
   29303       1.0486
   29304       1.0686
   29305       1.0793
   29306       1.1784
   29307       1.0738
   29308       1.2275
   29309       1.1012
   29310       1.1291
   29311       1.1711
   29312       1.1206
   29313       1.1656
   29314       1.0935
   29315       1.1475
   29316       1.1387
   29317       1.1283
   29318       1.0883
   29319       1.0169
   29320       1.0289
   29321       1.0478
   29322       1.0761
   29323       1.0132
   29324       1.0899
   29325       1.0788
   29326       1.0680
   29327       1.1177
   29328       1.1188
   29329       1.1043
   29330       1.0620
   29331       1.1190
   29332       0.9868
   29333       1.1758
   29334       1.1391
   29335       1.0567
   29336       0.9532
   29337       1.0712
   29338       1.1473
   29339       1.1041
   29340       1.0572
   29341       1.1147
   29342       1.1838
   29343       1.2303
   29344       1.1240
   29345       1.0870
   29346       1.0840
   29347       0.9568
   29348       1.0225
   29349       1.1191
   29350       1.0734
   29351       1.1648
   29352       1.0391
   29353       1.0672
   29354       1.0472
   29355       1.1308
   29356       0.9879
   29357       1.0387
   29358       1.0626
   29359       1.0058
   29360       1.0718
   29361       1.0148
   29362       1.0240
   29363       1.0920
   29364       1.1716
   29365       1.1184
   29366       1.0694
   29367       1.0701
   29368       1.0957
   29369       1.0354
   29370       1.0834
   29371       1.0896
   29372       1.0325
   29373       1.1144
   29374       1.0841
   29375       1.1620
   29376       1.1002
   29377       1.0881
   29378       1.1047
   29379       1.1134
   29380       1.1580
   29381       1.3381
   29382       1.2453
   29383       1.2392
   29384       1.1651
   29385       1.2113
   29386       1.2368
   29387       1.0451
   29388       1.1140
   29389       1.2074
   29390       1.1446
   29391       1.2166
   29392       1.2316
   29393       1.1971
   29394       1.1254
   29395       1.2010
   29396       1.2266
   29397       1.1550
   29398       1.2425
   29399       1.2005
   29400       1.0971
   29401       1.1372
   29402       1.1131
   29403       1.1086
   29404       1.0936
   29405       1.1731
   29406       1.1666
   29407       1.2815
   29408       1.2424
   29409       1.1754
   29410       1.1570
   29411       1.0619
   29412       1.1171
   29413       1.0773
   29414       1.0517
   29415       1.1488
   29416       1.0627
   29417       1.0914
   29418       1.1483
   29419       1.2402
   29420       1.1379
   29421       1.1789
   29422       1.1852
   29423       1.2006
   29424       1.1814
   29425       1.1811
   29426       1.1675
   29427       1.1817
   29428       1.2342
   29429       1.2268
   29430       1.1660
   29431       1.2106
   29432       1.2751
   29433       1.1739
   29434       1.1453
   29435       1.2005
   29436       1.1427
   29437       1.1687
   29438       1.0369
   29439       1.0992
   29440       1.1814
   29441       1.1382
   29442       1.0939
   29443       1.0540
   29444       1.0545
   29445       1.1696
   29446       1.0796
   29447       1.1557
   29448       1.1827
   29449       1.1791
   29450       1.1433
   29451       1.2025
   29452       1.1510
   29453       1.1646
   29454       1.1015
   29455       1.1178
   29456       1.1390
   29457       1.2358
   29458       1.1761
   29459       1.2497
   29460       1.1096
   29461       1.0087
   29462       1.1230
   29463       1.1410
   29464       1.2873
   29465       1.1762
   29466       1.0842
   29467       1.1735
   29468       1.1558
   29469       1.1375
   29470       1.1506
   29471       1.1144
   29472       1.1458
   29473       1.0521
   29474       1.1052
   29475       1.1648
   29476       1.0938
   29477       1.0710
   29478       1.1290
   29479       1.1308
   29480       1.1276
   29481       1.1542
   29482       1.1412
   29483       1.1061
   29484       1.0841
   29485       1.1136
   29486       1.0398
   29487       0.9907
   29488       0.9801
   29489       1.0228
   29490       1.0708
   29491       1.0145
   29492       1.0555
   29493       1.1691
   29494       1.0665
   29495       1.1872
   29496       1.0303
   29497       1.0551
   29498       1.1051
   29499       1.1085
   29500       1.0820
   29501       1.0434
   29502       1.0934
   29503       1.1757
   29504       1.1186
   29505       1.0189
   29506       1.2008
   29507       1.1303
   29508       1.1726
   29509       1.0130
   29510       1.0423
   29511       1.1352
   29512       1.0418
   29513       1.0433
   29514       1.1209
   29515       1.2006
   29516       1.1599
   29517       1.0455
   29518       1.0751
   29519       1.0806
   29520       1.1480
   29521       1.1057
   29522       1.1704
   29523       1.2189
   29524       1.1766
   29525       1.1969
   29526       1.1164
   29527       1.0795
   29528       1.1547
   29529       1.0896
   29530       1.0943
   29531       1.0596
   29532       1.1503
   29533       1.0866
   29534       1.1660
   29535       1.2659
   29536       1.1046
   29537       1.1655
   29538       1.1720
   29539       1.0678
   29540       1.0827
   29541       1.0059
   29542       1.1107
   29543       1.1149
   29544       1.1285
   29545       1.0780
   29546       1.0724
   29547       1.1330
   29548       1.0683
   29549       1.1756
   29550       1.1473
   29551       1.0634
   29552       1.1569
   29553       1.2082
   29554       1.1516
   29555       1.1477
   29556       1.2938
   29557       1.2641
   29558       1.1412
   29559       1.2321
   29560       1.2165
   29561       1.1648
   29562       1.1759
   29563       1.1536
   29564       1.1015
   29565       1.0769
   29566       1.0272
   29567       1.0599
   29568       1.0478
   29569       1.0693
   29570       0.9918
   29571       1.0507
   29572       1.0787
   29573       1.0368
   29574       0.9918
   29575       1.0552
   29576       1.0741
   29577       1.0353
   29578       1.1687
   29579       1.1017
   29580       1.1153
   29581       1.2029
   29582       1.2449
   29583       1.1941
   29584       1.2593
   29585       1.2325
   29586       1.2279
   29587       1.1457
   29588       1.0764
   29589       1.1142
   29590       1.1384
   29591       1.0862
   29592       1.1746
   29593       1.2495
   29594       1.0879
   29595       1.2174
   29596       1.1445
   29597       1.0964
   29598       1.0609
   29599       1.1059
   29600       1.1972
   29601       1.2002
   29602       1.1622
   29603       1.2194
   29604       1.1579
   29605       1.2119
   29606       1.1489
   29607       1.2192
   29608       1.1841
   29609       1.1140
   29610       1.0439
   29611       1.1023
   29612       1.0524
   29613       1.0993
   29614       1.0683
   29615       1.0321
   29616       1.0056
   29617       1.0703
   29618       1.0109
   29619       1.1194
   29620       1.0162
   29621       1.0264
   29622       1.1212
   29623       1.0930
   29624       1.1070
   29625       1.1007
   29626       1.0148
   29627       1.0269
   29628       1.0987
   29629       1.1385
   29630       1.2734
   29631       1.1814
   29632       1.2378
   29633       1.1012
   29634       1.1291
   29635       1.1252
   29636       1.1373
   29637       1.1041
   29638       1.2281
   29639       1.1769
   29640       1.1365
   29641       1.1387
   29642       1.1536
   29643       1.2066
   29644       1.2174
   29645       1.0828
   29646       1.2168
   29647       1.1207
   29648       1.0509
   29649       1.0093
   29650       1.1254
   29651       1.2130
   29652       1.2346
   29653       1.0810
   29654       1.0613
   29655       1.1900
   29656       1.0821
   29657       1.1216
   29658       0.9680
   29659       1.0410
   29660       1.0832
   29661       0.9080
   29662       1.0417
   29663       1.0273
   29664       1.0156
   29665       0.9747
   29666       0.9935
   29667       0.9895
   29668       0.9919
   29669       0.9454
   29670       1.0120
   29671       1.0300
   29672       0.9451
   29673       0.9621
   29674       0.9841
   29675       1.0422
   29676       0.9815
   29677       1.0019
   29678       1.0522
   29679       1.0435
   29680       1.0037
   29681       1.0869
   29682       1.2388
   29683       1.1330
   29684       1.0055
   29685       1.1628
   29686       1.0946
   29687       1.0707
   29688       1.1558
   29689       1.1171
   29690       1.0786
   29691       1.1178
   29692       1.1903
   29693       1.2510
   29694       1.0998
   29695       1.0602
   29696       1.1008
   29697       1.1056
   29698       1.0515
   29699       1.0617
   29700       0.9880
   29701       0.9838
   29702       0.9531
   29703       1.0709
   29704       1.0290
   29705       1.0350
   29706       1.0783
   29707       1.0131
   29708       1.0417
   29709       1.0555
   29710       0.9699
   29711       1.0006
   29712       0.9992
   29713       0.9599
   29714       1.0599
   29715       0.9632
   29716       1.0612
   29717       0.9233
   29718       1.0334
   29719       1.1171
   29720       1.0429
   29721       0.9777
   29722       1.0386
   29723       1.0121
   29724       0.9849
   29725       1.0008
   29726       0.9919
   29727       0.9306
   29728       0.9498
   29729       0.9241
   29730       0.9454
   29731       1.0033
   29732       0.9557
   29733       1.0308
   29734       0.9161
   29735       0.9936
   29736       0.9949
   29737       0.8822
   29738       0.9520
   29739       0.9956
   29740       1.0188
   29741       1.0469
   29742       1.1104
   29743       1.0333
   29744       0.9975
   29745       0.9381
   29746       0.9648
   29747       0.9666
   29748       1.0184
   29749       1.0473
   29750       1.0198
   29751       1.0088
   29752       1.0593
   29753       1.0698
   29754       1.0340
   29755       1.0046
   29756       1.0093
   29757       0.9946
   29758       0.9444
   29759       0.9455
   29760       1.0837
   29761       0.9625
   29762       0.9965
   29763       1.0279
   29764       0.9885
   29765       1.0677
   29766       1.1004
   29767       0.9847
   29768       0.9770
   29769       0.9716
   29770       1.0157
   29771       1.0234
   29772       1.0176
   29773       1.0551
   29774       1.0780
   29775       1.0148
   29776       0.9732
   29777       1.0275
   29778       1.0100
   29779       0.9268
   29780       0.9536
   29781       1.0061
   29782       1.0913
   29783       1.0988
   29784       1.1722
   29785       1.0843
   29786       1.1404
   29787       1.2090
   29788       1.1557
   29789       1.0504
   29790       1.0667
   29791       0.9962
   29792       1.0255
   29793       1.0305
   29794       1.0248
   29795       1.0228
   29796       1.1355
   29797       1.0258
   29798       1.1256
   29799       1.0123
   29800       0.9524
   29801       1.0486
   29802       1.0078
   29803       0.9913
   29804       0.9822
   29805       0.9945
   29806       1.0652
   29807       1.0644
   29808       1.0365
   29809       0.9914
   29810       1.0341
   29811       1.0362
   29812       1.0514
   29813       1.0518
   29814       1.0788
   29815       1.0272
   29816       1.0900
   29817       1.0103
   29818       1.1157
   29819       1.0798
   29820       1.0986
   29821       1.0562
   29822       1.0418
   29823       1.1769
   29824       1.2734
   29825       1.1737
   29826       1.1679
   29827       1.1332
   29828       1.1554
   29829       1.1347
   29830       1.0694
   29831       1.0992
   29832       1.0526
   29833       1.0833
   29834       1.0541
   29835       1.0119
   29836       1.1813
   29837       1.2009
   29838       1.1283
   29839       1.1715
   29840       1.1746
   29841       1.1213
   29842       1.1319
   29843       1.1200
   29844       1.0891
   29845       1.2028
   29846       1.1042
   29847       1.0179
   29848       0.9754
   29849       0.9439
   29850       0.9596
   29851       0.9583
   29852       1.0018
   29853       0.9430
   29854       0.9886
   29855       1.0036
   29856       0.9723
   29857       0.9801
   29858       0.9817
   29859       1.0709
   29860       1.0303
   29861       1.0106
   29862       0.9714
   29863       1.0699
   29864       1.0308
   29865       1.1103
   29866       1.0426
   29867       1.0933
   29868       1.1306
   29869       1.0818
   29870       1.0581
   29871       1.0081
   29872       0.9997
   29873       1.0766
   29874       0.9847
   29875       0.9597
   29876       1.1172
   29877       1.0676
   29878       0.9873
   29879       0.9748
   29880       0.9052
   29881       1.0774
   29882       1.1081
   29883       0.9978
   29884       1.0747
   29885       1.0285
   29886       1.0052
   29887       1.0133
   29888       1.0056
   29889       0.9631
   29890       1.0322
   29891       1.1273
   29892       1.0826
   29893       1.0655
   29894       1.0351
   29895       1.0012
   29896       1.0143
   29897       1.0062
   29898       1.0412
   29899       1.0274
   29900       1.0022
   29901       0.9678
   29902       1.0550
   29903       1.1204
   29904       0.9885
   29905       1.0435
   29906       0.9535
   29907       1.0685
   29908       1.0068
   29909       1.1022
   29910       1.0406
   29911       1.0633
   29912       1.0357
   29913       1.1501
   29914       1.0867
   29915       0.9651
   29916       0.9976
   29917       0.9593
   29918       0.9957
   29919       0.9270
   29920       0.9977
   29921       0.9479
   29922       0.9424
   29923       1.1562
   29924       1.0139
   29925       0.9478
   29926       0.8309
   29927       0.9189
   29928       0.9673
   29929       0.8674
   29930       0.9558
   29931       1.0706
   29932       1.0027
   29933       0.9834
   29934       0.9778
   29935       0.9875
   29936       1.0062
   29937       0.9409
   29938       0.8658
   29939       0.9455
   29940       0.8577
   29941       0.9484
   29942       0.9744
   29943       0.9964
   29944       0.8833
   29945       0.9011
   29946       0.8595
   29947       0.8915
   29948       0.9695
   29949       1.1247
   29950       1.0479
   29951       1.0441
   29952       0.9103
   29953       1.0458
   29954       0.9608
   29955       1.0455
   29956       1.0947
   29957       1.0920
   29958       0.9921
   29959       1.0738
   29960       1.0822
   29961       0.9929
   29962       0.9995
   29963       0.9795
   29964       0.9609
   29965       1.0895
   29966       0.9157
   29967       0.9693
   29968       1.0209
   29969       0.9715
   29970       1.0057
   29971       1.0543
   29972       0.9629
   29973       0.9839
   29974       0.9168
   29975       1.0376
   29976       0.9129
   29977       1.0553
   29978       0.9578
   29979       1.1569
   29980       1.0210
   29981       1.0419
   29982       1.0884
   29983       1.2322
   29984       1.1991
   29985       1.0583
   29986       1.0639
   29987       1.0514
   29988       1.1114
   29989       1.1256
   29990       1.0908
   29991       1.0491
   29992       0.9968
   29993       0.9850
   29994       0.9969
   29995       1.0136
   29996       0.9920
   29997       0.9954
   29998       0.9610
   29999       0.9255
   30000       0.8931
   30001       0.9309
   30002       0.9275
   30003       0.9901
   30004       1.0116
   30005       0.9421
   30006       1.0566
   30007       1.0700
   30008       1.0745
   30009       1.0721
   30010       1.0749
   30011       0.9289
   30012       1.0094
   30013       1.0479
   30014       1.0124
   30015       1.0174
   30016       1.0519
   30017       1.1246
   30018       1.0701
   30019       1.1448
   30020       1.0616
   30021       1.1751
   30022       1.2570
   30023       1.2147
   30024       1.1494
   30025       1.2458
   30026       1.2169
   30027       1.1457
   30028       1.1978
   30029       1.1608
   30030       1.1228
   30031       1.0856
   30032       0.9981
   30033       1.0814
   30034       1.0242
   30035       1.0616
   30036       1.0742
   30037       1.1219
   30038       1.1283
   30039       1.1291
   30040       1.0829
   30041       1.1029
   30042       1.0601
   30043       1.0619
   30044       1.0936
   30045       1.0669
   30046       1.0930
   30047       1.1786
   30048       1.1012
   30049       1.1693
   30050       1.0736
   30051       1.0707
   30052       0.9840
   30053       1.0926
   30054       1.1094
   30055       1.1103
   30056       1.0513
   30057       1.1368
   30058       1.0694
   30059       1.0542
   30060       1.0799
   30061       1.0829
   30062       0.9612
   30063       0.9568
   30064       0.9776
   30065       0.9670
   30066       0.9849
   30067       0.9737
   30068       0.9237
   30069       1.0949
   30070       1.1301
   30071       1.1403
   30072       1.0997
   30073       1.1517
   30074       1.0869
   30075       1.1223
   30076       1.0496
   30077       1.0338
   30078       1.0756
   30079       1.0161
   30080       1.0077
   30081       1.0198
   30082       0.9754
   30083       1.0992
   30084       1.0332
   30085       1.1093
   30086       1.0663
   30087       1.1216
   30088       1.0024
   30089       0.9708
   30090       1.0426
   30091       0.9796
   30092       0.9278
   30093       1.0309
   30094       1.0051
   30095       1.0149
   30096       1.0067
   30097       1.0132
   30098       1.0206
   30099       1.0857
   30100       0.9835
   30101       1.1052
   30102       1.0776
   30103       1.1116
   30104       1.1486
   30105       1.1784
   30106       1.1691
   30107       1.1356
   30108       1.0292
   30109       1.0593
   30110       1.0587
   30111       1.0916
   30112       1.0843
   30113       1.1276
   30114       0.9819
   30115       1.0700
   30116       1.1115
   30117       1.1046
   30118       1.0875
   30119       1.1489
   30120       1.1744
   30121       1.1483
   30122       1.0621
   30123       1.0055
   30124       1.0698
   30125       1.0114
   30126       1.0247
   30127       1.0349
   30128       1.0692
   30129       1.0012
   30130       1.0580
   30131       1.0234
   30132       1.0024
   30133       1.1161
   30134       1.0417
   30135       1.1051
   30136       0.9218
   30137       1.0011
   30138       1.0439
   30139       0.9785
   30140       1.0494
   30141       0.9857
   30142       1.0580
   30143       1.0534
   30144       1.0025
   30145       1.0988
   30146       1.0882
   30147       1.1011
   30148       1.0314
   30149       1.0612
   30150       1.0466
   30151       0.9723
   30152       0.8791
   30153       0.9867
   30154       0.9604
   30155       0.9582
   30156       0.9827
   30157       0.9655
   30158       1.0494
   30159       0.9881
   30160       0.9782
   30161       0.9638
   30162       1.0291
   30163       0.9772
   30164       0.9589
   30165       1.0194
   30166       1.0017
   30167       0.9728
   30168       0.9599
   30169       0.9981
   30170       1.1136
   30171       0.9734
   30172       1.0485
   30173       1.0530
   30174       1.0040
   30175       1.0021
   30176       1.0273
   30177       1.0228
   30178       1.0141
   30179       0.9983
   30180       1.0573
   30181       1.0049
   30182       1.0086
   30183       0.9375
   30184       0.9444
   30185       0.9999
   30186       0.9537
   30187       1.0248
   30188       1.0325
   30189       1.0476
   30190       0.9846
   30191       0.9583
   30192       1.0725
   30193       1.0427
   30194       1.0098
   30195       1.0700
   30196       1.0435
   30197       0.9955
   30198       1.0268
   30199       1.0366
   30200       1.1304
   30201       1.1427
   30202       1.1179
   30203       1.0855
   30204       1.0497
   30205       0.9914
   30206       1.0667
   30207       1.0288
   30208       1.0657
   30209       1.0665
   30210       1.0696
   30211       1.1641
   30212       1.2101
   30213       1.1541
   30214       1.1193
   30215       1.0816
   30216       1.1312
   30217       1.0766
   30218       1.0781
   30219       1.1714
   30220       1.0000
   30221       1.1209
   30222       1.0345
   30223       1.0664
   30224       1.0274
   30225       1.0150
   30226       1.0840
   30227       1.0068
   30228       0.8920
   30229       0.8546
   30230       0.8464
   30231       0.9569
   30232       1.1145
   30233       0.9703
   30234       1.0274
   30235       1.0028
   30236       0.8983
   30237       0.9451
   30238       0.9308
   30239       0.9963
   30240       0.9278
   30241       1.0335
   30242       0.9303
   30243       0.9967
   30244       1.1258
   30245       0.9831
   30246       0.9105
   30247       1.0096
   30248       0.9964
   30249       0.9566
   30250       0.9567
   30251       1.1321
   30252       1.0359
   30253       1.0606
   30254       1.1325
   30255       1.0599
   30256       0.9913
   30257       1.0648
   30258       0.9939
   30259       1.0572
   30260       1.0294
   30261       1.0191
   30262       0.9459
   30263       0.9290
   30264       0.9626
   30265       0.9533
   30266       0.9760
   30267       1.0012
   30268       0.9368
   30269       0.9825
   30270       1.0043
   30271       1.0551
   30272       0.9861
   30273       0.9647
   30274       0.9962
   30275       1.0014
   30276       0.9194
   30277       1.0537
   30278       1.0133
   30279       1.0534
   30280       1.0194
   30281       0.9478
   30282       0.9589
   30283       1.0316
   30284       0.9878
   30285       0.9867
   30286       1.1074
   30287       1.0448
   30288       0.9570
   30289       0.9352
   30290       1.1248
   30291       1.0796
   30292       0.9566
   30293       0.9353
   30294       0.9447
   30295       0.9668
   30296       0.9794
   30297       0.8883
   30298       1.0102
   30299       1.0119
   30300       0.9940
   30301       0.9799
   30302       1.0136
   30303       1.0802
   30304       0.9803
   30305       1.0092
   30306       1.0014
   30307       1.0728
   30308       1.1275
   30309       1.0438
   30310       1.0565
   30311       1.0629
   30312       1.0320
   30313       1.0184
   30314       1.0114
   30315       1.0120
   30316       0.9852
   30317       1.0824
   30318       1.0470
   30319       1.0898
   30320       1.0736
   30321       0.9666
   30322       1.0071
   30323       0.9786
   30324       1.0352
   30325       1.0901
   30326       1.0609
   30327       1.1672
   30328       1.0657
   30329       1.1178
   30330       1.0478
   30331       1.1152
   30332       1.0687
   30333       1.0416
   30334       1.0291
   30335       1.0474
   30336       0.9643
   30337       1.0477
   30338       1.0803
   30339       1.0328
   30340       1.0843
   30341       0.8906
   30342       0.9081
   30343       1.0334
   30344       0.9401
   30345       0.9661
   30346       0.8908
   30347       0.9089
   30348       0.9454
   30349       0.9772
   30350       0.9854
   30351       1.0579
   30352       0.9760
   30353       1.0703
   30354       1.0020
   30355       1.1475
   30356       1.0206
   30357       1.0937
   30358       1.1547
   30359       1.1276
   30360       1.0439
   30361       1.1144
   30362       1.1513
   30363       1.1582
   30364       0.9961
   30365       1.0368
   30366       1.0990
   30367       1.0703
   30368       1.0564
   30369       1.0052
   30370       1.0066
   30371       1.0139
   30372       1.1322
   30373       1.0638
   30374       1.0614
   30375       0.9349
   30376       0.9199
   30377       1.0405
   30378       1.0937
   30379       1.0890
   30380       1.0950
   30381       1.0228
   30382       0.9750
   30383       1.0698
   30384       1.0202
   30385       1.0240
   30386       1.1288
   30387       1.1381
   30388       1.1304
   30389       1.0339
   30390       1.1833
   30391       1.0935
   30392       1.1258
   30393       1.0838
   30394       1.0645
   30395       1.0967
   30396       1.0582
   30397       1.0538
   30398       1.0792
   30399       1.0649
   30400       1.1317
   30401       1.1177
   30402       1.1104
   30403       1.0769
   30404       1.0893
   30405       1.0611
   30406       0.9791
   30407       0.9857
   30408       1.0722
   30409       0.9835
   30410       1.0359
   30411       1.0667
   30412       1.0944
   30413       1.1486
   30414       1.0641
   30415       1.0789
   30416       1.0915
   30417       0.9807
   30418       0.9564
   30419       0.9134
   30420       0.8904
   30421       0.9344
   30422       0.9574
   30423       0.9113
   30424       0.9420
   30425       1.0501
   30426       0.9534
   30427       1.0024
   30428       0.9741
   30429       0.9648
   30430       1.0044
   30431       0.9033
   30432       0.9555
   30433       0.8407
   30434       0.9197
   30435       0.9499
   30436       1.0072
   30437       1.0297
   30438       1.0346
   30439       0.9849
   30440       0.9716
   30441       1.0052
   30442       1.1025
   30443       1.0009
   30444       1.0126
   30445       0.9628
   30446       1.0848
   30447       1.0042
   30448       1.1060
   30449       1.0001
   30450       0.9848
   30451       1.0788
   30452       0.9420
   30453       1.0122
   30454       1.1528
   30455       1.0986
   30456       1.0775
   30457       1.1551
   30458       1.0759
   30459       1.0351
   30460       1.0053
   30461       0.9988
   30462       0.9644
   30463       1.0031
   30464       0.9263
   30465       1.0215
   30466       0.9831
   30467       0.9660
   30468       1.0841
   30469       1.0539
   30470       1.0272
   30471       1.1001
   30472       1.0866
   30473       1.0436
   30474       1.0352
   30475       0.9215
   30476       1.0105
   30477       0.9713
   30478       1.0520
   30479       1.0274
   30480       1.0757
   30481       1.1262
   30482       1.0726
   30483       1.0317
   30484       1.0200
   30485       1.0002
   30486       1.0539
   30487       1.0374
   30488       0.9737
   30489       1.0557
   30490       1.0145
   30491       1.1045
   30492       1.0022
   30493       1.0259
   30494       1.0292
   30495       1.0383
   30496       1.0367
   30497       0.9833
   30498       1.0552
   30499       0.9071
   30500       1.1100
   30501       0.9932
   30502       0.9154
   30503       1.0610
   30504       1.0064
   30505       0.9625
   30506       1.0116
   30507       0.9638
   30508       1.0905
   30509       0.9832
   30510       1.0199
   30511       1.0582
   30512       1.0147
   30513       0.9366
   30514       0.9288
   30515       0.9583
   30516       1.0040
   30517       0.9286
   30518       0.9394
   30519       0.9547
   30520       1.0482
   30521       1.1016
   30522       1.0617
   30523       1.0606
   30524       1.0414
   30525       1.0434
   30526       0.9915
   30527       1.0856
   30528       1.0554
   30529       1.1056
   30530       1.0632
   30531       1.0754
   30532       1.0653
   30533       1.1055
   30534       1.0749
   30535       1.0630
   30536       1.0648
   30537       1.1032
   30538       1.0276
   30539       1.0371
   30540       1.1133
   30541       1.0282
   30542       1.0912
   30543       1.0216
   30544       1.0622
   30545       0.9928
   30546       1.0243
   30547       1.0240
   30548       1.0359
   30549       0.9413
   30550       0.9811
   30551       0.9752
   30552       0.9643
   30553       1.0803
   30554       1.0149
   30555       1.0522
   30556       0.9544
   30557       0.9527
   30558       1.0646
   30559       1.0438
   30560       1.0452
   30561       1.0520
   30562       1.0563
   30563       1.0766
   30564       1.0557
   30565       0.9782
   30566       1.0090
   30567       0.9311
   30568       1.0311
   30569       1.0249
   30570       1.0249
   30571       0.9973
   30572       1.0578
   30573       1.1143
   30574       1.1164
   30575       1.0445
   30576       1.0181
   30577       1.0112
   30578       1.0182
   30579       1.0014
   30580       1.1101
   30581       1.0754
   30582       1.0478
   30583       1.0144
   30584       1.0866
   30585       1.0820
   30586       1.1360
   30587       1.1877
   30588       1.0177
   30589       0.9801
   30590       0.9660
   30591       0.9052
   30592       0.9795
   30593       0.9640
   30594       0.9156
   30595       1.0293
   30596       1.0178
   30597       1.0025
   30598       0.9755
   30599       1.1453
   30600       1.0203
   30601       1.0736
   30602       1.0921
   30603       1.0515
   30604       1.0344
   30605       0.9673
   30606       0.9578
   30607       1.0323
   30608       0.9390
   30609       0.9105
   30610       0.9422
   30611       1.0740
   30612       0.9946
   30613       0.9356
   30614       1.0919
   30615       1.1199
   30616       1.0262
   30617       1.0087
   30618       1.0142
   30619       0.9395
   30620       0.9440
   30621       0.9691
   30622       0.9071
   30623       0.9571
   30624       0.9885
   30625       0.9180
   30626       1.0350
   30627       1.0264
   30628       1.0975
   30629       1.0799
   30630       1.0907
   30631       1.0427
   30632       1.0747
   30633       1.0455
   30634       1.0320
   30635       1.0317
   30636       1.0261
   30637       1.0474
   30638       1.0526
   30639       1.0918
   30640       1.0153
   30641       1.0993
   30642       1.0540
   30643       1.0943
   30644       0.9956
   30645       1.0357
   30646       1.0548
   30647       1.0060
   30648       1.0275
   30649       1.1525
   30650       1.1262
   30651       1.0517
   30652       1.1534
   30653       1.0811
   30654       1.0794
   30655       1.0596
   30656       1.0512
   30657       1.0517
   30658       1.0065
   30659       0.9980
   30660       1.0649
   30661       1.1433
   30662       1.1357
   30663       1.0688
   30664       1.0247
   30665       0.9405
   30666       1.0142
   30667       0.9788
   30668       1.0414
   30669       1.0263
   30670       1.0630
   30671       1.0403
   30672       0.9213
   30673       1.0009
   30674       0.9619
   30675       1.0374
   30676       0.9506
   30677       0.9555
   30678       0.9174
   30679       0.9199
   30680       0.8255
   30681       0.8774
   30682       0.9332
   30683       0.9583
   30684       1.0230
   30685       0.9493
   30686       0.9117
   30687       0.9657
   30688       0.9392
   30689       0.9303
   30690       1.0214
   30691       1.0146
   30692       0.9385
   30693       0.8906
   30694       0.9456
   30695       0.9834
   30696       0.9835
   30697       1.0357
   30698       1.0528
   30699       1.0751
   30700       0.9948
   30701       1.0960
   30702       1.0739
   30703       1.1072
   30704       1.0383
   30705       1.0280
   30706       1.0100
   30707       1.0589
   30708       0.9357
   30709       1.0257
   30710       1.0466
   30711       0.9773
   30712       0.9361
   30713       0.9340
   30714       1.0185
   30715       1.0713
   30716       0.9725
   30717       1.0191
   30718       0.9737
   30719       0.9580
   30720       0.9617
   30721       1.0594
   30722       1.0634
   30723       0.9685
   30724       0.9899
   30725       1.0372
   30726       0.9575
   30727       0.9926
   30728       1.0425
   30729       0.8780
   30730       0.9546
   30731       1.0345
   30732       0.8762
   30733       0.8822
   30734       0.9162
   30735       0.9995
   30736       0.9758
   30737       0.9807
   30738       1.0291
   30739       0.9612
   30740       0.9667
   30741       0.9598
   30742       0.9348
   30743       1.0225
   30744       1.0416
   30745       0.9001
   30746       1.0346
   30747       0.8954
   30748       1.0480
   30749       0.9580
   30750       0.9538
   30751       1.0440
   30752       1.0697
   30753       1.0942
   30754       1.0455
   30755       0.9960
   30756       1.1189
   30757       1.1230
   30758       1.1615
   30759       1.0679
   30760       1.0534
   30761       1.0227
   30762       1.0864
   30763       1.2024
   30764       1.0392
   30765       1.1577
   30766       1.0949
   30767       1.0617
   30768       1.1372
   30769       1.0561
   30770       1.1932
   30771       1.0528
   30772       1.1794
   30773       1.0135
   30774       1.0121
   30775       1.1017
   30776       1.0878
   30777       1.1563
   30778       1.0585
   30779       1.0922
   30780       1.0513
   30781       1.1343
   30782       1.0760
   30783       1.1225
   30784       1.1794
   30785       1.1274
   30786       1.0558
   30787       1.0271
   30788       1.0243
   30789       1.0954
   30790       1.0575
   30791       1.0726
   30792       1.2069
   30793       1.1690
   30794       1.1044
   30795       1.1610
   30796       1.0754
   30797       1.0335
   30798       1.0895
   30799       1.1061
   30800       1.0229
   30801       1.0555
   30802       1.1496
   30803       1.1271
   30804       1.0124
   30805       1.0827
   30806       1.0395
   30807       0.9909
   30808       1.0428
   30809       0.9878
   30810       1.0104
   30811       1.1011
   30812       1.0577
   30813       1.0686
   30814       1.1096
   30815       1.1405
   30816       1.1149
   30817       1.0796
   30818       1.1410
   30819       1.0887
   30820       1.0653
   30821       1.1311
   30822       1.0686
   30823       1.1179
   30824       1.0601
   30825       0.9959
   30826       0.9535
   30827       1.0899
   30828       1.0371
   30829       1.0237
   30830       0.9947
   30831       1.0056
   30832       1.0294
   30833       1.0083
   30834       1.0370
   30835       1.0456
   30836       1.1773
   30837       1.0448
   30838       1.1505
   30839       1.0379
   30840       1.0653
   30841       1.1082
   30842       1.1792
   30843       1.0308
   30844       1.0382
   30845       1.1203
   30846       1.1750
   30847       1.2019
   30848       1.2040
   30849       1.0649
   30850       1.1946
   30851       1.0893
   30852       1.0466
   30853       1.1014
   30854       1.1911
   30855       0.9944
   30856       0.9553
   30857       1.1052
   30858       1.1399
   30859       1.0233
   30860       1.0537
   30861       1.2063
   30862       1.1765
   30863       1.0388
   30864       1.0597
   30865       1.0736
   30866       1.1119
   30867       1.0778
   30868       1.0824
   30869       1.1819
   30870       1.1526
   30871       1.1709
   30872       1.1532
   30873       1.1572
   30874       1.1893
   30875       1.0799
   30876       1.0827
   30877       1.0890
   30878       1.2235
   30879       1.1414
   30880       1.1530
   30881       1.1186
   30882       1.1370
   30883       1.0670
   30884       1.1176
   30885       1.0286
   30886       1.0558
   30887       1.1172
   30888       1.1541
   30889       1.0652
   30890       1.0748
   30891       1.0843
   30892       1.0703
   30893       1.0610
   30894       1.0174
   30895       1.0503
   30896       1.1344
   30897       1.1093
   30898       1.0586
   30899       1.0362
   30900       1.0343
   30901       1.0517
   30902       1.1067
   30903       1.0149
   30904       1.0435
   30905       1.0455
   30906       1.1095
   30907       1.0854
   30908       1.0991
   30909       1.1466
   30910       1.1112
   30911       1.0670
   30912       1.1270
   30913       1.1956
   30914       1.0547
   30915       1.1377
   30916       1.0740
   30917       1.1225
   30918       1.1287
   30919       1.1298
   30920       0.9855
   30921       1.0215
   30922       1.0260
   30923       1.0960
   30924       1.0098
   30925       1.0157
   30926       1.0633
   30927       1.0804
   30928       1.1073
   30929       0.9600
   30930       1.0671
   30931       1.0893
   30932       1.0136
   30933       1.0329
   30934       1.0319
   30935       1.0555
   30936       0.9939
   30937       0.9663
   30938       1.0741
   30939       0.9645
   30940       1.0332
   30941       1.0523
   30942       1.0547
   30943       0.9712
   30944       1.0115
   30945       0.9292
   30946       0.9084
   30947       0.9835
   30948       1.0054
   30949       0.9911
   30950       0.9618
   30951       0.9700
   30952       1.0594
   30953       0.9889
   30954       1.0414
   30955       1.0274
   30956       0.9608
   30957       0.9787
   30958       0.9780
   30959       1.0398
   30960       1.0124
   30961       0.9737
   30962       0.9981
   30963       1.0950
   30964       1.0822
   30965       1.0197
   30966       1.0369
   30967       1.0149
   30968       1.0369
   30969       1.0637
   30970       0.9344
   30971       0.9493
   30972       1.0872
   30973       1.0668
   30974       0.9867
   30975       1.1193
   30976       1.0099
   30977       1.0933
   30978       1.1200
   30979       1.0665
   30980       1.0082
   30981       0.9991
   30982       0.9989
   30983       0.9032
   30984       0.9590
   30985       1.0676
   30986       1.0366
   30987       1.0546
   30988       1.0369
   30989       1.0893
   30990       1.1783
   30991       1.1047
   30992       1.0984
   30993       1.2501
   30994       1.2092
   30995       1.2033
   30996       1.0388
   30997       1.0331
   30998       1.1537
   30999       1.0268
   31000       1.0945
   31001       1.0400
   31002       0.9947
   31003       0.9592
   31004       0.9896
   31005       1.0231
   31006       0.9856
   31007       0.9948
   31008       1.0526
   31009       1.0340
   31010       1.0533
   31011       1.1310
   31012       1.0458
   31013       1.0446
   31014       1.1030
   31015       1.0800
   31016       1.1355
   31017       1.0821
   31018       1.0535
   31019       1.1688
   31020       1.1009
   31021       1.0430
   31022       1.0923
   31023       1.1476
   31024       1.0623
   31025       1.1168
   31026       1.0921
   31027       1.1568
   31028       1.0245
   31029       1.1014
   31030       1.1316
   31031       0.9820
   31032       1.0242
   31033       1.0438
   31034       1.0389
   31035       1.1161
   31036       1.1732
   31037       1.1103
   31038       1.0396
   31039       0.9596
   31040       1.1285
   31041       1.1642
   31042       1.1583
   31043       1.2030
   31044       1.1150
   31045       1.1148
   31046       1.0445
   31047       1.0335
   31048       1.0622
   31049       1.1490
   31050       1.1682
   31051       1.1436
   31052       1.1094
   31053       1.0754
   31054       1.0523
   31055       1.1912
   31056       1.1144
   31057       1.0879
   31058       1.1260
   31059       1.1881
   31060       1.1333
   31061       1.1775
   31062       1.1298
   31063       1.1825
   31064       1.1306
   31065       1.1213
   31066       1.1624
   31067       1.1267
   31068       1.1571
   31069       1.2275
   31070       1.1510
   31071       1.2481
   31072       1.2189
   31073       1.1317
   31074       1.2129
   31075       1.2901
   31076       1.2985
   31077       1.1432
   31078       1.1494
   31079       1.1506
   31080       1.1982
   31081       1.1661
   31082       1.0880
   31083       1.1168
   31084       1.1504
   31085       1.1846
   31086       1.1212
   31087       1.1014
   31088       1.2017
   31089       1.0438
   31090       1.0913
   31091       1.1674
   31092       1.1639
   31093       1.2185
   31094       1.1798
   31095       1.1949
   31096       1.2872
   31097       1.1714
   31098       1.1348
   31099       1.2286
   31100       1.1765
   31101       1.1665
   31102       1.1335
   31103       1.2351
   31104       1.1939
   31105       1.1931
   31106       1.2116
   31107       1.1421
   31108       1.2675
   31109       1.1625
   31110       1.2314
   31111       1.3424
   31112       1.1688
   31113       1.1334
   31114       1.1199
   31115       1.1617
   31116       1.0683
   31117       1.0934
   31118       1.2010
   31119       1.1740
   31120       1.1701
   31121       1.1672
   31122       1.1900
   31123       1.0805
   31124       1.1655
   31125       1.0228
   31126       1.1404
   31127       1.1406
   31128       1.0314
   31129       1.2240
   31130       1.1134
   31131       1.1381
   31132       1.2159
   31133       1.1999
   31134       1.1391
   31135       1.1433
   31136       1.1375
   31137       1.0291
   31138       1.1015
   31139       1.1459
   31140       1.1352
   31141       1.2104
   31142       1.1673
   31143       1.1770
   31144       1.0791
   31145       1.1165
   31146       1.2056
   31147       1.1094
   31148       1.1957
   31149       1.1557
   31150       1.1746
   31151       1.2125
   31152       1.1737
   31153       1.1461
   31154       1.0888
   31155       1.0639
   31156       1.0430
   31157       1.0018
   31158       1.1164
   31159       1.0938
   31160       1.0771
   31161       1.0188
   31162       1.2554
   31163       1.0824
   31164       1.2229
   31165       1.0599
   31166       1.1771
   31167       1.1442
   31168       1.1938
   31169       1.1066
   31170       1.1329
   31171       1.1281
   31172       1.2085
   31173       1.1292
   31174       1.1050
   31175       1.1619
   31176       1.2329
   31177       1.1506
   31178       1.0986
   31179       1.1152
   31180       1.3136
   31181       1.2368
   31182       1.2043
   31183       1.1258
   31184       1.1372
   31185       1.2482
   31186       1.1984
   31187       1.1908
   31188       1.1654
   31189       1.1216
   31190       1.1908
   31191       1.2157
   31192       1.1463
   31193       1.2690
   31194       1.2054
   31195       1.1481
   31196       1.1583
   31197       1.2087
   31198       1.0971
   31199       1.1458
   31200       1.1502
   31201       1.1246
   31202       1.1202
   31203       1.1364
   31204       1.1991
   31205       1.2633
   31206       1.2210
   31207       1.2612
   31208       1.2015
   31209       1.2514
   31210       1.1544
   31211       1.1323
   31212       1.1128
   31213       1.0619
   31214       1.0603
   31215       1.1796
   31216       1.0958
   31217       1.1388
   31218       1.0887
   31219       1.1833
   31220       1.1538
   31221       1.2023
   31222       1.1121
   31223       1.1768
   31224       1.1635
   31225       1.1520
   31226       1.1849
   31227       1.2558
   31228       1.2270
   31229       1.1631
   31230       1.2156
   31231       1.2342
   31232       1.2263
   31233       1.1976
   31234       1.1178
   31235       1.1585
   31236       1.1827
   31237       1.0856
   31238       1.1354
   31239       1.1791
   31240       1.2776
   31241       1.2576
   31242       1.1218
   31243       1.3027
   31244       1.2268
   31245       1.3158
   31246       1.3092
   31247       1.2622
   31248       1.2223
   31249       1.2539
   31250       1.2689
   31251       1.2311
   31252       1.1577
   31253       1.2014
   31254       1.2010
   31255       1.1686
   31256       1.2176
   31257       1.2538
   31258       1.2158
   31259       1.1851
   31260       1.1260
   31261       1.1196
   31262       0.9936
   31263       1.1947
   31264       1.1892
   31265       1.0855
   31266       1.1814
   31267       1.1174
   31268       1.1884
   31269       1.2497
   31270       1.2754
   31271       1.1404
   31272       1.1611
   31273       1.2738
   31274       1.1756
   31275       1.1186
   31276       1.1513
   31277       1.1302
   31278       1.2227
   31279       1.1383
   31280       1.1138
   31281       1.1420
   31282       1.0968
   31283       1.1833
   31284       1.1519
   31285       1.1205
   31286       1.1695
   31287       1.1866
   31288       1.1173
   31289       1.2087
   31290       1.3521
   31291       1.2435
   31292       1.2803
   31293       1.1445
   31294       1.2120
   31295       1.1850
   31296       1.2231
   31297       1.2144
   31298       1.2242
   31299       1.1543
   31300       1.1353
   31301       1.1765
   31302       1.2114
   31303       1.2429
   31304       1.1823
   31305       1.1186
   31306       1.0620
   31307       1.0352
   31308       1.1083
   31309       1.1081
   31310       1.1320
   31311       1.0801
   31312       1.0947
   31313       1.0847
   31314       1.0730
   31315       1.1261
   31316       1.1015
   31317       1.0018
   31318       0.9603
   31319       1.0699
   31320       1.0655
   31321       1.0441
   31322       1.1118
   31323       1.1017
   31324       1.0777
   31325       1.1547
   31326       1.1086
   31327       1.1731
   31328       1.0967
   31329       1.1446
   31330       1.1652
   31331       1.1303
   31332       1.2069
   31333       1.1342
   31334       1.1905
   31335       1.2094
   31336       1.1274
   31337       1.0349
   31338       1.1156
   31339       1.0958
   31340       1.1488
   31341       1.1260
   31342       1.1605
   31343       1.0714
   31344       1.1257
   31345       1.2032
   31346       1.0911
   31347       1.1332
   31348       1.1174
   31349       1.0938
   31350       1.0366
   31351       1.1181
   31352       1.0682
   31353       1.1251
   31354       1.0379
   31355       1.0608
   31356       1.0396
   31357       1.0570
   31358       1.0543
   31359       1.1687
   31360       1.0619
   31361       1.1315
   31362       1.1071
   31363       1.0526
   31364       1.0162
   31365       1.1230
   31366       1.0048
   31367       1.0679
   31368       1.0498
   31369       0.9959
   31370       1.0891
   31371       1.0402
   31372       1.0988
   31373       1.0344
   31374       0.9801
   31375       1.1209
   31376       1.1090
   31377       1.0595
   31378       1.0112
   31379       1.0961
   31380       1.0662
   31381       1.0738
   31382       0.9887
   31383       0.9857
   31384       1.0901
   31385       1.1810
   31386       0.9392
   31387       0.9899
   31388       1.0040
   31389       0.9904
   31390       1.0454
   31391       1.0231
   31392       0.9393
   31393       0.9778
   31394       0.9679
   31395       0.9899
   31396       1.0048
   31397       0.9767
   31398       1.0099
   31399       0.9760
   31400       0.9159
   31401       0.9574
   31402       0.9832
   31403       0.9204
   31404       1.0671
   31405       0.9641
   31406       0.9471
   31407       0.9751
   31408       0.8858
   31409       0.8714
   31410       0.9753
   31411       1.0539
   31412       0.9945
   31413       0.9994
   31414       1.0961
   31415       1.0559
   31416       1.0461
   31417       1.0516
   31418       0.9753
   31419       1.1573
   31420       1.0939
   31421       1.0357
   31422       1.0719
   31423       1.0016
   31424       1.0134
   31425       1.0305
   31426       0.9604
   31427       1.0195
   31428       1.0582
   31429       1.1702
   31430       1.0118
   31431       1.0050
   31432       1.0200
   31433       1.0126
   31434       1.1023
   31435       1.1428
   31436       1.0205
   31437       0.9934
   31438       0.9648
   31439       0.9753
   31440       1.0250
   31441       1.0839
   31442       1.0371
   31443       1.1791
   31444       1.1134
   31445       1.1049
   31446       1.0382
   31447       1.0707
   31448       1.1743
   31449       1.0908
   31450       1.1158
   31451       1.1172
   31452       1.1744
   31453       1.0736
   31454       1.0835
   31455       1.0682
   31456       1.1806
   31457       1.0288
   31458       1.0678
   31459       1.0243
   31460       1.1217
   31461       1.1117
   31462       1.1718
   31463       1.1149
   31464       1.1758
   31465       1.0967
   31466       1.0198
   31467       1.0687
   31468       1.0562
   31469       1.1149
   31470       1.1352
   31471       1.1692
   31472       1.1012
   31473       1.1545
   31474       1.0905
   31475       1.1960
   31476       1.1918
   31477       1.1031
   31478       1.0861
   31479       1.0407
   31480       1.1736
   31481       1.2076
   31482       1.2121
   31483       1.0995
   31484       1.1336
   31485       1.0653
   31486       1.1725
   31487       1.1323
   31488       1.1618
   31489       1.1966
   31490       1.2769
   31491       1.2031
   31492       1.1820
   31493       1.1144
   31494       1.1409
   31495       1.0858
   31496       1.1218
   31497       1.0991
   31498       1.1755
   31499       1.0819
   31500       1.0830
   31501       1.1320
   31502       1.0260
   31503       1.0089
   31504       1.0127
   31505       0.9902
   31506       1.0364
   31507       1.0002
   31508       1.0247
   31509       0.9598
   31510       0.9842
   31511       0.9571
   31512       1.0707
   31513       1.1378
   31514       0.9975
   31515       1.0986
   31516       1.0443
   31517       1.0268
   31518       1.0536
   31519       1.0634
   31520       1.0349
   31521       1.1287
   31522       1.2214
   31523       1.0927
   31524       1.0142
   31525       1.1117
   31526       1.1329
   31527       1.0810
   31528       1.0502
   31529       1.0262
   31530       1.0629
   31531       1.0923
