#Frame        chain_A
       1       0.0000
       2       0.5366
       3       0.4796
       4       0.6680
       5       0.5752
       6       0.6231
       7       0.5566
       8       0.6500
       9       0.6759
      10       0.6576
      11       0.6573
      12       0.6239
      13       0.6000
      14       0.5718
      15       0.5823
      16       0.5775
      17       0.6851
      18       0.6381
      19       0.6539
      20       0.6294
      21       0.5385
      22       0.5963
      23       0.5692
      24       0.5605
      25       0.5638
      26       0.5827
      27       0.6431
      28       0.5713
      29       0.6489
      30       0.6420
      31       0.6262
      32       0.5878
      33       0.6685
      34       0.6894
      35       0.6288
      36       0.6398
      37       0.6099
      38       0.5475
      39       0.5247
      40       0.6314
      41       0.6182
      42       0.7100
      43       0.5828
      44       0.5389
      45       0.6441
      46       0.6411
      47       0.6416
      48       0.7016
      49       0.6361
      50       0.6836
      51       0.5913
      52       0.5720
      53       0.6513
      54       0.6925
      55       0.6503
      56       0.7076
      57       0.7086
      58       0.7413
      59       0.6476
      60       0.6812
      61       0.6377
      62       0.6989
      63       0.6431
      64       0.7239
      65       0.6112
      66       0.6900
      67       0.6348
      68       0.6890
      69       0.6129
      70       0.5937
      71       0.6710
      72       0.7220
      73       0.6169
      74       0.6217
      75       0.5745
      76       0.5453
      77       0.5344
      78       0.6297
      79       0.6423
      80       0.6752
      81       0.5749
      82       0.6212
      83       0.6805
      84       0.6820
      85       0.6730
      86       0.5793
      87       0.6433
      88       0.6765
      89       0.6134
      90       0.7133
      91       0.6497
      92       0.6022
      93       0.6472
      94       0.6608
      95       0.6891
      96       0.6240
      97       0.5682
      98       0.5578
      99       0.5810
     100       0.6495
     101       0.6444
     102       0.6142
     103       0.6072
     104       0.6310
     105       0.5528
     106       0.5340
     107       0.5491
     108       0.6077
     109       0.6062
     110       0.5912
     111       0.5601
     112       0.6075
     113       0.5833
     114       0.5883
     115       0.7395
     116       0.7020
     117       0.7055
     118       0.5776
     119       0.6651
     120       0.6296
     121       0.6515
     122       0.5986
     123       0.6081
     124       0.5784
     125       0.5721
     126       0.6140
     127       0.6389
     128       0.5741
     129       0.6537
     130       0.6362
     131       0.6159
     132       0.6451
     133       0.6853
     134       0.6316
     135       0.6048
     136       0.6572
     137       0.6052
     138       0.6226
     139       0.6707
     140       0.6530
     141       0.6569
     142       0.7688
     143       0.6415
     144       0.6753
     145       0.7709
     146       0.7129
     147       0.6669
     148       0.6317
     149       0.5196
     150       0.6453
     151       0.6347
     152       0.6339
     153       0.5667
     154       0.5759
     155       0.6362
     156       0.6891
     157       0.6209
     158       0.7545
     159       0.6472
     160       0.7916
     161       0.6757
     162       0.7075
     163       0.6659
     164       0.6347
     165       0.6568
     166       0.8265
     167       0.7788
     168       0.7644
     169       0.7919
     170       0.7657
     171       0.7538
     172       0.6930
     173       0.7144
     174       0.6335
     175       0.6130
     176       0.5393
     177       0.5884
     178       0.6169
     179       0.6013
     180       0.6878
     181       0.5657
     182       0.5967
     183       0.5964
     184       0.6450
     185       0.6518
     186       0.7949
     187       0.7560
     188       0.7082
     189       0.6266
     190       0.7188
     191       0.7175
     192       0.7246
     193       0.7004
     194       0.7576
     195       0.7289
     196       0.8105
     197       0.7446
     198       0.7895
     199       0.7506
     200       0.6882
     201       0.6987
     202       0.6102
     203       0.7538
     204       0.6448
     205       0.7227
     206       0.6344
     207       0.6256
     208       0.6777
     209       0.6788
     210       0.6567
     211       0.7108
     212       0.5929
     213       0.5839
     214       0.6303
     215       0.5833
     216       0.5681
     217       0.5824
     218       0.5945
     219       0.6719
     220       0.6291
     221       0.6493
     222       0.6412
     223       0.6644
     224       0.6646
     225       0.6138
     226       0.7447
     227       0.7475
     228       0.7416
     229       0.6571
     230       0.7289
     231       0.7162
     232       0.7357
     233       0.7286
     234       0.6725
     235       0.6825
     236       0.6056
     237       0.6844
     238       0.6525
     239       0.6535
     240       0.5899
     241       0.6481
     242       0.6262
     243       0.6077
     244       0.5956
     245       0.6878
     246       0.6560
     247       0.6487
     248       0.6182
     249       0.6887
     250       0.5657
     251       0.6466
     252       0.6140
     253       0.6419
     254       0.5768
     255       0.5566
     256       0.6115
     257       0.5983
     258       0.6230
     259       0.6348
     260       0.6761
     261       0.6882
     262       0.7013
     263       0.7523
     264       0.6513
     265       0.7160
     266       0.7206
     267       0.7197
     268       0.7896
     269       0.7913
     270       0.7836
     271       0.6752
     272       0.7289
     273       0.7071
     274       0.7713
     275       0.8708
     276       0.8053
     277       0.7052
     278       0.8514
     279       0.7610
     280       0.8410
     281       0.7724
     282       0.7724
     283       0.7148
     284       0.7755
     285       0.8557
     286       0.7790
     287       0.7601
     288       0.8209
     289       0.8228
     290       0.7844
     291       0.6956
     292       0.8748
     293       0.8125
     294       0.8095
     295       0.7453
     296       0.7381
     297       0.8172
     298       0.7763
     299       0.7874
     300       0.8561
     301       0.7755
     302       0.8411
     303       0.7815
     304       0.8561
     305       0.7992
     306       0.7881
     307       0.8539
     308       0.8137
     309       0.8170
     310       0.8195
     311       0.8563
     312       0.8648
     313       0.9391
     314       0.8528
     315       0.9476
     316       0.9079
     317       0.8292
     318       0.9276
     319       0.9642
     320       0.8924
     321       0.9144
     322       0.9180
     323       0.8375
     324       0.8426
     325       0.8808
     326       0.9360
     327       0.9500
     328       0.9532
     329       0.9276
     330       0.8704
     331       0.8547
     332       0.9210
     333       0.8764
     334       0.8820
     335       0.9439
     336       0.9771
     337       0.9412
     338       0.8697
     339       0.9406
     340       0.9079
     341       0.9005
     342       0.8640
     343       0.8672
     344       0.8653
     345       0.8223
     346       0.9031
     347       0.9466
     348       0.9023
     349       0.8723
     350       0.9154
     351       0.9648
     352       0.9122
     353       0.9355
     354       0.9012
     355       0.8925
     356       0.8534
     357       0.9872
     358       0.9819
     359       1.0800
     360       1.0709
     361       1.0536
     362       1.1007
     363       1.0223
     364       1.0465
     365       1.0014
     366       1.0921
     367       1.0278
     368       1.0057
     369       0.9171
     370       0.9660
     371       0.9923
     372       0.9157
     373       0.9836
     374       1.0217
     375       0.9783
     376       1.0049
     377       1.0726
     378       0.9994
     379       0.9631
     380       0.9421
     381       1.0621
     382       0.9438
     383       0.9652
     384       0.9956
     385       0.9963
     386       0.9877
     387       0.9873
     388       1.0200
     389       0.9679
     390       1.0607
     391       1.0443
     392       1.0555
     393       1.0580
     394       1.0766
     395       1.1260
     396       1.0927
     397       1.0383
     398       0.9840
     399       0.9467
     400       0.9482
     401       0.9555
     402       0.9822
     403       0.9992
     404       0.9728
     405       1.1218
     406       1.1427
     407       1.1870
     408       1.1646
     409       1.1839
     410       1.1583
     411       1.1831
     412       1.1430
     413       1.1818
     414       1.1603
     415       1.2428
     416       1.2197
     417       1.1763
     418       1.2813
     419       1.2532
     420       1.3280
     421       1.3473
     422       1.4394
     423       1.2977
     424       1.3117
     425       1.3406
     426       1.3651
     427       1.2503
     428       1.2893
     429       1.2894
     430       1.3068
     431       1.2926
     432       1.2917
     433       1.3532
     434       1.3158
     435       1.2788
     436       1.2898
     437       1.3458
     438       1.3127
     439       1.3703
     440       1.3237
     441       1.3227
     442       1.2897
     443       1.2544
     444       1.2843
     445       1.1393
     446       1.2300
     447       1.2855
     448       1.2322
     449       1.2236
     450       1.3204
     451       1.3107
     452       1.2361
     453       1.3201
     454       1.3327
     455       1.2125
     456       1.2889
     457       1.2963
     458       1.3120
     459       1.2953
     460       1.2898
     461       1.3429
     462       1.2822
     463       1.3061
     464       1.3480
     465       1.4011
     466       1.3956
     467       1.3898
     468       1.3478
     469       1.2451
     470       1.2652
     471       1.3228
     472       1.2507
     473       1.2798
     474       1.2997
     475       1.2748
     476       1.2783
     477       1.2548
     478       1.2429
     479       1.2763
     480       1.2849
     481       1.2436
     482       1.2276
     483       1.2558
     484       1.2992
     485       1.2188
     486       1.1657
     487       1.2420
     488       1.3222
     489       1.3206
     490       1.3794
     491       1.3723
     492       1.2264
     493       1.2649
     494       1.3375
     495       1.3837
     496       1.4512
     497       1.4790
     498       1.4362
     499       1.3932
     500       1.3949
     501       1.4239
     502       1.4277
     503       1.3763
     504       1.4269
     505       1.3788
     506       1.3482
     507       1.3229
     508       1.3724
     509       1.4135
     510       1.4569
     511       1.3792
     512       1.3241
     513       1.3466
     514       1.2390
     515       1.3657
     516       1.3202
     517       1.3021
     518       1.2905
     519       1.3742
     520       1.3487
     521       1.3245
     522       1.3154
     523       1.3554
     524       1.3003
     525       1.3215
     526       1.2809
     527       1.2748
     528       1.2596
     529       1.3102
     530       1.3034
     531       1.2948
     532       1.2607
     533       1.3650
     534       1.3627
     535       1.3996
     536       1.3340
     537       1.4386
     538       1.3617
     539       1.4057
     540       1.3403
     541       1.3481
     542       1.4357
     543       1.3541
     544       1.3244
     545       1.3687
     546       1.3148
     547       1.3708
     548       1.3001
     549       1.2961
     550       1.2973
     551       1.3258
     552       1.2535
     553       1.3687
     554       1.3271
     555       1.3014
     556       1.3552
     557       1.3895
     558       1.3364
     559       1.3453
     560       1.4063
     561       1.3660
     562       1.3701
     563       1.2744
     564       1.2478
     565       1.2374
     566       1.1800
     567       1.2616
     568       1.3520
     569       1.2710
     570       1.1876
     571       1.2911
     572       1.3316
     573       1.3402
     574       1.2872
     575       1.2416
     576       1.2430
     577       1.3042
     578       1.3585
     579       1.3736
     580       1.3231
     581       1.2899
     582       1.3127
     583       1.2799
     584       1.3048
     585       1.3720
     586       1.2210
     587       1.1995
     588       1.2905
     589       1.2098
     590       1.2457
     591       1.1313
     592       1.2568
     593       1.2438
     594       1.1441
     595       1.1883
     596       1.2072
     597       1.2161
     598       1.2884
     599       1.3353
     600       1.1904
     601       1.1306
     602       1.2064
     603       1.1510
     604       1.1697
     605       1.2641
     606       1.2538
     607       1.2432
     608       1.1711
     609       1.1764
     610       1.2079
     611       1.1590
     612       1.2516
     613       1.2235
     614       1.3535
     615       1.3326
     616       1.3451
     617       1.3231
     618       1.3157
     619       1.3170
     620       1.2884
     621       1.2218
     622       1.3255
     623       1.3095
     624       1.3563
     625       1.4575
     626       1.3786
     627       1.4585
     628       1.3515
     629       1.3705
     630       1.2068
     631       1.3172
     632       1.3843
     633       1.3228
     634       1.2348
     635       1.2481
     636       1.2644
     637       1.3970
     638       1.2231
     639       1.2169
     640       1.3268
     641       1.2568
     642       1.2469
     643       1.2526
     644       1.3435
     645       1.2753
     646       1.3081
     647       1.2378
     648       1.2678
     649       1.3595
     650       1.2540
     651       1.2679
     652       1.2827
     653       1.2092
     654       1.2010
     655       1.2432
     656       1.2282
     657       1.4369
     658       1.2610
     659       1.2918
     660       1.3001
     661       1.2790
     662       1.3354
     663       1.3892
     664       1.3417
     665       1.3620
     666       1.2609
     667       1.2496
     668       1.3273
     669       1.3577
     670       1.2538
     671       1.3396
     672       1.3450
     673       1.3656
     674       1.3314
     675       1.2348
     676       1.2459
     677       1.2733
     678       1.3125
     679       1.4644
     680       1.4048
     681       1.3562
     682       1.3584
     683       1.4141
     684       1.3779
     685       1.3780
     686       1.3544
     687       1.3006
     688       1.2807
     689       1.3210
     690       1.2983
     691       1.4118
     692       1.3228
     693       1.3415
     694       1.4771
     695       1.2809
     696       1.2852
     697       1.4222
     698       1.2867
     699       1.2277
     700       1.2764
     701       1.2573
     702       1.2501
     703       1.3556
     704       1.2866
     705       1.2128
     706       1.3728
     707       1.3301
     708       1.2905
     709       1.2880
     710       1.2838
     711       1.3322
     712       1.3562
     713       1.4013
     714       1.3313
     715       1.3492
     716       1.3097
     717       1.3299
     718       1.3050
     719       1.3395
     720       1.2654
     721       1.3109
     722       1.3705
     723       1.2970
     724       1.3707
     725       1.3835
     726       1.2983
     727       1.3315
     728       1.3681
     729       1.3758
     730       1.3317
     731       1.3240
     732       1.2637
     733       1.3235
     734       1.3964
     735       1.3569
     736       1.3618
     737       1.4629
     738       1.3960
     739       1.3232
     740       1.3432
     741       1.3557
     742       1.3284
     743       1.3705
     744       1.4321
     745       1.3959
     746       1.4267
     747       1.3623
     748       1.3127
     749       1.4264
     750       1.4548
     751       1.4367
     752       1.3668
     753       1.3956
     754       1.4157
     755       1.2885
     756       1.4660
     757       1.4353
     758       1.4908
     759       1.4202
     760       1.3666
     761       1.3054
     762       1.3347
     763       1.4000
     764       1.4717
     765       1.3749
     766       1.4892
     767       1.4603
     768       1.3835
     769       1.5072
     770       1.3927
     771       1.3872
     772       1.4105
     773       1.3998
     774       1.3548
     775       1.3888
     776       1.3578
     777       1.4919
     778       1.3633
     779       1.3701
     780       1.3465
     781       1.3418
     782       1.2942
     783       1.3376
     784       1.3503
     785       1.3985
     786       1.3866
     787       1.3994
     788       1.3782
     789       1.3635
     790       1.3596
     791       1.3528
     792       1.4694
     793       1.3324
     794       1.4262
     795       1.3557
     796       1.3764
     797       1.4276
     798       1.3710
     799       1.3558
     800       1.3332
     801       1.3685
     802       1.2562
     803       1.3021
     804       1.3428
     805       1.3590
     806       1.2808
     807       1.2301
     808       1.2419
     809       1.2458
     810       1.2868
     811       1.2853
     812       1.1896
     813       1.2280
     814       1.2231
     815       1.3951
     816       1.3167
     817       1.2936
     818       1.3654
     819       1.3145
     820       1.3613
     821       1.3352
     822       1.3451
     823       1.3281
     824       1.2707
     825       1.3934
     826       1.3945
     827       1.4000
     828       1.3618
     829       1.4160
     830       1.2899
     831       1.3280
     832       1.3430
     833       1.3555
     834       1.3621
     835       1.4356
     836       1.3565
     837       1.3649
     838       1.4051
     839       1.3344
     840       1.3432
     841       1.3611
     842       1.3795
     843       1.3474
     844       1.3836
     845       1.3963
     846       1.3334
     847       1.3211
     848       1.2733
     849       1.4023
     850       1.3855
     851       1.4134
     852       1.3523
     853       1.4129
     854       1.3746
     855       1.3662
     856       1.3351
     857       1.3936
     858       1.4179
     859       1.3701
     860       1.4483
     861       1.3991
     862       1.4075
     863       1.5158
     864       1.3696
     865       1.4292
     866       1.4572
     867       1.4666
     868       1.4161
     869       1.4717
     870       1.4567
     871       1.3922
     872       1.4635
     873       1.4675
     874       1.3710
     875       1.3419
     876       1.3082
     877       1.3445
     878       1.3840
     879       1.3356
     880       1.4124
     881       1.4060
     882       1.3386
     883       1.4484
     884       1.3908
     885       1.3642
     886       1.3530
     887       1.4075
     888       1.4406
     889       1.4031
     890       1.4058
     891       1.4233
     892       1.4262
     893       1.3026
     894       1.3352
     895       1.3567
     896       1.3806
     897       1.2912
     898       1.3182
     899       1.2382
     900       1.2662
     901       1.3057
     902       1.3636
     903       1.3110
     904       1.3558
     905       1.4251
     906       1.4401
     907       1.3552
     908       1.3986
     909       1.4229
     910       1.3704
     911       1.4587
     912       1.3592
     913       1.3886
     914       1.3951
     915       1.4627
     916       1.4723
     917       1.4872
     918       1.5482
     919       1.4627
     920       1.4515
     921       1.4204
     922       1.4507
     923       1.4599
     924       1.4276
     925       1.3381
     926       1.3048
     927       1.3141
     928       1.3871
     929       1.4841
     930       1.3392
     931       1.4232
     932       1.4171
     933       1.4239
     934       1.3165
     935       1.3201
     936       1.3715
     937       1.3387
     938       1.3440
     939       1.3268
     940       1.3138
     941       1.2204
     942       1.2854
     943       1.3467
     944       1.2693
     945       1.4337
     946       1.2853
     947       1.3674
     948       1.4049
     949       1.3460
     950       1.3474
     951       1.3415
     952       1.2855
     953       1.2793
     954       1.3051
     955       1.3463
     956       1.3229
     957       1.2913
     958       1.3203
     959       1.3703
     960       1.3447
     961       1.3113
     962       1.3991
     963       1.3578
     964       1.3681
     965       1.3469
     966       1.3283
     967       1.3876
     968       1.3540
     969       1.3747
     970       1.3241
     971       1.3065
     972       1.3295
     973       1.3101
     974       1.3581
     975       1.3757
     976       1.3879
     977       1.3420
     978       1.3317
     979       1.3093
     980       1.2681
     981       1.2652
     982       1.2690
     983       1.3922
     984       1.3129
     985       1.2823
     986       1.2147
     987       1.3061
     988       1.3322
     989       1.3644
     990       1.3979
     991       1.3824
     992       1.3674
     993       1.4107
     994       1.4468
     995       1.4015
     996       1.4091
     997       1.3546
     998       1.4481
     999       1.3351
    1000       1.5193
    1001       1.4169
    1002       1.4339
    1003       1.3552
    1004       1.3648
    1005       1.3260
    1006       1.3546
    1007       1.2620
    1008       1.3282
    1009       1.2879
    1010       1.3279
    1011       1.2881
    1012       1.2884
    1013       1.3338
    1014       1.3205
    1015       1.2422
    1016       1.2869
    1017       1.2568
    1018       1.1893
    1019       1.2733
    1020       1.2476
    1021       1.2499
    1022       1.1886
    1023       1.2724
    1024       1.2420
    1025       1.3404
    1026       1.3389
    1027       1.2871
    1028       1.2956
    1029       1.3405
    1030       1.4602
    1031       1.4267
    1032       1.3692
    1033       1.3822
    1034       1.4282
    1035       1.4171
    1036       1.3890
    1037       1.4472
    1038       1.5037
    1039       1.4132
    1040       1.4295
    1041       1.3626
    1042       1.3555
    1043       1.3967
    1044       1.4046
    1045       1.4687
    1046       1.4189
    1047       1.4624
    1048       1.4621
    1049       1.4411
    1050       1.4086
    1051       1.3816
    1052       1.4830
    1053       1.4498
    1054       1.3858
    1055       1.2831
    1056       1.3655
    1057       1.4141
    1058       1.4895
    1059       1.4261
    1060       1.4271
    1061       1.4196
    1062       1.3509
    1063       1.4357
    1064       1.4335
    1065       1.4688
    1066       1.4052
    1067       1.4610
    1068       1.3760
    1069       1.2897
    1070       1.2991
    1071       1.4428
    1072       1.4554
    1073       1.3514
    1074       1.4475
    1075       1.5364
    1076       1.3826
    1077       1.4450
    1078       1.3874
    1079       1.3314
    1080       1.3412
    1081       1.3791
    1082       1.3776
    1083       1.3712
    1084       1.3575
    1085       1.3606
    1086       1.2602
    1087       1.2284
    1088       1.2323
    1089       1.3374
    1090       1.3135
    1091       1.2666
    1092       1.3225
    1093       1.3195
    1094       1.2702
    1095       1.2839
    1096       1.2510
    1097       1.2693
    1098       1.2859
    1099       1.4290
    1100       1.3390
    1101       1.1996
    1102       1.2217
    1103       1.1632
    1104       1.1750
    1105       1.2668
    1106       1.2818
    1107       1.3283
    1108       1.3115
    1109       1.2234
    1110       1.2036
    1111       1.1620
    1112       1.2519
    1113       1.2106
    1114       1.2488
    1115       1.2241
    1116       1.2818
    1117       1.1812
    1118       1.2422
    1119       1.1575
    1120       1.1952
    1121       1.2201
    1122       1.1439
    1123       1.1739
    1124       1.1969
    1125       1.2809
    1126       1.2176
    1127       1.2697
    1128       1.3736
    1129       1.2554
    1130       1.1781
    1131       1.2570
    1132       1.2691
    1133       1.0643
    1134       1.2528
    1135       1.1293
    1136       1.2005
    1137       1.2554
    1138       1.3250
    1139       1.3232
    1140       1.2226
    1141       1.2484
    1142       1.2277
    1143       1.3201
    1144       1.1997
    1145       1.1910
    1146       1.2410
    1147       1.1834
    1148       1.1930
    1149       1.2670
    1150       1.3569
    1151       1.2528
    1152       1.2504
    1153       1.2275
    1154       1.2583
    1155       1.2744
    1156       1.1823
    1157       1.2494
    1158       1.2907
    1159       1.3459
    1160       1.1672
    1161       1.2568
    1162       1.3066
    1163       1.1508
    1164       1.2431
    1165       1.1990
    1166       1.2571
    1167       1.2228
    1168       1.2663
    1169       1.3046
    1170       1.3032
    1171       1.2672
    1172       1.2288
    1173       1.2387
    1174       1.3521
    1175       1.2986
    1176       1.3629
    1177       1.2680
    1178       1.2989
    1179       1.2788
    1180       1.2014
    1181       1.2719
    1182       1.2689
    1183       1.2691
    1184       1.3656
    1185       1.3379
    1186       1.3279
    1187       1.2776
    1188       1.2747
    1189       1.3345
    1190       1.2406
    1191       1.2690
    1192       1.3302
    1193       1.2278
    1194       1.2620
    1195       1.2320
    1196       1.2581
    1197       1.2239
    1198       1.1872
    1199       1.2104
    1200       1.2429
    1201       1.2753
    1202       1.2798
    1203       1.4603
    1204       1.2936
    1205       1.3000
    1206       1.3023
    1207       1.2415
    1208       1.4024
    1209       1.2894
    1210       1.1989
    1211       1.1792
    1212       1.2323
    1213       1.3053
    1214       1.2526
    1215       1.2852
    1216       1.2444
    1217       1.3302
    1218       1.4031
    1219       1.3268
    1220       1.2736
    1221       1.2632
    1222       1.2318
    1223       1.3171
    1224       1.2940
    1225       1.2897
    1226       1.3552
    1227       1.2943
    1228       1.4541
    1229       1.2698
    1230       1.2208
    1231       1.3870
    1232       1.2587
    1233       1.2434
    1234       1.2959
    1235       1.2547
    1236       1.2488
    1237       1.2588
    1238       1.1108
    1239       1.1367
    1240       1.2893
    1241       1.3370
    1242       1.2968
    1243       1.3383
    1244       1.2496
    1245       1.3879
    1246       1.2917
    1247       1.3522
    1248       1.3131
    1249       1.2022
    1250       1.3829
    1251       1.3444
    1252       1.3060
    1253       1.3463
    1254       1.1991
    1255       1.2402
    1256       1.3088
    1257       1.3329
    1258       1.2889
    1259       1.3243
    1260       1.2171
    1261       1.4343
    1262       1.3352
    1263       1.3507
    1264       1.3167
    1265       1.3547
    1266       1.2408
    1267       1.2106
    1268       1.2353
    1269       1.3100
    1270       1.2379
    1271       1.2797
    1272       1.2979
    1273       1.2975
    1274       1.2409
    1275       1.2240
    1276       1.2919
    1277       1.3336
    1278       1.2528
    1279       1.1685
    1280       1.1950
    1281       1.2492
    1282       1.2505
    1283       1.3244
    1284       1.3021
    1285       1.2619
    1286       1.2031
    1287       1.1899
    1288       1.1358
    1289       1.2128
    1290       1.2325
    1291       1.1915
    1292       1.2612
    1293       1.2732
    1294       1.2522
    1295       1.2189
    1296       1.2162
    1297       1.2322
    1298       1.2395
    1299       1.2472
    1300       1.2299
    1301       1.2881
    1302       1.2446
    1303       1.1155
    1304       1.2117
    1305       1.3099
    1306       1.2956
    1307       1.2698
    1308       1.3165
    1309       1.2856
    1310       1.2984
    1311       1.3731
    1312       1.4245
    1313       1.3566
    1314       1.4525
    1315       1.4039
    1316       1.3851
    1317       1.3519
    1318       1.3741
    1319       1.3547
    1320       1.3301
    1321       1.3091
    1322       1.2259
    1323       1.2301
    1324       1.2549
    1325       1.2857
    1326       1.3034
    1327       1.2559
    1328       1.3906
    1329       1.4038
    1330       1.3265
    1331       1.3027
    1332       1.3882
    1333       1.3147
    1334       1.2884
    1335       1.2857
    1336       1.2186
    1337       1.3095
    1338       1.2997
    1339       1.2869
    1340       1.2210
    1341       1.2721
    1342       1.2000
    1343       1.3060
    1344       1.2412
    1345       1.2872
    1346       1.2311
    1347       1.3050
    1348       1.2012
    1349       1.2916
    1350       1.2754
    1351       1.3731
    1352       1.2770
    1353       1.3985
    1354       1.3473
    1355       1.4175
    1356       1.2268
    1357       1.3824
    1358       1.4306
    1359       1.4772
    1360       1.3759
    1361       1.3100
    1362       1.3833
    1363       1.4291
    1364       1.4624
    1365       1.3571
    1366       1.4307
    1367       1.3148
    1368       1.4253
    1369       1.3967
    1370       1.3296
    1371       1.4140
    1372       1.3526
    1373       1.3440
    1374       1.3014
    1375       1.3339
    1376       1.3827
    1377       1.2591
    1378       1.2372
    1379       1.3223
    1380       1.2739
    1381       1.2280
    1382       1.2954
    1383       1.3336
    1384       1.2689
    1385       1.2711
    1386       1.2547
    1387       1.3351
    1388       1.3724
    1389       1.2595
    1390       1.3114
    1391       1.2802
    1392       1.3534
    1393       1.3592
    1394       1.3203
    1395       1.2919
    1396       1.2396
    1397       1.2657
    1398       1.2050
    1399       1.2284
    1400       1.2396
    1401       1.1961
    1402       1.2368
    1403       1.2551
    1404       1.2235
    1405       1.2958
    1406       1.2650
    1407       1.2162
    1408       1.2736
    1409       1.2655
    1410       1.2175
    1411       1.2698
    1412       1.2869
    1413       1.3576
    1414       1.2710
    1415       1.3104
    1416       1.3031
    1417       1.3872
    1418       1.3018
    1419       1.3066
    1420       1.3315
    1421       1.2901
    1422       1.2311
    1423       1.2452
    1424       1.3027
    1425       1.3086
    1426       1.2160
    1427       1.2044
    1428       1.2693
    1429       1.1514
    1430       1.2509
    1431       1.1675
    1432       1.2003
    1433       1.1832
    1434       1.2229
    1435       1.2185
    1436       1.3336
    1437       1.3780
    1438       1.3364
    1439       1.2999
    1440       1.2791
    1441       1.2775
    1442       1.2803
    1443       1.2562
    1444       1.2527
    1445       1.2167
    1446       1.3551
    1447       1.2897
    1448       1.3699
    1449       1.3438
    1450       1.3556
    1451       1.2333
    1452       1.2983
    1453       1.4524
    1454       1.3682
    1455       1.2945
    1456       1.3033
    1457       1.3161
    1458       1.2742
    1459       1.3699
    1460       1.4646
    1461       1.2453
    1462       1.2375
    1463       1.2560
    1464       1.2947
    1465       1.3536
    1466       1.3962
    1467       1.4020
    1468       1.3373
    1469       1.2233
    1470       1.2927
    1471       1.3497
    1472       1.3321
    1473       1.3032
    1474       1.2884
    1475       1.2623
    1476       1.1880
    1477       1.2911
    1478       1.3297
    1479       1.3150
    1480       1.2755
    1481       1.3107
    1482       1.2818
    1483       1.2840
    1484       1.2868
    1485       1.2252
    1486       1.2778
    1487       1.2089
    1488       1.2398
    1489       1.3122
    1490       1.2395
    1491       1.2198
    1492       1.2377
    1493       1.3251
    1494       1.2849
    1495       1.2774
    1496       1.3149
    1497       1.1932
    1498       1.2047
    1499       1.2774
    1500       1.2292
    1501       1.3380
    1502       1.2029
    1503       1.2078
    1504       1.2294
    1505       1.2871
    1506       1.1034
    1507       1.2818
    1508       1.1929
    1509       1.2008
    1510       1.2298
    1511       1.2763
    1512       1.2784
    1513       1.3002
    1514       1.2950
    1515       1.2636
    1516       1.3156
    1517       1.1874
    1518       1.2145
    1519       1.1252
    1520       1.1852
    1521       1.1106
    1522       1.1628
    1523       1.1557
    1524       1.2595
    1525       1.3080
    1526       1.3382
    1527       1.3473
    1528       1.4734
    1529       1.3949
    1530       1.4705
    1531       1.3991
    1532       1.3959
    1533       1.4228
    1534       1.4149
    1535       1.2448
    1536       1.4020
    1537       1.2650
    1538       1.3938
    1539       1.3740
    1540       1.3773
    1541       1.3001
    1542       1.4886
    1543       1.4298
    1544       1.4281
    1545       1.4611
    1546       1.4565
    1547       1.4557
    1548       1.4053
    1549       1.4040
    1550       1.3057
    1551       1.2815
    1552       1.2116
    1553       1.2737
    1554       1.3121
    1555       1.3428
    1556       1.3216
    1557       1.3105
    1558       1.2643
    1559       1.2713
    1560       1.2528
    1561       1.3685
    1562       1.3643
    1563       1.3326
    1564       1.3506
    1565       1.3189
    1566       1.2876
    1567       1.2945
    1568       1.2122
    1569       1.2717
    1570       1.2526
    1571       1.2779
    1572       1.2266
    1573       1.2979
    1574       1.3648
    1575       1.2292
    1576       1.2621
    1577       1.1933
    1578       1.2478
    1579       1.2567
    1580       1.3043
    1581       1.2550
    1582       1.2656
    1583       1.2499
    1584       1.2676
    1585       1.2470
    1586       1.2672
    1587       1.2188
    1588       1.3304
    1589       1.3943
    1590       1.2870
    1591       1.1626
    1592       1.2469
    1593       1.3312
    1594       1.2275
    1595       1.2915
    1596       1.2518
    1597       1.1208
    1598       1.1424
    1599       1.2741
    1600       1.2431
    1601       1.3069
    1602       1.3259
    1603       1.2411
    1604       1.2198
    1605       1.1996
    1606       1.1882
    1607       1.1792
    1608       1.2685
    1609       1.2111
    1610       1.1838
    1611       1.1776
    1612       1.2001
    1613       1.2523
    1614       1.2443
    1615       1.2928
    1616       1.3080
    1617       1.3164
    1618       1.3255
    1619       1.3002
    1620       1.3876
    1621       1.3515
    1622       1.2786
    1623       1.3570
    1624       1.3349
    1625       1.3308
    1626       1.2669
    1627       1.2731
    1628       1.2476
    1629       1.2539
    1630       1.3454
    1631       1.2776
    1632       1.3818
    1633       1.3017
    1634       1.2236
    1635       1.3346
    1636       1.4326
    1637       1.3622
    1638       1.4069
    1639       1.2878
    1640       1.3787
    1641       1.3826
    1642       1.3258
    1643       1.3458
    1644       1.2701
    1645       1.3226
    1646       1.2283
    1647       1.3967
    1648       1.3626
    1649       1.3566
    1650       1.3876
    1651       1.4107
    1652       1.3261
    1653       1.3497
    1654       1.4620
    1655       1.3834
    1656       1.4449
    1657       1.3531
    1658       1.3956
    1659       1.4806
    1660       1.3513
    1661       1.3365
    1662       1.2880
    1663       1.4119
    1664       1.4532
    1665       1.4265
    1666       1.4369
    1667       1.4086
    1668       1.2978
    1669       1.3647
    1670       1.4025
    1671       1.4061
    1672       1.4128
    1673       1.4152
    1674       1.3802
    1675       1.3796
    1676       1.4222
    1677       1.4360
    1678       1.4317
    1679       1.4279
    1680       1.3510
    1681       1.2868
    1682       1.2894
    1683       1.3712
    1684       1.3611
    1685       1.3207
    1686       1.3372
    1687       1.3380
    1688       1.3612
    1689       1.3274
    1690       1.3619
    1691       1.3257
    1692       1.3452
    1693       1.3040
    1694       1.2499
    1695       1.2410
    1696       1.2894
    1697       1.2336
    1698       1.2608
    1699       1.2740
    1700       1.3050
    1701       1.2785
    1702       1.2239
    1703       1.2314
    1704       1.2254
    1705       1.2366
    1706       1.2505
    1707       1.2957
    1708       1.2241
    1709       1.2982
    1710       1.2468
    1711       1.3612
    1712       1.2800
    1713       1.3151
    1714       1.2660
    1715       1.2604
    1716       1.2598
    1717       1.3259
    1718       1.3388
    1719       1.3337
    1720       1.3098
    1721       1.3157
    1722       1.3076
    1723       1.3520
    1724       1.2501
    1725       1.3167
    1726       1.2792
    1727       1.2465
    1728       1.3610
    1729       1.2868
    1730       1.2857
    1731       1.2671
    1732       1.2523
    1733       1.4038
    1734       1.3500
    1735       1.3668
    1736       1.2898
    1737       1.2813
    1738       1.2496
    1739       1.3862
    1740       1.3651
    1741       1.3042
    1742       1.3639
    1743       1.3221
    1744       1.3069
    1745       1.2973
    1746       1.3080
    1747       1.3147
    1748       1.2994
    1749       1.4259
    1750       1.3910
    1751       1.2796
    1752       1.3411
    1753       1.2116
    1754       1.1990
    1755       1.2976
    1756       1.3219
    1757       1.3668
    1758       1.3383
    1759       1.3236
    1760       1.2352
    1761       1.2961
    1762       1.3631
    1763       1.3624
    1764       1.4381
    1765       1.3483
    1766       1.3936
    1767       1.3134
    1768       1.3459
    1769       1.2966
    1770       1.3612
    1771       1.3908
    1772       1.3977
    1773       1.3752
    1774       1.3253
    1775       1.3598
    1776       1.3086
    1777       1.3257
    1778       1.2560
    1779       1.3832
    1780       1.3461
    1781       1.3413
    1782       1.3544
    1783       1.3316
    1784       1.2818
    1785       1.3521
    1786       1.3504
    1787       1.4102
    1788       1.4201
    1789       1.4747
    1790       1.4800
    1791       1.5528
    1792       1.3676
    1793       1.4297
    1794       1.4436
    1795       1.4406
    1796       1.2886
    1797       1.3555
    1798       1.3767
    1799       1.3888
    1800       1.4059
    1801       1.3237
    1802       1.3611
    1803       1.3101
    1804       1.3301
    1805       1.3297
    1806       1.2473
    1807       1.3086
    1808       1.2916
    1809       1.3056
    1810       1.3020
    1811       1.3042
    1812       1.2533
    1813       1.3147
    1814       1.3299
    1815       1.3470
    1816       1.2813
    1817       1.3703
    1818       1.3191
    1819       1.3147
    1820       1.3293
    1821       1.3031
    1822       1.3851
    1823       1.3060
    1824       1.3593
    1825       1.3050
    1826       1.2881
    1827       1.2831
    1828       1.3243
    1829       1.3186
    1830       1.2482
    1831       1.2689
    1832       1.2763
    1833       1.3347
    1834       1.3298
    1835       1.3484
    1836       1.2842
    1837       1.3102
    1838       1.3080
    1839       1.2649
    1840       1.2532
    1841       1.3517
    1842       1.2971
    1843       1.3246
    1844       1.3440
    1845       1.1932
    1846       1.2434
    1847       1.2339
    1848       1.2955
    1849       1.2773
    1850       1.3081
    1851       1.2874
    1852       1.2659
    1853       1.2706
    1854       1.3570
    1855       1.3345
    1856       1.3123
    1857       1.3296
    1858       1.3141
    1859       1.2856
    1860       1.2220
    1861       1.3176
    1862       1.2983
    1863       1.3410
    1864       1.3700
    1865       1.2820
    1866       1.2478
    1867       1.3112
    1868       1.3320
    1869       1.3127
    1870       1.3062
    1871       1.3457
    1872       1.2875
    1873       1.3249
    1874       1.4048
    1875       1.3040
    1876       1.2900
    1877       1.2508
    1878       1.2839
    1879       1.1993
    1880       1.2410
    1881       1.2486
    1882       1.2589
    1883       1.2452
    1884       1.2564
    1885       1.2868
    1886       1.2486
    1887       1.3016
    1888       1.2786
    1889       1.2729
    1890       1.2610
    1891       1.1947
    1892       1.2660
    1893       1.2011
    1894       1.3615
    1895       1.3179
    1896       1.2301
    1897       1.1623
    1898       1.2233
    1899       1.2113
    1900       1.2700
    1901       1.2509
    1902       1.2370
    1903       1.2280
    1904       1.3160
    1905       1.2450
    1906       1.2426
    1907       1.2688
    1908       1.3117
    1909       1.1757
    1910       1.1720
    1911       1.3254
    1912       1.2799
    1913       1.3980
    1914       1.3189
    1915       1.2813
    1916       1.3005
    1917       1.3039
    1918       1.3219
    1919       1.2984
    1920       1.3567
    1921       1.2695
    1922       1.3351
    1923       1.2533
    1924       1.3283
    1925       1.3285
    1926       1.2261
    1927       1.3373
    1928       1.3292
    1929       1.3107
    1930       1.2262
    1931       1.3110
    1932       1.2994
    1933       1.3490
    1934       1.2964
    1935       1.3598
    1936       1.3091
    1937       1.3152
    1938       1.2384
    1939       1.2263
    1940       1.2285
    1941       1.2954
    1942       1.3217
    1943       1.2868
    1944       1.3402
    1945       1.2991
    1946       1.2266
    1947       1.3196
    1948       1.2328
    1949       1.3608
    1950       1.3692
    1951       1.2657
    1952       1.3839
    1953       1.4156
    1954       1.3844
    1955       1.3721
    1956       1.3394
    1957       1.3066
    1958       1.3002
    1959       1.2946
    1960       1.2957
    1961       1.2495
    1962       1.2957
    1963       1.2874
    1964       1.3281
    1965       1.3206
    1966       1.3091
    1967       1.3505
    1968       1.4094
    1969       1.3448
    1970       1.4419
    1971       1.3834
    1972       1.2963
    1973       1.4196
    1974       1.3767
    1975       1.2741
    1976       1.2895
    1977       1.3682
    1978       1.3886
    1979       1.3651
    1980       1.3626
    1981       1.3664
    1982       1.3462
    1983       1.2867
    1984       1.3466
    1985       1.2844
    1986       1.3039
    1987       1.3089
    1988       1.3219
    1989       1.3199
    1990       1.3187
    1991       1.2181
    1992       1.3087
    1993       1.3276
    1994       1.2024
    1995       1.2432
    1996       1.2478
    1997       1.3220
    1998       1.2736
    1999       1.3012
    2000       1.2807
    2001       1.2357
    2002       1.3103
    2003       1.3777
    2004       1.4097
    2005       1.2544
    2006       1.2701
    2007       1.2493
    2008       1.2307
    2009       1.3428
    2010       1.3609
    2011       1.3341
    2012       1.3180
    2013       1.3542
    2014       1.3430
    2015       1.3612
    2016       1.3005
    2017       1.2601
    2018       1.3526
    2019       1.3273
    2020       1.4252
    2021       1.3211
    2022       1.2903
    2023       1.2835
    2024       1.3163
    2025       1.3393
    2026       1.3913
    2027       1.4173
    2028       1.3726
    2029       1.3168
    2030       1.3790
    2031       1.2833
    2032       1.4479
    2033       1.3987
    2034       1.4171
    2035       1.3499
    2036       1.3895
    2037       1.3690
    2038       1.3723
    2039       1.3306
    2040       1.3340
    2041       1.3673
    2042       1.4168
    2043       1.3753
    2044       1.3322
    2045       1.3350
    2046       1.2853
    2047       1.3101
    2048       1.3167
    2049       1.1880
    2050       1.2020
    2051       1.3384
    2052       1.2673
    2053       1.3597
    2054       1.3416
    2055       1.3180
    2056       1.2711
    2057       1.2997
    2058       1.2670
    2059       1.2593
    2060       1.3779
    2061       1.3076
    2062       1.3444
    2063       1.3370
    2064       1.3058
    2065       1.3244
    2066       1.3622
    2067       1.3053
    2068       1.2801
    2069       1.2812
    2070       1.2440
    2071       1.2221
    2072       1.3561
    2073       1.3483
    2074       1.3753
    2075       1.3433
    2076       1.3825
    2077       1.3516
    2078       1.3599
    2079       1.2262
    2080       1.3162
    2081       1.3909
    2082       1.4388
    2083       1.4128
    2084       1.2952
    2085       1.2831
    2086       1.2402
    2087       1.3564
    2088       1.2709
    2089       1.3617
    2090       1.2493
    2091       1.3388
    2092       1.2946
    2093       1.3064
    2094       1.3509
    2095       1.2722
    2096       1.3453
    2097       1.3084
    2098       1.2788
    2099       1.2580
    2100       1.2831
    2101       1.3501
    2102       1.2481
    2103       1.3079
    2104       1.2975
    2105       1.2543
    2106       1.3205
    2107       1.3799
    2108       1.3720
    2109       1.3400
    2110       1.2890
    2111       1.2953
    2112       1.2837
    2113       1.3231
    2114       1.3681
    2115       1.3008
    2116       1.3625
    2117       1.3307
    2118       1.2594
    2119       1.3063
    2120       1.3482
    2121       1.3229
    2122       1.3821
    2123       1.3456
    2124       1.4650
    2125       1.3316
    2126       1.3771
    2127       1.3623
    2128       1.3335
    2129       1.3229
    2130       1.2947
    2131       1.3504
    2132       1.3540
    2133       1.3017
    2134       1.3450
    2135       1.3796
    2136       1.3763
    2137       1.3065
    2138       1.4076
    2139       1.3577
    2140       1.3844
    2141       1.2848
    2142       1.3781
    2143       1.4084
    2144       1.4387
    2145       1.4117
    2146       1.4328
    2147       1.3845
    2148       1.3087
    2149       1.2761
    2150       1.4116
    2151       1.3336
    2152       1.3096
    2153       1.3896
    2154       1.3573
    2155       1.2949
    2156       1.3008
    2157       1.3905
    2158       1.3127
    2159       1.4136
    2160       1.4227
    2161       1.3682
    2162       1.3245
    2163       1.3536
    2164       1.3599
    2165       1.4660
    2166       1.4598
    2167       1.3954
    2168       1.3799
    2169       1.4046
    2170       1.4265
    2171       1.3343
    2172       1.4308
    2173       1.4542
    2174       1.4400
    2175       1.4844
    2176       1.4741
    2177       1.6091
    2178       1.4439
    2179       1.3782
    2180       1.3970
    2181       1.3723
    2182       1.3985
    2183       1.3500
    2184       1.3504
    2185       1.3166
    2186       1.3211
    2187       1.3047
    2188       1.3265
    2189       1.2727
    2190       1.3335
    2191       1.2978
    2192       1.2574
    2193       1.2118
    2194       1.2610
    2195       1.3598
    2196       1.4063
    2197       1.2927
    2198       1.4057
    2199       1.3561
    2200       1.3913
    2201       1.3434
    2202       1.3242
    2203       1.3347
    2204       1.4263
    2205       1.4128
    2206       1.4103
    2207       1.3846
    2208       1.3865
    2209       1.3804
    2210       1.3933
    2211       1.2826
    2212       1.3297
    2213       1.3423
    2214       1.3723
    2215       1.3347
    2216       1.2986
    2217       1.3993
    2218       1.3117
    2219       1.2739
    2220       1.2582
    2221       1.3421
    2222       1.3373
    2223       1.2970
    2224       1.3047
    2225       1.3671
    2226       1.2755
    2227       1.3835
    2228       1.3124
    2229       1.2641
    2230       1.2730
    2231       1.2869
    2232       1.2630
    2233       1.2336
    2234       1.3030
    2235       1.3310
    2236       1.3298
    2237       1.3273
    2238       1.3017
    2239       1.3790
    2240       1.2507
    2241       1.3078
    2242       1.3136
    2243       1.3120
    2244       1.4544
    2245       1.3970
    2246       1.3213
    2247       1.3279
    2248       1.3997
    2249       1.3307
    2250       1.4106
    2251       1.4177
    2252       1.4504
    2253       1.5165
    2254       1.4145
    2255       1.4142
    2256       1.4131
    2257       1.3459
    2258       1.3497
    2259       1.3425
    2260       1.2876
    2261       1.3814
    2262       1.3884
    2263       1.4067
    2264       1.4013
    2265       1.4072
    2266       1.3891
    2267       1.4286
    2268       1.3508
    2269       1.3764
    2270       1.3989
    2271       1.4018
    2272       1.4924
    2273       1.3664
    2274       1.3722
    2275       1.3438
    2276       1.3987
    2277       1.3240
    2278       1.3012
    2279       1.2591
    2280       1.4160
    2281       1.3398
    2282       1.3818
    2283       1.3622
    2284       1.2165
    2285       1.3574
    2286       1.4470
    2287       1.3267
    2288       1.3735
    2289       1.4046
    2290       1.3548
    2291       1.3408
    2292       1.3614
    2293       1.3739
    2294       1.4494
    2295       1.3930
    2296       1.3674
    2297       1.3838
    2298       1.3928
    2299       1.3336
    2300       1.3156
    2301       1.4407
    2302       1.3957
    2303       1.4308
    2304       1.4009
    2305       1.4482
    2306       1.4760
    2307       1.3639
    2308       1.4436
    2309       1.3132
    2310       1.3172
    2311       1.4047
    2312       1.4009
    2313       1.4728
    2314       1.3142
    2315       1.3846
    2316       1.3410
    2317       1.3041
    2318       1.3109
    2319       1.4429
    2320       1.3481
    2321       1.3626
    2322       1.3485
    2323       1.2887
    2324       1.3331
    2325       1.3529
    2326       1.3256
    2327       1.3605
    2328       1.3704
    2329       1.3193
    2330       1.4109
    2331       1.4734
    2332       1.4132
    2333       1.3998
    2334       1.3380
    2335       1.3089
    2336       1.3151
    2337       1.3549
    2338       1.3274
    2339       1.3096
    2340       1.4012
    2341       1.3148
    2342       1.2979
    2343       1.2934
    2344       1.3517
    2345       1.3261
    2346       1.2983
    2347       1.2177
    2348       1.2317
    2349       1.3380
    2350       1.3426
    2351       1.2615
    2352       1.2945
    2353       1.3214
    2354       1.3313
    2355       1.3329
    2356       1.4140
    2357       1.3939
    2358       1.3502
    2359       1.2328
    2360       1.3343
    2361       1.3581
    2362       1.3494
    2363       1.3278
    2364       1.3524
    2365       1.4156
    2366       1.3506
    2367       1.3465
    2368       1.3567
    2369       1.3943
    2370       1.2688
    2371       1.2863
    2372       1.3010
    2373       1.3824
    2374       1.3353
    2375       1.2566
    2376       1.2779
    2377       1.2671
    2378       1.2625
    2379       1.2955
    2380       1.3352
    2381       1.3328
    2382       1.3783
    2383       1.4226
    2384       1.3687
    2385       1.3522
    2386       1.3161
    2387       1.3594
    2388       1.3491
    2389       1.2788
    2390       1.3677
    2391       1.3349
    2392       1.3735
    2393       1.3462
    2394       1.3815
    2395       1.3277
    2396       1.3867
    2397       1.3934
    2398       1.4040
    2399       1.3374
    2400       1.3275
    2401       1.3343
    2402       1.3300
    2403       1.2737
    2404       1.3812
    2405       1.3038
    2406       1.4577
    2407       1.3849
    2408       1.3842
    2409       1.3007
    2410       1.3304
    2411       1.2448
    2412       1.3649
    2413       1.3474
    2414       1.3308
    2415       1.3189
    2416       1.3134
    2417       1.3691
    2418       1.4233
    2419       1.3481
    2420       1.3612
    2421       1.3539
    2422       1.2810
    2423       1.3304
    2424       1.2817
    2425       1.3107
    2426       1.3374
    2427       1.3508
    2428       1.3457
    2429       1.3744
    2430       1.3653
    2431       1.4107
    2432       1.3932
    2433       1.3647
    2434       1.3781
    2435       1.4213
    2436       1.3586
    2437       1.3024
    2438       1.2825
    2439       1.3312
    2440       1.3573
    2441       1.2526
    2442       1.3403
    2443       1.2528
    2444       1.2658
    2445       1.2933
    2446       1.2761
    2447       1.2636
    2448       1.3010
    2449       1.2773
    2450       1.2417
    2451       1.3031
    2452       1.3024
    2453       1.3648
    2454       1.3089
    2455       1.2573
    2456       1.2735
    2457       1.2775
    2458       1.3177
    2459       1.2986
    2460       1.2494
    2461       1.2319
    2462       1.3246
    2463       1.3723
    2464       1.3333
    2465       1.3779
    2466       1.2945
    2467       1.3067
    2468       1.2677
    2469       1.3098
    2470       1.2952
    2471       1.2371
    2472       1.2681
    2473       1.2663
    2474       1.2234
    2475       1.2813
    2476       1.2130
    2477       1.1621
    2478       1.2188
    2479       1.1968
    2480       1.2693
    2481       1.2566
    2482       1.2671
    2483       1.1958
    2484       1.2796
    2485       1.2529
    2486       1.3503
    2487       1.3082
    2488       1.3226
    2489       1.2811
    2490       1.3712
    2491       1.4294
    2492       1.3660
    2493       1.4006
    2494       1.2996
    2495       1.2679
    2496       1.3581
    2497       1.3297
    2498       1.3523
    2499       1.3408
    2500       1.4219
    2501       1.3290
    2502       1.2986
    2503       1.3372
    2504       1.3354
    2505       1.3423
    2506       1.3497
    2507       1.3512
    2508       1.3848
    2509       1.3372
    2510       1.3078
    2511       1.3430
    2512       1.3517
    2513       1.3901
    2514       1.3101
    2515       1.3040
    2516       1.1983
    2517       1.2104
    2518       1.1588
    2519       1.2153
    2520       1.2169
    2521       1.1982
    2522       1.2555
    2523       1.1758
    2524       1.2535
    2525       1.3350
    2526       1.2168
    2527       1.2772
    2528       1.3347
    2529       1.2468
    2530       1.2683
    2531       1.2230
    2532       1.3060
    2533       1.3339
    2534       1.3688
    2535       1.3482
    2536       1.3127
    2537       1.3127
    2538       1.3046
    2539       1.2450
    2540       1.2240
    2541       1.2891
    2542       1.2831
    2543       1.1839
    2544       1.2271
    2545       1.2425
    2546       1.2083
    2547       1.2168
    2548       1.2311
    2549       1.1756
    2550       1.1479
    2551       1.2336
    2552       1.1515
    2553       1.1324
    2554       1.1603
    2555       1.1861
    2556       1.2660
    2557       1.1944
    2558       1.1208
    2559       1.1030
    2560       1.1862
    2561       1.1487
    2562       1.2176
    2563       1.2524
    2564       1.2224
    2565       1.1948
    2566       1.2098
    2567       1.3264
    2568       1.2915
    2569       1.3010
    2570       1.2658
    2571       1.2862
    2572       1.1914
    2573       1.2706
    2574       1.2269
    2575       1.3072
    2576       1.3333
    2577       1.2581
    2578       1.2313
    2579       1.2468
    2580       1.3339
    2581       1.3240
    2582       1.3347
    2583       1.3050
    2584       1.2075
    2585       1.2846
    2586       1.2485
    2587       1.2119
    2588       1.2056
    2589       1.2977
    2590       1.3229
    2591       1.2062
    2592       1.2562
    2593       1.2804
    2594       1.2364
    2595       1.2435
    2596       1.2329
    2597       1.2459
    2598       1.3189
    2599       1.2804
    2600       1.4064
    2601       1.3336
    2602       1.3174
    2603       1.4281
    2604       1.3527
    2605       1.3113
    2606       1.3256
    2607       1.3099
    2608       1.3306
    2609       1.2887
    2610       1.3158
    2611       1.2367
    2612       1.2765
    2613       1.2399
    2614       1.2045
    2615       1.2106
    2616       1.2394
    2617       1.2841
    2618       1.3014
    2619       1.2374
    2620       1.2225
    2621       1.3064
    2622       1.2299
    2623       1.2363
    2624       1.2042
    2625       1.2853
    2626       1.2523
    2627       1.3640
    2628       1.1936
    2629       1.2980
    2630       1.3034
    2631       1.3096
    2632       1.2590
    2633       1.3539
    2634       1.2679
    2635       1.2943
    2636       1.2841
    2637       1.2938
    2638       1.2876
    2639       1.2626
    2640       1.2765
    2641       1.2852
    2642       1.2425
    2643       1.3310
    2644       1.2852
    2645       1.2660
    2646       1.3597
    2647       1.4083
    2648       1.3004
    2649       1.3135
    2650       1.3290
    2651       1.3091
    2652       1.3128
    2653       1.3344
    2654       1.3426
    2655       1.3217
    2656       1.2439
    2657       1.2556
    2658       1.2984
    2659       1.3500
    2660       1.3806
    2661       1.3599
    2662       1.3481
    2663       1.2849
    2664       1.2961
    2665       1.3829
    2666       1.3758
    2667       1.3354
    2668       1.3117
    2669       1.3077
    2670       1.2692
    2671       1.4278
    2672       1.3897
    2673       1.3995
    2674       1.3541
    2675       1.3606
    2676       1.3839
    2677       1.3448
    2678       1.2686
    2679       1.2963
    2680       1.3514
    2681       1.3126
    2682       1.3562
    2683       1.3642
    2684       1.3212
    2685       1.3476
    2686       1.2958
    2687       1.3156
    2688       1.2913
    2689       1.2992
    2690       1.3378
    2691       1.2840
    2692       1.2684
    2693       1.2885
    2694       1.2313
    2695       1.3116
    2696       1.2496
    2697       1.2687
    2698       1.1865
    2699       1.2301
    2700       1.3022
    2701       1.3153
    2702       1.3093
    2703       1.2406
    2704       1.3115
    2705       1.3683
    2706       1.2467
    2707       1.2747
    2708       1.2848
    2709       1.2336
    2710       1.2233
    2711       1.2202
    2712       1.3133
    2713       1.2762
    2714       1.2219
    2715       1.3097
    2716       1.3161
    2717       1.3305
    2718       1.3190
    2719       1.2505
    2720       1.2773
    2721       1.2601
    2722       1.2587
    2723       1.2583
    2724       1.2792
    2725       1.2162
    2726       1.3313
    2727       1.3007
    2728       1.2358
    2729       1.2487
    2730       1.1818
    2731       1.2296
    2732       1.2456
    2733       1.2142
    2734       1.2041
    2735       1.2286
    2736       1.2870
    2737       1.2298
    2738       1.1987
    2739       1.1641
    2740       1.1596
    2741       1.2456
    2742       1.2781
    2743       1.2085
    2744       1.2697
    2745       1.2166
    2746       1.2380
    2747       1.2477
    2748       1.1619
    2749       1.2122
    2750       1.1896
    2751       1.2187
    2752       1.1331
    2753       1.1749
    2754       1.2482
    2755       1.2338
    2756       1.2240
    2757       1.2234
    2758       1.2880
    2759       1.2161
    2760       1.2622
    2761       1.2245
    2762       1.2393
    2763       1.3130
    2764       1.2496
    2765       1.2970
    2766       1.2079
    2767       1.1985
    2768       1.1686
    2769       1.2212
    2770       1.2126
    2771       1.2786
    2772       1.2415
    2773       1.2795
    2774       1.3544
    2775       1.2971
    2776       1.2678
    2777       1.2763
    2778       1.2633
    2779       1.2629
    2780       1.3139
    2781       1.2882
    2782       1.3773
    2783       1.3978
    2784       1.3854
    2785       1.3342
    2786       1.3824
    2787       1.3589
    2788       1.3661
    2789       1.3214
    2790       1.3521
    2791       1.3339
    2792       1.2910
    2793       1.3361
    2794       1.2581
    2795       1.3062
    2796       1.2840
    2797       1.3007
    2798       1.3276
    2799       1.3025
    2800       1.3276
    2801       1.4027
    2802       1.3118
    2803       1.3034
    2804       1.3382
    2805       1.2748
    2806       1.2508
    2807       1.2473
    2808       1.2742
    2809       1.3102
    2810       1.2672
    2811       1.2478
    2812       1.3491
    2813       1.3537
    2814       1.3093
    2815       1.3591
    2816       1.3140
    2817       1.2945
    2818       1.2674
    2819       1.3132
    2820       1.3221
    2821       1.2778
    2822       1.2652
    2823       1.3312
    2824       1.3911
    2825       1.2602
    2826       1.2464
    2827       1.2985
    2828       1.3263
    2829       1.1920
    2830       1.2018
    2831       1.2604
    2832       1.3203
    2833       1.2536
    2834       1.2106
    2835       1.2956
    2836       1.2951
    2837       1.2571
    2838       1.3104
    2839       1.3183
    2840       1.2473
    2841       1.1870
    2842       1.2864
    2843       1.3042
    2844       1.3859
    2845       1.3957
    2846       1.3136
    2847       1.3315
    2848       1.4447
    2849       1.3402
    2850       1.3290
    2851       1.2738
    2852       1.3442
    2853       1.2436
    2854       1.2406
    2855       1.2524
    2856       1.3402
    2857       1.2848
    2858       1.3145
    2859       1.2825
    2860       1.3308
    2861       1.2584
    2862       1.2472
    2863       1.3402
    2864       1.3025
    2865       1.3043
    2866       1.2724
    2867       1.3219
    2868       1.3687
    2869       1.3474
    2870       1.3948
    2871       1.3141
    2872       1.3064
    2873       1.3354
    2874       1.2480
    2875       1.2735
    2876       1.2862
    2877       1.3385
    2878       1.2366
    2879       1.2522
    2880       1.2939
    2881       1.2061
    2882       1.2012
    2883       1.1530
    2884       1.1940
    2885       1.2780
    2886       1.2225
    2887       1.2841
    2888       1.2738
    2889       1.2388
    2890       1.3361
    2891       1.2602
    2892       1.2734
    2893       1.2848
    2894       1.3887
    2895       1.3182
    2896       1.3025
    2897       1.4033
    2898       1.3042
    2899       1.4152
    2900       1.3266
    2901       1.4298
    2902       1.3458
    2903       1.3193
    2904       1.3522
    2905       1.3032
    2906       1.3369
    2907       1.3025
    2908       1.3040
    2909       1.2297
    2910       1.2479
    2911       1.3652
    2912       1.2024
    2913       1.2640
    2914       1.2071
    2915       1.2958
    2916       1.3028
    2917       1.3512
    2918       1.2411
    2919       1.2800
    2920       1.2857
    2921       1.2776
    2922       1.2861
    2923       1.3381
    2924       1.2078
    2925       1.2961
    2926       1.2880
    2927       1.3089
    2928       1.2710
    2929       1.3215
    2930       1.2820
    2931       1.3413
    2932       1.2572
    2933       1.2368
    2934       1.3192
    2935       1.2395
    2936       1.2554
    2937       1.2306
    2938       1.2421
    2939       1.3088
    2940       1.2000
    2941       1.2250
    2942       1.2271
    2943       1.1793
    2944       1.2467
    2945       1.2763
    2946       1.3106
    2947       1.2974
    2948       1.2940
    2949       1.3558
    2950       1.3420
    2951       1.3087
    2952       1.2909
    2953       1.3357
    2954       1.3286
    2955       1.2779
    2956       1.3393
    2957       1.2822
    2958       1.2966
    2959       1.1835
    2960       1.2460
    2961       1.2006
    2962       1.2746
    2963       1.2091
    2964       1.1975
    2965       1.2632
    2966       1.3158
    2967       1.2934
    2968       1.2888
    2969       1.2895
    2970       1.2294
    2971       1.2806
    2972       1.2490
    2973       1.2186
    2974       1.2110
    2975       1.2400
    2976       1.1603
    2977       1.1845
    2978       1.2960
    2979       1.1608
    2980       1.2397
    2981       1.2453
    2982       1.2181
    2983       1.2481
    2984       1.2577
    2985       1.3006
    2986       1.2617
    2987       1.2392
    2988       1.2407
    2989       1.3510
    2990       1.3045
    2991       1.2482
    2992       1.2605
    2993       1.2929
    2994       1.3141
    2995       1.2937
    2996       1.2453
    2997       1.1970
    2998       1.2240
    2999       1.2353
    3000       1.2707
    3001       1.1911
    3002       1.3020
    3003       1.2376
    3004       1.2684
    3005       1.3398
    3006       1.3909
    3007       1.3723
    3008       1.2707
    3009       1.2704
    3010       1.3128
    3011       1.3317
    3012       1.2708
    3013       1.4003
    3014       1.3475
    3015       1.2710
    3016       1.3561
    3017       1.3923
    3018       1.3636
    3019       1.3710
    3020       1.3442
    3021       1.3096
    3022       1.2430
    3023       1.2908
    3024       1.2197
    3025       1.2678
    3026       1.1344
    3027       1.1490
    3028       1.2085
    3029       1.2421
    3030       1.2211
    3031       1.2592
    3032       1.2071
    3033       1.2125
    3034       1.2557
    3035       1.2105
    3036       1.2656
    3037       1.2201
    3038       1.2811
    3039       1.2258
    3040       1.2443
    3041       1.2521
    3042       1.3302
    3043       1.2966
    3044       1.3347
    3045       1.3193
    3046       1.3237
    3047       1.3822
    3048       1.2899
    3049       1.2528
    3050       1.2351
    3051       1.2627
    3052       1.3185
    3053       1.3436
    3054       1.3075
    3055       1.2478
    3056       1.3008
    3057       1.2590
    3058       1.2396
    3059       1.2379
    3060       1.2804
    3061       1.2875
    3062       1.3356
    3063       1.2254
    3064       1.3158
    3065       1.1882
    3066       1.2222
    3067       1.3136
    3068       1.2677
    3069       1.2396
    3070       1.2324
    3071       1.1911
    3072       1.2649
    3073       1.2598
    3074       1.3340
    3075       1.2692
    3076       1.2566
    3077       1.2305
    3078       1.2595
    3079       1.1887
    3080       1.1932
    3081       1.3614
    3082       1.2420
    3083       1.2806
    3084       1.2318
    3085       1.3079
    3086       1.3065
    3087       1.2629
    3088       1.2588
    3089       1.3183
    3090       1.3350
    3091       1.2998
    3092       1.3478
    3093       1.3080
    3094       1.3757
    3095       1.3882
    3096       1.3886
    3097       1.2509
    3098       1.2860
    3099       1.2381
    3100       1.3000
    3101       1.3526
    3102       1.2576
    3103       1.2708
    3104       1.2305
    3105       1.2651
    3106       1.1991
    3107       1.2594
    3108       1.3392
    3109       1.3414
    3110       1.2808
    3111       1.3542
    3112       1.3544
    3113       1.3500
    3114       1.3157
    3115       1.4240
    3116       1.3964
    3117       1.2811
    3118       1.3157
    3119       1.2958
    3120       1.2884
    3121       1.3327
    3122       1.3242
    3123       1.3751
    3124       1.3042
    3125       1.2810
    3126       1.3923
    3127       1.2562
    3128       1.2946
    3129       1.2841
    3130       1.2529
    3131       1.2784
    3132       1.1878
    3133       1.2487
    3134       1.2375
    3135       1.2343
    3136       1.2279
    3137       1.2505
    3138       1.1957
    3139       1.2534
    3140       1.2134
    3141       1.1863
    3142       1.2173
    3143       1.2235
    3144       1.2073
    3145       1.2538
    3146       1.2153
    3147       1.2621
    3148       1.3034
    3149       1.2039
    3150       1.2970
    3151       1.3170
    3152       1.2618
    3153       1.2436
    3154       1.3040
    3155       1.2678
    3156       1.2572
    3157       1.3294
    3158       1.2963
    3159       1.3262
    3160       1.2779
    3161       1.2639
    3162       1.2805
    3163       1.3280
    3164       1.2838
    3165       1.2762
    3166       1.2891
    3167       1.3456
    3168       1.2379
    3169       1.3025
    3170       1.3058
    3171       1.2468
    3172       1.2238
    3173       1.2504
    3174       1.2616
    3175       1.3594
    3176       1.2912
    3177       1.3200
    3178       1.3520
    3179       1.3139
    3180       1.2622
    3181       1.3166
    3182       1.2804
    3183       1.3467
    3184       1.3827
    3185       1.3470
    3186       1.3515
    3187       1.2822
    3188       1.3300
    3189       1.2760
    3190       1.3030
    3191       1.2573
    3192       1.3301
    3193       1.3308
    3194       1.3460
    3195       1.4031
    3196       1.2762
    3197       1.3766
    3198       1.3210
    3199       1.2587
    3200       1.2827
    3201       1.1965
    3202       1.3191
    3203       1.3242
    3204       1.3158
    3205       1.2929
    3206       1.3523
    3207       1.3044
    3208       1.2918
    3209       1.2752
    3210       1.3719
    3211       1.2644
    3212       1.3299
    3213       1.2523
    3214       1.2645
    3215       1.3257
    3216       1.2953
    3217       1.2250
    3218       1.2075
    3219       1.2350
    3220       1.2717
    3221       1.3572
    3222       1.2902
    3223       1.2966
    3224       1.2907
    3225       1.3700
    3226       1.3565
    3227       1.3054
    3228       1.2874
    3229       1.2486
    3230       1.3291
    3231       1.4012
    3232       1.2730
    3233       1.3066
    3234       1.2670
    3235       1.2733
    3236       1.2631
    3237       1.3536
    3238       1.2704
    3239       1.2711
    3240       1.3943
    3241       1.2902
    3242       1.3165
    3243       1.3022
    3244       1.2485
    3245       1.2456
    3246       1.2774
    3247       1.2716
    3248       1.2542
    3249       1.3417
    3250       1.2444
    3251       1.2498
    3252       1.2713
    3253       1.3454
    3254       1.2744
    3255       1.2807
    3256       1.2844
    3257       1.2544
    3258       1.2282
    3259       1.2530
    3260       1.2975
    3261       1.2496
    3262       1.2330
    3263       1.2436
    3264       1.2822
    3265       1.1801
    3266       1.2262
    3267       1.3036
    3268       1.2733
    3269       1.3633
    3270       1.3484
    3271       1.3964
    3272       1.3418
    3273       1.3384
    3274       1.3079
    3275       1.2908
    3276       1.2575
    3277       1.2796
    3278       1.2484
    3279       1.2727
    3280       1.2166
    3281       1.3067
    3282       1.2789
    3283       1.3204
    3284       1.2606
    3285       1.2845
    3286       1.2490
    3287       1.2382
    3288       1.2055
    3289       1.3055
    3290       1.3012
    3291       1.2991
    3292       1.3285
    3293       1.2873
    3294       1.2988
    3295       1.3189
    3296       1.3439
    3297       1.2711
    3298       1.3095
    3299       1.2509
    3300       1.2883
    3301       1.2726
    3302       1.2446
    3303       1.2487
    3304       1.2233
    3305       1.1762
    3306       1.2723
    3307       1.2663
    3308       1.2489
    3309       1.2760
    3310       1.2353
    3311       1.2764
    3312       1.2471
    3313       1.2308
    3314       1.2782
    3315       1.2593
    3316       1.2509
    3317       1.2224
    3318       1.2349
    3319       1.2398
    3320       1.1942
    3321       1.1298
    3322       1.0989
    3323       1.1336
    3324       1.1164
    3325       1.0878
    3326       1.0440
    3327       1.1581
    3328       1.1770
    3329       1.2297
    3330       1.2113
    3331       1.0910
    3332       1.1178
    3333       1.0820
    3334       1.1123
    3335       1.0920
    3336       1.2137
    3337       1.1679
    3338       1.1574
    3339       1.0810
    3340       1.1977
    3341       1.1046
    3342       1.1822
    3343       1.1390
    3344       1.1389
    3345       1.2605
    3346       1.1593
    3347       1.2514
    3348       1.1933
    3349       1.1103
    3350       1.1355
    3351       1.1576
    3352       1.0498
    3353       1.1083
    3354       1.1344
    3355       1.1386
    3356       1.0972
    3357       1.0767
    3358       1.0893
    3359       1.1419
    3360       1.1254
    3361       1.1704
    3362       1.0766
    3363       1.1497
    3364       1.0826
    3365       1.1095
    3366       1.1983
    3367       1.1014
    3368       1.1095
    3369       1.2004
    3370       1.2275
    3371       1.2442
    3372       1.2953
    3373       1.2506
    3374       1.2312
    3375       1.2661
    3376       1.2259
    3377       1.3896
    3378       1.2207
    3379       1.1848
    3380       1.1542
    3381       1.2144
    3382       1.2202
    3383       1.2772
    3384       1.2383
    3385       1.2356
    3386       1.2577
    3387       1.1713
    3388       1.1934
    3389       1.2293
    3390       1.2125
    3391       1.1388
    3392       1.1622
    3393       1.1692
    3394       1.1300
    3395       1.2052
    3396       1.1917
    3397       1.2678
    3398       1.1862
    3399       1.2258
    3400       1.2952
    3401       1.2776
    3402       1.1492
    3403       1.2801
    3404       1.2817
    3405       1.1573
    3406       1.2581
    3407       1.2908
    3408       1.2438
    3409       1.2879
    3410       1.2912
    3411       1.3292
    3412       1.3467
    3413       1.3597
    3414       1.3775
    3415       1.3449
    3416       1.2922
    3417       1.3049
    3418       1.2402
    3419       1.2589
    3420       1.2939
    3421       1.2488
    3422       1.3048
    3423       1.3302
    3424       1.3051
    3425       1.2473
    3426       1.3654
    3427       1.3318
    3428       1.3412
    3429       1.3024
    3430       1.2582
    3431       1.2765
    3432       1.3951
    3433       1.2769
    3434       1.3037
    3435       1.2576
    3436       1.3229
    3437       1.2890
    3438       1.1956
    3439       1.2290
    3440       1.2057
    3441       1.2629
    3442       1.3437
    3443       1.2982
    3444       1.2680
    3445       1.2943
    3446       1.2566
    3447       1.3050
    3448       1.2743
    3449       1.2745
    3450       1.3126
    3451       1.2846
    3452       1.2744
    3453       1.2612
    3454       1.2297
    3455       1.2093
    3456       1.3444
    3457       1.2256
    3458       1.2551
    3459       1.3198
    3460       1.3236
    3461       1.2488
    3462       1.3149
    3463       1.1751
    3464       1.2298
    3465       1.2805
    3466       1.3071
    3467       1.3320
    3468       1.2628
    3469       1.2943
    3470       1.3351
    3471       1.3189
    3472       1.2926
    3473       1.2849
    3474       1.3276
    3475       1.3042
    3476       1.2259
    3477       1.3113
    3478       1.2654
    3479       1.3607
    3480       1.2888
    3481       1.3764
    3482       1.3953
    3483       1.3994
    3484       1.3793
    3485       1.3150
    3486       1.3283
    3487       1.2645
    3488       1.3383
    3489       1.3071
    3490       1.3426
    3491       1.3011
    3492       1.3639
    3493       1.3329
    3494       1.3229
    3495       1.3377
    3496       1.3125
    3497       1.3364
    3498       1.3138
    3499       1.3615
    3500       1.4017
    3501       1.3060
    3502       1.3029
    3503       1.2663
    3504       1.1905
    3505       1.3328
    3506       1.2374
    3507       1.2372
    3508       1.2308
    3509       1.2262
    3510       1.1982
    3511       1.1899
    3512       1.2971
    3513       1.2885
    3514       1.2380
    3515       1.2314
    3516       1.2603
    3517       1.2441
    3518       1.2897
    3519       1.2566
    3520       1.2470
    3521       1.2069
    3522       1.1934
    3523       1.2298
    3524       1.2494
    3525       1.2578
    3526       1.2943
    3527       1.2969
    3528       1.2385
    3529       1.4009
    3530       1.3240
    3531       1.3043
    3532       1.2551
    3533       1.3376
    3534       1.2667
    3535       1.2837
    3536       1.2133
    3537       1.1903
    3538       1.2001
    3539       1.1785
    3540       1.3100
    3541       1.3366
    3542       1.3015
    3543       1.2572
    3544       1.2812
    3545       1.2512
    3546       1.2652
    3547       1.2877
    3548       1.2818
    3549       1.2302
    3550       1.2729
    3551       1.3052
    3552       1.2721
    3553       1.2350
    3554       1.2839
    3555       1.3456
    3556       1.3559
    3557       1.2293
    3558       1.3471
    3559       1.2419
    3560       1.2074
    3561       1.2578
    3562       1.2885
    3563       1.2829
    3564       1.2503
    3565       1.2609
    3566       1.3139
    3567       1.3073
    3568       1.2425
    3569       1.3580
    3570       1.3027
    3571       1.3358
    3572       1.3709
    3573       1.2997
    3574       1.3384
    3575       1.3078
    3576       1.3348
    3577       1.3484
    3578       1.3819
    3579       1.3798
    3580       1.2433
    3581       1.2484
    3582       1.2352
    3583       1.3125
    3584       1.3989
    3585       1.3099
    3586       1.2869
    3587       1.2608
    3588       1.2429
    3589       1.3272
    3590       1.2590
    3591       1.2255
    3592       1.2129
    3593       1.2570
    3594       1.2596
    3595       1.2864
    3596       1.2797
    3597       1.1996
    3598       1.2417
    3599       1.2093
    3600       1.1911
    3601       1.1664
    3602       1.1478
    3603       1.2817
    3604       1.2245
    3605       1.2523
    3606       1.1837
    3607       1.2725
    3608       1.3214
    3609       1.2743
    3610       1.2649
    3611       1.2511
    3612       1.2107
    3613       1.3259
    3614       1.3125
    3615       1.2818
    3616       1.2743
    3617       1.2347
    3618       1.2071
    3619       1.2971
    3620       1.2771
    3621       1.2178
    3622       1.3065
    3623       1.2090
    3624       1.2449
    3625       1.2431
    3626       1.3619
    3627       1.2991
    3628       1.3366
    3629       1.3826
    3630       1.5195
    3631       1.3052
    3632       1.3497
    3633       1.3211
    3634       1.2482
    3635       1.3080
    3636       1.2215
    3637       1.3038
    3638       1.3296
    3639       1.3379
    3640       1.3031
    3641       1.4297
    3642       1.3488
    3643       1.3598
    3644       1.2308
    3645       1.3025
    3646       1.2211
    3647       1.2285
    3648       1.1975
    3649       1.1901
    3650       1.2323
    3651       1.2449
    3652       1.1949
    3653       1.1734
    3654       1.1845
    3655       1.1730
    3656       1.2011
    3657       1.2034
    3658       1.2487
    3659       1.2667
    3660       1.3093
    3661       1.3039
    3662       1.3068
    3663       1.2450
    3664       1.2867
    3665       1.3107
    3666       1.3619
    3667       1.2720
    3668       1.3165
    3669       1.3311
    3670       1.3776
    3671       1.3455
    3672       1.2416
    3673       1.3648
    3674       1.2150
    3675       1.2508
    3676       1.2650
    3677       1.2156
    3678       1.2440
    3679       1.2573
    3680       1.2416
    3681       1.2376
    3682       1.2765
    3683       1.3188
    3684       1.2927
    3685       1.3283
    3686       1.2901
    3687       1.3866
    3688       1.3179
    3689       1.3619
    3690       1.3681
    3691       1.2896
    3692       1.3405
    3693       1.3188
    3694       1.3413
    3695       1.3423
    3696       1.2678
    3697       1.3492
    3698       1.3393
    3699       1.3487
    3700       1.4417
    3701       1.3647
    3702       1.3832
    3703       1.3950
    3704       1.3899
    3705       1.3951
    3706       1.4076
    3707       1.4764
    3708       1.3775
    3709       1.4553
    3710       1.4985
    3711       1.4976
    3712       1.4878
    3713       1.4941
    3714       1.3910
    3715       1.4228
    3716       1.4111
    3717       1.4344
    3718       1.4249
    3719       1.4396
    3720       1.3732
    3721       1.3210
    3722       1.3208
    3723       1.4014
    3724       1.4431
    3725       1.3531
    3726       1.4367
    3727       1.5207
    3728       1.4918
    3729       1.4683
    3730       1.3686
    3731       1.4081
    3732       1.4698
    3733       1.4296
    3734       1.4653
    3735       1.4256
    3736       1.4079
    3737       1.3373
    3738       1.3226
    3739       1.4807
    3740       1.3973
    3741       1.4302
    3742       1.4903
    3743       1.4668
    3744       1.4558
    3745       1.4353
    3746       1.3726
    3747       1.4634
    3748       1.4786
    3749       1.3507
    3750       1.3364
    3751       1.4185
    3752       1.2999
    3753       1.3486
    3754       1.3221
    3755       1.4179
    3756       1.3318
    3757       1.3862
    3758       1.3728
    3759       1.4272
    3760       1.3196
    3761       1.4142
    3762       1.3494
    3763       1.3613
    3764       1.4732
    3765       1.3668
    3766       1.4405
    3767       1.4479
    3768       1.4504
    3769       1.4859
    3770       1.4021
    3771       1.4241
    3772       1.3598
    3773       1.3987
    3774       1.3915
    3775       1.3781
    3776       1.3956
    3777       1.4504
    3778       1.4286
    3779       1.4316
    3780       1.5637
    3781       1.4858
    3782       1.4574
    3783       1.4423
    3784       1.4084
    3785       1.4114
    3786       1.4254
    3787       1.4615
    3788       1.5468
    3789       1.4599
    3790       1.4572
    3791       1.3984
    3792       1.4190
    3793       1.4729
    3794       1.4803
    3795       1.3683
    3796       1.5041
    3797       1.4464
    3798       1.3104
    3799       1.2574
    3800       1.2793
    3801       1.3468
    3802       1.2588
    3803       1.3234
    3804       1.3275
    3805       1.3441
    3806       1.4285
    3807       1.3581
    3808       1.3701
    3809       1.3552
    3810       1.4017
    3811       1.3693
    3812       1.3450
    3813       1.2750
    3814       1.3438
    3815       1.4165
    3816       1.3351
    3817       1.3651
    3818       1.3452
    3819       1.3704
    3820       1.3368
    3821       1.3597
    3822       1.3927
    3823       1.4097
    3824       1.3389
    3825       1.4005
    3826       1.3430
    3827       1.2590
    3828       1.3212
    3829       1.3562
    3830       1.3133
    3831       1.4071
    3832       1.2937
    3833       1.3806
    3834       1.4167
    3835       1.4413
    3836       1.4260
    3837       1.4350
    3838       1.3536
    3839       1.3557
    3840       1.4873
    3841       1.4506
    3842       1.4320
    3843       1.4242
    3844       1.4743
    3845       1.4812
    3846       1.4696
    3847       1.3687
    3848       1.3756
    3849       1.4591
    3850       1.3919
    3851       1.4552
    3852       1.4162
    3853       1.3661
    3854       1.3724
    3855       1.4686
    3856       1.4093
    3857       1.4075
    3858       1.4647
    3859       1.4326
    3860       1.4924
    3861       1.4657
    3862       1.3832
    3863       1.4030
    3864       1.3557
    3865       1.3914
    3866       1.3785
    3867       1.4076
    3868       1.3004
    3869       1.4167
    3870       1.5235
    3871       1.4159
    3872       1.4073
    3873       1.4160
    3874       1.4571
    3875       1.3875
    3876       1.3918
    3877       1.4353
    3878       1.4146
    3879       1.3897
    3880       1.3620
    3881       1.4017
    3882       1.3212
    3883       1.3139
    3884       1.3870
    3885       1.4193
    3886       1.3744
    3887       1.3735
    3888       1.3842
    3889       1.3558
    3890       1.3859
    3891       1.4569
    3892       1.4143
    3893       1.4085
    3894       1.4220
    3895       1.4009
    3896       1.4049
    3897       1.3644
    3898       1.3601
    3899       1.4132
    3900       1.4195
    3901       1.3810
    3902       1.3132
    3903       1.3872
    3904       1.3794
    3905       1.3710
    3906       1.4134
    3907       1.4336
    3908       1.4024
    3909       1.3999
    3910       1.3621
    3911       1.3287
    3912       1.4414
    3913       1.3776
    3914       1.3493
    3915       1.3920
    3916       1.3700
    3917       1.3195
    3918       1.3120
    3919       1.2724
    3920       1.3929
    3921       1.3755
    3922       1.3530
    3923       1.4110
    3924       1.3320
    3925       1.3724
    3926       1.2621
    3927       1.2555
    3928       1.3676
    3929       1.3382
    3930       1.3066
    3931       1.2852
    3932       1.3927
    3933       1.4226
    3934       1.2309
    3935       1.2369
    3936       1.2040
    3937       1.2882
    3938       1.2672
    3939       1.3287
    3940       1.2263
    3941       1.2878
    3942       1.2551
    3943       1.2575
    3944       1.3161
    3945       1.3515
    3946       1.3454
    3947       1.3352
    3948       1.2766
    3949       1.2628
    3950       1.2603
    3951       1.2774
    3952       1.2663
    3953       1.2809
    3954       1.2915
    3955       1.3093
    3956       1.4051
    3957       1.4810
    3958       1.3918
    3959       1.4187
    3960       1.3711
    3961       1.4414
    3962       1.3270
    3963       1.3484
    3964       1.3140
    3965       1.3274
    3966       1.4195
    3967       1.3624
    3968       1.3607
    3969       1.3339
    3970       1.3854
    3971       1.3504
    3972       1.3654
    3973       1.3209
    3974       1.3275
    3975       1.2930
    3976       1.2877
    3977       1.4074
    3978       1.3532
    3979       1.3975
    3980       1.3238
    3981       1.3033
    3982       1.4077
    3983       1.3464
    3984       1.3857
    3985       1.3605
    3986       1.3229
    3987       1.2813
    3988       1.2155
    3989       1.2736
    3990       1.2847
    3991       1.3538
    3992       1.2563
    3993       1.2278
    3994       1.2226
    3995       1.2391
    3996       1.2096
    3997       1.2227
    3998       1.1688
    3999       1.2237
    4000       1.2040
    4001       1.1902
    4002       1.1742
    4003       1.1016
    4004       1.1143
    4005       1.2253
    4006       1.2154
    4007       1.2071
    4008       1.2416
    4009       1.1676
    4010       1.1876
    4011       1.1705
    4012       1.1116
    4013       1.1252
    4014       1.1420
    4015       1.1624
    4016       1.1676
    4017       1.2385
    4018       1.1680
    4019       1.2928
    4020       1.2931
    4021       1.2953
    4022       1.3047
    4023       1.2399
    4024       1.2745
    4025       1.3043
    4026       1.2681
    4027       1.3028
    4028       1.2288
    4029       1.3757
    4030       1.4088
    4031       1.3981
    4032       1.4076
    4033       1.3887
    4034       1.3042
    4035       1.3200
    4036       1.3234
    4037       1.4440
    4038       1.3802
    4039       1.3390
    4040       1.3599
    4041       1.3755
    4042       1.3032
    4043       1.3226
    4044       1.3480
    4045       1.3280
    4046       1.3465
    4047       1.3349
    4048       1.3628
    4049       1.3824
    4050       1.3537
    4051       1.3542
    4052       1.3489
    4053       1.3542
    4054       1.3297
    4055       1.4105
    4056       1.4297
    4057       1.4543
    4058       1.4764
    4059       1.4500
    4060       1.3938
    4061       1.4186
    4062       1.4294
    4063       1.3986
    4064       1.3478
    4065       1.4526
    4066       1.3947
    4067       1.4151
    4068       1.3034
    4069       1.3194
    4070       1.3216
    4071       1.2914
    4072       1.3441
    4073       1.3880
    4074       1.3762
    4075       1.4209
    4076       1.3578
    4077       1.3605
    4078       1.4023
    4079       1.3271
    4080       1.3610
    4081       1.3755
    4082       1.3698
    4083       1.3158
    4084       1.2480
    4085       1.2768
    4086       1.2925
    4087       1.2147
    4088       1.2407
    4089       1.2580
    4090       1.2848
    4091       1.3171
    4092       1.2344
    4093       1.2670
    4094       1.2443
    4095       1.2344
    4096       1.2417
    4097       1.2214
    4098       1.2911
    4099       1.2974
    4100       1.3197
    4101       1.3383
    4102       1.2928
    4103       1.2612
    4104       1.2943
    4105       1.3237
    4106       1.2345
    4107       1.3500
    4108       1.3686
    4109       1.2996
    4110       1.2667
    4111       1.3316
    4112       1.3363
    4113       1.3099
    4114       1.2793
    4115       1.2215
    4116       1.2506
    4117       1.2847
    4118       1.2159
    4119       1.2071
    4120       1.2770
    4121       1.2063
    4122       1.1920
    4123       1.2050
    4124       1.2040
    4125       1.2525
    4126       1.2036
    4127       1.2414
    4128       1.2984
    4129       1.3438
    4130       1.2574
    4131       1.1891
    4132       1.2454
    4133       1.2426
    4134       1.1855
    4135       1.2151
    4136       1.1962
    4137       1.1815
    4138       1.2450
    4139       1.2649
    4140       1.2779
    4141       1.2805
    4142       1.2913
    4143       1.3129
    4144       1.3793
    4145       1.2692
    4146       1.2079
    4147       1.2426
    4148       1.2738
    4149       1.2117
    4150       1.2967
    4151       1.2621
    4152       1.2737
    4153       1.2418
    4154       1.2821
    4155       1.3157
    4156       1.3744
    4157       1.2296
    4158       1.3870
    4159       1.2695
    4160       1.3160
    4161       1.3413
    4162       1.3226
    4163       1.3261
    4164       1.2473
    4165       1.2925
    4166       1.2853
    4167       1.2863
    4168       1.3448
    4169       1.2781
    4170       1.2055
    4171       1.2820
    4172       1.2748
    4173       1.2080
    4174       1.1817
    4175       1.3095
    4176       1.2213
    4177       1.3193
    4178       1.2519
    4179       1.2600
    4180       1.2813
    4181       1.2015
    4182       1.2528
    4183       1.3028
    4184       1.2886
    4185       1.3364
    4186       1.3052
    4187       1.4288
    4188       1.3973
    4189       1.3452
    4190       1.2573
    4191       1.2977
    4192       1.2895
    4193       1.3672
    4194       1.3751
    4195       1.2949
    4196       1.2873
    4197       1.3200
    4198       1.3612
    4199       1.3247
    4200       1.3209
    4201       1.3230
    4202       1.3819
    4203       1.3739
    4204       1.3347
    4205       1.3019
    4206       1.3234
    4207       1.2629
    4208       1.1921
    4209       1.3380
    4210       1.3506
    4211       1.2911
    4212       1.3764
    4213       1.3080
    4214       1.3285
    4215       1.2453
    4216       1.3409
    4217       1.3454
    4218       1.3590
    4219       1.3696
    4220       1.4174
    4221       1.3610
    4222       1.3262
    4223       1.2987
    4224       1.3571
    4225       1.3906
    4226       1.4253
    4227       1.3617
    4228       1.3987
    4229       1.3428
    4230       1.2985
    4231       1.2979
    4232       1.3808
    4233       1.2715
    4234       1.3144
    4235       1.3200
    4236       1.3022
    4237       1.2501
    4238       1.2746
    4239       1.3279
    4240       1.2842
    4241       1.2716
    4242       1.3177
    4243       1.2834
    4244       1.3056
    4245       1.2768
    4246       1.2740
    4247       1.2668
    4248       1.2862
    4249       1.3531
    4250       1.3153
    4251       1.2608
    4252       1.2412
    4253       1.2739
    4254       1.2714
    4255       1.3283
    4256       1.2618
    4257       1.1890
    4258       1.2919
    4259       1.3186
    4260       1.2624
    4261       1.2766
    4262       1.2705
    4263       1.2727
    4264       1.2683
    4265       1.3355
    4266       1.3120
    4267       1.3100
    4268       1.3110
    4269       1.2754
    4270       1.2907
    4271       1.2817
    4272       1.2759
    4273       1.2428
    4274       1.2673
    4275       1.2607
    4276       1.1840
    4277       1.2794
    4278       1.2557
    4279       1.2295
    4280       1.2234
    4281       1.2319
    4282       1.2497
    4283       1.3058
    4284       1.2499
    4285       1.2658
    4286       1.3213
    4287       1.3411
    4288       1.2700
    4289       1.3187
    4290       1.3337
    4291       1.3632
    4292       1.2868
    4293       1.2712
    4294       1.2307
    4295       1.2334
    4296       1.2340
    4297       1.2272
    4298       1.2316
    4299       1.2032
    4300       1.2697
    4301       1.2315
    4302       1.2136
    4303       1.3421
    4304       1.3285
    4305       1.2824
    4306       1.3314
    4307       1.3300
    4308       1.2836
    4309       1.3136
    4310       1.2405
    4311       1.2715
    4312       1.2287
    4313       1.2528
    4314       1.2235
    4315       1.2788
    4316       1.3339
    4317       1.2920
    4318       1.2809
    4319       1.3592
    4320       1.3234
    4321       1.3485
    4322       1.2592
    4323       1.2512
    4324       1.3362
    4325       1.3011
    4326       1.3201
    4327       1.2763
    4328       1.2766
    4329       1.2897
    4330       1.2064
    4331       1.2325
    4332       1.2520
    4333       1.2396
    4334       1.2268
    4335       1.2485
    4336       1.2228
    4337       1.2918
    4338       1.2392
    4339       1.2361
    4340       1.2459
    4341       1.1817
    4342       1.2003
    4343       1.1355
    4344       1.1910
    4345       1.1674
    4346       1.1195
    4347       1.1541
    4348       1.0946
    4349       1.0953
    4350       1.1100
    4351       1.1370
    4352       1.1178
    4353       1.1139
    4354       1.0671
    4355       1.0647
    4356       1.1298
    4357       1.1654
    4358       1.1673
    4359       1.1389
    4360       1.1009
    4361       1.0942
    4362       1.1102
    4363       1.1099
    4364       1.0242
    4365       1.1107
    4366       1.0693
    4367       1.0877
    4368       1.0492
    4369       1.1411
    4370       1.1017
    4371       1.1284
    4372       1.0568
    4373       1.0085
    4374       1.0814
    4375       1.0900
    4376       1.0990
    4377       1.0958
    4378       1.0879
    4379       1.1289
    4380       1.0526
    4381       1.1583
    4382       1.1150
    4383       1.1552
    4384       1.1079
    4385       1.1612
    4386       1.2110
    4387       1.1920
    4388       1.1215
    4389       1.1026
    4390       1.1738
    4391       1.1739
    4392       1.1759
    4393       1.0513
    4394       1.0754
    4395       1.1039
    4396       1.1128
    4397       1.0911
    4398       1.1078
    4399       1.0225
    4400       1.0745
    4401       1.1267
    4402       1.1330
    4403       1.1874
    4404       1.1162
    4405       1.1285
    4406       1.2405
    4407       1.1125
    4408       1.1890
    4409       1.0702
    4410       1.1408
    4411       1.1028
    4412       1.0869
    4413       0.9641
    4414       0.9728
    4415       0.9323
    4416       0.9666
    4417       0.9504
    4418       0.9477
    4419       1.0629
    4420       1.0175
    4421       1.0900
    4422       1.0275
    4423       1.1071
    4424       0.9688
    4425       1.1179
    4426       1.0420
    4427       0.9172
    4428       0.9212
    4429       0.9723
    4430       1.0467
    4431       0.9502
    4432       0.9766
    4433       0.9681
    4434       1.0437
    4435       0.9870
    4436       0.9353
    4437       0.9455
    4438       0.9676
    4439       0.9373
    4440       1.0048
    4441       0.9990
    4442       1.0859
    4443       1.0399
    4444       1.0917
    4445       1.0508
    4446       1.0548
    4447       1.1148
    4448       1.0836
    4449       1.1075
    4450       1.1851
    4451       1.0607
    4452       1.1365
    4453       1.1876
    4454       1.1545
    4455       1.1377
    4456       1.1603
    4457       1.1229
    4458       1.1333
    4459       1.0506
    4460       1.2152
    4461       1.1767
    4462       1.1297
    4463       1.2286
    4464       1.1551
    4465       1.2216
    4466       1.0542
    4467       1.0899
    4468       1.1161
    4469       1.0964
    4470       1.1909
    4471       1.1522
    4472       1.1129
    4473       1.0256
    4474       1.0394
    4475       0.9981
    4476       1.0422
    4477       1.0336
    4478       1.0186
    4479       1.1144
    4480       1.1024
    4481       1.1168
    4482       1.1605
    4483       1.0935
    4484       1.0216
    4485       1.0259
    4486       0.9939
    4487       1.0527
    4488       1.0395
    4489       1.1187
    4490       1.1942
    4491       1.1110
    4492       1.0704
    4493       1.0832
    4494       0.9811
    4495       0.9786
    4496       1.0598
    4497       1.0333
    4498       0.8924
    4499       0.9500
    4500       0.9294
    4501       1.0379
    4502       1.0545
    4503       1.0047
    4504       1.0354
    4505       1.0596
    4506       1.0907
    4507       1.1054
    4508       1.0887
    4509       1.0699
    4510       1.1311
    4511       1.0483
    4512       1.0427
    4513       1.0576
    4514       1.0695
    4515       1.0744
    4516       1.0565
    4517       1.1128
    4518       1.1619
    4519       1.1408
    4520       1.1464
    4521       1.1446
    4522       1.1022
    4523       1.1304
    4524       1.1578
    4525       1.1102
    4526       1.0484
    4527       1.1460
    4528       1.1190
    4529       1.1437
    4530       1.1472
    4531       1.1519
    4532       1.0833
    4533       1.1399
    4534       1.1839
    4535       1.1321
    4536       1.1768
    4537       1.1455
    4538       1.1829
    4539       1.1858
    4540       1.1457
    4541       1.2098
    4542       1.2070
    4543       1.1988
    4544       1.1727
    4545       1.1295
    4546       1.1319
    4547       1.1036
    4548       1.0909
    4549       1.1006
    4550       1.0501
    4551       1.0723
    4552       1.0705
    4553       1.1808
    4554       1.0864
    4555       1.1222
    4556       1.0392
    4557       1.0558
    4558       1.0124
    4559       1.0436
    4560       1.0300
    4561       1.0882
    4562       1.0192
    4563       1.1054
    4564       1.1917
    4565       1.0746
    4566       1.0514
    4567       1.0546
    4568       1.1415
    4569       1.0893
    4570       1.1335
    4571       1.1253
    4572       1.0852
    4573       1.0948
    4574       1.1003
    4575       1.1303
    4576       1.1372
    4577       1.0254
    4578       1.0640
    4579       1.0030
    4580       1.0453
    4581       1.1239
    4582       1.1012
    4583       1.0448
    4584       1.0840
    4585       1.0931
    4586       1.1496
    4587       1.0959
    4588       1.0723
    4589       1.0974
    4590       1.1262
    4591       1.0942
    4592       1.1466
    4593       1.2235
    4594       1.0921
    4595       1.1328
    4596       1.1464
    4597       1.1687
    4598       1.1455
    4599       1.1349
    4600       1.1204
    4601       1.1302
    4602       1.2196
    4603       1.1576
    4604       1.0770
    4605       1.0760
    4606       1.1497
    4607       1.0589
    4608       1.0783
    4609       1.1434
    4610       1.2573
    4611       1.2442
    4612       1.1506
    4613       1.1493
    4614       1.1879
    4615       1.1431
    4616       1.1823
    4617       1.1976
    4618       1.2722
    4619       1.1925
    4620       1.1696
    4621       1.1205
    4622       1.1310
    4623       1.2152
    4624       1.2410
    4625       1.2502
    4626       1.2552
    4627       1.2300
    4628       1.2553
    4629       1.1860
    4630       1.1283
    4631       1.1319
    4632       1.0085
    4633       1.1454
    4634       1.0926
    4635       1.1948
    4636       1.2078
    4637       1.1346
    4638       1.1838
    4639       1.2482
    4640       1.2094
    4641       1.2372
    4642       1.3063
    4643       1.2942
    4644       1.2574
    4645       1.2232
    4646       1.3075
    4647       1.1677
    4648       1.2949
    4649       1.3072
    4650       1.3142
    4651       1.1901
    4652       1.1869
    4653       1.3374
    4654       1.2612
    4655       1.3288
    4656       1.3907
    4657       1.3149
    4658       1.2167
    4659       1.3153
    4660       1.1878
    4661       1.1820
    4662       1.3017
    4663       1.2285
    4664       1.2368
    4665       1.3173
    4666       1.2885
    4667       1.2439
    4668       1.3169
    4669       1.2436
    4670       1.2901
    4671       1.2620
    4672       1.2342
    4673       1.3154
    4674       1.2797
    4675       1.1948
    4676       1.2486
    4677       1.2790
    4678       1.2275
    4679       1.3244
    4680       1.1845
    4681       1.2739
    4682       1.3723
    4683       1.3467
    4684       1.3222
    4685       1.3544
    4686       1.3460
    4687       1.2997
    4688       1.3104
    4689       1.3506
    4690       1.2861
    4691       1.2937
    4692       1.2457
    4693       1.1931
    4694       1.1932
    4695       1.2329
    4696       1.2368
    4697       1.2382
    4698       1.2323
    4699       1.2846
    4700       1.3721
    4701       1.4024
    4702       1.2665
    4703       1.2914
    4704       1.3061
    4705       1.2853
    4706       1.4013
    4707       1.3467
    4708       1.3167
    4709       1.2205
    4710       1.2863
    4711       1.3627
    4712       1.3341
    4713       1.3711
    4714       1.3374
    4715       1.3155
    4716       1.3540
    4717       1.2876
    4718       1.4435
    4719       1.3946
    4720       1.3440
    4721       1.2983
    4722       1.3195
    4723       1.3950
    4724       1.3773
    4725       1.4353
    4726       1.2617
    4727       1.2969
    4728       1.3043
    4729       1.3742
    4730       1.4173
    4731       1.4013
    4732       1.4238
    4733       1.3904
    4734       1.3818
    4735       1.3638
    4736       1.5342
    4737       1.3759
    4738       1.3940
    4739       1.4081
    4740       1.3750
    4741       1.4028
    4742       1.3376
    4743       1.3722
    4744       1.4339
    4745       1.3697
    4746       1.4407
    4747       1.3781
    4748       1.2808
    4749       1.3372
    4750       1.3280
    4751       1.3076
    4752       1.3615
    4753       1.2978
    4754       1.3729
    4755       1.3657
    4756       1.3508
    4757       1.2535
    4758       1.2856
    4759       1.2588
    4760       1.2300
    4761       1.2124
    4762       1.2037
    4763       1.1724
    4764       1.2228
    4765       1.2349
    4766       1.2860
    4767       1.2204
    4768       1.2473
    4769       1.3475
    4770       1.2093
    4771       1.2831
    4772       1.2386
    4773       1.2160
    4774       1.2919
    4775       1.3948
    4776       1.1964
    4777       1.2666
    4778       1.2774
    4779       1.2606
    4780       1.2092
    4781       1.2811
    4782       1.3407
    4783       1.2966
    4784       1.3432
    4785       1.3037
    4786       1.3195
    4787       1.2828
    4788       1.2935
    4789       1.2673
    4790       1.3576
    4791       1.2437
    4792       1.3594
    4793       1.2415
    4794       1.3016
    4795       1.2934
    4796       1.2254
    4797       1.0939
    4798       1.3163
    4799       1.1461
    4800       1.2992
    4801       1.1420
    4802       1.1822
    4803       1.2978
    4804       1.2267
    4805       1.2060
    4806       1.2617
    4807       1.2299
    4808       1.2889
    4809       1.2405
    4810       1.1656
    4811       1.2367
    4812       1.1768
    4813       1.2290
    4814       1.2100
    4815       1.0494
    4816       1.0082
    4817       1.0794
    4818       1.0943
    4819       1.1049
    4820       1.0448
    4821       1.1209
    4822       1.0989
    4823       1.1028
    4824       1.1373
    4825       1.0984
    4826       1.1767
    4827       1.1523
    4828       1.2276
    4829       1.2156
    4830       1.1984
    4831       1.2467
    4832       1.2354
    4833       1.3157
    4834       1.2213
    4835       1.2145
    4836       1.2528
    4837       1.2235
    4838       1.2449
    4839       1.2317
    4840       1.2907
    4841       1.2838
    4842       1.3018
    4843       1.3978
    4844       1.3050
    4845       1.3419
    4846       1.3356
    4847       1.2671
    4848       1.2370
    4849       1.2938
    4850       1.2520
    4851       1.2652
    4852       1.2541
    4853       1.2677
    4854       1.2400
    4855       1.2441
    4856       1.1489
    4857       1.3311
    4858       1.2274
    4859       1.2486
    4860       1.2247
    4861       1.2802
    4862       1.2413
    4863       1.2933
    4864       1.2832
    4865       1.2676
    4866       1.2461
    4867       1.1988
    4868       1.2716
    4869       1.2357
    4870       1.2287
    4871       1.1432
    4872       1.1893
    4873       1.2152
    4874       1.2027
    4875       1.2452
    4876       1.2690
    4877       1.2825
    4878       1.3300
    4879       1.3295
    4880       1.2080
    4881       1.2885
    4882       1.3125
    4883       1.3346
    4884       1.3190
    4885       1.3098
    4886       1.3711
    4887       1.2872
    4888       1.2759
    4889       1.3129
    4890       1.3570
    4891       1.3201
    4892       1.3333
    4893       1.2994
    4894       1.3095
    4895       1.2954
    4896       1.3271
    4897       1.2896
    4898       1.2756
    4899       1.3019
    4900       1.2645
    4901       1.2010
    4902       1.2336
    4903       1.1884
    4904       1.2293
    4905       1.2699
    4906       1.2937
    4907       1.2970
    4908       1.2484
    4909       1.3163
    4910       1.2970
    4911       1.2325
    4912       1.2270
    4913       1.2075
    4914       1.1897
    4915       1.2321
    4916       1.2328
    4917       1.2791
    4918       1.2318
    4919       1.2350
    4920       1.2649
    4921       1.2530
    4922       1.2386
    4923       1.2558
    4924       1.2231
    4925       1.2418
    4926       1.2824
    4927       1.3706
    4928       1.2823
    4929       1.3857
    4930       1.3590
    4931       1.3989
    4932       1.3323
    4933       1.3148
    4934       1.3265
    4935       1.3632
    4936       1.3018
    4937       1.3652
    4938       1.2572
    4939       1.2134
    4940       1.2760
    4941       1.2280
    4942       1.1922
    4943       1.1891
    4944       1.2543
    4945       1.1817
    4946       1.1411
    4947       1.2117
    4948       1.1986
    4949       1.2490
    4950       1.2661
    4951       1.2303
    4952       1.2503
    4953       1.1750
    4954       1.2769
    4955       1.3000
    4956       1.2216
    4957       1.3075
    4958       1.2391
    4959       1.2505
    4960       1.2368
    4961       1.3120
    4962       1.2445
    4963       1.2354
    4964       1.3357
    4965       1.3019
    4966       1.2388
    4967       1.2997
    4968       1.3560
    4969       1.3219
    4970       1.3175
    4971       1.1962
    4972       1.2695
    4973       1.2962
    4974       1.3225
    4975       1.3119
    4976       1.2727
    4977       1.2770
    4978       1.3144
    4979       1.2770
    4980       1.2328
    4981       1.2277
    4982       1.2527
    4983       1.2041
    4984       1.2086
    4985       1.2314
    4986       1.1951
    4987       1.2183
    4988       1.3294
    4989       1.2679
    4990       1.3666
    4991       1.3435
    4992       1.3380
    4993       1.2417
    4994       1.2386
    4995       1.2502
    4996       1.2811
    4997       1.2688
    4998       1.3177
    4999       1.2733
    5000       1.2687
    5001       1.3144
    5002       1.2707
    5003       1.1637
    5004       1.2756
    5005       1.2533
    5006       1.2883
    5007       1.2902
    5008       1.2464
    5009       1.1984
    5010       1.2475
    5011       1.2522
    5012       1.2566
    5013       1.2863
    5014       1.2776
    5015       1.3264
    5016       1.4260
    5017       1.3055
    5018       1.3706
    5019       1.4125
    5020       1.4004
    5021       1.3292
    5022       1.3699
    5023       1.3844
    5024       1.3900
    5025       1.4002
    5026       1.4424
    5027       1.3767
    5028       1.3469
    5029       1.3353
    5030       1.4186
    5031       1.2704
    5032       1.4304
    5033       1.3316
    5034       1.3587
    5035       1.4082
    5036       1.4353
    5037       1.5175
    5038       1.3426
    5039       1.4433
    5040       1.4186
    5041       1.3851
    5042       1.4019
    5043       1.3931
    5044       1.3397
    5045       1.3205
    5046       1.3087
    5047       1.2629
    5048       1.1131
    5049       1.1969
    5050       1.2806
    5051       1.3132
    5052       1.3019
    5053       1.3660
    5054       1.2995
    5055       1.2761
    5056       1.2716
    5057       1.2409
    5058       1.2869
    5059       1.2293
    5060       1.3216
    5061       1.2621
    5062       1.1928
    5063       1.2595
    5064       1.2719
    5065       1.2857
    5066       1.2740
    5067       1.2528
    5068       1.3210
    5069       1.3611
    5070       1.3163
    5071       1.3422
    5072       1.4218
    5073       1.3803
    5074       1.3976
    5075       1.3877
    5076       1.3858
    5077       1.3764
    5078       1.5045
    5079       1.5269
    5080       1.3613
    5081       1.4406
    5082       1.2756
    5083       1.2756
    5084       1.3727
    5085       1.3293
    5086       1.2996
    5087       1.3315
    5088       1.3286
    5089       1.3792
    5090       1.3581
    5091       1.2726
    5092       1.3983
    5093       1.3224
    5094       1.3817
    5095       1.2769
    5096       1.2600
    5097       1.3655
    5098       1.2899
    5099       1.3198
    5100       1.3069
    5101       1.3269
    5102       1.2530
    5103       1.3648
    5104       1.3366
    5105       1.3454
    5106       1.3878
    5107       1.2974
    5108       1.2568
    5109       1.3548
    5110       1.3336
    5111       1.3331
    5112       1.3774
    5113       1.3200
    5114       1.2783
    5115       1.2535
    5116       1.2848
    5117       1.3912
    5118       1.3679
    5119       1.2919
    5120       1.2861
    5121       1.2214
    5122       1.2818
    5123       1.2026
    5124       1.2377
    5125       1.2228
    5126       1.2251
    5127       1.2644
    5128       1.3283
    5129       1.3012
    5130       1.2761
    5131       1.1660
    5132       1.2018
    5133       1.2633
    5134       1.1086
    5135       1.1571
    5136       1.1995
    5137       1.1864
    5138       1.2337
    5139       1.1577
    5140       1.2208
    5141       1.3033
    5142       1.2107
    5143       1.1502
    5144       1.2337
    5145       1.1582
    5146       1.1981
    5147       1.0815
    5148       1.1014
    5149       1.1798
    5150       1.1730
    5151       1.0993
    5152       1.1091
    5153       1.1090
    5154       1.1340
    5155       1.0297
    5156       1.0930
    5157       1.1501
    5158       1.0639
    5159       1.0136
    5160       1.0430
    5161       1.1143
    5162       1.0990
    5163       1.1820
    5164       1.2021
    5165       1.1622
    5166       1.2152
    5167       1.0831
    5168       1.1356
    5169       1.1259
    5170       1.0943
    5171       1.1886
    5172       1.1292
    5173       0.9981
    5174       1.1623
    5175       1.0759
    5176       1.0077
    5177       1.0826
    5178       1.0846
    5179       1.1793
    5180       1.1048
    5181       1.1620
    5182       1.1715
    5183       1.0964
    5184       1.2153
    5185       1.1633
    5186       1.0997
    5187       1.1179
    5188       1.0876
    5189       1.1752
    5190       1.1206
    5191       1.1121
    5192       1.1752
    5193       1.1433
    5194       1.2317
    5195       1.1811
    5196       1.1896
    5197       1.0727
    5198       1.1377
    5199       1.0768
    5200       1.1500
    5201       1.1172
    5202       1.0861
    5203       1.1281
    5204       1.1431
    5205       1.1490
    5206       1.0897
    5207       1.0967
    5208       1.1243
    5209       1.0735
    5210       1.0804
    5211       1.0683
    5212       1.0761
    5213       1.1118
    5214       1.1969
    5215       1.1747
    5216       1.1192
    5217       1.1522
    5218       1.1130
    5219       1.0510
    5220       1.1498
    5221       1.1666
    5222       1.1526
    5223       1.1089
    5224       1.1156
    5225       1.0986
    5226       1.1746
    5227       1.2050
    5228       1.1445
    5229       1.0883
    5230       1.0685
    5231       1.1363
    5232       1.1613
    5233       1.1165
    5234       1.1092
    5235       1.0138
    5236       1.0469
    5237       1.1086
    5238       1.1664
    5239       1.1837
    5240       1.1123
    5241       1.1224
    5242       1.1202
    5243       1.1857
    5244       1.1277
    5245       1.0891
    5246       1.0653
    5247       1.1582
    5248       1.0992
    5249       1.1133
    5250       1.1934
    5251       1.2044
    5252       1.1775
    5253       1.0666
    5254       1.0970
    5255       1.1039
    5256       1.1505
    5257       1.0886
    5258       1.1282
    5259       1.1073
    5260       1.0360
    5261       1.1223
    5262       1.0615
    5263       1.0895
    5264       1.1434
    5265       1.0874
    5266       1.0792
    5267       1.1049
    5268       1.0960
    5269       1.0809
    5270       0.9746
    5271       1.1605
    5272       1.0552
    5273       1.0707
    5274       1.1522
    5275       1.0688
    5276       1.1675
    5277       1.1169
    5278       1.0881
    5279       1.1508
    5280       1.1717
    5281       1.1307
    5282       1.1446
    5283       1.1791
    5284       1.1389
    5285       1.1640
    5286       1.1132
    5287       1.1286
    5288       1.1522
    5289       1.1540
    5290       1.1117
    5291       1.0906
    5292       1.2008
    5293       1.0828
    5294       1.1507
    5295       1.0617
    5296       1.0924
    5297       1.0703
    5298       1.0472
    5299       1.0655
    5300       1.0621
    5301       1.0338
    5302       1.1130
    5303       1.0651
    5304       1.0031
    5305       1.0687
    5306       1.0182
    5307       1.0192
    5308       1.0036
    5309       1.1212
    5310       1.1698
    5311       1.0867
    5312       1.0924
    5313       0.9988
    5314       1.0130
    5315       1.0149
    5316       1.0441
    5317       1.0714
    5318       1.0553
    5319       1.0551
    5320       1.0394
    5321       0.9606
    5322       1.0529
    5323       1.0895
    5324       1.1419
    5325       1.1437
    5326       1.1052
    5327       1.1028
    5328       1.0594
    5329       1.0775
    5330       1.1006
    5331       1.1242
    5332       1.0797
    5333       1.0314
    5334       1.0708
    5335       1.1068
    5336       1.0503
    5337       1.0706
    5338       1.1239
    5339       1.0738
    5340       1.1330
    5341       1.0955
    5342       1.1943
    5343       1.1102
    5344       1.1652
    5345       1.0993
    5346       1.1378
    5347       1.1113
    5348       1.0605
    5349       1.0640
    5350       1.1563
    5351       1.1379
    5352       1.0713
    5353       1.0782
    5354       0.9718
    5355       1.0936
    5356       1.0717
    5357       1.0591
    5358       1.0966
    5359       1.0402
    5360       1.0139
    5361       1.0010
    5362       1.0873
    5363       1.0047
    5364       1.1443
    5365       1.1250
    5366       1.2380
    5367       1.1436
    5368       1.1004
    5369       1.0601
    5370       0.9932
    5371       1.0959
    5372       1.0503
    5373       1.0993
    5374       1.0798
    5375       1.0678
    5376       1.0572
    5377       1.0338
    5378       1.0165
    5379       1.1173
    5380       1.1200
    5381       1.0799
    5382       1.1247
    5383       1.2206
    5384       1.1418
    5385       1.1350
    5386       1.0987
    5387       1.1610
    5388       1.1208
    5389       1.1569
    5390       1.1491
    5391       1.1212
    5392       1.1164
    5393       1.1036
    5394       1.1871
    5395       1.1300
    5396       1.2829
    5397       1.2325
    5398       1.1819
    5399       1.1632
    5400       1.1684
    5401       1.1311
    5402       1.0702
    5403       1.1414
    5404       1.0965
    5405       1.0617
    5406       1.1343
    5407       0.9894
    5408       1.1149
    5409       1.0639
    5410       1.1014
    5411       1.1153
    5412       1.0902
    5413       1.1785
    5414       1.2465
    5415       1.2125
    5416       1.2140
    5417       1.2186
    5418       1.1384
    5419       1.0749
    5420       1.0842
    5421       1.1194
    5422       1.0530
    5423       1.1005
    5424       1.0241
    5425       1.0898
    5426       1.1065
    5427       1.0874
    5428       1.0238
    5429       1.0801
    5430       1.0765
    5431       1.0944
    5432       1.1280
    5433       1.1665
    5434       1.0573
    5435       1.1095
    5436       1.0665
    5437       1.1263
    5438       1.0844
    5439       1.1343
    5440       1.0967
    5441       1.1156
    5442       1.0395
    5443       1.0916
    5444       1.1468
    5445       1.1152
    5446       1.0921
    5447       1.1336
    5448       1.1244
    5449       1.1425
    5450       1.1147
    5451       1.0961
    5452       1.1237
    5453       1.1834
    5454       1.1564
    5455       1.1587
    5456       1.1937
    5457       1.1960
    5458       1.1944
    5459       1.1469
    5460       1.1496
    5461       1.2073
    5462       1.0585
    5463       1.1337
    5464       1.0579
    5465       1.0799
    5466       1.0901
    5467       1.0848
    5468       1.1095
    5469       1.0779
    5470       1.0058
    5471       1.0721
    5472       0.9909
    5473       1.0809
    5474       1.0502
    5475       1.0226
    5476       1.0746
    5477       1.1093
    5478       1.1032
    5479       1.0565
    5480       1.0921
    5481       1.0210
    5482       1.0854
    5483       1.0450
    5484       1.0933
    5485       1.1161
    5486       1.0438
    5487       1.1007
    5488       1.1290
    5489       1.1448
    5490       1.0567
    5491       1.1135
    5492       1.1069
    5493       1.1172
    5494       1.1449
    5495       1.2339
    5496       1.3001
    5497       1.2007
    5498       1.1825
    5499       1.1219
    5500       1.1041
    5501       1.1429
    5502       1.0964
    5503       1.1345
    5504       1.0881
    5505       1.0743
    5506       1.0315
    5507       1.1729
    5508       1.1687
    5509       1.0533
    5510       1.0686
    5511       1.1472
    5512       1.0279
    5513       1.0583
    5514       1.0869
    5515       0.9944
    5516       1.0787
    5517       1.1739
    5518       1.0604
    5519       1.1020
    5520       1.1077
    5521       1.0511
    5522       1.0840
    5523       1.0569
    5524       1.1286
    5525       1.0822
    5526       0.9983
    5527       1.1081
    5528       1.0669
    5529       1.0664
    5530       1.0715
    5531       1.1118
    5532       1.0879
    5533       1.0897
    5534       1.0434
    5535       1.0140
    5536       1.0928
    5537       1.0882
    5538       1.2068
    5539       1.1501
    5540       1.0793
    5541       1.0509
    5542       1.0692
    5543       1.0248
    5544       1.0135
    5545       1.0724
    5546       1.0649
    5547       1.0759
    5548       1.0340
    5549       1.0470
    5550       1.1820
    5551       1.0726
    5552       1.1802
    5553       1.0827
    5554       1.2708
    5555       1.1938
    5556       1.1737
    5557       1.1753
    5558       1.1646
    5559       1.1115
    5560       1.0917
    5561       1.1860
    5562       1.1296
    5563       1.0710
    5564       1.1095
    5565       1.0524
    5566       1.1720
    5567       1.1434
    5568       1.1600
    5569       1.2562
    5570       1.2028
    5571       1.1401
    5572       1.0157
    5573       1.0134
    5574       1.0592
    5575       1.0677
    5576       1.1089
    5577       1.0473
    5578       1.1060
    5579       1.1195
    5580       1.0984
    5581       1.0761
    5582       1.0191
    5583       1.0651
    5584       1.0621
    5585       1.0837
    5586       1.0152
    5587       1.0475
    5588       1.0598
    5589       0.9417
    5590       1.0563
    5591       1.0760
    5592       1.1144
    5593       1.1449
    5594       1.1926
    5595       1.0323
    5596       0.9992
    5597       0.9649
    5598       0.9680
    5599       1.0078
    5600       1.0690
    5601       1.0599
    5602       1.0393
    5603       1.0859
    5604       1.0886
    5605       1.0396
    5606       1.1115
    5607       1.0659
    5608       1.0865
    5609       1.0899
    5610       1.0428
    5611       1.0382
    5612       1.0147
    5613       1.1048
    5614       1.0664
    5615       1.0724
    5616       1.0526
    5617       1.0448
    5618       1.0964
    5619       1.0686
    5620       1.0692
    5621       1.0391
    5622       1.0285
    5623       1.0067
    5624       1.0050
    5625       0.9994
    5626       0.9290
    5627       1.0143
    5628       1.0772
    5629       0.9947
    5630       0.9868
    5631       1.0484
    5632       1.0468
    5633       1.0573
    5634       1.0707
    5635       1.1129
    5636       1.0605
    5637       1.0633
    5638       1.0359
    5639       1.0537
    5640       1.0564
    5641       1.1442
    5642       1.1238
    5643       1.1509
    5644       1.1461
    5645       1.1225
    5646       1.1019
    5647       1.1033
    5648       1.0894
    5649       1.1047
    5650       1.1229
    5651       1.1915
    5652       1.1467
    5653       1.1360
    5654       1.1510
    5655       1.1316
    5656       1.1023
    5657       1.0820
    5658       1.0491
    5659       1.0064
    5660       0.9955
    5661       1.0292
    5662       1.1181
    5663       1.0539
    5664       1.0385
    5665       1.0869
    5666       1.0524
    5667       1.0970
    5668       1.0726
    5669       1.0813
    5670       1.1556
    5671       1.0557
    5672       1.1670
    5673       1.1149
    5674       1.0602
    5675       1.1350
    5676       1.1787
    5677       1.1904
    5678       1.0598
    5679       1.0526
    5680       1.1114
    5681       1.0905
    5682       1.1204
    5683       1.0615
    5684       1.1270
    5685       1.1165
    5686       1.1213
    5687       1.1818
    5688       1.1281
    5689       1.1602
    5690       1.1377
    5691       1.1621
    5692       1.1917
    5693       1.1975
    5694       1.2137
    5695       1.2068
    5696       1.1801
    5697       1.1724
    5698       1.1501
    5699       1.1231
    5700       1.0924
    5701       1.0874
    5702       1.1434
    5703       1.0751
    5704       1.0844
    5705       1.1470
    5706       1.1806
    5707       1.1415
    5708       1.0655
    5709       1.0547
    5710       1.0788
    5711       1.0947
    5712       1.1172
    5713       1.1869
    5714       1.0756
    5715       1.1427
    5716       1.1101
    5717       1.1913
    5718       1.2023
    5719       1.0595
    5720       1.0675
    5721       1.2331
    5722       1.1692
    5723       1.1480
    5724       1.1321
    5725       1.1610
    5726       1.0932
    5727       1.1662
    5728       1.1875
    5729       1.1241
    5730       1.1179
    5731       1.1067
    5732       1.1316
    5733       1.1545
    5734       1.1749
    5735       1.1907
    5736       1.1984
    5737       1.1446
    5738       1.1474
    5739       1.1535
    5740       1.1873
    5741       1.0720
    5742       1.1111
    5743       1.0949
    5744       1.0819
    5745       1.1298
    5746       1.0283
    5747       1.1221
    5748       1.0403
    5749       1.1684
    5750       1.1677
    5751       1.1805
    5752       1.1399
    5753       1.0638
    5754       1.0894
    5755       1.1260
    5756       1.1445
    5757       1.0693
    5758       1.1148
    5759       1.1349
    5760       1.1234
    5761       1.0913
    5762       1.2331
    5763       1.2040
    5764       1.3450
    5765       1.3252
    5766       1.3317
    5767       1.3932
    5768       1.3685
    5769       1.4254
    5770       1.3546
    5771       1.2238
    5772       1.2052
    5773       1.3019
    5774       1.2197
    5775       1.2447
    5776       1.3008
    5777       1.2665
    5778       1.2374
    5779       1.2684
    5780       1.2704
    5781       1.3303
    5782       1.2930
    5783       1.2078
    5784       1.3011
    5785       1.2464
    5786       1.2353
    5787       1.3059
    5788       1.2997
    5789       1.1905
    5790       1.3276
    5791       1.2620
    5792       1.2813
    5793       1.3024
    5794       1.2376
    5795       1.3048
    5796       1.2162
    5797       1.2897
    5798       1.3229
    5799       1.2306
    5800       1.3124
    5801       1.2744
    5802       1.2027
    5803       1.2392
    5804       1.1356
    5805       1.1957
    5806       1.1970
    5807       1.2297
    5808       1.2062
    5809       1.2364
    5810       1.2287
    5811       1.2502
    5812       1.2659
    5813       1.2233
    5814       1.3672
    5815       1.2254
    5816       1.3541
    5817       1.4046
    5818       1.3559
    5819       1.2539
    5820       1.2726
    5821       1.3055
    5822       1.2593
    5823       1.3363
    5824       1.3024
    5825       1.3372
    5826       1.2224
    5827       1.2855
    5828       1.3148
    5829       1.3217
    5830       1.3307
    5831       1.2799
    5832       1.3429
    5833       1.3666
    5834       1.3695
    5835       1.3113
    5836       1.2053
    5837       1.2174
    5838       1.3118
    5839       1.2376
    5840       1.3501
    5841       1.2870
    5842       1.2281
    5843       1.2155
    5844       1.2006
    5845       1.2192
    5846       1.2337
    5847       1.1997
    5848       1.2399
    5849       1.2614
    5850       1.2191
    5851       1.2291
    5852       1.3173
    5853       1.2782
    5854       1.2721
    5855       1.2535
    5856       1.2414
    5857       1.2252
    5858       1.3207
    5859       1.2806
    5860       1.2973
    5861       1.2870
    5862       1.2056
    5863       1.2563
    5864       1.2049
    5865       1.2275
    5866       1.2851
    5867       1.2394
    5868       1.2107
    5869       1.2421
    5870       1.2649
    5871       1.2414
    5872       1.1737
    5873       1.2451
    5874       1.2540
    5875       1.3004
    5876       1.3344
    5877       1.2672
    5878       1.2296
    5879       1.2024
    5880       1.2773
    5881       1.2261
    5882       1.2250
    5883       1.2982
    5884       1.2619
    5885       1.2400
    5886       1.2464
    5887       1.2360
    5888       1.2739
    5889       1.2320
    5890       1.1914
    5891       1.2303
    5892       1.3465
    5893       1.2969
    5894       1.3111
    5895       1.3423
    5896       1.3197
    5897       1.3442
    5898       1.2032
    5899       1.1799
    5900       1.1669
    5901       1.1904
    5902       1.2096
    5903       1.2181
    5904       1.2490
    5905       1.2465
    5906       1.2093
    5907       1.2422
    5908       1.1516
    5909       1.1791
    5910       1.2581
    5911       1.2228
    5912       1.1649
    5913       1.2165
    5914       1.1660
    5915       1.2436
    5916       1.2296
    5917       1.2096
    5918       1.1741
    5919       1.0926
    5920       1.2470
    5921       1.2160
    5922       1.2069
    5923       1.1898
    5924       1.2765
    5925       1.1780
    5926       1.1686
    5927       1.1490
    5928       1.2013
    5929       1.3058
    5930       1.1858
    5931       1.1611
    5932       1.1725
    5933       1.1440
    5934       1.0994
    5935       1.0750
    5936       1.1165
    5937       1.1085
    5938       1.1344
    5939       1.1187
    5940       1.1792
    5941       1.1640
    5942       1.2150
    5943       1.1937
    5944       1.2718
    5945       1.3197
    5946       1.2500
    5947       1.2640
    5948       1.2517
    5949       1.2437
    5950       1.3106
    5951       1.2963
    5952       1.3249
    5953       1.3262
    5954       1.2156
    5955       1.2859
    5956       1.2987
    5957       1.3586
    5958       1.3288
    5959       1.2726
    5960       1.2494
    5961       1.1921
    5962       1.2817
    5963       1.2230
    5964       1.1689
    5965       1.2133
    5966       1.1875
    5967       1.2338
    5968       1.1576
    5969       1.1131
    5970       1.0406
    5971       1.0384
    5972       1.0516
    5973       1.0052
    5974       1.0022
    5975       0.9877
    5976       0.9934
    5977       1.0462
    5978       1.0933
    5979       1.0190
    5980       1.0591
    5981       1.0905
    5982       1.0602
    5983       1.0323
    5984       1.0745
    5985       1.0863
    5986       1.1130
    5987       1.0454
    5988       1.1371
    5989       1.1081
    5990       1.0385
    5991       0.9884
    5992       1.1293
    5993       1.1773
    5994       1.1328
    5995       1.2543
    5996       1.1280
    5997       1.1323
    5998       1.1501
    5999       1.0368
    6000       1.0411
    6001       1.0725
    6002       1.0827
    6003       1.1116
    6004       1.0008
    6005       1.0435
    6006       1.0899
    6007       1.1068
    6008       1.0677
    6009       1.0968
    6010       1.0508
    6011       1.0182
    6012       1.0535
    6013       1.0747
    6014       1.0740
    6015       0.9896
    6016       0.9844
    6017       1.1593
    6018       1.1665
    6019       1.1132
    6020       1.0879
    6021       1.0122
    6022       1.0079
    6023       1.0416
    6024       1.1659
    6025       1.0082
    6026       1.0713
    6027       1.0834
    6028       1.0427
    6029       1.0524
    6030       1.0909
    6031       1.0848
    6032       1.0391
    6033       0.9453
    6034       1.0902
    6035       1.0963
    6036       0.9868
    6037       1.0306
    6038       1.0535
    6039       1.0588
    6040       1.0813
    6041       1.0228
    6042       1.0515
    6043       1.1140
    6044       1.1926
    6045       1.0816
    6046       1.1159
    6047       1.1572
    6048       1.1567
    6049       1.1518
    6050       1.2161
    6051       1.2584
    6052       1.2188
    6053       1.2294
    6054       1.2697
    6055       1.2592
    6056       1.2564
    6057       1.2137
    6058       1.1860
    6059       1.2401
    6060       1.1677
    6061       1.1883
    6062       1.2296
    6063       1.1753
    6064       1.2087
    6065       1.1388
    6066       1.1659
    6067       1.1556
    6068       1.1587
    6069       1.1488
    6070       1.1942
    6071       1.1602
    6072       1.1460
    6073       1.2115
    6074       1.2264
    6075       1.1590
    6076       1.2111
    6077       1.2258
    6078       1.1263
    6079       1.2063
    6080       1.0820
    6081       1.1094
    6082       1.0635
    6083       1.1216
    6084       1.1763
    6085       1.1178
    6086       1.1000
    6087       1.1588
    6088       1.1911
    6089       1.1291
    6090       1.1455
    6091       1.2116
    6092       1.2328
    6093       1.1854
    6094       1.1778
    6095       1.0755
    6096       1.0599
    6097       1.1431
    6098       1.1149
    6099       1.1233
    6100       1.2031
    6101       1.1272
    6102       1.1834
    6103       1.1224
    6104       1.1355
    6105       1.1116
    6106       1.1380
    6107       1.1079
    6108       1.1933
    6109       1.2157
    6110       1.2234
    6111       1.2178
    6112       1.1545
    6113       1.1017
    6114       1.1266
    6115       1.0593
    6116       1.1552
    6117       1.1087
    6118       1.1055
    6119       1.0341
    6120       1.1791
    6121       1.2189
    6122       1.2246
    6123       1.0941
    6124       1.1264
    6125       1.0873
    6126       1.0781
    6127       1.1228
    6128       1.1574
    6129       1.2331
    6130       1.2194
    6131       1.2109
    6132       1.2548
    6133       1.2164
    6134       1.2536
    6135       1.1198
    6136       1.1138
    6137       1.2251
    6138       1.1081
    6139       1.1483
    6140       1.1295
    6141       1.0709
    6142       1.1588
    6143       1.1242
    6144       1.1021
    6145       1.1536
    6146       1.1166
    6147       1.1132
    6148       1.1586
    6149       1.1524
    6150       1.1497
    6151       1.1590
    6152       1.1740
    6153       1.1131
    6154       1.1459
    6155       1.0348
    6156       1.1186
    6157       1.1202
    6158       1.0641
    6159       1.1569
    6160       1.1727
    6161       1.0406
    6162       1.1032
    6163       1.1817
    6164       1.1496
    6165       1.1876
    6166       1.2188
    6167       1.2414
    6168       1.1907
    6169       1.2235
    6170       1.1887
    6171       1.1589
    6172       1.1987
    6173       1.2239
    6174       1.2142
    6175       1.2183
    6176       1.2684
    6177       1.2768
    6178       1.2535
    6179       1.3070
    6180       1.2313
    6181       1.2960
    6182       1.3837
    6183       1.2926
    6184       1.2956
    6185       1.3626
    6186       1.4070
    6187       1.3630
    6188       1.3992
    6189       1.3813
    6190       1.4321
    6191       1.5070
    6192       1.4467
    6193       1.2916
    6194       1.3181
    6195       1.1597
    6196       1.2071
    6197       1.2324
    6198       1.1725
    6199       1.1735
    6200       1.1636
    6201       1.1594
    6202       1.1609
    6203       1.2067
    6204       1.2250
    6205       1.2698
    6206       1.1397
    6207       1.2765
    6208       1.2472
    6209       1.2051
    6210       1.2067
    6211       1.2619
    6212       1.2612
    6213       1.1775
    6214       1.2461
    6215       1.2482
    6216       1.2212
    6217       1.1313
    6218       1.2132
    6219       1.2252
    6220       1.3080
    6221       1.2684
    6222       1.1519
    6223       1.2390
    6224       1.2415
    6225       1.4256
    6226       1.2779
    6227       1.3414
    6228       1.2832
    6229       1.2419
    6230       1.2475
    6231       1.2767
    6232       1.3136
    6233       1.2848
    6234       1.3158
    6235       1.2391
    6236       1.2114
    6237       1.2909
    6238       1.1872
    6239       1.1829
    6240       1.2052
    6241       1.2114
    6242       1.1971
    6243       1.2433
    6244       1.2379
    6245       1.1882
    6246       1.2105
    6247       1.2446
    6248       1.1647
    6249       1.2174
    6250       1.1981
    6251       1.2370
    6252       1.2544
    6253       1.2287
    6254       1.2783
    6255       1.2632
    6256       1.2381
    6257       1.2554
    6258       1.2414
    6259       1.1660
    6260       1.1431
    6261       1.1346
    6262       1.2484
    6263       1.2760
    6264       1.1962
    6265       1.3255
    6266       1.1901
    6267       1.2277
    6268       1.2137
    6269       1.2186
    6270       1.1920
    6271       1.1853
    6272       1.3054
    6273       1.2195
    6274       1.3765
    6275       1.2100
    6276       1.2264
    6277       1.2518
    6278       1.2175
    6279       1.2410
    6280       1.2043
    6281       1.3226
    6282       1.3349
    6283       1.3286
    6284       1.2299
    6285       1.2819
    6286       1.2741
    6287       1.2272
    6288       1.2511
    6289       1.2550
    6290       1.2744
    6291       1.2143
    6292       1.2325
    6293       1.1979
    6294       1.2561
    6295       1.1682
    6296       1.1670
    6297       1.2044
    6298       1.2251
    6299       1.1181
    6300       1.1806
    6301       1.2714
    6302       1.1717
    6303       1.1422
    6304       1.2481
    6305       1.2215
    6306       1.2456
    6307       1.2593
    6308       1.3802
    6309       1.1846
    6310       1.2049
    6311       1.2156
    6312       1.2035
    6313       1.2160
    6314       1.1106
    6315       1.1006
    6316       1.1973
    6317       1.1196
    6318       1.2433
    6319       1.1596
    6320       1.2429
    6321       1.1625
    6322       1.0903
    6323       1.2166
    6324       1.2281
    6325       1.2643
    6326       1.1844
    6327       1.1591
    6328       1.1056
    6329       1.1853
    6330       1.1611
    6331       1.2095
    6332       1.2527
    6333       1.2422
    6334       1.3240
    6335       1.1922
    6336       1.1775
    6337       1.2447
    6338       1.1941
    6339       1.1576
    6340       1.1723
    6341       1.1615
    6342       1.1809
    6343       1.2386
    6344       1.1345
    6345       1.2207
    6346       1.2200
    6347       1.1627
    6348       1.2331
    6349       1.2402
    6350       1.2833
    6351       1.2887
    6352       1.2002
    6353       1.2494
    6354       1.2882
    6355       1.2390
    6356       1.2117
    6357       1.2488
    6358       1.2766
    6359       1.2540
    6360       1.2185
    6361       1.2505
    6362       1.1656
    6363       1.1627
    6364       1.2002
    6365       1.1825
    6366       1.1633
    6367       1.1992
    6368       1.1224
    6369       1.1299
    6370       1.1145
    6371       1.1151
    6372       1.1401
    6373       1.2507
    6374       1.2004
    6375       1.1635
    6376       1.1175
    6377       1.1608
    6378       1.2377
    6379       1.2104
    6380       1.1819
    6381       1.2236
    6382       1.1899
    6383       1.1820
    6384       1.1934
    6385       1.1294
    6386       1.1703
    6387       1.2814
    6388       1.2466
    6389       1.2320
    6390       1.2403
    6391       1.1893
    6392       1.2509
    6393       1.2318
    6394       1.1635
    6395       1.1860
    6396       1.1982
    6397       1.3082
    6398       1.2448
    6399       1.1879
    6400       1.1691
    6401       1.3348
    6402       1.2934
    6403       1.2626
    6404       1.2169
    6405       1.2215
    6406       1.1630
    6407       1.1630
    6408       1.2081
    6409       1.2438
    6410       1.2661
    6411       1.2072
    6412       1.2800
    6413       1.2700
    6414       1.2250
    6415       1.1374
    6416       1.1504
    6417       1.1281
    6418       1.1668
    6419       1.2116
    6420       1.1943
    6421       1.1218
    6422       1.1663
    6423       1.1147
    6424       1.1707
    6425       1.2176
    6426       1.1505
    6427       1.1936
    6428       1.3397
    6429       1.3175
    6430       1.2706
    6431       1.3133
    6432       1.2157
    6433       1.2611
    6434       1.2011
    6435       1.2054
    6436       1.1427
    6437       1.2289
    6438       1.1490
    6439       1.2313
    6440       1.2321
    6441       1.1620
    6442       1.0551
    6443       1.1838
    6444       1.1491
    6445       1.1088
    6446       1.1507
    6447       1.1616
    6448       1.2130
    6449       1.2688
    6450       1.2022
    6451       1.2293
    6452       1.1742
    6453       1.1342
    6454       1.1458
    6455       1.2733
    6456       1.1397
    6457       1.1795
    6458       1.2496
    6459       1.2573
    6460       1.1799
    6461       1.0827
    6462       1.1383
    6463       1.1518
    6464       1.1835
    6465       1.1958
    6466       1.2172
    6467       1.1502
    6468       1.1695
    6469       1.1382
    6470       1.1264
    6471       1.0519
    6472       1.0461
    6473       1.1116
    6474       1.0399
    6475       1.1200
    6476       1.1121
    6477       1.1114
    6478       1.1338
    6479       1.0856
    6480       1.0190
    6481       1.0925
    6482       1.0222
    6483       1.1221
    6484       1.1801
    6485       1.0375
    6486       1.1084
    6487       1.1008
    6488       1.0578
    6489       1.0857
    6490       1.1578
    6491       1.1185
    6492       1.1438
    6493       1.1741
    6494       1.1799
    6495       1.1325
    6496       1.1386
    6497       1.1607
    6498       1.1570
    6499       1.1284
    6500       1.2360
    6501       1.1666
    6502       1.1488
    6503       1.1777
    6504       1.2182
    6505       1.1094
    6506       1.1204
    6507       1.1664
    6508       1.1707
    6509       1.0927
    6510       1.0795
    6511       1.0970
    6512       1.1195
    6513       1.1954
    6514       1.1102
    6515       1.1114
    6516       1.1490
    6517       1.1418
    6518       1.1019
    6519       1.1402
    6520       1.1078
    6521       1.1585
    6522       1.1323
    6523       1.1461
    6524       1.1293
    6525       1.0872
    6526       1.1394
    6527       1.1991
    6528       1.1463
    6529       1.1213
    6530       1.1440
    6531       1.1857
    6532       1.1407
    6533       1.1114
    6534       1.1619
    6535       1.1560
    6536       1.1576
    6537       1.1742
    6538       1.2216
    6539       1.2553
    6540       1.1710
    6541       1.1382
    6542       1.1315
    6543       1.2216
    6544       1.1714
    6545       1.1928
    6546       1.2015
    6547       1.1565
    6548       1.1720
    6549       1.1979
    6550       1.1810
    6551       1.2328
    6552       1.1322
    6553       1.0940
    6554       1.2076
    6555       1.1127
    6556       1.1037
    6557       1.1952
    6558       1.1667
    6559       1.1862
    6560       1.1014
    6561       1.0686
    6562       1.1089
    6563       1.1634
    6564       1.0685
    6565       1.0884
    6566       1.1393
    6567       1.0709
    6568       1.0830
    6569       1.0551
    6570       1.0812
    6571       1.1326
    6572       1.1829
    6573       1.0977
    6574       1.1241
    6575       1.1495
    6576       1.0856
    6577       1.1199
    6578       1.1399
    6579       1.1008
    6580       1.1923
    6581       1.2348
    6582       1.1731
    6583       1.1869
    6584       1.1437
    6585       1.0234
    6586       1.1011
    6587       1.1595
    6588       1.1424
    6589       1.2040
    6590       1.2070
    6591       1.2026
    6592       1.2190
    6593       1.2207
    6594       1.1713
    6595       1.1453
    6596       1.2007
    6597       1.1827
    6598       1.1962
    6599       1.2194
    6600       1.2569
    6601       1.2238
    6602       1.1570
    6603       1.2497
    6604       1.2410
    6605       1.2098
    6606       1.1604
    6607       1.2687
    6608       1.1792
    6609       1.1812
    6610       1.2498
    6611       1.1836
    6612       1.2803
    6613       1.1740
    6614       1.2380
    6615       1.1814
    6616       1.2490
    6617       1.2662
    6618       1.1730
    6619       1.1762
    6620       1.2238
    6621       1.1789
    6622       1.2488
    6623       1.2383
    6624       1.2323
    6625       1.1986
    6626       1.2438
    6627       1.2565
    6628       1.2431
    6629       1.2558
    6630       1.1598
    6631       1.2441
    6632       1.2667
    6633       1.2530
    6634       1.2686
    6635       1.2444
    6636       1.2388
    6637       1.2383
    6638       1.2946
    6639       1.2237
    6640       1.2510
    6641       1.2314
    6642       1.2203
    6643       1.2693
    6644       1.1781
    6645       1.2707
    6646       1.2091
    6647       1.2542
    6648       1.2802
    6649       1.3012
    6650       1.2751
    6651       1.2639
    6652       1.2716
    6653       1.2936
    6654       1.3478
    6655       1.3814
    6656       1.4063
    6657       1.4347
    6658       1.4374
    6659       1.4674
    6660       1.4328
    6661       1.4679
    6662       1.3900
    6663       1.4694
    6664       1.4206
    6665       1.4285
    6666       1.4199
    6667       1.4405
    6668       1.4092
    6669       1.3430
    6670       1.3760
    6671       1.3429
    6672       1.4029
    6673       1.3106
    6674       1.2792
    6675       1.2123
    6676       1.1741
    6677       1.2204
    6678       1.2271
    6679       1.1473
    6680       1.1717
    6681       1.1420
    6682       1.1955
    6683       1.1791
    6684       1.1458
    6685       1.1068
    6686       1.2807
    6687       1.2813
    6688       1.2834
    6689       1.2670
    6690       1.2528
    6691       1.2844
    6692       1.3045
    6693       1.2537
    6694       1.3964
    6695       1.2541
    6696       1.3296
    6697       1.2296
    6698       1.2108
    6699       1.1724
    6700       1.1789
    6701       1.1386
    6702       1.2289
    6703       1.2073
    6704       1.2347
    6705       1.3392
    6706       1.2112
    6707       1.2246
    6708       1.2866
    6709       1.1981
    6710       1.1985
    6711       1.1832
    6712       1.2241
    6713       1.2921
    6714       1.2647
    6715       1.2652
    6716       1.2533
    6717       1.2743
    6718       1.2961
    6719       1.2464
    6720       1.1277
    6721       1.1515
    6722       1.2199
    6723       1.1872
    6724       1.2030
    6725       1.1236
    6726       1.1394
    6727       1.2282
    6728       1.1957
    6729       1.2006
    6730       1.1159
    6731       1.1843
    6732       1.1669
    6733       1.0656
    6734       1.1061
    6735       1.1473
    6736       1.1516
    6737       1.1721
    6738       1.1863
    6739       1.1466
    6740       1.1749
    6741       1.1590
    6742       1.2158
    6743       1.0911
    6744       0.9992
    6745       1.1061
    6746       1.1629
    6747       1.1059
    6748       1.1674
    6749       1.1958
    6750       1.1658
    6751       1.1184
    6752       1.1492
    6753       1.1221
    6754       1.1377
    6755       1.1605
    6756       1.2249
    6757       1.1312
    6758       1.1114
    6759       1.1708
    6760       1.1332
    6761       1.1416
    6762       1.1011
    6763       1.1243
    6764       1.1435
    6765       1.0079
    6766       1.1501
    6767       1.0878
    6768       1.1035
    6769       1.0799
    6770       1.1705
    6771       1.0898
    6772       1.1000
    6773       1.1303
    6774       1.2025
    6775       1.1598
    6776       1.1771
    6777       1.1954
    6778       1.2198
    6779       1.1222
    6780       1.2250
    6781       1.2436
    6782       1.1935
    6783       1.1606
    6784       1.1913
    6785       1.0820
    6786       1.1787
    6787       1.1423
    6788       1.2143
    6789       1.1891
    6790       1.1919
    6791       1.1320
    6792       1.1795
    6793       1.1632
    6794       1.1259
    6795       1.1950
    6796       1.0726
    6797       1.0777
    6798       1.0869
    6799       1.1149
    6800       1.0968
    6801       1.0892
    6802       1.1125
    6803       1.0614
    6804       1.1956
    6805       1.0926
    6806       1.2404
    6807       1.2330
    6808       1.1372
    6809       1.1335
    6810       1.1029
    6811       1.1713
    6812       1.0766
    6813       1.1531
    6814       1.0494
    6815       1.0117
    6816       1.0968
    6817       1.1429
    6818       1.1108
    6819       1.0999
    6820       1.0559
    6821       1.0512
    6822       1.1412
    6823       1.1368
    6824       1.1509
    6825       1.1198
    6826       1.0902
    6827       1.0903
    6828       1.0370
    6829       1.0696
    6830       1.1061
    6831       1.0857
    6832       1.0478
    6833       1.0707
    6834       1.1177
    6835       1.0882
    6836       1.0619
    6837       1.1679
    6838       1.1616
    6839       1.1635
    6840       1.1054
    6841       1.1790
    6842       1.0678
    6843       1.0839
    6844       1.0954
    6845       1.1197
    6846       1.1255
    6847       1.1293
    6848       1.0464
    6849       1.1609
    6850       1.1454
    6851       1.1177
    6852       1.0980
    6853       1.0880
    6854       1.2389
    6855       1.1948
    6856       1.2186
    6857       1.1494
    6858       1.1282
    6859       1.0601
    6860       1.1513
    6861       1.1428
    6862       1.1612
    6863       1.0838
    6864       1.1221
    6865       1.0773
    6866       1.0850
    6867       1.1159
    6868       1.0776
    6869       1.1071
    6870       1.0960
    6871       1.1218
    6872       1.1314
    6873       1.0803
    6874       1.1802
    6875       1.1507
    6876       1.1165
    6877       1.1005
    6878       1.1182
    6879       1.0675
    6880       1.0464
    6881       1.1046
    6882       1.1088
    6883       1.1236
    6884       1.1257
    6885       1.0557
    6886       1.1426
    6887       1.0949
    6888       1.0703
    6889       1.0873
    6890       1.1239
    6891       1.0832
    6892       1.2347
    6893       1.0856
    6894       1.0637
    6895       1.1630
    6896       1.1701
    6897       1.1278
    6898       1.1756
    6899       1.1150
    6900       1.1407
    6901       1.1890
    6902       1.1386
    6903       1.1132
    6904       1.0255
    6905       1.0970
    6906       1.1827
    6907       1.1056
    6908       1.1522
    6909       1.1335
    6910       1.1576
    6911       1.1171
    6912       1.1873
    6913       1.1607
    6914       1.1908
    6915       1.2054
    6916       1.1709
    6917       1.1932
    6918       1.1879
    6919       1.1366
    6920       1.1275
    6921       1.0870
    6922       1.1481
    6923       1.1338
    6924       1.1989
    6925       1.1635
    6926       1.2097
    6927       1.2082
    6928       1.2547
    6929       1.1498
    6930       1.3640
    6931       1.2494
    6932       1.3223
    6933       1.2965
    6934       1.2191
    6935       1.1807
    6936       1.2415
    6937       1.1858
    6938       1.2481
    6939       1.0907
    6940       1.1034
    6941       1.0679
    6942       1.1144
    6943       1.0610
    6944       1.1296
    6945       1.2928
    6946       1.1519
    6947       1.2269
    6948       1.2141
    6949       1.1361
    6950       1.0915
    6951       1.1353
    6952       1.1135
    6953       1.1535
    6954       1.1526
    6955       1.2139
    6956       1.1104
    6957       1.1141
    6958       1.0308
    6959       1.0241
    6960       1.0754
    6961       1.1044
    6962       1.1570
    6963       1.0748
    6964       1.1652
    6965       1.1128
    6966       1.0951
    6967       1.0178
    6968       1.0534
    6969       1.0295
    6970       1.0840
    6971       1.1165
    6972       1.1124
    6973       1.0804
    6974       1.1486
    6975       1.1088
    6976       1.0387
    6977       0.9922
    6978       1.1094
    6979       1.1177
    6980       1.1281
    6981       1.1538
    6982       1.1277
    6983       1.1247
    6984       1.2097
    6985       1.2138
    6986       1.2180
    6987       1.2012
    6988       1.2503
    6989       1.2238
    6990       1.1750
    6991       1.2213
    6992       1.2396
    6993       1.2882
    6994       1.3083
    6995       1.2889
    6996       1.2198
    6997       1.2268
    6998       1.2352
    6999       1.1796
    7000       1.1947
    7001       1.2128
    7002       1.2030
    7003       1.2749
    7004       1.1918
    7005       1.2843
    7006       1.2282
    7007       1.2061
    7008       1.2272
    7009       1.2413
    7010       1.2570
    7011       1.2448
    7012       1.2644
    7013       1.2565
    7014       1.2201
    7015       1.3282
    7016       1.2166
    7017       1.3356
    7018       1.2619
    7019       1.2321
    7020       1.1993
    7021       1.2919
    7022       1.3518
    7023       1.3252
    7024       1.2768
    7025       1.2355
    7026       1.2164
    7027       1.2563
    7028       1.1886
    7029       1.2054
    7030       1.1846
    7031       1.2275
    7032       1.2420
    7033       1.2358
    7034       1.3580
    7035       1.2455
    7036       1.2622
    7037       1.2419
    7038       1.1980
    7039       1.2031
    7040       1.1795
    7041       1.1650
    7042       1.2109
    7043       1.1687
    7044       1.2145
    7045       1.2180
    7046       1.1766
    7047       1.0854
    7048       1.1556
    7049       1.1193
    7050       1.1446
    7051       1.1268
    7052       1.2028
    7053       1.2122
    7054       1.2001
    7055       1.2539
    7056       1.2389
    7057       1.2903
    7058       1.2737
    7059       1.2243
    7060       1.3472
    7061       1.2639
    7062       1.2226
    7063       1.1890
    7064       1.1551
    7065       1.0879
    7066       1.1588
    7067       1.2370
    7068       1.1799
    7069       1.2060
    7070       1.2084
    7071       1.2290
    7072       1.1522
    7073       1.1794
    7074       1.1954
    7075       1.1564
    7076       1.2537
    7077       1.2803
    7078       1.2427
    7079       1.2679
    7080       1.3520
    7081       1.3156
    7082       1.3128
    7083       1.3285
    7084       1.2843
    7085       1.2805
    7086       1.3251
    7087       1.3062
    7088       1.3104
    7089       1.3285
    7090       1.3529
    7091       1.3235
    7092       1.2337
    7093       1.2682
    7094       1.2807
    7095       1.3373
    7096       1.3370
    7097       1.3782
    7098       1.3463
    7099       1.3554
    7100       1.3944
    7101       1.3428
    7102       1.3353
    7103       1.2637
    7104       1.1788
    7105       1.1985
    7106       1.2447
    7107       1.3104
    7108       1.2497
    7109       1.2783
    7110       1.2650
    7111       1.3372
    7112       1.2071
    7113       1.2453
    7114       1.2954
    7115       1.2642
    7116       1.2765
    7117       1.2317
    7118       1.2296
    7119       1.2889
    7120       1.3376
    7121       1.3180
    7122       1.3382
    7123       1.4244
    7124       1.3001
    7125       1.3978
    7126       1.3501
    7127       1.3488
    7128       1.3818
    7129       1.3263
    7130       1.3396
    7131       1.4062
    7132       1.3280
    7133       1.2833
    7134       1.3840
    7135       1.3333
    7136       1.3998
    7137       1.4813
    7138       1.5242
    7139       1.4644
    7140       1.4928
    7141       1.4289
    7142       1.5067
    7143       1.4278
    7144       1.5098
    7145       1.4143
    7146       1.4240
    7147       1.4000
    7148       1.3054
    7149       1.3099
    7150       1.3515
    7151       1.2776
    7152       1.2748
    7153       1.3661
    7154       1.4166
    7155       1.3914
    7156       1.4076
    7157       1.3348
    7158       1.3376
    7159       1.3238
    7160       1.3163
    7161       1.3490
    7162       1.2546
    7163       1.3577
    7164       1.3657
    7165       1.3476
    7166       1.3463
    7167       1.2788
    7168       1.2726
    7169       1.2831
    7170       1.2761
    7171       1.3523
    7172       1.2236
    7173       1.2795
    7174       1.2620
    7175       1.2922
    7176       1.3539
    7177       1.4670
    7178       1.4590
    7179       1.3710
    7180       1.2969
    7181       1.2251
    7182       1.2685
    7183       1.2601
    7184       1.2039
    7185       1.1931
    7186       1.1418
    7187       1.1275
    7188       1.1060
    7189       1.1745
    7190       1.1734
    7191       1.1984
    7192       1.2170
    7193       1.2136
    7194       1.2484
    7195       1.2824
    7196       1.2798
    7197       1.3039
    7198       1.3458
    7199       1.2155
    7200       1.1963
    7201       1.3343
    7202       1.2786
    7203       1.4060
    7204       1.3450
    7205       1.2398
    7206       1.2533
    7207       1.2249
    7208       1.2130
    7209       1.2920
    7210       1.3068
    7211       1.2826
    7212       1.2184
    7213       1.1739
    7214       1.3725
    7215       1.2486
    7216       1.3146
    7217       1.1976
    7218       1.1250
    7219       1.2698
    7220       1.2092
    7221       1.2652
    7222       1.2646
    7223       1.2673
    7224       1.2592
    7225       1.2420
    7226       1.3052
    7227       1.2378
    7228       1.1914
    7229       1.2399
    7230       1.2773
    7231       1.2977
    7232       1.3667
    7233       1.4332
    7234       1.3446
    7235       1.3561
    7236       1.3289
    7237       1.3950
    7238       1.3197
    7239       1.3955
    7240       1.3363
    7241       1.3120
    7242       1.3473
    7243       1.3097
    7244       1.1463
    7245       1.2202
    7246       1.2356
    7247       1.2738
    7248       1.3713
    7249       1.3429
    7250       1.3466
    7251       1.3256
    7252       1.3179
    7253       1.2571
    7254       1.3267
    7255       1.2139
    7256       1.2896
    7257       1.3403
    7258       1.2060
    7259       1.1605
    7260       1.0887
    7261       1.1650
    7262       1.1441
    7263       1.1624
    7264       1.1152
    7265       1.1301
    7266       1.1166
    7267       1.1330
    7268       1.2327
    7269       1.2359
    7270       1.1399
    7271       1.2040
    7272       1.1831
    7273       1.1814
    7274       1.1467
    7275       1.1569
    7276       1.2026
    7277       1.1596
    7278       1.0964
    7279       1.2727
    7280       1.3086
    7281       1.2795
    7282       1.2156
    7283       1.2721
    7284       1.3129
    7285       1.3376
    7286       1.2806
    7287       1.1942
    7288       1.2971
    7289       1.2954
    7290       1.2849
    7291       1.2978
    7292       1.2947
    7293       1.1849
    7294       1.1972
    7295       1.1817
    7296       1.2705
    7297       1.1522
    7298       1.1815
    7299       1.1900
    7300       1.2538
    7301       1.1750
    7302       1.1744
    7303       1.1523
    7304       1.1474
    7305       1.1533
    7306       1.1764
    7307       1.0555
    7308       1.1770
    7309       1.1770
    7310       1.1506
    7311       1.1706
    7312       1.1177
    7313       1.1733
    7314       1.1805
    7315       1.2128
    7316       1.1797
    7317       1.1780
    7318       1.1790
    7319       1.2144
    7320       1.1513
    7321       1.1809
    7322       1.1653
    7323       1.1867
    7324       1.3214
    7325       1.2236
    7326       1.1927
    7327       1.1827
    7328       1.1888
    7329       1.2400
    7330       1.1703
    7331       1.1508
    7332       1.1959
    7333       1.1451
    7334       1.1803
    7335       1.1405
    7336       1.2601
    7337       1.1562
    7338       1.1928
    7339       1.2227
    7340       1.1738
    7341       1.1342
    7342       1.1614
    7343       1.2173
    7344       1.1523
    7345       1.1691
    7346       1.1280
    7347       1.1326
    7348       1.1391
    7349       1.0768
    7350       1.1470
    7351       1.1460
    7352       1.1357
    7353       1.1436
    7354       1.1654
    7355       1.1620
    7356       1.1644
    7357       1.1175
    7358       1.1640
    7359       1.2352
    7360       1.1524
    7361       1.1462
    7362       1.1549
    7363       1.1948
    7364       1.1758
    7365       1.0936
    7366       1.1316
    7367       1.0950
    7368       1.1189
    7369       1.1260
    7370       1.1350
    7371       1.0953
    7372       1.1211
    7373       1.1370
    7374       1.1800
    7375       1.2350
    7376       1.2512
    7377       1.2132
    7378       1.2577
    7379       1.2197
    7380       1.2186
    7381       1.1782
    7382       1.2735
    7383       1.2842
    7384       1.2343
    7385       1.2457
    7386       1.1807
    7387       1.2214
    7388       1.2352
    7389       1.2233
    7390       1.1728
    7391       1.1808
    7392       1.2448
    7393       1.1861
    7394       1.1875
    7395       1.1554
    7396       1.1548
    7397       1.2283
    7398       1.1924
    7399       1.2469
    7400       1.1735
    7401       1.2223
    7402       1.2118
    7403       1.2945
    7404       1.1996
    7405       1.2480
    7406       1.2808
    7407       1.2128
    7408       1.2815
    7409       1.2606
    7410       1.2747
    7411       1.2586
    7412       1.2457
    7413       1.2791
    7414       1.2475
    7415       1.2359
    7416       1.2424
    7417       1.2398
    7418       1.3105
    7419       1.1507
    7420       1.2150
    7421       1.3299
    7422       1.2300
    7423       1.1988
    7424       1.2519
    7425       1.1479
    7426       1.2015
    7427       1.1730
    7428       1.1890
    7429       1.2951
    7430       1.1711
    7431       1.2188
    7432       1.2363
    7433       1.2073
    7434       1.2301
    7435       1.2710
    7436       1.2846
    7437       1.3353
    7438       1.1599
    7439       1.2295
    7440       1.2263
    7441       1.2176
    7442       1.2164
    7443       1.2156
    7444       1.2348
    7445       1.2773
    7446       1.2708
    7447       1.2614
    7448       1.2347
    7449       1.2236
    7450       1.2019
    7451       1.2135
    7452       1.2830
    7453       1.2253
    7454       1.1389
    7455       1.1881
    7456       1.1813
    7457       1.0733
    7458       1.0303
    7459       1.0474
    7460       1.1073
    7461       1.1133
    7462       1.1436
    7463       1.1140
    7464       1.0457
    7465       1.1779
    7466       1.1486
    7467       1.1736
    7468       1.0862
    7469       1.1336
    7470       1.0121
    7471       1.0245
    7472       1.0909
    7473       1.0861
    7474       1.1182
    7475       1.0971
    7476       1.1899
    7477       1.1084
    7478       1.1820
    7479       1.1604
    7480       1.1825
    7481       1.1343
    7482       1.1776
    7483       1.1266
    7484       1.1301
    7485       1.0675
    7486       1.0975
    7487       1.0554
    7488       1.1445
    7489       1.1528
    7490       1.1839
    7491       1.1437
    7492       1.1691
    7493       1.1702
    7494       1.2057
    7495       1.1905
    7496       1.2389
    7497       1.1736
    7498       1.1342
    7499       1.1927
    7500       1.1674
    7501       1.2048
    7502       1.2042
    7503       1.2445
    7504       1.1647
    7505       1.1464
    7506       1.1796
    7507       1.1804
    7508       1.1011
    7509       1.1903
    7510       1.1427
    7511       1.1556
    7512       1.1616
    7513       1.2232
    7514       1.1574
    7515       1.0683
    7516       1.1363
    7517       1.0893
    7518       1.1350
    7519       1.1558
    7520       1.1623
    7521       1.1212
    7522       1.0980
    7523       1.1457
    7524       1.1411
    7525       1.0996
    7526       1.1615
    7527       1.1857
    7528       1.1889
    7529       1.1393
    7530       1.1148
    7531       1.1339
    7532       1.0920
    7533       1.2010
    7534       1.1359
    7535       1.1520
    7536       1.1502
    7537       1.1584
    7538       1.1930
    7539       1.1524
    7540       1.1814
    7541       1.1935
    7542       1.1383
    7543       1.1643
    7544       1.2572
    7545       1.2375
    7546       1.2546
    7547       1.1754
    7548       1.1702
    7549       1.1784
    7550       1.2089
    7551       1.1657
    7552       1.0924
    7553       1.1082
    7554       1.1468
    7555       1.1168
    7556       1.1361
    7557       1.1267
    7558       1.1282
    7559       1.1594
    7560       1.1786
    7561       1.1259
    7562       1.1333
    7563       1.1380
    7564       1.0588
    7565       1.1115
    7566       1.1796
    7567       1.0578
    7568       1.1690
    7569       1.1419
    7570       1.1605
    7571       1.1280
    7572       1.1916
    7573       1.1967
    7574       1.2359
    7575       1.1689
    7576       1.1770
    7577       1.2389
    7578       1.2256
    7579       1.1527
    7580       1.1616
    7581       1.1270
    7582       1.1885
    7583       1.1848
    7584       1.1560
    7585       1.1236
    7586       1.1475
    7587       1.2284
    7588       1.2230
    7589       1.2293
    7590       1.1356
    7591       1.0920
    7592       1.0837
    7593       1.1241
    7594       1.2068
    7595       1.1129
    7596       1.1479
    7597       1.1608
    7598       1.1460
    7599       1.1882
    7600       1.1291
    7601       1.1106
    7602       1.0630
    7603       1.1131
    7604       1.0983
    7605       1.1146
    7606       1.0148
    7607       1.0865
    7608       1.0596
    7609       1.1319
    7610       1.1303
    7611       1.1526
    7612       1.1966
    7613       1.1940
    7614       1.1271
    7615       1.1174
    7616       1.1572
    7617       1.1290
    7618       1.1353
    7619       1.1121
    7620       1.0835
    7621       1.1197
    7622       1.2183
    7623       1.1853
    7624       1.1321
    7625       1.1620
    7626       1.2271
    7627       1.1516
    7628       1.2111
    7629       1.1552
    7630       1.1181
    7631       1.1860
    7632       1.1964
    7633       1.2458
    7634       1.2365
    7635       1.3345
    7636       1.2880
    7637       1.2885
    7638       1.2192
    7639       1.2136
    7640       1.1847
    7641       1.2381
    7642       1.1595
    7643       1.1554
    7644       1.1293
    7645       1.1877
    7646       1.0978
    7647       1.1587
    7648       1.1643
    7649       1.1438
    7650       1.1167
    7651       1.1566
    7652       1.1360
    7653       1.0127
    7654       1.1383
    7655       1.1214
    7656       1.1000
    7657       1.1027
    7658       1.1712
    7659       1.0891
    7660       1.0910
    7661       1.1163
    7662       1.1753
    7663       1.1197
    7664       1.0528
    7665       1.1669
    7666       1.1835
    7667       1.1044
    7668       1.1440
    7669       1.0857
    7670       1.1096
    7671       1.1532
    7672       1.1475
    7673       1.1354
    7674       1.0691
    7675       1.1626
    7676       1.0935
    7677       1.1634
    7678       1.0624
    7679       1.0938
    7680       1.1010
    7681       1.0397
    7682       1.0682
    7683       1.0823
    7684       1.1569
    7685       1.0167
    7686       1.0434
    7687       1.0717
    7688       1.0526
    7689       1.0543
    7690       1.1099
    7691       1.1508
    7692       1.1325
    7693       1.0942
    7694       1.0655
    7695       1.0784
    7696       1.1061
    7697       1.0359
    7698       1.0981
    7699       1.1524
    7700       1.0724
    7701       1.0413
    7702       1.0313
    7703       1.0586
    7704       1.0098
    7705       1.1295
    7706       1.0662
    7707       1.0106
    7708       1.0331
    7709       1.0796
    7710       1.0438
    7711       1.0257
    7712       1.0480
    7713       0.9811
    7714       1.0406
    7715       1.0858
    7716       1.0750
    7717       1.1065
    7718       1.0761
    7719       1.0504
    7720       0.9735
    7721       1.0501
    7722       1.0201
    7723       1.0193
    7724       1.0098
    7725       1.0914
    7726       1.1143
    7727       1.0453
    7728       1.1414
    7729       1.0492
    7730       1.0550
    7731       1.1109
    7732       1.0087
    7733       0.9807
    7734       1.0441
    7735       0.9952
    7736       0.9096
    7737       0.9872
    7738       1.0042
    7739       1.0111
    7740       1.0303
    7741       1.0080
    7742       0.9335
    7743       0.9334
    7744       0.9780
    7745       1.0271
    7746       1.0017
    7747       0.9952
    7748       0.9813
    7749       1.0234
    7750       1.0485
    7751       1.0306
    7752       1.0272
    7753       1.0117
    7754       1.0070
    7755       1.0754
    7756       0.9246
    7757       0.9667
    7758       0.9800
    7759       1.0187
    7760       1.0576
    7761       1.0028
    7762       0.9972
    7763       1.1161
    7764       0.9853
    7765       1.0119
    7766       1.0234
    7767       1.0145
    7768       1.0078
    7769       0.9452
    7770       0.9391
    7771       1.0205
    7772       1.0118
    7773       1.0265
    7774       1.0358
    7775       1.0030
    7776       1.0061
    7777       1.0255
    7778       1.0370
    7779       0.9814
    7780       1.0333
    7781       1.0325
    7782       1.1116
    7783       1.0938
    7784       1.0416
    7785       1.0421
    7786       1.0499
    7787       0.9972
    7788       0.9507
    7789       0.9700
    7790       0.9241
    7791       1.0353
    7792       0.9462
    7793       1.0815
    7794       1.0280
    7795       1.0946
    7796       1.0756
    7797       1.0184
    7798       1.0014
    7799       0.9978
    7800       1.0752
    7801       1.0406
    7802       1.0208
    7803       1.0683
    7804       1.0466
    7805       1.0886
    7806       1.1078
    7807       1.1490
    7808       1.1913
    7809       1.2136
    7810       1.1568
    7811       1.2000
    7812       1.1985
    7813       1.1813
    7814       1.1434
    7815       1.2022
    7816       1.1533
    7817       1.1431
    7818       1.1392
    7819       1.0281
    7820       1.1920
    7821       1.1258
    7822       1.0404
    7823       1.0327
    7824       1.1361
    7825       1.0969
    7826       1.0641
    7827       1.0936
    7828       1.0572
    7829       1.0837
    7830       1.0941
    7831       1.1223
    7832       1.1518
    7833       1.1214
    7834       1.1002
    7835       1.0742
    7836       1.0626
    7837       0.9890
    7838       0.9954
    7839       1.0478
    7840       1.0879
    7841       1.1191
    7842       1.1117
    7843       1.1425
    7844       1.1339
    7845       1.0651
    7846       1.0899
    7847       1.1758
    7848       1.1381
    7849       1.1291
    7850       1.0903
    7851       1.1564
    7852       1.1055
    7853       1.0587
    7854       1.1147
    7855       1.0933
    7856       1.0780
    7857       1.1017
    7858       1.0987
    7859       1.1632
    7860       1.1738
    7861       1.2172
    7862       1.1780
    7863       1.1575
    7864       1.2136
    7865       1.1161
    7866       1.1382
    7867       1.2126
    7868       1.1254
    7869       1.0420
    7870       1.1786
    7871       1.1902
    7872       1.1937
    7873       1.1566
    7874       1.1879
    7875       1.1635
    7876       1.1948
    7877       1.1102
    7878       1.1969
    7879       1.0990
    7880       1.1359
    7881       1.1685
    7882       1.1214
    7883       1.1290
    7884       1.1220
    7885       1.1017
    7886       1.1420
    7887       1.2319
    7888       1.1214
    7889       1.1447
    7890       1.0921
    7891       1.2256
    7892       1.1341
    7893       1.1539
    7894       1.1728
    7895       1.2136
    7896       1.1720
    7897       1.0515
    7898       1.1529
    7899       1.0992
    7900       1.1653
    7901       1.1145
    7902       1.0756
    7903       1.1650
    7904       1.1089
    7905       1.1298
    7906       1.1300
    7907       1.0938
    7908       1.0954
    7909       1.1433
    7910       1.0881
    7911       1.1601
    7912       1.0618
    7913       1.0400
    7914       1.0351
    7915       1.0871
    7916       1.0485
    7917       1.0752
    7918       1.0123
    7919       1.0400
    7920       1.1314
    7921       1.1080
    7922       1.0737
    7923       1.0480
    7924       1.0360
    7925       1.0571
    7926       1.0299
    7927       1.0717
    7928       1.0478
    7929       1.0573
    7930       1.0033
    7931       1.0669
    7932       1.1093
    7933       1.0716
    7934       1.0935
    7935       1.1518
    7936       1.0932
    7937       1.0960
    7938       1.0981
    7939       1.1708
    7940       1.0781
    7941       1.1157
    7942       1.0947
    7943       1.1728
    7944       1.1414
    7945       1.0954
    7946       1.1385
    7947       1.1709
    7948       1.1612
    7949       1.0875
    7950       1.0991
    7951       1.0881
    7952       1.0048
    7953       1.0642
    7954       1.1233
    7955       1.0929
    7956       1.0239
    7957       1.0228
    7958       1.0642
    7959       1.0778
    7960       1.0199
    7961       1.1101
    7962       1.1245
    7963       1.0434
    7964       1.1876
    7965       1.1791
    7966       1.0908
    7967       1.0698
    7968       1.0646
    7969       1.0844
    7970       1.1234
    7971       1.0918
    7972       1.1194
    7973       1.0606
    7974       1.0842
    7975       1.1421
    7976       1.1482
    7977       1.1175
    7978       1.1055
    7979       1.1277
    7980       1.0378
    7981       1.0432
    7982       1.0853
    7983       1.0898
    7984       1.0765
    7985       1.1001
    7986       1.1235
    7987       1.1419
    7988       1.1752
    7989       1.1860
    7990       1.1848
    7991       1.1569
    7992       1.2167
    7993       1.1642
    7994       1.2252
    7995       1.1353
    7996       1.1616
    7997       1.1206
    7998       1.1270
    7999       1.0953
    8000       1.1534
    8001       1.0834
    8002       1.0816
    8003       1.1515
    8004       1.1453
    8005       1.1743
    8006       1.1464
    8007       1.1573
    8008       1.1840
    8009       1.0986
    8010       1.1354
    8011       1.1347
    8012       1.1387
    8013       1.1062
    8014       1.1380
    8015       1.1633
    8016       1.1436
    8017       1.1381
    8018       1.2124
    8019       1.1361
    8020       1.2103
    8021       1.2016
    8022       1.1872
    8023       1.2191
    8024       1.2387
    8025       1.1553
    8026       1.1187
    8027       1.1573
    8028       1.1702
    8029       1.1906
    8030       1.1211
    8031       1.1641
    8032       1.1654
    8033       1.1834
    8034       1.0869
    8035       1.1089
    8036       1.1571
    8037       1.1360
    8038       1.0759
    8039       1.1609
    8040       1.1523
    8041       1.1439
    8042       1.1690
    8043       1.1889
    8044       1.1936
    8045       1.2100
    8046       1.2500
    8047       1.2773
    8048       1.1986
    8049       1.2312
    8050       1.2588
    8051       1.2072
    8052       1.1715
    8053       1.1811
    8054       1.0822
    8055       1.1124
    8056       1.1580
    8057       1.0942
    8058       1.1010
    8059       1.0652
    8060       1.1788
    8061       1.1706
    8062       1.1418
    8063       1.1267
    8064       1.0960
    8065       1.1800
    8066       1.1707
    8067       1.1322
    8068       1.1318
    8069       1.1466
    8070       1.0815
    8071       1.0766
    8072       1.0784
    8073       1.1225
    8074       1.1129
    8075       1.0895
    8076       1.1695
    8077       1.0711
    8078       1.1673
    8079       1.1945
    8080       1.1662
    8081       1.1611
    8082       1.1097
    8083       1.1718
    8084       1.1548
    8085       1.1797
    8086       1.1000
    8087       1.1439
    8088       1.1416
    8089       1.1391
    8090       1.1642
    8091       1.1521
    8092       1.0830
    8093       1.1260
    8094       1.1001
    8095       1.0997
    8096       1.1256
    8097       1.0879
    8098       1.0985
    8099       1.0905
    8100       1.0814
    8101       1.0482
    8102       1.0607
    8103       0.9890
    8104       1.0418
    8105       0.9649
    8106       1.0194
    8107       1.0530
    8108       0.9957
    8109       1.1573
    8110       1.0340
    8111       0.9870
    8112       0.9905
    8113       1.1752
    8114       1.2115
    8115       1.1788
    8116       1.1148
    8117       1.1007
    8118       1.1112
    8119       1.2225
    8120       1.1220
    8121       1.0345
    8122       1.0448
    8123       1.1124
    8124       1.1565
    8125       1.1075
    8126       1.0849
    8127       1.1294
    8128       1.1078
    8129       1.0568
    8130       1.1254
    8131       1.1491
    8132       1.1393
    8133       1.1057
    8134       1.1206
    8135       1.0704
    8136       1.0889
    8137       1.1470
    8138       1.1026
    8139       1.1595
    8140       1.0970
    8141       1.1657
    8142       1.1609
    8143       1.1374
    8144       1.0244
    8145       1.0733
    8146       1.0602
    8147       1.1516
    8148       1.1253
    8149       1.1240
    8150       1.1211
    8151       1.0898
    8152       1.0607
    8153       1.1141
    8154       1.1561
    8155       1.1336
    8156       1.1020
    8157       1.1186
    8158       1.0688
    8159       1.0483
    8160       1.0578
    8161       1.0943
    8162       1.0406
    8163       1.0086
    8164       0.9895
    8165       1.0106
    8166       1.0835
    8167       1.0994
    8168       1.0705
    8169       1.0933
    8170       1.1385
    8171       1.1125
    8172       1.1430
    8173       1.0095
    8174       1.1245
    8175       1.1207
    8176       1.0837
    8177       1.0825
    8178       1.0797
    8179       1.0828
    8180       1.0917
    8181       1.1079
    8182       1.0456
    8183       1.0994
    8184       1.0644
    8185       1.0611
    8186       1.0301
    8187       1.0237
    8188       1.0497
    8189       1.0467
    8190       1.1176
    8191       1.0961
    8192       1.0715
    8193       1.0606
    8194       1.0132
    8195       1.0964
    8196       1.1620
    8197       1.1644
    8198       1.1021
    8199       1.1893
    8200       1.1089
    8201       1.1253
    8202       1.1679
    8203       1.1273
    8204       1.0723
    8205       1.0178
    8206       1.1097
    8207       1.0847
    8208       1.0268
    8209       1.1088
    8210       1.0516
    8211       1.0530
    8212       1.0725
    8213       0.9805
    8214       1.0337
    8215       1.0768
    8216       1.0767
    8217       1.0587
    8218       1.0454
    8219       1.0368
    8220       1.1180
    8221       1.1880
    8222       1.1140
    8223       1.1244
    8224       1.1516
    8225       1.1586
    8226       1.0737
    8227       1.1360
    8228       1.1216
    8229       1.0772
    8230       1.1454
    8231       1.1499
    8232       1.2013
    8233       1.1196
    8234       1.0266
    8235       1.1358
    8236       1.1229
    8237       1.0529
    8238       1.1583
    8239       1.1673
    8240       1.2170
    8241       1.2098
    8242       1.1441
    8243       1.1162
    8244       1.1519
    8245       1.1026
    8246       1.1979
    8247       1.1504
    8248       1.1320
    8249       1.1777
    8250       1.1931
    8251       1.2789
    8252       1.1228
    8253       1.1355
    8254       1.1162
    8255       1.0515
    8256       1.0715
    8257       1.1238
    8258       1.1344
    8259       1.0920
    8260       1.1055
    8261       1.1115
    8262       1.1435
    8263       1.0673
    8264       1.1288
    8265       1.1480
    8266       1.1490
    8267       1.0747
    8268       1.1011
    8269       1.0931
    8270       1.0928
    8271       1.0868
    8272       1.1565
    8273       1.1120
    8274       1.0976
    8275       1.0674
    8276       1.0607
    8277       1.0462
    8278       1.1483
    8279       1.1533
    8280       1.0378
    8281       1.0603
    8282       1.0644
    8283       1.1044
    8284       1.0862
    8285       1.0929
    8286       1.0834
    8287       1.1454
    8288       1.1168
    8289       1.1506
    8290       1.1390
    8291       1.1234
    8292       1.1377
    8293       1.1171
    8294       1.0647
    8295       1.1156
    8296       1.1031
    8297       1.1195
    8298       1.0805
    8299       1.1132
    8300       1.1448
    8301       1.1603
    8302       1.1143
    8303       1.1439
    8304       1.1254
    8305       1.0598
    8306       1.1335
    8307       1.1321
    8308       1.1098
    8309       1.1749
    8310       1.0677
    8311       1.0719
    8312       1.1053
    8313       1.1793
    8314       1.1301
    8315       1.1646
    8316       1.1949
    8317       1.2379
    8318       1.1958
    8319       1.0835
    8320       1.1685
    8321       1.1363
    8322       1.1519
    8323       1.1747
    8324       1.1173
    8325       1.1588
    8326       1.1190
    8327       1.1128
    8328       1.2079
    8329       1.2173
    8330       1.2699
    8331       1.2084
    8332       1.2052
    8333       1.2153
    8334       1.2025
    8335       1.2052
    8336       1.1057
    8337       1.2062
    8338       1.2383
    8339       1.2255
    8340       1.2241
    8341       1.1049
    8342       1.1642
    8343       1.1613
    8344       1.2076
    8345       1.1172
    8346       1.1343
    8347       1.1836
    8348       1.1593
    8349       1.2314
    8350       1.1634
    8351       1.1597
    8352       1.2351
    8353       1.1821
    8354       1.2187
    8355       1.2077
    8356       1.1778
    8357       1.2123
    8358       1.1730
    8359       1.2746
    8360       1.2021
    8361       1.1278
    8362       1.1699
    8363       1.0811
    8364       1.1381
    8365       1.1598
    8366       1.2172
    8367       1.1482
    8368       1.1635
    8369       1.1812
    8370       1.1503
    8371       1.0973
    8372       1.1281
    8373       1.0780
    8374       1.1677
    8375       1.1801
    8376       1.2455
    8377       1.2945
    8378       1.2822
    8379       1.1152
    8380       1.1649
    8381       1.0800
    8382       1.1350
    8383       1.1850
    8384       1.1223
    8385       1.1171
    8386       1.1934
    8387       1.2665
    8388       1.1732
    8389       1.1406
    8390       1.1012
    8391       1.1000
    8392       1.1995
    8393       1.1117
    8394       1.1119
    8395       1.1053
    8396       1.1154
    8397       1.0933
    8398       1.0843
    8399       1.1409
    8400       1.1385
    8401       1.1067
    8402       1.1811
    8403       1.2071
    8404       1.1680
    8405       1.1254
    8406       1.1279
    8407       1.1149
    8408       1.1814
    8409       1.1440
    8410       1.1743
    8411       1.1326
    8412       1.1650
    8413       1.1715
    8414       1.2092
    8415       1.3160
    8416       1.2338
    8417       1.1677
    8418       1.2051
    8419       1.2084
    8420       1.2232
    8421       1.1939
    8422       1.0933
    8423       1.1614
    8424       1.2311
    8425       1.1204
    8426       1.2230
    8427       1.0538
    8428       1.0917
    8429       1.0969
    8430       1.2257
    8431       1.1477
    8432       1.1551
    8433       1.1365
    8434       1.0563
    8435       1.0504
    8436       1.0310
    8437       1.0317
    8438       1.1119
    8439       1.0731
    8440       1.1121
    8441       1.1651
    8442       1.1917
    8443       1.1945
    8444       1.0845
    8445       1.0027
    8446       1.1289
    8447       1.1222
    8448       1.1103
    8449       1.2147
    8450       1.0962
    8451       1.1350
    8452       1.0291
    8453       0.9862
    8454       1.0839
    8455       1.0524
    8456       1.1875
    8457       1.0962
    8458       1.0885
    8459       1.1354
    8460       1.0562
    8461       1.1118
    8462       1.1661
    8463       1.1819
    8464       1.2170
    8465       1.2023
    8466       1.1158
    8467       1.0650
    8468       1.1151
    8469       1.1217
    8470       1.1292
    8471       1.1035
    8472       1.1225
    8473       1.1582
    8474       1.0622
    8475       1.1678
    8476       1.1563
    8477       1.0938
    8478       1.1106
    8479       1.0742
    8480       1.0867
    8481       1.1818
    8482       1.1878
    8483       1.1839
    8484       1.2176
    8485       1.1681
    8486       1.1854
    8487       1.1289
    8488       1.0378
    8489       1.0832
    8490       1.0766
    8491       1.0943
    8492       1.1015
    8493       1.1475
    8494       1.0985
    8495       1.0302
    8496       1.0308
    8497       1.0640
    8498       1.1688
    8499       1.0841
    8500       1.1553
    8501       1.1112
    8502       1.2195
    8503       1.1106
    8504       1.0845
    8505       1.2732
    8506       1.2017
    8507       1.1898
    8508       1.2518
    8509       1.2819
    8510       1.2450
    8511       1.2726
    8512       1.2421
    8513       1.2292
    8514       1.3022
    8515       1.2485
    8516       1.2498
    8517       1.2207
    8518       1.2921
    8519       1.1675
    8520       1.2710
    8521       1.2565
    8522       1.1917
    8523       1.1695
    8524       1.1576
    8525       1.2237
    8526       1.1651
    8527       1.1644
    8528       1.2435
    8529       1.1683
    8530       1.1302
    8531       1.2123
    8532       1.1000
    8533       1.0596
    8534       1.0290
    8535       1.1094
    8536       1.2012
    8537       1.1890
    8538       1.2168
    8539       1.1961
    8540       1.1556
    8541       1.1183
    8542       1.2105
    8543       1.1900
    8544       1.2486
    8545       1.1708
    8546       1.2172
    8547       1.1345
    8548       1.2027
    8549       1.1552
    8550       1.1269
    8551       1.1149
    8552       1.1519
    8553       1.0992
    8554       1.0641
    8555       1.0019
    8556       1.1157
    8557       1.1207
    8558       1.1080
    8559       1.1028
    8560       1.1888
    8561       1.0557
    8562       1.1880
    8563       1.1693
    8564       1.1287
    8565       1.2015
    8566       1.2017
    8567       1.1333
    8568       1.1393
    8569       1.2126
    8570       1.2314
    8571       1.2240
    8572       1.0600
    8573       1.1413
    8574       1.1434
    8575       1.0582
    8576       1.0820
    8577       1.0767
    8578       1.0628
    8579       1.1695
    8580       1.0782
    8581       1.0778
    8582       1.0945
    8583       1.0841
    8584       1.1719
    8585       1.0991
    8586       1.0610
    8587       1.0053
    8588       1.0708
    8589       0.9985
    8590       1.1201
    8591       1.1042
    8592       1.0942
    8593       1.0845
    8594       1.0440
    8595       1.0809
    8596       1.0097
    8597       1.0572
    8598       0.9976
    8599       0.9848
    8600       1.0248
    8601       0.9977
    8602       1.0540
    8603       1.0258
    8604       1.0526
    8605       1.0881
    8606       1.0055
    8607       0.9902
    8608       1.1037
    8609       1.1320
    8610       1.0872
    8611       1.0678
    8612       1.1060
    8613       1.1289
    8614       1.1477
    8615       1.2065
    8616       1.1631
    8617       1.1119
    8618       1.0557
    8619       1.0809
    8620       1.0804
    8621       1.2299
    8622       1.2375
    8623       1.1184
    8624       1.1701
    8625       1.2032
    8626       1.1712
    8627       1.0868
    8628       1.0678
    8629       1.0759
    8630       1.1243
    8631       1.1028
    8632       1.1188
    8633       1.1173
    8634       1.0772
    8635       1.0884
    8636       1.0305
    8637       1.1229
    8638       1.1441
    8639       1.0763
    8640       1.1141
    8641       1.1383
    8642       1.1027
    8643       1.0863
    8644       1.1117
    8645       1.1145
    8646       1.1294
    8647       1.1410
    8648       1.0683
    8649       1.0994
    8650       1.1050
    8651       1.1012
    8652       1.1635
    8653       1.0629
    8654       1.1426
    8655       1.2160
    8656       1.2063
    8657       1.2534
    8658       1.1804
    8659       1.1826
    8660       1.1539
    8661       1.1339
    8662       1.0574
    8663       1.0535
    8664       1.1442
    8665       1.1682
    8666       1.1277
    8667       1.0920
    8668       1.1646
    8669       1.1242
    8670       1.1062
    8671       1.0665
    8672       1.1729
    8673       1.1517
    8674       1.1282
    8675       1.1230
    8676       1.0751
    8677       1.0400
    8678       1.0535
    8679       1.0956
    8680       1.1625
    8681       1.0476
    8682       1.0657
    8683       1.0478
    8684       1.0815
    8685       1.0248
    8686       1.0704
    8687       1.1010
    8688       1.0028
    8689       1.0722
    8690       1.1492
    8691       1.2109
    8692       1.1922
    8693       1.1987
    8694       1.2405
    8695       1.1322
    8696       1.1000
    8697       1.2140
    8698       1.2746
    8699       1.1536
    8700       1.1133
    8701       1.1837
    8702       1.2149
    8703       1.1399
    8704       1.1214
    8705       1.0944
    8706       1.0631
    8707       1.0906
    8708       1.1386
    8709       1.0928
    8710       1.1711
    8711       1.2525
    8712       1.1972
    8713       1.2194
    8714       1.1748
    8715       1.1376
    8716       1.1988
    8717       1.2285
    8718       1.2535
    8719       1.1708
    8720       1.1638
    8721       1.1384
    8722       1.2141
    8723       1.1061
    8724       1.1105
    8725       1.1576
    8726       1.1778
    8727       1.1586
    8728       1.0872
    8729       1.1403
    8730       1.2102
    8731       1.2271
    8732       1.2713
    8733       1.2754
    8734       1.1759
    8735       1.0999
    8736       1.0412
    8737       1.1014
    8738       1.0892
    8739       1.0647
    8740       1.0435
    8741       1.0910
    8742       1.1420
    8743       1.1535
    8744       1.1299
    8745       1.1152
    8746       1.0990
    8747       1.0825
    8748       1.0436
    8749       1.0770
    8750       1.1030
    8751       1.1824
    8752       1.1085
    8753       1.1645
    8754       1.0887
    8755       1.0343
    8756       1.0323
    8757       1.1354
    8758       1.1846
    8759       1.1778
    8760       1.1263
    8761       1.1310
    8762       1.1852
    8763       1.1334
    8764       1.1594
    8765       1.1483
    8766       1.1761
    8767       1.1639
    8768       1.1326
    8769       1.1437
    8770       1.2139
    8771       1.1323
    8772       1.1389
    8773       1.1671
    8774       1.1641
    8775       1.1413
    8776       1.0899
    8777       1.2118
    8778       1.1569
    8779       1.1983
    8780       1.1777
    8781       1.1486
    8782       1.2283
    8783       1.1095
    8784       1.0708
    8785       1.0842
    8786       1.1992
    8787       1.1008
    8788       1.1338
    8789       1.1867
    8790       1.2526
    8791       1.1997
    8792       1.2175
    8793       1.1858
    8794       1.1908
    8795       1.1501
    8796       1.1553
    8797       1.2193
    8798       1.3053
    8799       1.1837
    8800       1.2343
    8801       1.1423
    8802       1.1561
    8803       1.2641
    8804       1.1982
    8805       1.0870
    8806       1.1490
    8807       1.2883
    8808       1.2015
    8809       1.1890
    8810       1.2187
    8811       1.1435
    8812       1.1809
    8813       1.1046
    8814       1.1523
    8815       1.1910
    8816       1.2164
    8817       1.2259
    8818       1.2707
    8819       1.2135
    8820       1.1451
    8821       1.1322
    8822       1.2189
    8823       1.2172
    8824       1.2026
    8825       1.1685
    8826       1.1306
    8827       1.1276
    8828       1.2021
    8829       1.1517
    8830       1.1620
    8831       1.1321
    8832       1.1340
    8833       1.0841
    8834       1.1255
    8835       1.1794
    8836       1.2159
    8837       1.2124
    8838       1.2921
    8839       1.2276
    8840       1.1831
    8841       1.1421
    8842       1.2849
    8843       1.1208
    8844       1.1561
    8845       1.1623
    8846       1.1606
    8847       1.1021
    8848       1.1427
    8849       1.1850
    8850       1.1239
    8851       1.0911
    8852       1.0999
    8853       1.1872
    8854       1.2606
    8855       1.1702
    8856       1.1912
    8857       1.1941
    8858       1.1338
    8859       1.1452
    8860       1.1218
    8861       1.1465
    8862       1.1813
    8863       1.1940
    8864       1.1212
    8865       1.0556
    8866       1.0793
    8867       1.1237
    8868       1.1976
    8869       1.1501
    8870       1.1668
    8871       1.2013
    8872       1.0842
    8873       1.1095
    8874       1.0862
    8875       1.0986
    8876       1.1212
    8877       1.0629
    8878       1.1141
    8879       1.0583
    8880       1.0802
    8881       1.0508
    8882       1.1109
    8883       1.0777
    8884       1.0674
    8885       1.0717
    8886       1.0669
    8887       1.1108
    8888       1.1235
    8889       1.0699
    8890       1.0129
    8891       1.0363
    8892       1.0939
    8893       1.1150
    8894       1.1014
    8895       1.0858
    8896       1.0654
    8897       1.0919
    8898       1.1103
    8899       1.1641
    8900       1.2407
    8901       1.2039
    8902       1.1679
    8903       1.2258
    8904       1.1381
    8905       1.1401
    8906       1.1514
    8907       1.1785
    8908       1.1530
    8909       1.1687
    8910       1.1911
    8911       1.1047
    8912       1.1620
    8913       1.2111
    8914       1.1454
    8915       1.1400
    8916       1.0739
    8917       1.0867
    8918       1.1383
    8919       1.1285
    8920       1.0819
    8921       1.1655
    8922       1.1239
    8923       1.1513
    8924       1.1312
    8925       1.1292
    8926       1.1459
    8927       1.1767
    8928       1.2244
    8929       1.2259
    8930       1.1740
    8931       1.2181
    8932       1.2760
    8933       1.2626
    8934       1.1912
    8935       1.2870
    8936       1.1490
    8937       1.2048
    8938       1.1700
    8939       1.1433
    8940       1.1217
    8941       1.1186
    8942       1.1794
    8943       1.1159
    8944       1.1188
    8945       1.1002
    8946       1.1982
    8947       1.1985
    8948       1.2322
    8949       1.2371
    8950       1.1357
    8951       1.1856
    8952       1.1609
    8953       1.2315
    8954       1.2712
    8955       1.2812
    8956       1.2143
    8957       1.2080
    8958       1.2903
    8959       1.1897
    8960       1.2108
    8961       1.2531
    8962       1.1529
    8963       1.2105
    8964       1.2424
    8965       1.2263
    8966       1.2272
    8967       1.1033
    8968       1.2420
    8969       1.2505
    8970       1.2030
    8971       1.1143
    8972       1.1253
    8973       1.0903
    8974       1.0951
    8975       1.0706
    8976       1.0976
    8977       1.0963
    8978       1.1826
    8979       1.1081
    8980       1.1388
    8981       1.2426
    8982       1.2094
    8983       1.2304
    8984       1.1259
    8985       1.1549
    8986       1.1136
    8987       1.1852
    8988       1.1426
    8989       1.1268
    8990       1.2723
    8991       1.1005
    8992       1.1488
    8993       1.1535
    8994       1.1242
    8995       1.1522
    8996       1.1458
    8997       1.0747
    8998       1.1063
    8999       1.1801
    9000       1.1195
    9001       1.1370
    9002       1.1142
    9003       1.1934
    9004       1.1096
    9005       1.0601
    9006       1.0522
    9007       1.0090
    9008       1.0698
    9009       1.1251
    9010       1.1710
    9011       1.1746
    9012       1.1613
    9013       1.1569
    9014       1.0771
    9015       1.0463
    9016       1.0767
    9017       1.1627
    9018       1.1989
    9019       1.0982
    9020       1.0998
    9021       1.0391
    9022       1.1037
    9023       1.0606
    9024       1.0838
    9025       1.1092
    9026       1.0271
    9027       1.0761
    9028       1.0644
    9029       1.0768
    9030       1.0699
    9031       1.1219
    9032       1.0801
    9033       1.0786
    9034       1.1212
    9035       1.1191
    9036       1.1035
    9037       1.1236
    9038       1.0307
    9039       1.0647
    9040       1.0765
    9041       1.0732
    9042       1.1195
    9043       1.0279
    9044       1.1124
    9045       1.1534
    9046       1.1225
    9047       1.0816
    9048       1.0659
    9049       1.1655
    9050       1.1106
    9051       1.0329
    9052       1.0539
    9053       1.1491
    9054       1.0347
    9055       1.0414
    9056       1.0879
    9057       1.1014
    9058       1.1047
    9059       1.1083
    9060       1.0973
    9061       1.1564
    9062       1.1669
    9063       1.1082
    9064       1.1587
    9065       1.1148
    9066       1.1150
    9067       1.1777
    9068       1.1400
    9069       1.0725
    9070       1.0745
    9071       1.1884
    9072       1.1291
    9073       1.1546
    9074       1.1041
    9075       1.0808
    9076       1.1390
    9077       1.1824
    9078       1.1106
    9079       1.0919
    9080       1.1102
    9081       1.1039
    9082       1.1038
    9083       1.0756
    9084       1.1238
    9085       1.1002
    9086       1.1549
    9087       1.1975
    9088       1.1961
    9089       1.1376
    9090       1.0750
    9091       1.0557
    9092       1.0397
    9093       1.1590
    9094       1.0733
    9095       1.1132
    9096       1.0815
    9097       1.1074
    9098       1.0516
    9099       1.0987
    9100       1.0790
    9101       1.0854
    9102       1.0782
    9103       1.1481
    9104       1.1888
    9105       1.1609
    9106       1.1301
    9107       1.1379
    9108       1.1356
    9109       1.1546
    9110       1.1255
    9111       1.1231
    9112       1.1404
    9113       1.1172
    9114       1.0536
    9115       1.1405
    9116       1.1654
    9117       1.1319
    9118       1.1743
    9119       1.0842
    9120       1.1651
    9121       1.1865
    9122       1.1424
    9123       1.1420
    9124       1.1282
    9125       1.1636
    9126       1.1329
    9127       1.2169
    9128       1.1566
    9129       1.2014
    9130       1.1565
    9131       1.1030
    9132       1.0570
    9133       1.1284
    9134       1.0675
    9135       1.0597
    9136       1.1337
    9137       1.1014
    9138       1.0958
    9139       1.0373
    9140       1.1015
    9141       1.1587
    9142       1.1044
    9143       1.1529
    9144       1.1853
    9145       1.0300
    9146       1.0569
    9147       1.1212
    9148       0.9814
    9149       1.0205
    9150       1.0626
    9151       1.1092
    9152       1.1057
    9153       1.1064
    9154       1.1324
    9155       1.1170
    9156       1.0330
    9157       1.0791
    9158       1.0624
    9159       1.0348
    9160       1.0239
    9161       1.0234
    9162       1.1036
    9163       1.0495
    9164       1.0257
    9165       1.0509
    9166       1.0304
    9167       1.0302
    9168       0.9748
    9169       1.0080
    9170       1.0227
    9171       0.9795
    9172       1.0628
    9173       1.0426
    9174       1.0060
    9175       1.0558
    9176       1.0506
    9177       1.0505
    9178       1.0931
    9179       1.0711
    9180       1.1053
    9181       1.0678
    9182       1.0195
    9183       0.9873
    9184       0.9753
    9185       1.0426
    9186       1.0144
    9187       0.9746
    9188       0.9458
    9189       1.0146
    9190       0.9421
    9191       0.9961
    9192       0.9797
    9193       1.0156
    9194       0.9712
    9195       0.9904
    9196       0.9753
    9197       0.9424
    9198       1.0149
    9199       1.0013
    9200       0.9983
    9201       1.0623
    9202       1.0135
    9203       1.0880
    9204       1.1048
    9205       1.1063
    9206       1.1376
    9207       1.0657
    9208       1.0594
    9209       1.0723
    9210       1.0833
    9211       1.0543
    9212       1.0317
    9213       1.0280
    9214       1.0419
    9215       1.0898
    9216       1.0226
    9217       0.9758
    9218       0.9355
    9219       0.9796
    9220       0.9441
    9221       0.9266
    9222       1.0727
    9223       1.0303
    9224       1.0971
    9225       0.9896
    9226       1.0224
    9227       1.0579
    9228       1.0599
    9229       1.1221
    9230       1.0921
    9231       1.1482
    9232       1.0992
    9233       1.0383
    9234       1.0728
    9235       1.0627
    9236       1.0569
    9237       1.0999
    9238       1.0709
    9239       1.0884
    9240       1.1467
    9241       1.1424
    9242       1.1480
    9243       1.1105
    9244       1.1094
    9245       1.1452
    9246       1.1462
    9247       1.1906
    9248       1.1272
    9249       1.0624
    9250       1.0714
    9251       1.0891
    9252       1.1385
    9253       1.1805
    9254       1.1308
    9255       1.0472
    9256       1.0309
    9257       1.1143
    9258       1.0785
    9259       1.0748
    9260       1.0883
    9261       1.0599
    9262       1.0561
    9263       1.0784
    9264       1.0580
    9265       1.1225
    9266       1.0808
    9267       1.0643
    9268       1.1326
    9269       1.1555
    9270       1.0783
    9271       1.1260
    9272       1.2079
    9273       1.1117
    9274       1.1028
    9275       1.1237
    9276       1.1312
    9277       1.1277
    9278       1.1313
    9279       1.0812
    9280       1.1491
    9281       1.1137
    9282       1.1613
    9283       1.1179
    9284       1.1261
    9285       1.1125
    9286       1.1587
    9287       1.0921
    9288       1.1319
    9289       1.1156
    9290       1.1496
    9291       1.2117
    9292       1.1882
    9293       1.2232
    9294       1.1513
    9295       1.1773
    9296       1.2306
    9297       1.1883
    9298       1.2149
    9299       1.1480
    9300       1.1432
    9301       1.1598
    9302       1.2131
    9303       1.1463
    9304       1.1853
    9305       1.2305
    9306       1.2764
    9307       1.2255
    9308       1.2418
    9309       1.2371
    9310       1.2157
    9311       1.2839
    9312       1.1692
    9313       1.2115
    9314       1.2006
    9315       1.2834
    9316       1.1936
    9317       1.2163
    9318       1.2925
    9319       1.2447
    9320       1.2784
    9321       1.1626
    9322       1.2906
    9323       1.1535
    9324       1.1911
    9325       1.1950
    9326       1.2399
    9327       1.2159
    9328       1.1952
    9329       1.2689
    9330       1.2089
    9331       1.2842
    9332       1.2591
    9333       1.2787
    9334       1.3002
    9335       1.2519
    9336       1.3382
    9337       1.2784
    9338       1.2765
    9339       1.3727
    9340       1.2714
    9341       1.2976
    9342       1.2264
    9343       1.1184
    9344       1.1994
    9345       1.2062
    9346       1.2040
    9347       1.2671
    9348       1.2766
    9349       1.2405
    9350       1.3161
    9351       1.3986
    9352       1.2819
    9353       1.3930
    9354       1.3042
    9355       1.3337
    9356       1.2772
    9357       1.1983
    9358       1.2943
    9359       1.2720
    9360       1.2113
    9361       1.2154
    9362       1.2600
    9363       1.1999
    9364       1.1945
    9365       1.1796
    9366       1.2268
    9367       1.2325
    9368       1.1625
    9369       1.2556
    9370       1.2654
    9371       1.2035
    9372       1.2773
    9373       1.2650
    9374       1.1927
    9375       1.2802
    9376       1.1655
    9377       1.1625
    9378       1.1901
    9379       1.1557
    9380       1.3207
    9381       1.3625
    9382       1.2704
    9383       1.2991
    9384       1.3097
    9385       1.3584
    9386       1.3016
    9387       1.2760
    9388       1.2597
    9389       1.3403
    9390       1.2466
    9391       1.2863
    9392       1.3184
    9393       1.3469
    9394       1.4129
    9395       1.3227
    9396       1.2906
    9397       1.2654
    9398       1.2797
    9399       1.2781
    9400       1.2848
    9401       1.1331
    9402       1.2429
    9403       1.2600
    9404       1.2361
    9405       1.2835
    9406       1.1849
    9407       1.3346
    9408       1.2735
    9409       1.3567
    9410       1.3128
    9411       1.3213
    9412       1.3722
    9413       1.2901
    9414       1.2619
    9415       1.2792
    9416       1.3278
    9417       1.3355
    9418       1.3681
    9419       1.2770
    9420       1.3953
    9421       1.2795
    9422       1.3013
    9423       1.3152
    9424       1.3372
    9425       1.3476
    9426       1.2961
    9427       1.2673
    9428       1.3173
    9429       1.3080
    9430       1.3799
    9431       1.2739
    9432       1.3294
    9433       1.3818
    9434       1.3760
    9435       1.3502
    9436       1.2465
    9437       1.2434
    9438       1.3193
    9439       1.3171
    9440       1.3441
    9441       1.2745
    9442       1.2834
    9443       1.2659
    9444       1.2932
    9445       1.3106
    9446       1.3585
    9447       1.3180
    9448       1.2936
    9449       1.2712
    9450       1.3416
    9451       1.3780
    9452       1.3639
    9453       1.3246
    9454       1.3502
    9455       1.4256
    9456       1.3431
    9457       1.3848
    9458       1.3540
    9459       1.3324
    9460       1.4059
    9461       1.3931
    9462       1.3999
    9463       1.3881
    9464       1.3536
    9465       1.2872
    9466       1.2626
    9467       1.2736
    9468       1.3536
    9469       1.3883
    9470       1.4112
    9471       1.2876
    9472       1.3789
    9473       1.4211
    9474       1.3403
    9475       1.3590
    9476       1.3371
    9477       1.3218
    9478       1.3636
    9479       1.3110
    9480       1.3342
    9481       1.2904
    9482       1.2894
    9483       1.2313
    9484       1.2038
    9485       1.2759
    9486       1.2880
    9487       1.1670
    9488       1.2221
    9489       1.1735
    9490       1.2542
    9491       1.2625
    9492       1.2070
    9493       1.2073
    9494       1.1708
    9495       1.2370
    9496       1.2753
    9497       1.2794
    9498       1.2402
    9499       1.2891
    9500       1.1853
    9501       1.2414
    9502       1.2535
    9503       1.2442
    9504       1.3165
    9505       1.3232
    9506       1.2760
    9507       1.2710
    9508       1.2896
    9509       1.2705
    9510       1.2465
    9511       1.1776
    9512       1.2228
    9513       1.1887
    9514       1.1640
    9515       1.2433
    9516       1.2306
    9517       1.2466
    9518       1.2380
    9519       1.2584
    9520       1.2002
    9521       1.1920
    9522       1.2186
    9523       1.2443
    9524       1.2053
    9525       1.1881
    9526       1.2415
    9527       1.1699
    9528       1.2085
    9529       1.2262
    9530       1.1103
    9531       1.1384
    9532       1.2230
    9533       1.1354
    9534       1.1767
    9535       1.1287
    9536       1.2221
    9537       1.2016
    9538       1.2875
    9539       1.2427
    9540       1.1917
    9541       1.1992
    9542       1.1037
    9543       1.2065
    9544       1.2230
    9545       1.1058
    9546       1.2291
    9547       1.1723
    9548       1.2272
    9549       1.1707
    9550       1.2324
    9551       1.2767
    9552       1.2149
    9553       1.2425
    9554       1.2925
    9555       1.1809
    9556       1.1972
    9557       1.2031
    9558       1.2397
    9559       1.1906
    9560       1.1675
    9561       1.2034
    9562       1.1958
    9563       1.2546
    9564       1.2344
    9565       1.2442
    9566       1.1626
    9567       1.2263
    9568       1.2107
    9569       1.2158
    9570       1.2109
    9571       1.2547
    9572       1.0806
    9573       1.1860
    9574       1.1895
    9575       1.2233
    9576       1.2171
    9577       1.1430
    9578       1.2100
    9579       1.1428
    9580       1.0790
    9581       1.1927
    9582       1.1657
    9583       1.2159
    9584       1.1985
    9585       1.1385
    9586       1.1514
    9587       1.1794
    9588       1.1361
    9589       1.1860
    9590       1.1002
    9591       1.0548
    9592       1.0618
    9593       1.0591
    9594       1.0448
    9595       1.1073
    9596       1.0281
    9597       1.1247
    9598       1.1080
    9599       1.0967
    9600       1.1248
    9601       1.1404
    9602       1.0840
    9603       1.1156
    9604       1.1588
    9605       1.1662
    9606       1.1167
    9607       1.1249
    9608       1.2000
    9609       1.2042
    9610       1.1311
    9611       1.2124
    9612       1.2227
    9613       1.1725
    9614       1.2341
    9615       1.2513
    9616       1.2015
    9617       1.1855
    9618       1.2315
    9619       1.2392
    9620       1.2406
    9621       1.2491
    9622       1.3965
    9623       1.4121
    9624       1.4139
    9625       1.3237
    9626       1.2871
    9627       1.2709
    9628       1.1942
    9629       1.1881
    9630       1.2237
    9631       1.2116
    9632       1.2061
    9633       1.1437
    9634       1.2323
    9635       1.2554
    9636       1.2599
    9637       1.3051
    9638       1.2028
    9639       1.2580
    9640       1.1978
    9641       1.2134
    9642       1.1919
    9643       1.2260
    9644       1.2047
    9645       1.1756
    9646       1.2617
    9647       1.2261
    9648       1.1996
    9649       1.1401
    9650       1.1499
    9651       1.2061
    9652       1.2098
    9653       1.1951
    9654       1.2614
    9655       1.2904
    9656       1.1601
    9657       1.2441
    9658       1.1599
    9659       1.2312
    9660       1.2289
    9661       1.1528
    9662       1.2029
    9663       1.2995
    9664       1.2317
    9665       1.2912
    9666       1.2327
    9667       1.2505
    9668       1.1727
    9669       1.2006
    9670       1.1557
    9671       1.1537
    9672       1.1620
    9673       1.3001
    9674       1.2938
    9675       1.2276
    9676       1.3013
    9677       1.1999
    9678       1.2973
    9679       1.2493
    9680       1.2467
    9681       1.3133
    9682       1.3303
    9683       1.2278
    9684       1.2981
    9685       1.2383
    9686       1.2455
    9687       1.1411
    9688       1.2182
    9689       1.2694
    9690       1.2452
    9691       1.2477
    9692       1.2049
    9693       1.2209
    9694       1.2205
    9695       1.2074
    9696       1.2075
    9697       1.1777
    9698       1.2633
    9699       1.2510
    9700       1.1923
    9701       1.1688
    9702       1.2601
    9703       1.2042
    9704       1.1550
    9705       1.2702
    9706       1.3134
    9707       1.2953
    9708       1.2663
    9709       1.3521
    9710       1.3574
    9711       1.3488
    9712       1.3369
    9713       1.3639
    9714       1.2627
    9715       1.3667
    9716       1.3594
    9717       1.3495
    9718       1.3491
    9719       1.3049
    9720       1.2645
    9721       1.3110
    9722       1.2895
    9723       1.2599
    9724       1.3187
    9725       1.3068
    9726       1.3088
    9727       1.2586
    9728       1.2315
    9729       1.3510
    9730       1.2697
    9731       1.3832
    9732       1.2706
    9733       1.4117
    9734       1.3871
    9735       1.4421
    9736       1.3733
    9737       1.4220
    9738       1.3595
    9739       1.2788
    9740       1.3056
    9741       1.2822
    9742       1.3298
    9743       1.3545
    9744       1.3643
    9745       1.3653
    9746       1.2453
    9747       1.3175
    9748       1.3465
    9749       1.3165
    9750       1.3803
    9751       1.3675
    9752       1.4514
    9753       1.4220
    9754       1.3861
    9755       1.4174
    9756       1.4782
    9757       1.4704
    9758       1.4494
    9759       1.5119
    9760       1.4796
    9761       1.5027
    9762       1.5927
    9763       1.4282
    9764       1.5374
    9765       1.4803
    9766       1.5155
    9767       1.3382
    9768       1.4363
    9769       1.4016
    9770       1.4442
    9771       1.3545
    9772       1.3856
    9773       1.4165
    9774       1.3701
    9775       1.3228
    9776       1.3793
    9777       1.3388
    9778       1.3290
    9779       1.3371
    9780       1.3208
    9781       1.3762
    9782       1.3492
    9783       1.3492
    9784       1.3943
    9785       1.3779
    9786       1.4589
    9787       1.4457
    9788       1.3709
    9789       1.4021
    9790       1.4091
    9791       1.3663
    9792       1.4011
    9793       1.3332
    9794       1.3784
    9795       1.3302
    9796       1.3039
    9797       1.3387
    9798       1.3771
    9799       1.3476
    9800       1.4121
    9801       1.4517
    9802       1.4303
    9803       1.3974
    9804       1.4330
    9805       1.3791
    9806       1.3491
    9807       1.4372
    9808       1.3128
    9809       1.3633
    9810       1.2981
    9811       1.2955
    9812       1.2882
    9813       1.3074
    9814       1.2519
    9815       1.1773
    9816       1.2046
    9817       1.2000
    9818       1.2154
    9819       1.1760
    9820       1.2869
    9821       1.1454
    9822       1.1830
    9823       1.2306
    9824       1.1384
    9825       1.1316
    9826       1.1063
    9827       1.1518
    9828       1.0906
    9829       1.1734
    9830       1.1954
    9831       1.1461
    9832       1.0865
    9833       1.0846
    9834       1.1748
    9835       1.1546
    9836       1.1181
    9837       1.1173
    9838       1.0902
    9839       1.0260
    9840       1.0220
    9841       1.1676
    9842       1.0268
    9843       0.9639
    9844       1.0946
    9845       1.1061
    9846       1.0499
    9847       0.9786
    9848       1.1347
    9849       1.2030
    9850       1.1033
    9851       1.1627
    9852       1.1604
    9853       1.2093
    9854       1.1637
    9855       1.1225
    9856       1.0778
    9857       1.1637
    9858       1.2962
    9859       1.1486
    9860       1.1722
    9861       1.1398
    9862       1.1559
    9863       1.1706
    9864       1.1645
    9865       1.1832
    9866       1.0704
    9867       1.2059
    9868       1.1110
    9869       1.2233
    9870       1.2606
    9871       1.1833
    9872       1.1518
    9873       1.1940
    9874       1.1521
    9875       1.1275
    9876       1.1798
    9877       1.2065
    9878       1.2413
    9879       1.3682
    9880       1.3771
    9881       1.4272
    9882       1.2831
    9883       1.3414
    9884       1.2747
    9885       1.2451
    9886       1.3084
    9887       1.2572
    9888       1.2664
    9889       1.2452
    9890       1.2980
    9891       1.2585
    9892       1.2244
    9893       1.3079
    9894       1.2057
    9895       1.2702
    9896       1.3660
    9897       1.3732
    9898       1.3398
    9899       1.3319
    9900       1.3127
    9901       1.3575
    9902       1.3908
    9903       1.2510
    9904       1.2563
    9905       1.3101
    9906       1.2351
    9907       1.1954
    9908       1.1584
    9909       1.1132
    9910       1.0902
    9911       1.1701
    9912       1.1931
    9913       1.3575
    9914       1.2742
    9915       1.1939
    9916       1.1923
    9917       1.1395
    9918       1.1710
    9919       1.2599
    9920       1.2602
    9921       1.2494
    9922       1.3026
    9923       1.3161
    9924       1.2664
    9925       1.2979
    9926       1.3312
    9927       1.2616
    9928       1.2634
    9929       1.2843
    9930       1.2357
    9931       1.1905
    9932       1.2927
    9933       1.3356
    9934       1.3294
    9935       1.2667
    9936       1.3071
    9937       1.4119
    9938       1.3203
    9939       1.3761
    9940       1.3518
    9941       1.4294
    9942       1.3271
    9943       1.2768
    9944       1.3772
    9945       1.3437
    9946       1.1957
    9947       1.2684
    9948       1.2428
    9949       1.2761
    9950       1.3723
    9951       1.2668
    9952       1.3194
    9953       1.2488
    9954       1.2388
    9955       1.2853
    9956       1.1983
    9957       1.2294
    9958       1.2493
    9959       1.2178
    9960       1.2053
    9961       1.1253
    9962       1.2310
    9963       1.2515
    9964       1.1298
    9965       1.2310
    9966       1.1986
    9967       1.2476
    9968       1.1580
    9969       1.2783
    9970       1.3080
    9971       1.2452
    9972       1.2855
    9973       1.2710
    9974       1.2463
    9975       1.3742
    9976       1.3322
    9977       1.3851
    9978       1.3074
    9979       1.3520
    9980       1.2407
    9981       1.2479
    9982       1.2970
    9983       1.2957
    9984       1.2005
    9985       1.1643
    9986       1.1419
    9987       1.1511
    9988       1.1734
    9989       1.1375
    9990       1.1464
    9991       1.1345
    9992       1.2065
    9993       1.1940
    9994       1.2356
    9995       1.2174
    9996       1.2126
    9997       1.1394
    9998       1.1736
    9999       1.2846
   10000       1.2422
   10001       1.2752
   10002       1.2108
   10003       1.2952
   10004       1.2878
   10005       1.2143
   10006       1.3028
   10007       1.1759
   10008       1.2600
   10009       1.2563
   10010       1.2232
   10011       1.1731
   10012       1.2152
   10013       1.1956
   10014       1.1763
   10015       1.1651
   10016       1.1846
   10017       1.1828
   10018       1.1683
   10019       1.1734
   10020       1.0996
   10021       1.0956
   10022       1.1522
   10023       1.1209
   10024       1.1248
   10025       1.1854
   10026       1.2007
   10027       1.2351
   10028       1.2025
   10029       1.1326
   10030       1.2286
   10031       1.1792
   10032       1.2385
   10033       1.2210
   10034       1.1446
   10035       1.1512
   10036       1.1475
   10037       1.1352
   10038       1.1474
   10039       1.1609
   10040       1.1478
   10041       1.1282
   10042       1.1338
   10043       1.1073
   10044       1.1354
   10045       1.1621
   10046       1.0905
   10047       1.1107
   10048       1.1243
   10049       1.1969
   10050       1.2779
   10051       1.2808
   10052       1.3007
   10053       1.2805
   10054       1.3198
   10055       1.2835
   10056       1.2256
   10057       1.2410
   10058       1.2410
   10059       1.1362
   10060       1.1247
   10061       1.2165
   10062       1.2246
   10063       1.2901
   10064       1.1945
   10065       1.2280
   10066       1.2092
   10067       1.1614
   10068       1.1945
   10069       1.1940
   10070       1.1163
   10071       1.1954
   10072       1.1808
   10073       1.1104
   10074       1.0574
   10075       1.0813
   10076       1.0967
   10077       1.1702
   10078       1.1211
   10079       1.1108
   10080       1.1017
   10081       1.1537
   10082       1.1644
   10083       1.1825
   10084       1.2141
   10085       1.1371
   10086       1.1028
   10087       1.0993
   10088       1.1078
   10089       1.1669
   10090       1.1195
   10091       1.1599
   10092       1.1883
   10093       1.1496
   10094       1.3036
   10095       1.2105
   10096       1.2186
   10097       1.3081
   10098       1.2315
   10099       1.2805
   10100       1.2130
   10101       1.2531
   10102       1.2976
   10103       1.2648
   10104       1.1585
   10105       1.2155
   10106       1.0872
   10107       1.1153
   10108       1.1602
   10109       1.1708
   10110       1.1270
   10111       1.2486
   10112       1.1372
   10113       1.1445
   10114       1.2166
   10115       1.2214
   10116       1.2352
   10117       1.2089
   10118       1.2919
   10119       1.2437
   10120       1.2376
   10121       1.2647
   10122       1.3333
   10123       1.3007
   10124       1.3513
   10125       1.3693
   10126       1.3866
   10127       1.2512
   10128       1.2650
   10129       1.3224
   10130       1.3560
   10131       1.2759
   10132       1.3500
   10133       1.3573
   10134       1.2752
   10135       1.3989
   10136       1.2296
   10137       1.2650
   10138       1.2365
   10139       1.1825
   10140       1.2766
   10141       1.2532
   10142       1.2787
   10143       1.2137
   10144       1.1861
   10145       1.3883
   10146       1.2907
   10147       1.2650
   10148       1.2923
   10149       1.2304
   10150       1.2066
   10151       1.3076
   10152       1.3134
   10153       1.2598
   10154       1.3246
   10155       1.3109
   10156       1.3712
   10157       1.3746
   10158       1.3028
   10159       1.3144
   10160       1.3270
   10161       1.2216
   10162       1.2181
   10163       1.2690
   10164       1.2455
   10165       1.3157
   10166       1.3248
   10167       1.3621
   10168       1.3835
   10169       1.2834
   10170       1.3722
   10171       1.3342
   10172       1.4034
   10173       1.2999
   10174       1.2877
   10175       1.1956
   10176       1.2428
   10177       1.3315
   10178       1.2696
   10179       1.2695
   10180       1.2933
   10181       1.2907
   10182       1.3370
   10183       1.3055
   10184       1.3588
   10185       1.4888
   10186       1.3592
   10187       1.4026
   10188       1.3325
   10189       1.3657
   10190       1.3773
   10191       1.2722
   10192       1.3024
   10193       1.3026
   10194       1.3204
   10195       1.3007
   10196       1.3098
   10197       1.3527
   10198       1.3060
   10199       1.2831
   10200       1.2043
   10201       1.2681
   10202       1.2677
   10203       1.2198
   10204       1.2757
   10205       1.2360
   10206       1.2744
   10207       1.2688
   10208       1.2841
   10209       1.3074
   10210       1.3149
   10211       1.2824
   10212       1.2878
   10213       1.3427
   10214       1.2970
   10215       1.2926
   10216       1.2603
   10217       1.1327
   10218       1.1691
   10219       1.1531
   10220       1.2492
   10221       1.2304
   10222       1.2406
   10223       1.2153
   10224       1.1265
   10225       1.2666
   10226       1.2004
   10227       1.2208
   10228       1.2208
   10229       1.2391
   10230       1.1887
   10231       1.2054
   10232       1.1863
   10233       1.2126
   10234       1.2772
   10235       1.2350
   10236       1.2469
   10237       1.2274
   10238       1.1937
   10239       1.1934
   10240       1.1994
   10241       1.1376
   10242       1.1431
   10243       1.1471
   10244       1.1397
   10245       1.1900
   10246       1.1927
   10247       1.2578
   10248       1.2246
   10249       1.2322
   10250       1.1348
   10251       1.1557
   10252       1.2464
   10253       1.1713
   10254       1.1110
   10255       1.1825
   10256       1.1815
   10257       1.1758
   10258       1.2112
   10259       1.2240
   10260       1.3312
   10261       1.2299
   10262       1.2719
   10263       1.2516
   10264       1.1415
   10265       1.2115
   10266       1.1672
   10267       1.1983
   10268       1.2936
   10269       1.2474
   10270       1.3037
   10271       1.1681
   10272       1.2048
   10273       1.1238
   10274       1.1356
   10275       1.2006
   10276       1.2439
   10277       1.1604
   10278       1.2530
   10279       1.2224
   10280       1.2522
   10281       1.2486
   10282       1.2540
   10283       1.1582
   10284       1.2818
   10285       1.2452
   10286       1.2534
   10287       1.1979
   10288       1.2377
   10289       1.2951
   10290       1.2635
   10291       1.2592
   10292       1.2258
   10293       1.2528
   10294       1.2640
   10295       1.2146
   10296       1.2923
   10297       1.2202
   10298       1.3775
   10299       1.2753
   10300       1.2708
   10301       1.3361
   10302       1.3243
   10303       1.3395
   10304       1.3207
   10305       1.3428
   10306       1.2809
   10307       1.3577
   10308       1.3247
   10309       1.3169
   10310       1.2848
   10311       1.2289
   10312       1.3191
   10313       1.2586
   10314       1.2146
   10315       1.2106
   10316       1.2377
   10317       1.1818
   10318       1.1936
   10319       1.2377
   10320       1.2135
   10321       1.2710
   10322       1.2038
   10323       1.2103
   10324       1.2845
   10325       1.3141
   10326       1.2195
   10327       1.2010
   10328       1.2446
   10329       1.2094
   10330       1.2242
   10331       1.3455
   10332       1.2448
   10333       1.2376
   10334       1.1831
   10335       1.1780
   10336       1.2305
   10337       1.1892
   10338       1.3101
   10339       1.3408
   10340       1.2366
   10341       1.2919
   10342       1.3294
   10343       1.3262
   10344       1.3190
   10345       1.3121
   10346       1.4418
   10347       1.2536
   10348       1.2250
   10349       1.2224
   10350       1.2687
   10351       1.2878
   10352       1.2496
   10353       1.2235
   10354       1.2876
   10355       1.3397
   10356       1.2658
   10357       1.2105
   10358       1.1596
   10359       1.2862
   10360       1.3556
   10361       1.2346
   10362       1.2200
   10363       1.2148
   10364       1.2625
   10365       1.2291
   10366       1.2585
   10367       1.1789
   10368       1.2106
   10369       1.2072
   10370       1.2425
   10371       1.2184
   10372       1.2308
   10373       1.2578
   10374       1.1509
   10375       1.1222
   10376       1.2588
   10377       1.1726
   10378       1.1600
   10379       1.2081
   10380       1.1818
   10381       1.2401
   10382       1.2399
   10383       1.2004
   10384       1.2477
   10385       1.2562
   10386       1.2687
   10387       1.2627
   10388       1.2512
   10389       1.2281
   10390       1.2771
   10391       1.2352
   10392       1.2279
   10393       1.3164
   10394       1.2154
   10395       1.2472
   10396       1.1715
   10397       1.1378
   10398       1.1139
   10399       1.0891
   10400       1.1086
   10401       1.0789
   10402       1.1341
   10403       1.0841
   10404       1.2139
   10405       1.1432
   10406       1.1600
   10407       1.1590
   10408       1.1232
   10409       1.0690
   10410       1.0812
   10411       1.1824
   10412       1.2840
   10413       1.2120
   10414       1.1843
   10415       1.2919
   10416       1.1176
   10417       1.2048
   10418       1.1683
   10419       1.0916
   10420       1.1136
   10421       1.0914
   10422       1.1349
   10423       1.0925
   10424       1.2103
   10425       1.1655
   10426       1.2493
   10427       1.2360
   10428       1.1253
   10429       1.1067
   10430       1.1821
   10431       1.1362
   10432       1.1146
   10433       1.1247
   10434       1.1159
   10435       1.1048
   10436       1.1395
   10437       1.1284
   10438       1.1768
   10439       1.1968
   10440       1.1532
   10441       1.1862
   10442       1.1523
   10443       1.1603
   10444       1.1500
   10445       1.1376
   10446       1.2299
   10447       1.1543
   10448       1.1846
   10449       1.1567
   10450       1.1141
   10451       1.1428
   10452       1.0667
   10453       1.2167
   10454       1.2000
   10455       1.1122
   10456       1.2128
   10457       1.1386
   10458       1.0772
   10459       1.1408
   10460       1.1032
   10461       1.1418
   10462       1.1306
   10463       1.1478
   10464       1.1149
   10465       1.1719
   10466       1.1584
   10467       1.2065
   10468       1.1203
   10469       1.2113
   10470       1.1273
   10471       1.2420
   10472       1.2119
   10473       1.1680
   10474       1.0568
   10475       1.1537
   10476       1.0998
   10477       1.1787
   10478       1.1219
   10479       1.2137
   10480       1.1883
   10481       1.1419
   10482       1.1674
   10483       1.1711
   10484       1.0958
   10485       1.1686
   10486       1.1739
   10487       1.2336
   10488       1.1840
   10489       1.1512
   10490       1.1566
   10491       1.1437
   10492       1.1987
   10493       1.1706
   10494       1.1655
   10495       1.1576
   10496       1.0940
   10497       1.1153
   10498       1.1354
   10499       1.0639
   10500       1.1143
   10501       1.1607
   10502       1.1056
   10503       1.0775
   10504       1.1709
   10505       1.1874
   10506       1.1250
   10507       1.0585
   10508       1.1485
   10509       1.1858
   10510       1.1482
   10511       1.2189
   10512       1.2165
   10513       1.1541
   10514       1.1793
   10515       1.2102
   10516       1.1688
   10517       1.1364
   10518       1.1784
   10519       1.1736
   10520       1.1381
   10521       1.0921
   10522       1.1230
   10523       1.1055
   10524       1.1710
   10525       1.1604
   10526       1.1788
   10527       1.2039
   10528       1.1877
   10529       1.0959
   10530       1.0925
   10531       1.1205
   10532       1.1908
   10533       1.1923
   10534       1.1923
   10535       1.1730
   10536       1.1961
   10537       1.0961
   10538       1.1268
   10539       1.1583
   10540       1.0979
   10541       1.1586
   10542       1.1296
   10543       1.1205
   10544       1.1606
   10545       1.1425
   10546       1.1406
   10547       1.1781
   10548       1.1981
   10549       1.2358
   10550       1.1850
   10551       1.1891
   10552       1.2244
   10553       1.1652
   10554       1.1641
   10555       1.1934
   10556       1.1765
   10557       1.1854
   10558       1.1888
   10559       1.1182
   10560       1.2384
   10561       1.2002
   10562       1.1618
   10563       1.1102
   10564       1.1048
   10565       1.0962
   10566       1.0814
   10567       1.1498
   10568       1.1900
   10569       1.1323
   10570       1.1564
   10571       1.1083
   10572       1.1277
   10573       1.0721
   10574       1.0484
   10575       1.0295
   10576       1.0867
   10577       1.0926
   10578       1.0457
   10579       1.0417
   10580       1.0803
   10581       1.0625
   10582       1.0650
   10583       1.0231
   10584       1.1502
   10585       1.0775
   10586       1.0738
   10587       1.1150
   10588       1.0424
   10589       1.0254
   10590       0.9531
   10591       1.0447
   10592       0.9816
   10593       0.9923
   10594       1.0269
   10595       1.0545
   10596       1.0499
   10597       1.0566
   10598       1.0807
   10599       1.1216
   10600       1.0996
   10601       1.0968
   10602       1.1163
   10603       1.0714
   10604       1.0810
   10605       1.0696
   10606       1.0589
   10607       1.0215
   10608       1.0688
   10609       0.9981
   10610       1.0332
   10611       0.9883
   10612       1.1289
   10613       1.0726
   10614       1.0235
   10615       1.1064
   10616       1.1241
   10617       1.1065
   10618       1.1787
   10619       1.1585
   10620       1.1151
   10621       1.2135
   10622       1.1831
   10623       1.1192
   10624       1.1160
   10625       1.0210
   10626       1.0590
   10627       1.0301
   10628       1.0683
   10629       1.0249
   10630       1.1787
   10631       1.1173
   10632       1.1173
   10633       1.0505
   10634       0.9626
   10635       0.9960
   10636       1.0396
   10637       1.0896
   10638       1.0392
   10639       1.0171
   10640       1.1338
   10641       1.1393
   10642       1.0996
   10643       1.1024
   10644       1.0887
   10645       1.0317
   10646       1.0349
   10647       1.0200
   10648       1.1272
   10649       1.0798
   10650       1.0898
   10651       1.1411
   10652       1.0680
   10653       1.0880
   10654       1.0785
   10655       1.1103
   10656       1.1255
   10657       1.0135
   10658       1.1909
   10659       1.1003
   10660       1.2009
   10661       1.1857
   10662       1.0757
   10663       1.1579
   10664       1.1953
   10665       1.1590
   10666       1.1659
   10667       1.1758
   10668       1.1209
   10669       1.1399
   10670       1.1256
   10671       1.1148
   10672       1.0816
   10673       1.0261
   10674       1.1272
   10675       1.0191
   10676       1.1068
   10677       1.0464
   10678       1.0357
   10679       1.1478
   10680       1.0918
   10681       1.0805
   10682       1.0194
   10683       1.0731
   10684       0.9891
   10685       1.1184
   10686       1.0618
   10687       1.0943
   10688       1.0223
   10689       1.1145
   10690       1.1089
   10691       1.0526
   10692       1.0668
   10693       1.1149
   10694       1.1579
   10695       1.0874
   10696       1.1040
   10697       1.1172
   10698       1.0433
   10699       1.0858
   10700       1.1534
   10701       1.1031
   10702       1.1217
   10703       1.1177
   10704       1.1229
   10705       1.0805
   10706       1.0602
   10707       1.0870
   10708       1.0704
   10709       1.1195
   10710       1.0470
   10711       1.1146
   10712       1.1175
   10713       1.1287
   10714       1.1529
   10715       1.0530
   10716       1.1397
   10717       1.0297
   10718       0.9940
   10719       1.1200
   10720       1.1029
   10721       1.0897
   10722       1.1081
   10723       1.1781
   10724       1.0672
   10725       1.0739
   10726       1.0264
   10727       1.0729
   10728       1.0458
   10729       1.0421
   10730       1.1496
   10731       1.1388
   10732       1.0681
   10733       1.0640
   10734       1.0614
   10735       1.0858
   10736       1.1048
   10737       1.1528
   10738       1.1969
   10739       1.1885
   10740       1.1383
   10741       1.1094
   10742       1.1132
   10743       1.1668
   10744       1.1488
   10745       1.1531
   10746       1.1501
   10747       1.1452
   10748       1.1631
   10749       1.0439
   10750       1.1452
   10751       1.0990
   10752       1.0663
   10753       1.0140
   10754       1.0312
   10755       1.0315
   10756       1.0810
   10757       1.0731
   10758       1.0465
   10759       1.0808
   10760       1.1377
   10761       1.0464
   10762       1.1681
   10763       1.0887
   10764       1.0993
   10765       1.0192
   10766       1.0284
   10767       1.0729
   10768       0.9880
   10769       1.1389
   10770       1.0800
   10771       1.0985
   10772       1.0669
   10773       1.0138
   10774       1.0878
   10775       1.0789
   10776       1.0759
   10777       1.0695
   10778       1.0537
   10779       1.1357
   10780       1.1240
   10781       1.1156
   10782       1.0841
   10783       1.1269
   10784       1.0224
   10785       1.0648
   10786       1.0613
   10787       1.1289
   10788       1.1778
   10789       1.0855
   10790       1.1744
   10791       1.0523
   10792       1.0891
   10793       1.1208
   10794       1.1587
   10795       1.1462
   10796       1.1236
   10797       1.2080
   10798       1.2385
   10799       1.1401
   10800       1.1278
   10801       1.1278
   10802       1.1212
   10803       1.1268
   10804       1.0361
   10805       1.1079
   10806       1.0764
   10807       1.1764
   10808       1.0759
   10809       1.1792
   10810       1.1203
   10811       1.0893
   10812       1.1227
   10813       1.0678
   10814       1.1510
   10815       1.0828
   10816       1.1229
   10817       1.1176
   10818       1.0804
   10819       1.1741
   10820       1.0562
   10821       1.1329
   10822       1.1673
   10823       1.1904
   10824       1.2127
   10825       1.1343
   10826       1.1346
   10827       1.1268
   10828       1.2272
   10829       1.1880
   10830       1.1642
   10831       1.2415
   10832       1.2069
   10833       1.1471
   10834       1.1673
   10835       1.1732
   10836       1.2690
   10837       1.1979
   10838       1.1787
   10839       1.2937
   10840       1.2359
   10841       1.1715
   10842       1.2107
   10843       1.1651
   10844       1.2084
   10845       1.2596
   10846       1.1963
   10847       1.1747
   10848       1.2605
   10849       1.2232
   10850       1.2006
   10851       1.1241
   10852       1.1672
   10853       1.1692
   10854       1.2015
   10855       1.1483
   10856       1.1062
   10857       1.1223
   10858       1.1178
   10859       1.1168
   10860       1.0622
   10861       1.1016
   10862       1.0442
   10863       1.0811
   10864       1.1122
   10865       1.1295
   10866       1.1883
   10867       1.0669
   10868       1.0919
   10869       1.1123
   10870       1.0974
   10871       1.1000
   10872       1.1318
   10873       1.1120
   10874       1.0796
   10875       1.0474
   10876       0.9738
   10877       1.0154
   10878       1.0923
   10879       1.1383
   10880       1.1923
   10881       1.1405
   10882       1.1178
   10883       1.1387
   10884       1.1396
   10885       1.1527
   10886       1.0776
   10887       1.1692
   10888       1.1717
   10889       1.1258
   10890       1.1364
   10891       1.0140
   10892       1.1368
   10893       1.0537
   10894       1.0630
   10895       1.1225
   10896       1.0558
   10897       1.1314
   10898       1.0696
   10899       1.0709
   10900       1.1491
   10901       1.1795
   10902       1.1484
   10903       1.1333
   10904       1.1225
   10905       1.0553
   10906       1.1785
   10907       1.1673
   10908       1.1465
   10909       1.1441
   10910       1.0759
   10911       1.0420
   10912       1.1668
   10913       1.0912
   10914       1.2171
   10915       1.1370
   10916       1.1453
   10917       1.1267
   10918       1.1414
   10919       1.1549
   10920       1.0957
   10921       1.1086
   10922       1.1503
   10923       1.1574
   10924       1.1051
   10925       1.2161
   10926       1.1521
   10927       1.1838
   10928       1.1884
   10929       1.1621
   10930       1.0916
   10931       1.1366
   10932       1.1813
   10933       1.1394
   10934       1.1388
   10935       1.0978
   10936       1.1376
   10937       1.2168
   10938       1.1578
   10939       1.1419
   10940       1.1902
   10941       1.1769
   10942       1.1303
   10943       1.1083
   10944       1.1092
   10945       1.0474
   10946       1.0641
   10947       1.0874
   10948       1.0765
   10949       1.1747
   10950       1.1625
   10951       1.1193
   10952       1.1693
   10953       1.1448
   10954       1.0827
   10955       1.1228
   10956       1.0494
   10957       1.0487
   10958       1.0167
   10959       0.9717
   10960       1.0403
   10961       1.0517
   10962       1.0291
   10963       1.0508
   10964       0.9509
   10965       1.0596
   10966       1.0312
   10967       1.1268
   10968       1.0865
   10969       1.1402
   10970       1.1390
   10971       1.0981
   10972       1.0451
   10973       1.0547
   10974       1.0040
   10975       0.9846
   10976       1.0666
   10977       1.1047
   10978       1.0659
   10979       1.0923
   10980       1.1421
   10981       1.1633
   10982       1.1638
   10983       1.1550
   10984       1.1231
   10985       1.0815
   10986       1.0679
   10987       1.0381
   10988       1.0674
   10989       1.0316
   10990       1.0664
   10991       1.0473
   10992       1.1058
   10993       1.0463
   10994       1.0762
   10995       1.0164
   10996       1.0495
   10997       1.1430
   10998       1.0552
   10999       1.0495
   11000       1.0452
   11001       1.0131
   11002       1.0835
   11003       1.1217
   11004       1.0210
   11005       1.0216
   11006       1.0433
   11007       1.0755
   11008       1.0509
   11009       1.0656
   11010       1.0485
   11011       1.1209
   11012       0.9760
   11013       1.0227
   11014       1.0052
   11015       1.0725
   11016       1.0778
   11017       1.0673
   11018       1.0933
   11019       1.1710
   11020       1.1348
   11021       1.1172
   11022       1.1533
   11023       1.0414
   11024       1.0791
   11025       1.0597
   11026       1.0701
   11027       1.0993
   11028       1.0949
   11029       1.0541
   11030       1.0564
   11031       1.0936
   11032       1.0166
   11033       1.0297
   11034       1.0736
   11035       1.0290
   11036       1.0917
   11037       1.1358
   11038       1.0449
   11039       1.0400
   11040       1.1079
   11041       1.0731
   11042       1.1472
   11043       1.0897
   11044       1.0692
   11045       1.0630
   11046       1.1171
   11047       1.1014
   11048       1.1222
   11049       1.0944
   11050       1.0980
   11051       1.0999
   11052       1.0639
   11053       1.0931
   11054       1.1065
   11055       1.0288
   11056       1.0901
   11057       1.0200
   11058       1.0406
   11059       1.1694
   11060       1.0691
   11061       1.0658
   11062       1.0642
   11063       1.0258
   11064       1.1252
   11065       1.0924
   11066       1.1586
   11067       1.1458
   11068       1.1862
   11069       1.0910
   11070       1.1950
   11071       1.1626
   11072       1.1021
   11073       1.0599
   11074       1.0443
   11075       1.1206
   11076       1.0860
   11077       1.0840
   11078       1.0655
   11079       1.1181
   11080       1.0775
   11081       1.1173
   11082       1.0295
   11083       1.0237
   11084       1.0174
   11085       1.0951
   11086       1.0880
   11087       1.0865
   11088       0.9814
   11089       1.0829
   11090       1.0333
   11091       1.0382
   11092       1.0735
   11093       0.9972
   11094       1.0185
   11095       1.1209
   11096       1.0803
   11097       1.0087
   11098       1.1174
   11099       1.0085
   11100       1.0435
   11101       1.1019
   11102       1.1859
   11103       1.1267
   11104       1.1019
   11105       1.0879
   11106       1.0953
   11107       1.0675
   11108       1.1676
   11109       1.1986
   11110       1.2420
   11111       1.1779
   11112       1.1611
   11113       1.1494
   11114       1.1288
   11115       1.1448
   11116       1.1879
   11117       1.0515
   11118       1.1723
   11119       1.0966
   11120       1.0721
   11121       1.1299
   11122       1.0604
   11123       1.0694
   11124       1.0296
   11125       1.1412
   11126       1.0574
   11127       1.1001
   11128       1.1144
   11129       1.1009
   11130       1.1454
   11131       1.0919
   11132       1.0810
   11133       1.1334
   11134       1.0645
   11135       1.0732
   11136       1.0934
   11137       1.0632
   11138       1.0839
   11139       1.0943
   11140       1.0685
   11141       1.1515
   11142       1.0984
   11143       1.0939
   11144       1.0903
   11145       1.1058
   11146       1.0965
   11147       1.0076
   11148       1.1252
   11149       1.0291
   11150       1.1482
   11151       1.0901
   11152       1.0985
   11153       1.0863
   11154       1.1061
   11155       1.0978
   11156       1.0477
   11157       1.1416
   11158       1.1056
   11159       1.1102
   11160       1.0881
   11161       1.1321
   11162       1.0537
   11163       1.0581
   11164       1.1824
   11165       1.1101
   11166       1.0913
   11167       1.0769
   11168       1.1003
   11169       1.0967
   11170       1.0234
   11171       1.1360
   11172       1.1047
   11173       1.1756
   11174       1.0901
   11175       1.0422
   11176       1.1386
   11177       1.2235
   11178       1.0442
   11179       1.0986
   11180       1.0701
   11181       1.1736
   11182       1.0518
   11183       1.1554
   11184       1.1299
   11185       1.1127
   11186       1.0658
   11187       1.0520
   11188       1.0717
   11189       1.1093
   11190       1.1149
   11191       1.2698
   11192       1.1420
   11193       1.1848
   11194       1.1903
   11195       1.2349
   11196       1.2530
   11197       1.1679
   11198       1.1811
   11199       1.1479
   11200       1.1669
   11201       1.1395
   11202       1.1690
   11203       1.1761
   11204       1.1831
   11205       1.1768
   11206       1.1011
   11207       1.1007
   11208       1.0902
   11209       1.0335
   11210       1.0511
   11211       1.0970
   11212       1.0576
   11213       1.0011
   11214       1.0866
   11215       1.0794
   11216       0.9751
   11217       1.0643
   11218       1.0667
   11219       1.0552
   11220       1.0787
   11221       1.0792
   11222       1.0767
   11223       1.0355
   11224       1.0849
   11225       1.0585
   11226       1.0284
   11227       1.0709
   11228       1.0883
   11229       1.0757
   11230       1.1504
   11231       1.1193
   11232       1.1497
   11233       1.1484
   11234       1.1162
   11235       1.1712
   11236       1.1437
   11237       1.1569
   11238       1.2247
   11239       1.1820
   11240       1.2027
   11241       1.2032
   11242       1.1639
   11243       1.1574
   11244       1.2268
   11245       1.2724
   11246       1.2083
   11247       1.1910
   11248       1.1316
   11249       1.2217
   11250       1.2163
   11251       1.2796
   11252       1.2921
   11253       1.2915
   11254       1.2467
   11255       1.1786
   11256       1.1703
   11257       1.2081
   11258       1.2756
   11259       1.2083
   11260       1.2657
   11261       1.2608
   11262       1.2316
   11263       1.1963
   11264       1.2205
   11265       1.2065
   11266       1.1790
   11267       1.1858
   11268       1.2192
   11269       1.1829
   11270       1.1887
   11271       1.1639
   11272       1.2307
   11273       1.2430
   11274       1.2552
   11275       1.2442
   11276       1.1601
   11277       1.1950
   11278       1.1787
   11279       1.1018
   11280       1.2063
   11281       1.2264
   11282       1.1815
   11283       1.2655
   11284       1.1892
   11285       1.2285
   11286       1.2544
   11287       1.2587
   11288       1.2172
   11289       1.2597
   11290       1.1821
   11291       1.2115
   11292       1.1900
   11293       1.1539
   11294       1.1455
   11295       1.1141
   11296       1.1003
   11297       1.1583
   11298       1.1917
   11299       1.1974
   11300       1.2736
   11301       1.2208
   11302       1.3147
   11303       1.3139
   11304       1.2625
   11305       1.3456
   11306       1.3162
   11307       1.2316
   11308       1.1714
   11309       1.1460
   11310       1.2459
   11311       1.2113
   11312       1.1697
   11313       1.1906
   11314       1.1558
   11315       1.1861
   11316       1.2260
   11317       1.1456
   11318       1.1500
   11319       1.2404
   11320       1.1640
   11321       1.1924
   11322       1.2816
   11323       1.2474
   11324       1.2859
   11325       1.2662
   11326       1.2765
   11327       1.2693
   11328       1.2690
   11329       1.2158
   11330       1.2253
   11331       1.2286
   11332       1.3000
   11333       1.1942
   11334       1.2461
   11335       1.2539
   11336       1.3202
   11337       1.2259
   11338       1.3329
   11339       1.3555
   11340       1.2766
   11341       1.3103
   11342       1.2650
   11343       1.3240
   11344       1.3297
   11345       1.3181
   11346       1.3118
   11347       1.2786
   11348       1.3141
   11349       1.2279
   11350       1.2257
   11351       1.2664
   11352       1.2285
   11353       1.1743
   11354       1.1717
   11355       1.2555
   11356       1.1833
   11357       1.2479
   11358       1.2788
   11359       1.2521
   11360       1.2249
   11361       1.2783
   11362       1.1663
   11363       1.2321
   11364       1.2493
   11365       1.1724
   11366       1.2081
   11367       1.2414
   11368       1.2589
   11369       1.2389
   11370       1.1392
   11371       1.2064
   11372       1.2636
   11373       1.2597
   11374       1.2131
   11375       1.1485
   11376       1.2086
   11377       1.2345
   11378       1.2807
   11379       1.3441
   11380       1.2978
   11381       1.3144
   11382       1.3395
   11383       1.2823
   11384       1.2563
   11385       1.2161
   11386       1.2068
   11387       1.2673
   11388       1.2431
   11389       1.2863
   11390       1.2871
   11391       1.2966
   11392       1.1951
   11393       1.2002
   11394       1.2707
   11395       1.1834
   11396       1.2623
   11397       1.2126
   11398       1.2157
   11399       1.2521
   11400       1.2030
   11401       1.2661
   11402       1.2259
   11403       1.1779
   11404       1.2104
   11405       1.2191
   11406       1.2514
   11407       1.2497
   11408       1.1896
   11409       1.2525
   11410       1.2639
   11411       1.1588
   11412       1.1992
   11413       1.1684
   11414       1.2188
   11415       1.2127
   11416       1.1766
   11417       1.2540
   11418       1.2847
   11419       1.2620
   11420       1.2792
   11421       1.4252
   11422       1.3784
   11423       1.3184
   11424       1.3737
   11425       1.3578
   11426       1.5133
   11427       1.4349
   11428       1.3298
   11429       1.2315
   11430       1.3098
   11431       1.3055
   11432       1.3523
   11433       1.2737
   11434       1.3588
   11435       1.2588
   11436       1.1748
   11437       1.2762
   11438       1.2875
   11439       1.2927
   11440       1.2320
   11441       1.1729
   11442       1.2533
   11443       1.1756
   11444       1.2294
   11445       1.2583
   11446       1.3210
   11447       1.2677
   11448       1.2597
   11449       1.2562
   11450       1.2996
   11451       1.2892
   11452       1.2527
   11453       1.2135
   11454       1.2862
   11455       1.2606
   11456       1.2597
   11457       1.2493
   11458       1.2747
   11459       1.3106
   11460       1.2196
   11461       1.2825
   11462       1.3516
   11463       1.2450
   11464       1.2760
   11465       1.3680
   11466       1.3211
   11467       1.2840
   11468       1.3094
   11469       1.2944
   11470       1.2757
   11471       1.3179
   11472       1.2728
   11473       1.2933
   11474       1.3561
   11475       1.2953
   11476       1.3202
   11477       1.2085
   11478       1.3190
   11479       1.3077
   11480       1.2876
   11481       1.2512
   11482       1.2489
   11483       1.3375
   11484       1.2906
   11485       1.3617
   11486       1.3512
   11487       1.3644
   11488       1.2404
   11489       1.3678
   11490       1.3389
   11491       1.3807
   11492       1.4399
   11493       1.3771
   11494       1.3410
   11495       1.3151
   11496       1.4013
   11497       1.3855
   11498       1.4583
   11499       1.3675
   11500       1.3766
   11501       1.3152
   11502       1.3382
   11503       1.3576
   11504       1.3512
   11505       1.2549
   11506       1.3723
   11507       1.2663
   11508       1.3344
   11509       1.3428
   11510       1.3190
   11511       1.3363
   11512       1.3093
   11513       1.2141
   11514       1.3384
   11515       1.2462
   11516       1.3391
   11517       1.2736
   11518       1.3678
   11519       1.2793
   11520       1.2288
   11521       1.2538
   11522       1.3055
   11523       1.3039
   11524       1.2915
   11525       1.2396
   11526       1.2640
   11527       1.2258
   11528       1.2842
   11529       1.2932
   11530       1.2500
   11531       1.2553
   11532       1.2622
   11533       1.2501
   11534       1.2570
   11535       1.2946
   11536       1.2602
   11537       1.1996
   11538       1.1720
   11539       1.1671
   11540       1.1772
   11541       1.2134
   11542       1.2054
   11543       1.1359
   11544       1.1899
   11545       1.2173
   11546       1.2223
   11547       1.2335
   11548       1.1762
   11549       1.2493
   11550       1.3269
   11551       1.3137
   11552       1.3068
   11553       1.2527
   11554       1.2985
   11555       1.2522
   11556       1.2468
   11557       1.2078
   11558       1.2419
   11559       1.2509
   11560       1.2606
   11561       1.4268
   11562       1.3819
   11563       1.3547
   11564       1.4131
   11565       1.3088
   11566       1.3592
   11567       1.3724
   11568       1.4233
   11569       1.3607
   11570       1.3388
   11571       1.2894
   11572       1.2226
   11573       1.3745
   11574       1.3495
   11575       1.3251
   11576       1.3580
   11577       1.3784
   11578       1.3147
   11579       1.3936
   11580       1.3489
   11581       1.4038
   11582       1.3832
   11583       1.3627
   11584       1.3054
   11585       1.3027
   11586       1.2525
   11587       1.2607
   11588       1.3009
   11589       1.2406
   11590       1.2587
   11591       1.3080
   11592       1.3011
   11593       1.2552
   11594       1.2585
   11595       1.3262
   11596       1.2332
   11597       1.2647
   11598       1.2134
   11599       1.2679
   11600       1.3540
   11601       1.3014
   11602       1.2591
   11603       1.2852
   11604       1.3601
   11605       1.2459
   11606       1.1981
   11607       1.2610
   11608       1.3209
   11609       1.3051
   11610       1.2637
   11611       1.3001
   11612       1.4018
   11613       1.2755
   11614       1.2799
   11615       1.2260
   11616       1.2606
   11617       1.3186
   11618       1.3011
   11619       1.2845
   11620       1.2979
   11621       1.2457
   11622       1.2245
   11623       1.2797
   11624       1.2100
   11625       1.2082
   11626       1.2470
   11627       1.2646
   11628       1.2890
   11629       1.2540
   11630       1.2573
   11631       1.2622
   11632       1.3387
   11633       1.3370
   11634       1.3582
   11635       1.3089
   11636       1.2203
   11637       1.2695
   11638       1.2784
   11639       1.3133
   11640       1.2752
   11641       1.3078
   11642       1.2591
   11643       1.3472
   11644       1.2662
   11645       1.3088
   11646       1.2574
   11647       1.2850
   11648       1.3264
   11649       1.3219
   11650       1.3334
   11651       1.3230
   11652       1.1993
   11653       1.2638
   11654       1.2304
   11655       1.1624
   11656       1.1658
   11657       1.1868
   11658       1.2228
   11659       1.2045
   11660       1.2507
   11661       1.2138
   11662       1.2164
   11663       1.2329
   11664       1.2073
   11665       1.2573
   11666       1.2150
   11667       1.2948
   11668       1.3337
   11669       1.3469
   11670       1.2523
   11671       1.2666
   11672       1.3028
   11673       1.3245
   11674       1.2437
   11675       1.1905
   11676       1.1896
   11677       1.2627
   11678       1.2513
   11679       1.3115
   11680       1.3371
   11681       1.3878
   11682       1.2393
   11683       1.2695
   11684       1.2410
   11685       1.2413
   11686       1.2859
   11687       1.2302
   11688       1.1876
   11689       1.2029
   11690       1.1300
   11691       1.1660
   11692       1.0879
   11693       1.1412
   11694       1.1373
   11695       1.0945
   11696       1.1403
   11697       1.1689
   11698       1.1311
   11699       1.1298
   11700       1.0936
   11701       1.1202
   11702       1.0842
   11703       1.1413
   11704       1.1603
   11705       1.1495
   11706       1.1709
   11707       1.1595
   11708       1.1708
   11709       1.1598
   11710       1.1772
   11711       1.1574
   11712       1.1454
   11713       1.1620
   11714       1.0593
   11715       1.1132
   11716       1.1456
   11717       1.1776
   11718       1.1620
   11719       1.1309
   11720       1.1437
   11721       1.1674
   11722       1.1049
   11723       1.1407
   11724       1.0772
   11725       1.1109
   11726       1.1187
   11727       1.0792
   11728       1.0608
   11729       1.1087
   11730       1.0801
   11731       1.1046
   11732       1.0938
   11733       1.1109
   11734       1.1670
   11735       1.1565
   11736       1.1095
   11737       1.1537
   11738       1.1750
   11739       1.1205
   11740       1.0359
   11741       1.1023
   11742       1.0669
   11743       1.0510
   11744       1.0582
   11745       1.0753
   11746       1.1349
   11747       1.0976
   11748       1.0980
   11749       1.0484
   11750       1.1592
   11751       1.1107
   11752       1.0170
   11753       1.0781
   11754       1.1039
   11755       1.1229
   11756       1.1130
   11757       1.1739
   11758       1.1153
   11759       1.1770
   11760       1.1580
   11761       1.1860
   11762       1.1709
   11763       1.2088
   11764       1.2421
   11765       1.2352
   11766       1.3139
   11767       1.2209
   11768       1.3168
   11769       1.3324
   11770       1.1836
   11771       1.2232
   11772       1.1867
   11773       1.2162
   11774       1.1990
   11775       1.2183
   11776       1.3117
   11777       1.3046
   11778       1.3780
   11779       1.2920
   11780       1.2978
   11781       1.3855
   11782       1.4183
   11783       1.3529
   11784       1.3256
   11785       1.2927
   11786       1.3053
   11787       1.3323
   11788       1.2786
   11789       1.2171
   11790       1.2522
   11791       1.2814
   11792       1.1990
   11793       1.1812
   11794       1.1770
   11795       1.2116
   11796       1.1771
   11797       1.1938
   11798       1.1849
   11799       1.2444
   11800       1.1568
   11801       1.1779
   11802       1.1881
   11803       1.2230
   11804       1.2150
   11805       1.2692
   11806       1.3063
   11807       1.2646
   11808       1.3060
   11809       1.2132
   11810       1.2690
   11811       1.2552
   11812       1.2140
   11813       1.2480
   11814       1.3619
   11815       1.3337
   11816       1.2923
   11817       1.3902
   11818       1.3159
   11819       1.2777
   11820       1.2166
   11821       1.2783
   11822       1.2975
   11823       1.2751
   11824       1.2733
   11825       1.2597
   11826       1.2683
   11827       1.2668
   11828       1.3629
   11829       1.3094
   11830       1.3274
   11831       1.3677
   11832       1.3876
   11833       1.3101
   11834       1.2425
   11835       1.3053
   11836       1.3036
   11837       1.3296
   11838       1.3335
   11839       1.3607
   11840       1.3498
   11841       1.3598
   11842       1.2787
   11843       1.3881
   11844       1.3386
   11845       1.3416
   11846       1.3260
   11847       1.4045
   11848       1.3373
   11849       1.3105
   11850       1.3414
   11851       1.3042
   11852       1.3218
   11853       1.2615
   11854       1.2914
   11855       1.3075
   11856       1.2735
   11857       1.2171
   11858       1.3164
   11859       1.2954
   11860       1.2378
   11861       1.2427
   11862       1.3390
   11863       1.3044
   11864       1.3018
   11865       1.2143
   11866       1.3366
   11867       1.1987
   11868       1.2575
   11869       1.2035
   11870       1.1926
   11871       1.2006
   11872       1.2748
   11873       1.2993
   11874       1.2882
   11875       1.3101
   11876       1.3129
   11877       1.3291
   11878       1.3527
   11879       1.2991
   11880       1.2834
   11881       1.2365
   11882       1.2684
   11883       1.3444
   11884       1.3133
   11885       1.2691
   11886       1.2676
   11887       1.2634
   11888       1.2877
   11889       1.2667
   11890       1.2563
   11891       1.3347
   11892       1.2725
   11893       1.3266
   11894       1.3047
   11895       1.2224
   11896       1.2309
   11897       1.2231
   11898       1.2398
   11899       1.2002
   11900       1.2135
   11901       1.2568
   11902       1.1887
   11903       1.3381
   11904       1.2899
   11905       1.1625
   11906       1.2379
   11907       1.2534
   11908       1.2688
   11909       1.2622
   11910       1.2821
   11911       1.3189
   11912       1.2565
   11913       1.2864
   11914       1.3191
   11915       1.3475
   11916       1.2916
   11917       1.3926
   11918       1.3063
   11919       1.3608
   11920       1.3271
   11921       1.3740
   11922       1.3274
   11923       1.3590
   11924       1.3066
   11925       1.3031
   11926       1.2605
   11927       1.2917
   11928       1.2912
   11929       1.3479
   11930       1.2977
   11931       1.3839
   11932       1.3504
   11933       1.3219
   11934       1.3788
   11935       1.3297
   11936       1.3626
   11937       1.3727
   11938       1.2935
   11939       1.3778
   11940       1.2599
   11941       1.3734
   11942       1.3774
   11943       1.4228
   11944       1.3374
   11945       1.3397
   11946       1.3849
   11947       1.3849
   11948       1.4247
   11949       1.3891
   11950       1.4468
   11951       1.4259
   11952       1.3904
   11953       1.3650
   11954       1.4256
   11955       1.4730
   11956       1.3888
   11957       1.4187
   11958       1.4119
   11959       1.3926
   11960       1.4303
   11961       1.4300
   11962       1.4268
   11963       1.4137
   11964       1.2935
   11965       1.3900
   11966       1.3818
   11967       1.4199
   11968       1.4252
   11969       1.4256
   11970       1.3734
   11971       1.3401
   11972       1.3064
   11973       1.4036
   11974       1.3826
   11975       1.2786
   11976       1.2987
   11977       1.2797
   11978       1.2613
   11979       1.2861
   11980       1.2843
   11981       1.2785
   11982       1.2939
   11983       1.3400
   11984       1.3469
   11985       1.3448
   11986       1.3634
   11987       1.3584
   11988       1.4230
   11989       1.4228
   11990       1.4373
   11991       1.3011
   11992       1.3610
   11993       1.2628
   11994       1.3443
   11995       1.3679
   11996       1.3969
   11997       1.4002
   11998       1.3863
   11999       1.3915
   12000       1.3786
   12001       1.4205
   12002       1.4427
   12003       1.4396
   12004       1.3056
   12005       1.4105
   12006       1.3941
   12007       1.4227
   12008       1.5116
   12009       1.4121
   12010       1.4664
   12011       1.4836
   12012       1.5479
   12013       1.5508
   12014       1.4623
   12015       1.5571
   12016       1.5931
   12017       1.6280
   12018       1.5320
   12019       1.5663
   12020       1.5617
   12021       1.4804
   12022       1.5236
   12023       1.5042
   12024       1.4750
   12025       1.5048
   12026       1.4953
   12027       1.5165
   12028       1.4723
   12029       1.4868
   12030       1.3910
   12031       1.4267
   12032       1.4871
   12033       1.4785
   12034       1.4851
   12035       1.5038
   12036       1.4789
   12037       1.5212
   12038       1.4952
   12039       1.5035
   12040       1.5249
   12041       1.4364
   12042       1.4375
   12043       1.4774
   12044       1.4530
   12045       1.4354
   12046       1.4417
   12047       1.4737
   12048       1.4461
   12049       1.4066
   12050       1.4462
   12051       1.4397
   12052       1.4776
   12053       1.4578
   12054       1.4520
   12055       1.4887
   12056       1.4133
   12057       1.4549
   12058       1.4834
   12059       1.4402
   12060       1.4640
   12061       1.4523
   12062       1.4838
   12063       1.4930
   12064       1.4401
   12065       1.5203
   12066       1.5755
   12067       1.4877
   12068       1.4064
   12069       1.3571
   12070       1.4290
   12071       1.4395
   12072       1.3757
   12073       1.4750
   12074       1.4207
   12075       1.3500
   12076       1.2660
   12077       1.2235
   12078       1.3164
   12079       1.2650
   12080       1.2580
   12081       1.2866
   12082       1.3012
   12083       1.3409
   12084       1.3681
   12085       1.3417
   12086       1.3912
   12087       1.4545
   12088       1.3297
   12089       1.3033
   12090       1.4430
   12091       1.3796
   12092       1.3929
   12093       1.5026
   12094       1.4754
   12095       1.4659
   12096       1.4428
   12097       1.4387
   12098       1.5120
   12099       1.4399
   12100       1.5001
   12101       1.4640
   12102       1.4407
   12103       1.4295
   12104       1.4128
   12105       1.4219
   12106       1.4548
   12107       1.4138
   12108       1.4730
   12109       1.3752
   12110       1.4191
   12111       1.4241
   12112       1.4390
   12113       1.4885
   12114       1.4459
   12115       1.3876
   12116       1.3655
   12117       1.4110
   12118       1.4574
   12119       1.4251
   12120       1.4236
   12121       1.4216
   12122       1.4384
   12123       1.3909
   12124       1.5007
   12125       1.3858
   12126       1.3950
   12127       1.4253
   12128       1.3565
   12129       1.3963
   12130       1.4459
   12131       1.3531
   12132       1.4204
   12133       1.4272
   12134       1.3381
   12135       1.4074
   12136       1.5121
   12137       1.4490
   12138       1.4154
   12139       1.5174
   12140       1.5626
   12141       1.4068
   12142       1.4333
   12143       1.4603
   12144       1.4254
   12145       1.4227
   12146       1.4877
   12147       1.4435
   12148       1.5491
   12149       1.6416
   12150       1.5967
   12151       1.5516
   12152       1.4128
   12153       1.3973
   12154       1.4361
   12155       1.4054
   12156       1.3606
   12157       1.3781
   12158       1.4378
   12159       1.3661
   12160       1.3877
   12161       1.4213
   12162       1.4179
   12163       1.4362
   12164       1.4723
   12165       1.5225
   12166       1.4777
   12167       1.4669
   12168       1.4138
   12169       1.3540
   12170       1.4353
   12171       1.4794
   12172       1.3996
   12173       1.4207
   12174       1.3053
   12175       1.3989
   12176       1.3775
   12177       1.3877
   12178       1.3197
   12179       1.3415
   12180       1.3260
   12181       1.3345
   12182       1.3488
   12183       1.2759
   12184       1.3028
   12185       1.2796
   12186       1.3297
   12187       1.3197
   12188       1.2964
   12189       1.2663
   12190       1.3056
   12191       1.3188
   12192       1.3206
   12193       1.3534
   12194       1.3932
   12195       1.3919
   12196       1.3058
   12197       1.3505
   12198       1.4247
   12199       1.3500
   12200       1.3798
   12201       1.3613
   12202       1.4278
   12203       1.3056
   12204       1.3474
   12205       1.3389
   12206       1.2990
   12207       1.3868
   12208       1.3359
   12209       1.3258
   12210       1.3346
   12211       1.2636
   12212       1.2886
   12213       1.3854
   12214       1.3147
   12215       1.3864
   12216       1.3203
   12217       1.3686
   12218       1.3304
   12219       1.3142
   12220       1.2716
   12221       1.3622
   12222       1.3614
   12223       1.2766
   12224       1.3010
   12225       1.3118
   12226       1.3926
   12227       1.3503
   12228       1.3505
   12229       1.3526
   12230       1.3284
   12231       1.2606
   12232       1.3085
   12233       1.3720
   12234       1.3432
   12235       1.3611
   12236       1.3412
   12237       1.3053
   12238       1.3409
   12239       1.3515
   12240       1.3048
   12241       1.3613
   12242       1.3310
   12243       1.3648
   12244       1.3756
   12245       1.3713
   12246       1.3326
   12247       1.3339
   12248       1.3118
   12249       1.3347
   12250       1.2627
   12251       1.2846
   12252       1.2113
   12253       1.2739
   12254       1.2706
   12255       1.2399
   12256       1.2359
   12257       1.2689
   12258       1.2347
   12259       1.2664
   12260       1.1780
   12261       1.2152
   12262       1.2200
   12263       1.2526
   12264       1.3296
   12265       1.3614
   12266       1.3664
   12267       1.3468
   12268       1.2976
   12269       1.2925
   12270       1.2966
   12271       1.3434
   12272       1.2369
   12273       1.3041
   12274       1.3145
   12275       1.3205
   12276       1.2799
   12277       1.2974
   12278       1.3037
   12279       1.3022
   12280       1.2616
   12281       1.3363
   12282       1.3250
   12283       1.2595
   12284       1.2683
   12285       1.2941
   12286       1.2904
   12287       1.2980
   12288       1.2319
   12289       1.2690
   12290       1.3185
   12291       1.2948
   12292       1.3486
   12293       1.2797
   12294       1.2628
   12295       1.3530
   12296       1.2896
   12297       1.2958
   12298       1.3575
   12299       1.3975
   12300       1.3770
   12301       1.3714
   12302       1.3194
   12303       1.3095
   12304       1.2591
   12305       1.2721
   12306       1.3396
   12307       1.3457
   12308       1.4171
   12309       1.3428
   12310       1.3552
   12311       1.3677
   12312       1.4654
   12313       1.4299
   12314       1.3137
   12315       1.4326
   12316       1.4008
   12317       1.3374
   12318       1.3444
   12319       1.3930
   12320       1.3315
   12321       1.3884
   12322       1.3099
   12323       1.2978
   12324       1.3238
   12325       1.3342
   12326       1.3367
   12327       1.2837
   12328       1.2706
   12329       1.3565
   12330       1.4323
   12331       1.3458
   12332       1.4137
   12333       1.2905
   12334       1.3444
   12335       1.3275
   12336       1.3464
   12337       1.2303
   12338       1.2213
   12339       1.2849
   12340       1.2579
   12341       1.2399
   12342       1.2364
   12343       1.2948
   12344       1.2327
   12345       1.2489
   12346       1.2850
   12347       1.3176
   12348       1.2844
   12349       1.2569
   12350       1.2345
   12351       1.1902
   12352       1.2091
   12353       1.2662
   12354       1.2372
   12355       1.2529
   12356       1.2922
   12357       1.2915
   12358       1.2710
   12359       1.2449
   12360       1.2489
   12361       1.2718
   12362       1.2907
   12363       1.2593
   12364       1.2690
   12365       1.3571
   12366       1.3917
   12367       1.3136
   12368       1.3509
   12369       1.2566
   12370       1.2490
   12371       1.2258
   12372       1.1843
   12373       1.2929
   12374       1.3128
   12375       1.2736
   12376       1.2687
   12377       1.2813
   12378       1.2600
   12379       1.2488
   12380       1.2336
   12381       1.2279
   12382       1.3248
   12383       1.2657
   12384       1.2166
   12385       1.2413
   12386       1.2364
   12387       1.2073
   12388       1.2550
   12389       1.2630
   12390       1.2431
   12391       1.1837
   12392       1.2095
   12393       1.2652
   12394       1.1764
   12395       1.2607
   12396       1.3178
   12397       1.3133
   12398       1.2820
   12399       1.2611
   12400       1.2834
   12401       1.2282
   12402       1.2498
   12403       1.2818
   12404       1.3014
   12405       1.3095
   12406       1.2545
   12407       1.2572
   12408       1.2935
   12409       1.2800
   12410       1.1747
   12411       1.2058
   12412       1.1459
   12413       1.1294
   12414       1.2849
   12415       1.2475
   12416       1.2611
   12417       1.2513
   12418       1.2453
   12419       1.1967
   12420       1.2731
   12421       1.2633
   12422       1.2047
   12423       1.3111
   12424       1.3133
   12425       1.2773
   12426       1.2809
   12427       1.1962
   12428       1.1400
   12429       1.1976
   12430       1.2001
   12431       1.2740
   12432       1.3044
   12433       1.2926
   12434       1.2230
   12435       1.2276
   12436       1.2128
   12437       1.2071
   12438       1.2645
   12439       1.2425
   12440       1.2397
   12441       1.1855
   12442       1.2302
   12443       1.1966
   12444       1.2229
   12445       1.1834
   12446       1.1578
   12447       1.2162
   12448       1.2141
   12449       1.2644
   12450       1.2304
   12451       1.2030
   12452       1.1966
   12453       1.2142
   12454       1.1412
   12455       1.1435
   12456       1.2936
   12457       1.2272
   12458       1.2494
   12459       1.2388
   12460       1.1977
   12461       1.1835
   12462       1.2169
   12463       1.2263
   12464       1.1810
   12465       1.1854
   12466       1.1844
   12467       1.1827
   12468       1.1739
   12469       1.1731
   12470       1.1358
   12471       1.2200
   12472       1.2100
   12473       1.2309
   12474       1.1812
   12475       1.1889
   12476       1.2119
   12477       1.2215
   12478       1.1855
   12479       1.1879
   12480       1.2278
   12481       1.2680
   12482       1.1739
   12483       1.1656
   12484       1.1697
   12485       1.1599
   12486       1.1926
   12487       1.2933
   12488       1.1802
   12489       1.2455
   12490       1.2522
   12491       1.2379
   12492       1.1981
   12493       1.2067
   12494       1.2309
   12495       1.2844
   12496       1.2634
   12497       1.2690
   12498       1.3108
   12499       1.2401
   12500       1.2274
   12501       1.2492
   12502       1.2493
   12503       1.2085
   12504       1.2487
   12505       1.2141
   12506       1.1930
   12507       1.2082
   12508       1.1502
   12509       1.2223
   12510       1.1777
   12511       1.1963
   12512       1.1461
   12513       1.2548
   12514       1.1787
   12515       1.1966
   12516       1.1971
   12517       1.1721
   12518       1.1857
   12519       1.2136
   12520       1.2372
   12521       1.0865
   12522       1.1454
   12523       1.0777
   12524       1.1558
   12525       1.1458
   12526       1.2145
   12527       1.1254
   12528       1.1300
   12529       1.1627
   12530       1.1292
   12531       1.0790
   12532       1.1529
   12533       1.1431
   12534       1.0637
   12535       1.1059
   12536       1.1236
   12537       1.1216
   12538       1.0924
   12539       1.1583
   12540       1.1152
   12541       1.1671
   12542       1.1185
   12543       1.0812
   12544       1.1497
   12545       1.1585
   12546       1.1652
   12547       1.2211
   12548       1.1743
   12549       1.2211
   12550       1.1149
   12551       1.0770
   12552       1.0965
   12553       1.1415
   12554       1.1489
   12555       1.1102
   12556       1.1305
   12557       1.0966
   12558       1.1214
   12559       1.1677
   12560       1.1687
   12561       1.1410
   12562       1.1456
   12563       1.1268
   12564       1.1519
   12565       1.0941
   12566       1.1318
   12567       1.1720
   12568       1.1650
   12569       1.1555
   12570       1.1684
   12571       1.0796
   12572       1.1943
   12573       1.1495
   12574       1.1696
   12575       1.1747
   12576       1.1312
   12577       1.2195
   12578       1.1624
   12579       1.2025
   12580       1.2197
   12581       1.2229
   12582       1.1471
   12583       1.1421
   12584       1.2165
   12585       1.1767
   12586       1.2429
   12587       1.1771
   12588       1.1929
   12589       1.2505
   12590       1.2335
   12591       1.2144
   12592       1.2458
   12593       1.2453
   12594       1.2375
   12595       1.2648
   12596       1.2618
   12597       1.2468
   12598       1.2003
   12599       1.1304
   12600       1.2057
   12601       1.1417
   12602       1.3290
   12603       1.2112
   12604       1.1990
   12605       1.1689
   12606       1.1872
   12607       1.1869
   12608       1.2222
   12609       1.1679
   12610       1.2018
   12611       1.1976
   12612       1.1751
   12613       1.2643
   12614       1.2365
   12615       1.2375
   12616       1.2058
   12617       1.1656
   12618       1.2471
   12619       1.2035
   12620       1.1469
   12621       1.1907
   12622       1.2469
   12623       1.1823
   12624       1.2249
   12625       1.2084
   12626       1.2136
   12627       1.1873
   12628       1.1845
   12629       1.1212
   12630       1.0634
   12631       1.1338
   12632       1.1303
   12633       1.1072
   12634       1.0837
   12635       1.1297
   12636       1.1529
   12637       1.1352
   12638       1.0905
   12639       1.0971
   12640       1.1320
   12641       1.0984
   12642       1.0547
   12643       1.1089
   12644       1.1629
   12645       1.0765
   12646       1.1029
   12647       1.1364
   12648       1.1486
   12649       1.2152
   12650       1.1667
   12651       1.1695
   12652       1.2175
   12653       1.1937
   12654       1.1898
   12655       1.1747
   12656       1.2287
   12657       1.1934
   12658       1.1749
   12659       1.2059
   12660       1.2153
   12661       1.2384
   12662       1.1924
   12663       1.1634
   12664       1.2224
   12665       1.1541
   12666       1.1605
   12667       1.2098
   12668       1.2104
   12669       1.2144
   12670       1.1884
   12671       1.2592
   12672       1.1990
   12673       1.2073
   12674       1.1765
   12675       1.1692
   12676       1.2011
   12677       1.2652
   12678       1.1652
   12679       1.1718
   12680       1.1540
   12681       1.2372
   12682       1.2543
   12683       1.2388
   12684       1.1849
   12685       1.2432
   12686       1.2376
   12687       1.2481
   12688       1.2665
   12689       1.2324
   12690       1.3263
   12691       1.1733
   12692       1.2537
   12693       1.1428
   12694       1.1854
   12695       1.1381
   12696       1.1737
   12697       1.1519
   12698       1.1658
   12699       1.2110
   12700       1.1550
   12701       1.1994
   12702       1.1953
   12703       1.0985
   12704       1.2063
   12705       1.2117
   12706       1.1775
   12707       1.1548
   12708       1.1429
   12709       1.1141
   12710       1.1934
   12711       1.1960
   12712       1.3332
   12713       1.2863
   12714       1.2168
   12715       1.1872
   12716       1.1859
   12717       1.0283
   12718       1.0776
   12719       1.1787
   12720       1.1261
   12721       1.1794
   12722       1.1780
   12723       1.1989
   12724       1.1510
   12725       1.1553
   12726       1.1611
   12727       1.1803
   12728       1.1162
   12729       1.1504
   12730       1.1506
   12731       1.1254
   12732       1.0920
   12733       1.1421
   12734       1.1231
   12735       1.0882
   12736       1.1464
   12737       1.1292
   12738       1.1802
   12739       1.2142
   12740       1.1777
   12741       1.1857
   12742       1.1895
   12743       1.1371
   12744       1.1477
   12745       1.1272
   12746       1.1395
   12747       1.1423
   12748       1.1402
   12749       1.1156
   12750       1.1470
   12751       1.1435
   12752       1.0980
   12753       1.0907
   12754       1.0904
   12755       1.0929
   12756       1.1864
   12757       1.1920
   12758       1.1407
   12759       1.1585
   12760       1.1399
   12761       1.1916
   12762       1.1802
   12763       1.2316
   12764       1.1705
   12765       1.1418
   12766       1.0987
   12767       1.1745
   12768       1.1148
   12769       1.0825
   12770       1.0915
   12771       1.1746
   12772       1.1950
   12773       1.1450
   12774       1.1671
   12775       1.2651
   12776       1.1604
   12777       1.1384
   12778       1.1358
   12779       1.1835
   12780       1.1961
   12781       1.2159
   12782       1.2419
   12783       1.1190
   12784       1.1466
   12785       1.2244
   12786       1.2377
   12787       1.2142
   12788       1.2066
   12789       1.1758
   12790       1.1878
   12791       1.1756
   12792       1.2206
   12793       1.1770
   12794       1.1845
   12795       1.2176
   12796       1.2013
   12797       1.1832
   12798       1.2160
   12799       1.1732
   12800       1.1642
   12801       1.2757
   12802       1.2282
   12803       1.2167
   12804       1.1511
   12805       1.1723
   12806       1.1613
   12807       1.1355
   12808       1.1755
   12809       1.1566
   12810       1.2415
   12811       1.1801
   12812       1.1991
   12813       1.2029
   12814       1.1799
   12815       1.2053
   12816       1.1320
   12817       1.2014
   12818       1.2060
   12819       1.2778
   12820       1.2457
   12821       1.1636
   12822       1.1750
   12823       1.2604
   12824       1.1310
   12825       1.2173
   12826       1.1130
   12827       1.1948
   12828       1.1611
   12829       1.1565
   12830       1.0855
   12831       1.1176
   12832       1.2066
   12833       1.1739
   12834       1.1776
   12835       1.1287
   12836       1.1857
   12837       1.1493
   12838       1.1356
   12839       1.1852
   12840       1.1405
   12841       1.1674
   12842       1.1797
   12843       1.1076
   12844       1.1452
   12845       1.1274
   12846       1.0770
   12847       1.0171
   12848       1.0924
   12849       1.1259
   12850       1.1186
   12851       1.1085
   12852       1.1723
   12853       1.1807
   12854       1.1777
   12855       1.1897
   12856       1.1292
   12857       1.1087
   12858       1.2081
   12859       1.1711
   12860       1.1810
   12861       1.1515
   12862       1.1182
   12863       1.1840
   12864       1.1836
   12865       1.1738
   12866       1.2636
   12867       1.2256
   12868       1.2297
   12869       1.2812
   12870       1.2373
   12871       1.2856
   12872       1.2562
   12873       1.1600
   12874       1.1861
   12875       1.2399
   12876       1.1685
   12877       1.2018
   12878       1.1124
   12879       1.1248
   12880       1.1550
   12881       1.1882
   12882       1.2656
   12883       1.1626
   12884       1.2569
   12885       1.2044
   12886       1.1745
   12887       1.2364
   12888       1.1725
   12889       1.2000
   12890       1.2000
   12891       1.1678
   12892       1.1599
   12893       1.2275
   12894       1.2071
   12895       1.0802
   12896       1.1020
   12897       1.2341
   12898       1.1972
   12899       1.1739
   12900       1.2065
   12901       1.2343
   12902       1.1477
   12903       1.1426
   12904       1.1973
   12905       1.2044
   12906       1.2376
   12907       1.2071
   12908       1.1669
   12909       1.1642
   12910       1.2010
   12911       1.1887
   12912       1.1629
   12913       1.0894
   12914       1.1594
   12915       1.2542
   12916       1.1500
   12917       1.2280
   12918       1.3118
   12919       1.2217
   12920       1.2104
   12921       1.2157
   12922       1.1682
   12923       1.1925
   12924       1.2297
   12925       1.2568
   12926       1.2540
   12927       1.2946
   12928       1.2943
   12929       1.2373
   12930       1.2818
   12931       1.2408
   12932       1.1914
   12933       1.2703
   12934       1.2733
   12935       1.1488
   12936       1.0707
   12937       1.0313
   12938       1.1404
   12939       1.1817
   12940       1.2406
   12941       1.0992
   12942       1.1046
   12943       1.1283
   12944       1.2767
   12945       1.2087
   12946       1.2331
   12947       1.1429
   12948       1.2106
   12949       1.1928
   12950       1.1971
   12951       1.2537
   12952       1.1882
   12953       1.2366
   12954       1.1566
   12955       1.2313
   12956       1.2154
   12957       1.1765
   12958       1.2131
   12959       1.2221
   12960       1.1853
   12961       1.2036
   12962       1.2267
   12963       1.2231
   12964       1.2924
   12965       1.1765
   12966       1.1969
   12967       1.2493
   12968       1.1648
   12969       1.2146
   12970       1.2211
   12971       1.2042
   12972       1.2059
   12973       1.1831
   12974       1.1451
   12975       1.1063
   12976       1.0696
   12977       1.1216
   12978       1.1702
   12979       1.1250
   12980       1.1116
   12981       1.0684
   12982       1.0964
   12983       1.0183
   12984       1.0642
   12985       1.0653
   12986       1.0903
   12987       1.1177
   12988       1.0760
   12989       1.1257
   12990       1.1307
   12991       1.0617
   12992       1.1073
   12993       1.0797
   12994       1.0948
   12995       1.0463
   12996       1.1396
   12997       1.1496
   12998       1.0937
   12999       1.1223
   13000       1.0846
   13001       1.1177
   13002       1.0620
   13003       1.1293
   13004       1.1314
   13005       1.2355
   13006       1.1016
   13007       1.2446
   13008       1.1348
   13009       1.1664
   13010       1.1995
   13011       1.2066
   13012       1.1904
   13013       1.1257
   13014       1.2687
   13015       1.1726
   13016       1.2023
   13017       1.2379
   13018       1.1822
   13019       1.1579
   13020       1.2276
   13021       1.2392
   13022       1.1364
   13023       1.1646
   13024       1.2171
   13025       1.2212
   13026       1.2502
   13027       1.2104
   13028       1.2339
   13029       1.2070
   13030       1.1976
   13031       1.1130
   13032       1.2011
   13033       1.1652
   13034       1.1650
   13035       1.1775
   13036       1.0893
   13037       1.1622
   13038       1.2294
   13039       1.1693
   13040       1.2258
   13041       1.2363
   13042       1.1691
   13043       1.3215
   13044       1.2715
   13045       1.2201
   13046       1.1946
   13047       1.2521
   13048       1.2743
   13049       1.2174
   13050       1.1791
   13051       1.1646
   13052       1.2309
   13053       1.2221
   13054       1.2313
   13055       1.1760
   13056       1.1746
   13057       1.1597
   13058       1.1715
   13059       1.1641
   13060       1.1584
   13061       1.1109
   13062       1.1475
   13063       1.1433
   13064       1.1777
   13065       1.1524
   13066       1.1872
   13067       1.2210
   13068       1.2412
   13069       1.2811
   13070       1.3075
   13071       1.2607
   13072       1.2531
   13073       1.2807
   13074       1.2289
   13075       1.1633
   13076       1.1847
   13077       1.1894
   13078       1.1410
   13079       1.2157
   13080       1.2191
   13081       1.0888
   13082       1.1376
   13083       1.1271
   13084       1.2264
   13085       1.1657
   13086       1.1883
   13087       1.1968
   13088       1.1891
   13089       1.2183
   13090       1.1589
   13091       1.1140
   13092       1.1118
   13093       1.1263
   13094       1.1611
   13095       1.2404
   13096       1.2013
   13097       1.1858
   13098       1.1475
   13099       1.2319
   13100       1.1863
   13101       1.2251
   13102       1.2119
   13103       1.1929
   13104       1.2258
   13105       1.1472
   13106       1.1861
   13107       1.1944
   13108       1.2015
   13109       1.2611
   13110       1.2115
   13111       1.2118
   13112       1.1742
   13113       1.2386
   13114       1.2479
   13115       1.2607
   13116       1.2074
   13117       1.1665
   13118       1.1977
   13119       1.2007
   13120       1.2989
   13121       1.3085
   13122       1.2777
   13123       1.1827
   13124       1.2109
   13125       1.2700
   13126       1.1904
   13127       1.2470
   13128       1.2057
   13129       1.1753
   13130       1.1867
   13131       1.1978
   13132       1.1070
   13133       1.2479
   13134       1.1995
   13135       1.1501
   13136       1.1917
   13137       1.1764
   13138       1.1588
   13139       1.1226
   13140       1.1234
   13141       1.1591
   13142       1.1511
   13143       1.1583
   13144       1.1764
   13145       1.1908
   13146       1.2109
   13147       1.2503
   13148       1.2227
   13149       1.1820
   13150       1.1746
   13151       1.1364
   13152       1.1536
   13153       1.1810
   13154       1.2192
   13155       1.2685
   13156       1.2708
   13157       1.1877
   13158       1.2004
   13159       1.2052
   13160       1.2735
   13161       1.2379
   13162       1.2913
   13163       1.2158
   13164       1.2196
   13165       1.2141
   13166       1.2062
   13167       1.2225
   13168       1.2227
   13169       1.1639
   13170       1.2005
   13171       1.1890
   13172       1.1350
   13173       1.1864
   13174       1.1468
   13175       1.1760
   13176       1.2231
   13177       1.1959
   13178       1.1693
   13179       1.1965
   13180       1.2181
   13181       1.1760
   13182       1.2382
   13183       1.2556
   13184       1.2692
   13185       1.2094
   13186       1.2216
   13187       1.2403
   13188       1.2853
   13189       1.3063
   13190       1.2714
   13191       1.2830
   13192       1.2702
   13193       1.2960
   13194       1.2964
   13195       1.3841
   13196       1.3339
   13197       1.2381
   13198       1.3162
   13199       1.2887
   13200       1.2540
   13201       1.2447
   13202       1.2871
   13203       1.2817
   13204       1.2614
   13205       1.2907
   13206       1.2524
   13207       1.1997
   13208       1.2204
   13209       1.2193
   13210       1.2643
   13211       1.2235
   13212       1.1395
   13213       1.1867
   13214       1.2483
   13215       1.2013
   13216       1.2378
   13217       1.2291
   13218       1.1831
   13219       1.2245
   13220       1.2130
   13221       1.2369
   13222       1.2071
   13223       1.2900
   13224       1.3257
   13225       1.3111
   13226       1.3264
   13227       1.2716
   13228       1.2074
   13229       1.1723
   13230       1.2122
   13231       1.2459
   13232       1.2649
   13233       1.1805
   13234       1.2034
   13235       1.2391
   13236       1.2508
   13237       1.2144
   13238       1.1963
   13239       1.1673
   13240       1.1601
   13241       1.1565
   13242       1.1839
   13243       1.1742
   13244       1.2530
   13245       1.2592
   13246       1.2192
   13247       1.2632
   13248       1.1071
   13249       1.1515
   13250       1.1389
   13251       1.2416
   13252       1.2180
   13253       1.2722
   13254       1.1867
   13255       1.1997
   13256       1.1677
   13257       1.1936
   13258       1.2777
   13259       1.0925
   13260       1.1174
   13261       1.1425
   13262       1.1844
   13263       1.1824
   13264       1.1803
   13265       1.1629
   13266       1.2470
   13267       1.2379
   13268       1.1984
   13269       1.2095
   13270       1.1759
   13271       1.2140
   13272       1.2849
   13273       1.1977
   13274       1.2202
   13275       1.2750
   13276       1.2134
   13277       1.1946
   13278       1.2148
   13279       1.2216
   13280       1.3077
   13281       1.2143
   13282       1.2035
   13283       1.2454
   13284       1.2370
   13285       1.1915
   13286       1.2781
   13287       1.2465
   13288       1.3156
   13289       1.3357
   13290       1.1609
   13291       1.2984
   13292       1.2316
   13293       1.3038
   13294       1.2299
   13295       1.2204
   13296       1.1592
   13297       1.1982
   13298       1.1617
   13299       1.2535
   13300       1.2464
   13301       1.1766
   13302       1.2216
   13303       1.2613
   13304       1.1829
   13305       1.2555
   13306       1.2939
   13307       1.2723
   13308       1.3160
   13309       1.2640
   13310       1.2490
   13311       1.2974
   13312       1.1889
   13313       1.1921
   13314       1.2351
   13315       1.2733
   13316       1.2923
   13317       1.2817
   13318       1.2611
   13319       1.3463
   13320       1.3678
   13321       1.3310
   13322       1.3350
   13323       1.2212
   13324       1.2900
   13325       1.3220
   13326       1.3846
   13327       1.3039
   13328       1.4161
   13329       1.3625
   13330       1.3383
   13331       1.3458
   13332       1.3287
   13333       1.3313
   13334       1.3343
   13335       1.2456
   13336       1.2721
   13337       1.2754
   13338       1.3119
   13339       1.2740
   13340       1.2200
   13341       1.1642
   13342       1.1143
   13343       1.1080
   13344       1.0833
   13345       1.2167
   13346       1.1668
   13347       1.1990
   13348       1.2901
   13349       1.2482
   13350       1.1625
   13351       1.2252
   13352       1.2469
   13353       1.2341
   13354       1.2028
   13355       1.3006
   13356       1.3024
   13357       1.2884
   13358       1.2919
   13359       1.3128
   13360       1.3168
   13361       1.3121
   13362       1.3814
   13363       1.2158
   13364       1.2831
   13365       1.2135
   13366       1.2392
   13367       1.2287
   13368       1.1232
   13369       1.1487
   13370       1.2628
   13371       1.2560
   13372       1.2445
   13373       1.2279
   13374       1.2706
   13375       1.2662
   13376       1.2455
   13377       1.2766
   13378       1.2540
   13379       1.2484
   13380       1.1115
   13381       1.2482
   13382       1.2103
   13383       1.2074
   13384       1.2444
   13385       1.2886
   13386       1.2784
   13387       1.2221
   13388       1.2360
   13389       1.1429
   13390       1.2273
   13391       1.2666
   13392       1.2218
   13393       1.2571
   13394       1.1972
   13395       1.1773
   13396       1.2707
   13397       1.2312
   13398       1.2339
   13399       1.2777
   13400       1.2213
   13401       1.3362
   13402       1.3456
   13403       1.3359
   13404       1.2715
   13405       1.2038
   13406       1.1952
   13407       1.3195
   13408       1.2639
   13409       1.2497
   13410       1.3157
   13411       1.3056
   13412       1.2634
   13413       1.3403
   13414       1.2951
   13415       1.3283
   13416       1.3954
   13417       1.3738
   13418       1.3759
   13419       1.3426
   13420       1.3054
   13421       1.3435
   13422       1.2854
   13423       1.3152
   13424       1.2920
   13425       1.2681
   13426       1.2072
   13427       1.2174
   13428       1.1927
   13429       1.2855
   13430       1.3465
   13431       1.4010
   13432       1.4267
   13433       1.3600
   13434       1.4207
   13435       1.4562
   13436       1.4181
   13437       1.4809
   13438       1.4125
   13439       1.3795
   13440       1.4618
   13441       1.4107
   13442       1.3993
   13443       1.4396
   13444       1.4593
   13445       1.3547
   13446       1.3503
   13447       1.4097
   13448       1.3616
   13449       1.3298
   13450       1.3602
   13451       1.3173
   13452       1.3598
   13453       1.3192
   13454       1.4826
   13455       1.4639
   13456       1.3997
   13457       1.3908
   13458       1.3083
   13459       1.4171
   13460       1.3307
   13461       1.3246
   13462       1.3700
   13463       1.3245
   13464       1.2929
   13465       1.3543
   13466       1.3775
   13467       1.3069
   13468       1.3245
   13469       1.3833
   13470       1.3813
   13471       1.3726
   13472       1.2896
   13473       1.3350
   13474       1.3107
   13475       1.2316
   13476       1.3092
   13477       1.2931
   13478       1.3309
   13479       1.3184
   13480       1.3019
   13481       1.2886
   13482       1.2236
   13483       1.2572
   13484       1.2885
   13485       1.3745
   13486       1.3840
   13487       1.2841
   13488       1.2939
   13489       1.3232
   13490       1.3009
   13491       1.3718
   13492       1.2585
   13493       1.3342
   13494       1.3028
   13495       1.2325
   13496       1.2406
   13497       1.2675
   13498       1.2617
   13499       1.2054
   13500       1.2796
   13501       1.2821
   13502       1.2968
   13503       1.2359
   13504       1.3113
   13505       1.2303
   13506       1.3201
   13507       1.1489
   13508       1.2014
   13509       1.2766
   13510       1.2266
   13511       1.1451
   13512       1.1919
   13513       1.1565
   13514       1.1839
   13515       1.1262
   13516       1.1395
   13517       1.1913
   13518       1.2257
   13519       1.1952
   13520       1.1851
   13521       1.0847
   13522       1.1677
   13523       1.1543
   13524       1.1571
   13525       1.2939
   13526       1.1492
   13527       1.2601
   13528       1.1618
   13529       1.1780
   13530       1.1820
   13531       1.1511
   13532       1.2112
   13533       1.1862
   13534       1.1075
   13535       1.2395
   13536       1.2450
   13537       1.2605
   13538       1.2783
   13539       1.2423
   13540       1.1676
   13541       1.1542
   13542       1.1489
   13543       1.2408
   13544       1.2398
   13545       1.2183
   13546       1.2751
   13547       1.2360
   13548       1.2221
   13549       1.2854
   13550       1.1744
   13551       1.2026
   13552       1.2449
   13553       1.1891
   13554       1.1803
   13555       1.1429
   13556       1.1652
   13557       1.0745
   13558       1.0907
   13559       1.0883
   13560       1.0513
   13561       1.1317
   13562       1.0171
   13563       1.0666
   13564       1.1153
   13565       1.1048
   13566       1.1094
   13567       1.1417
   13568       1.0659
   13569       1.0558
   13570       1.1853
   13571       1.2246
   13572       1.1687
   13573       1.0822
   13574       1.0389
   13575       1.1251
   13576       1.1680
   13577       1.2299
   13578       1.2471
   13579       1.2337
   13580       1.1295
   13581       1.1804
   13582       1.1883
   13583       1.0786
   13584       1.1018
   13585       1.0844
   13586       1.0193
   13587       1.0694
   13588       1.0506
   13589       1.0531
   13590       1.0863
   13591       1.0986
   13592       1.1277
   13593       1.1049
   13594       1.1257
   13595       1.1353
   13596       1.1641
   13597       1.2061
   13598       1.1637
   13599       1.1048
   13600       1.0900
   13601       1.1682
   13602       1.1292
   13603       1.1604
   13604       1.1078
   13605       1.1380
   13606       1.1899
   13607       1.2582
   13608       1.1706
   13609       1.1638
   13610       1.1290
   13611       1.1816
   13612       1.2134
   13613       1.1928
   13614       1.1879
   13615       1.1007
   13616       1.1281
   13617       1.0526
   13618       1.1266
   13619       1.0913
   13620       1.1527
   13621       1.0827
   13622       1.0446
   13623       1.1632
   13624       1.1605
   13625       1.1326
   13626       1.1235
   13627       1.1372
   13628       1.0675
   13629       1.0873
   13630       1.0933
   13631       1.1234
   13632       1.1157
   13633       1.0937
   13634       1.1249
   13635       1.0945
   13636       1.0957
   13637       1.1813
   13638       1.1566
   13639       1.2036
   13640       1.1720
   13641       1.1557
   13642       1.1293
   13643       1.1475
   13644       1.1488
   13645       1.1618
   13646       1.2316
   13647       1.0788
   13648       1.0706
   13649       1.1080
   13650       1.1184
   13651       1.1537
   13652       1.1939
   13653       1.1673
   13654       1.0724
   13655       1.0970
   13656       1.0866
   13657       1.1007
   13658       1.0708
   13659       1.1507
   13660       1.0853
   13661       1.0015
   13662       1.1089
   13663       1.0408
   13664       1.0590
   13665       1.0373
   13666       1.0731
   13667       1.1952
   13668       1.1939
   13669       1.2761
   13670       1.2616
   13671       1.2179
   13672       1.3083
   13673       1.1928
   13674       1.3161
   13675       1.3466
   13676       1.2551
   13677       1.2944
   13678       1.2299
   13679       1.3135
   13680       1.2545
   13681       1.2343
   13682       1.2650
   13683       1.3674
   13684       1.2838
   13685       1.2723
   13686       1.3107
   13687       1.2793
   13688       1.3592
   13689       1.3218
   13690       1.3444
   13691       1.2610
   13692       1.3222
   13693       1.2795
   13694       1.3966
   13695       1.3172
   13696       1.3377
   13697       1.2653
   13698       1.2507
   13699       1.2541
   13700       1.2393
   13701       1.2602
   13702       1.2445
   13703       1.2477
   13704       1.2966
   13705       1.2337
   13706       1.2245
   13707       1.2081
   13708       1.2412
   13709       1.2029
   13710       1.2696
   13711       1.2136
   13712       1.2321
   13713       1.2377
   13714       1.2306
   13715       1.3136
   13716       1.2451
   13717       1.2412
   13718       1.3053
   13719       1.2667
   13720       1.2438
   13721       1.2872
   13722       1.2468
   13723       1.2481
   13724       1.2756
   13725       1.3093
   13726       1.3259
   13727       1.3062
   13728       1.2486
   13729       1.3538
   13730       1.3092
   13731       1.2346
   13732       1.2879
   13733       1.2865
   13734       1.2853
   13735       1.2934
   13736       1.2783
   13737       1.2240
   13738       1.3119
   13739       1.3274
   13740       1.2650
   13741       1.2748
   13742       1.3193
   13743       1.2225
   13744       1.1989
   13745       1.1723
   13746       1.1700
   13747       1.1859
   13748       1.1604
   13749       1.1880
   13750       1.2143
   13751       1.2221
   13752       1.2637
   13753       1.2208
   13754       1.2573
   13755       1.2507
   13756       1.1891
   13757       1.2462
   13758       1.2776
   13759       1.1967
   13760       1.2240
   13761       1.3256
   13762       1.2717
   13763       1.2113
   13764       1.2555
   13765       1.2323
   13766       1.2158
   13767       1.2452
   13768       1.2054
   13769       1.2495
   13770       1.1829
   13771       1.2950
   13772       1.3108
   13773       1.2821
   13774       1.2563
   13775       1.3648
   13776       1.3176
   13777       1.2154
   13778       1.1943
   13779       1.2183
   13780       1.1249
   13781       1.1802
   13782       1.1669
   13783       1.1773
   13784       1.1190
   13785       1.0836
   13786       1.1525
   13787       1.1907
   13788       1.1400
   13789       1.0925
   13790       1.1159
   13791       1.2147
   13792       1.2621
   13793       1.2282
   13794       1.2008
   13795       1.1776
   13796       1.2264
   13797       1.2728
   13798       1.2467
   13799       1.2915
   13800       1.2242
   13801       1.3045
   13802       1.3683
   13803       1.3802
   13804       1.4061
   13805       1.2899
   13806       1.1719
   13807       1.2878
   13808       1.2167
   13809       1.2575
   13810       1.1181
   13811       1.2495
   13812       1.2232
   13813       1.1885
   13814       1.2051
   13815       1.1481
   13816       1.1693
   13817       1.1429
   13818       1.1212
   13819       1.2113
   13820       1.1799
   13821       1.1535
   13822       1.1533
   13823       1.1747
   13824       1.1412
   13825       1.1385
   13826       1.1419
   13827       1.0443
   13828       1.1032
   13829       1.1290
   13830       1.1065
   13831       1.1678
   13832       1.1513
   13833       1.2115
   13834       1.1774
   13835       1.1494
   13836       1.1732
   13837       1.1331
   13838       1.1686
   13839       1.1769
   13840       1.0308
   13841       1.1547
   13842       1.1666
   13843       1.1596
   13844       1.2520
   13845       1.0993
   13846       1.1417
   13847       1.1095
   13848       1.1658
   13849       1.1278
   13850       1.1627
   13851       1.1462
   13852       1.1397
   13853       1.2096
   13854       1.2319
   13855       1.1595
   13856       1.1409
   13857       1.1604
   13858       1.2481
   13859       1.1873
   13860       1.1473
   13861       1.1596
   13862       1.1682
   13863       1.1735
   13864       1.2311
   13865       1.1981
   13866       1.2206
   13867       1.2067
   13868       1.2374
   13869       1.2067
   13870       1.1272
   13871       1.2166
   13872       1.1806
   13873       1.2326
   13874       1.2103
   13875       1.1080
   13876       1.0375
   13877       1.0527
   13878       1.1106
   13879       1.2167
   13880       1.0372
   13881       1.2121
   13882       1.2331
   13883       1.1620
   13884       1.1846
   13885       1.1408
   13886       1.1706
   13887       1.1722
   13888       1.1729
   13889       1.1704
   13890       1.1943
   13891       1.2542
   13892       1.1723
   13893       1.1248
   13894       1.1446
   13895       1.1466
   13896       1.2123
   13897       1.1665
   13898       1.1442
   13899       1.1270
   13900       1.2406
   13901       1.0974
   13902       1.1011
   13903       1.0909
   13904       1.0617
   13905       1.0075
   13906       0.9868
   13907       1.1287
   13908       1.1729
   13909       1.1304
   13910       1.1178
   13911       1.1102
   13912       1.1396
   13913       1.1058
   13914       1.0080
   13915       1.1219
   13916       1.1550
   13917       1.0921
   13918       1.1239
   13919       1.1245
   13920       1.1287
   13921       1.1467
   13922       1.0708
   13923       1.1253
   13924       1.0576
   13925       1.1440
   13926       1.0405
   13927       1.0409
   13928       1.0326
   13929       1.0381
   13930       1.0625
   13931       1.0688
   13932       1.1164
   13933       1.1453
   13934       1.1656
   13935       1.1217
   13936       1.1762
   13937       1.1448
   13938       1.1691
   13939       1.1814
   13940       1.2279
   13941       1.1708
   13942       1.2177
   13943       1.0733
   13944       1.1532
   13945       1.2156
   13946       1.1468
   13947       1.1301
   13948       1.1300
   13949       1.1744
   13950       1.2059
   13951       1.1347
   13952       1.1121
   13953       1.1925
   13954       1.1422
   13955       1.1606
   13956       1.1572
   13957       1.1855
   13958       1.2460
   13959       1.1527
   13960       1.1777
   13961       1.1481
   13962       1.1638
   13963       1.1207
   13964       1.0586
   13965       1.0317
   13966       1.0710
   13967       1.0493
   13968       1.0919
   13969       1.1633
   13970       1.1152
   13971       1.0572
   13972       1.1671
   13973       1.2263
   13974       1.1481
   13975       1.1482
   13976       1.1401
   13977       1.0543
   13978       1.1987
   13979       1.1640
   13980       1.1195
   13981       1.1335
   13982       1.1270
   13983       1.1838
   13984       1.1954
   13985       1.2318
   13986       1.1975
   13987       1.1568
   13988       1.1880
   13989       1.2652
   13990       1.1351
   13991       1.0924
   13992       1.1359
   13993       1.1336
   13994       1.2002
   13995       1.1730
   13996       1.2001
   13997       1.1693
   13998       1.1493
   13999       1.0465
   14000       1.1975
   14001       1.0907
   14002       1.0479
   14003       1.0745
   14004       1.0938
   14005       1.0409
   14006       1.0848
   14007       1.0835
   14008       1.0791
   14009       1.0403
   14010       1.0746
   14011       1.0061
   14012       1.0603
   14013       1.1407
   14014       1.1569
   14015       1.0943
   14016       1.1109
   14017       1.0541
   14018       1.1312
   14019       1.0433
   14020       1.1000
   14021       0.9818
   14022       1.0933
   14023       1.0654
   14024       0.9936
   14025       1.1311
   14026       1.0826
   14027       1.1304
   14028       1.1250
   14029       1.0542
   14030       1.0657
   14031       1.1411
   14032       1.1070
   14033       1.1824
   14034       1.1594
   14035       1.1101
   14036       1.1790
   14037       1.1854
   14038       1.0992
   14039       1.0843
   14040       1.1221
   14041       1.0750
   14042       1.0999
   14043       1.1338
   14044       1.0982
   14045       1.0311
   14046       1.1113
   14047       1.1110
   14048       1.0576
   14049       1.0720
   14050       0.9705
   14051       1.0709
   14052       1.0149
   14053       0.9869
   14054       0.9708
   14055       1.0625
   14056       0.9751
   14057       1.0269
   14058       1.0470
   14059       1.0354
   14060       0.9926
   14061       0.9807
   14062       1.0520
   14063       1.0357
   14064       1.0292
   14065       1.0312
   14066       1.0388
   14067       1.0231
   14068       1.0140
   14069       1.0449
   14070       1.0336
   14071       1.1170
   14072       1.0385
   14073       1.0812
   14074       1.0124
   14075       1.0737
   14076       1.0669
   14077       1.0697
   14078       1.1043
   14079       1.0202
   14080       1.0295
   14081       1.0438
   14082       1.0756
   14083       1.0170
   14084       1.0689
   14085       1.0783
   14086       1.1100
   14087       1.1744
   14088       1.0720
   14089       1.1074
   14090       1.0859
   14091       1.0616
   14092       1.0589
   14093       1.1263
   14094       1.0774
   14095       1.0974
   14096       1.0327
   14097       1.0881
   14098       1.1435
   14099       1.0488
   14100       1.0467
   14101       1.1298
   14102       1.1323
   14103       1.1723
   14104       1.0940
   14105       1.1416
   14106       1.1340
   14107       1.1047
   14108       1.1212
   14109       1.1046
   14110       1.0816
   14111       0.9848
   14112       1.1349
   14113       1.0716
   14114       1.0279
   14115       1.0359
   14116       1.0649
   14117       1.0364
   14118       1.0819
   14119       1.0685
   14120       1.0378
   14121       0.9995
   14122       0.9579
   14123       1.0255
   14124       1.0715
   14125       1.0838
   14126       1.0931
   14127       1.0445
   14128       1.0889
   14129       1.0765
   14130       1.0649
   14131       1.0384
   14132       1.0803
   14133       1.0575
   14134       1.0266
   14135       1.0188
   14136       0.9527
   14137       1.0754
   14138       1.0331
   14139       1.1019
   14140       1.1306
   14141       1.0993
   14142       1.1088
   14143       1.0934
   14144       1.0866
   14145       1.0188
   14146       0.9989
   14147       1.0640
   14148       1.0072
   14149       1.1113
   14150       1.0591
   14151       1.1199
   14152       1.0522
   14153       1.0766
   14154       0.9909
   14155       0.9795
   14156       1.0613
   14157       1.1269
   14158       1.1072
   14159       1.0860
   14160       1.0363
   14161       1.0718
   14162       1.0434
   14163       1.0694
   14164       1.0819
   14165       1.0342
   14166       1.0503
   14167       1.0236
   14168       1.1552
   14169       1.0204
   14170       1.0149
   14171       1.0637
   14172       1.0443
   14173       1.0913
   14174       0.9705
   14175       0.9634
   14176       1.0453
   14177       1.0341
   14178       1.0134
   14179       1.0465
   14180       1.0544
   14181       1.0089
   14182       1.0858
   14183       1.0920
   14184       1.1314
   14185       1.1614
   14186       1.1884
   14187       1.2160
   14188       1.1542
   14189       1.0771
   14190       1.0738
   14191       1.0490
   14192       0.9846
   14193       1.0814
   14194       1.0070
   14195       1.0253
   14196       0.9976
   14197       1.0922
   14198       0.9929
   14199       1.0152
   14200       0.9803
   14201       1.0277
   14202       0.9619
   14203       0.9796
   14204       0.9893
   14205       0.9423
   14206       1.0333
   14207       0.9288
   14208       1.0494
   14209       1.2033
   14210       1.0206
   14211       1.1170
   14212       1.1451
   14213       1.1221
   14214       1.1606
   14215       1.1557
   14216       1.0912
   14217       1.1397
   14218       1.2591
   14219       1.1871
   14220       1.1766
   14221       1.1234
   14222       1.2090
   14223       1.2913
   14224       1.2760
   14225       1.1937
   14226       1.2221
   14227       1.3261
   14228       1.4067
   14229       1.3022
   14230       1.3406
   14231       1.2253
   14232       1.3603
   14233       1.3572
   14234       1.2972
   14235       1.3474
   14236       1.2850
   14237       1.3340
   14238       1.3553
   14239       1.3465
   14240       1.2325
   14241       1.3283
   14242       1.2363
   14243       1.2173
   14244       1.2124
   14245       1.2926
   14246       1.2729
   14247       1.2829
   14248       1.2752
   14249       1.2906
   14250       1.2273
   14251       1.2910
   14252       1.2247
   14253       1.3570
   14254       1.4185
   14255       1.2742
   14256       1.2873
   14257       1.2843
   14258       1.2336
   14259       1.2739
   14260       1.0838
   14261       1.2299
   14262       1.1404
   14263       1.2290
   14264       1.0717
   14265       1.0910
   14266       1.1316
   14267       1.1799
   14268       1.1509
   14269       1.2185
   14270       1.1919
   14271       1.2535
   14272       1.2008
   14273       1.2113
   14274       1.2101
   14275       1.2420
   14276       1.1699
   14277       1.2039
   14278       1.2380
   14279       1.2471
   14280       1.1278
   14281       1.0891
   14282       1.0499
   14283       1.0991
   14284       1.1080
   14285       1.0850
   14286       1.1229
   14287       1.1315
   14288       1.0816
   14289       1.1767
   14290       1.1333
   14291       1.1041
   14292       1.2444
   14293       1.2218
   14294       1.2265
   14295       1.2378
   14296       1.2169
   14297       1.2023
   14298       1.1805
   14299       1.1558
   14300       1.1875
   14301       1.1882
   14302       1.2068
   14303       1.2141
   14304       1.1541
   14305       1.2198
   14306       1.2899
   14307       1.2594
   14308       1.3208
   14309       1.2499
   14310       1.1173
   14311       1.2257
   14312       1.0382
   14313       1.1049
   14314       1.1524
   14315       1.1753
   14316       1.2113
   14317       1.2217
   14318       1.1434
   14319       1.2519
   14320       1.2557
   14321       1.2094
   14322       1.1935
   14323       1.1558
   14324       1.0918
   14325       1.2388
   14326       1.2551
   14327       1.1986
   14328       1.1731
   14329       1.1333
   14330       1.1782
   14331       1.1954
   14332       1.1019
   14333       1.2478
   14334       1.1538
   14335       1.2392
   14336       1.2277
   14337       1.2038
   14338       1.2274
   14339       1.1725
   14340       1.1173
   14341       1.1286
   14342       1.1739
   14343       1.0954
   14344       1.1847
   14345       1.1834
   14346       1.1076
   14347       1.0897
   14348       1.1677
   14349       1.1641
   14350       1.1319
   14351       1.2606
   14352       1.1291
   14353       1.1576
   14354       1.1613
   14355       1.1982
   14356       1.1202
   14357       1.1654
   14358       1.1522
   14359       1.0430
   14360       1.0761
   14361       1.1558
   14362       1.1362
   14363       1.0670
   14364       1.1108
   14365       1.0771
   14366       1.0966
   14367       1.0894
   14368       1.0556
   14369       1.0852
   14370       1.1585
   14371       0.9536
   14372       1.0705
   14373       1.0378
   14374       1.0161
   14375       1.0109
   14376       1.1091
   14377       1.1163
   14378       1.1183
   14379       1.0325
   14380       1.0386
   14381       1.0437
   14382       1.1242
   14383       1.1165
   14384       1.0718
   14385       1.1148
   14386       1.1977
   14387       1.1398
   14388       1.1191
   14389       1.0108
   14390       1.0621
   14391       1.1347
   14392       1.1862
   14393       1.1339
   14394       1.0347
   14395       1.1517
   14396       1.0901
   14397       1.0862
   14398       1.0445
   14399       0.9890
   14400       0.9568
   14401       1.0306
   14402       1.0479
   14403       1.0476
   14404       1.0718
   14405       1.0232
   14406       0.9892
   14407       1.0767
   14408       1.0911
   14409       1.0810
   14410       1.0388
   14411       0.9735
   14412       0.9929
   14413       1.1212
   14414       1.0609
   14415       1.0298
   14416       1.0317
   14417       0.9322
   14418       1.0651
   14419       1.0514
   14420       1.0257
   14421       1.1168
   14422       1.0954
   14423       1.0801
   14424       1.1054
   14425       1.0626
   14426       1.0552
   14427       1.0922
   14428       1.0897
   14429       1.0213
   14430       1.1023
   14431       1.1566
   14432       1.0993
   14433       1.0430
   14434       1.0777
   14435       1.0906
   14436       1.0794
   14437       1.1280
   14438       1.1320
   14439       1.0843
   14440       1.1601
   14441       1.1420
   14442       1.1150
   14443       1.1655
   14444       1.2274
   14445       1.0474
   14446       1.1176
   14447       1.1106
   14448       1.1384
   14449       1.0948
   14450       1.0689
   14451       1.1051
   14452       1.1398
   14453       1.0909
   14454       1.0899
   14455       1.0988
   14456       0.9969
   14457       1.0815
   14458       1.1623
   14459       1.1139
   14460       1.1152
   14461       1.2468
   14462       1.1848
   14463       1.0825
   14464       1.0987
   14465       1.1411
   14466       1.1541
   14467       1.1416
   14468       1.1159
   14469       1.0888
   14470       1.0909
   14471       1.0381
   14472       0.9908
   14473       1.1361
   14474       1.0824
   14475       1.1416
   14476       1.0587
   14477       1.0517
   14478       1.0335
   14479       1.0132
   14480       0.9827
   14481       1.0377
   14482       1.0201
   14483       1.0552
   14484       1.0697
   14485       1.0146
   14486       0.9896
   14487       1.0405
   14488       1.0227
   14489       1.0789
   14490       1.1230
   14491       1.1968
   14492       1.0895
   14493       1.0791
   14494       1.0705
   14495       1.1659
   14496       1.0737
   14497       1.0929
   14498       1.0912
   14499       1.0545
   14500       1.1332
   14501       1.1732
   14502       1.1517
   14503       1.0991
   14504       1.0895
   14505       1.1422
   14506       1.1443
   14507       1.1524
   14508       1.1720
   14509       1.2424
   14510       1.1896
   14511       1.2076
   14512       1.1817
   14513       1.1761
   14514       1.1779
   14515       1.2066
   14516       1.1010
   14517       1.1088
   14518       1.1073
   14519       1.0743
   14520       1.2136
   14521       1.0767
   14522       1.1603
   14523       1.1184
   14524       1.1734
   14525       1.0814
   14526       1.0874
   14527       1.0941
   14528       1.1774
   14529       1.0991
   14530       1.1742
   14531       1.1295
   14532       1.1491
   14533       1.1682
   14534       1.0684
   14535       1.0999
   14536       1.1548
   14537       1.1903
   14538       1.1133
   14539       1.2217
   14540       1.2073
   14541       1.1275
   14542       1.1510
   14543       1.1897
   14544       1.2176
   14545       1.2609
   14546       1.1288
   14547       1.1362
   14548       1.1170
   14549       1.1829
   14550       1.1973
   14551       1.0951
   14552       1.1140
   14553       1.1789
   14554       1.0891
   14555       1.1796
   14556       1.1253
   14557       1.2342
   14558       1.1194
   14559       1.1682
   14560       1.1472
   14561       1.2233
   14562       1.2553
   14563       1.1674
   14564       1.2137
   14565       1.2200
   14566       1.2351
   14567       1.1720
   14568       1.1645
   14569       1.1689
   14570       1.1910
   14571       1.1750
   14572       1.1907
   14573       1.2625
   14574       1.2600
   14575       1.2085
   14576       1.1897
   14577       1.2947
   14578       1.3325
   14579       1.3075
   14580       1.3875
   14581       1.3194
   14582       1.2515
   14583       1.2980
   14584       1.1928
   14585       1.2597
   14586       1.2527
   14587       1.2229
   14588       1.2838
   14589       1.2838
   14590       1.2174
   14591       1.2624
   14592       1.1854
   14593       1.1054
   14594       1.1493
   14595       1.1607
   14596       1.2496
   14597       1.1840
   14598       1.1925
   14599       1.1397
   14600       1.2127
   14601       1.1925
   14602       1.3120
   14603       1.2130
   14604       1.3996
   14605       1.3944
   14606       1.3466
   14607       1.3480
   14608       1.2681
   14609       1.2903
   14610       1.3389
   14611       1.2846
   14612       1.2427
   14613       1.2208
   14614       1.2010
   14615       1.1721
   14616       1.2133
   14617       1.2147
   14618       1.2092
   14619       1.1944
   14620       1.2198
   14621       1.1201
   14622       1.0771
   14623       1.1359
   14624       1.2883
   14625       1.1628
   14626       1.1518
   14627       1.1906
   14628       1.1614
   14629       1.1605
   14630       1.1815
   14631       1.3106
   14632       1.1531
   14633       1.1514
   14634       1.0935
   14635       1.0794
   14636       1.1259
   14637       1.2554
   14638       1.2843
   14639       1.2239
   14640       1.2442
   14641       1.1885
   14642       1.3107
   14643       1.2280
   14644       1.1994
   14645       1.2791
   14646       1.2423
   14647       1.2597
   14648       1.1922
   14649       1.2717
   14650       1.2538
   14651       1.2250
   14652       1.2117
   14653       1.1797
   14654       1.1776
   14655       1.1781
   14656       1.2312
   14657       1.1487
   14658       1.0897
   14659       1.0609
   14660       1.0932
   14661       1.1495
   14662       1.1096
   14663       1.1524
   14664       1.2082
   14665       1.0865
   14666       1.1323
   14667       1.1254
   14668       1.1461
   14669       1.2002
   14670       1.1160
   14671       1.2148
   14672       1.1848
   14673       1.1784
   14674       1.2393
   14675       1.2256
   14676       1.1073
   14677       1.0579
   14678       1.1483
   14679       1.0301
   14680       1.1013
   14681       1.0923
   14682       1.0759
   14683       1.1623
   14684       1.1798
   14685       1.1751
   14686       1.2749
   14687       1.1591
   14688       1.1973
   14689       1.1599
   14690       1.1555
   14691       1.1067
   14692       1.1546
   14693       1.1343
   14694       1.1218
   14695       1.1466
   14696       1.1962
   14697       1.2306
   14698       1.1412
   14699       1.2070
   14700       1.3384
   14701       1.2412
   14702       1.2206
   14703       1.2137
   14704       1.1516
   14705       1.2193
   14706       1.1370
   14707       1.0859
   14708       1.0989
   14709       1.1255
   14710       1.0468
   14711       1.0896
   14712       1.0888
   14713       1.1459
   14714       1.0529
   14715       1.1497
   14716       1.0588
   14717       1.0936
   14718       1.1567
   14719       1.1926
   14720       1.1559
   14721       1.0535
   14722       1.0442
   14723       1.0667
   14724       1.0970
   14725       1.1359
   14726       1.1281
   14727       1.1306
   14728       1.0888
   14729       1.1000
   14730       1.0587
   14731       1.1438
   14732       1.0800
   14733       1.0554
   14734       1.0766
   14735       1.0360
   14736       0.9735
   14737       1.0361
   14738       1.0332
   14739       1.0899
   14740       1.0994
   14741       1.0206
   14742       1.0442
   14743       1.1256
   14744       0.9784
   14745       1.0393
   14746       1.0655
   14747       1.0661
   14748       1.0729
   14749       1.1574
   14750       1.0849
   14751       1.0191
   14752       0.9416
   14753       1.1227
   14754       1.0528
   14755       1.1182
   14756       1.0886
   14757       1.0337
   14758       1.0538
   14759       1.0518
   14760       0.9837
   14761       1.1181
   14762       1.0398
   14763       1.1740
   14764       1.0782
   14765       1.0497
   14766       1.0569
   14767       0.9765
   14768       1.1289
   14769       1.0034
   14770       1.0590
   14771       1.0024
   14772       0.9802
   14773       1.1102
   14774       1.0360
   14775       1.0865
   14776       1.0326
   14777       1.1113
   14778       1.0404
   14779       1.1039
   14780       1.0455
   14781       1.0292
   14782       1.0207
   14783       1.0138
   14784       1.0549
   14785       1.0595
   14786       1.0234
   14787       1.0214
   14788       1.0165
   14789       1.0823
   14790       1.1023
   14791       1.0209
   14792       1.1120
   14793       1.1203
   14794       1.1933
   14795       1.0822
   14796       1.1087
   14797       1.0942
   14798       1.0788
   14799       1.0205
   14800       1.0825
   14801       1.1205
   14802       1.0122
   14803       1.1341
   14804       1.0226
   14805       1.0529
   14806       1.0177
   14807       1.0855
   14808       1.1234
   14809       1.0762
   14810       1.1060
   14811       1.1805
   14812       1.1047
   14813       1.1890
   14814       1.1911
   14815       1.0759
   14816       1.1005
   14817       1.1380
   14818       1.0630
   14819       1.0069
   14820       0.9785
   14821       0.9665
   14822       0.9535
   14823       1.0348
   14824       1.0561
   14825       1.0321
   14826       1.0375
   14827       1.0831
   14828       0.9934
   14829       1.0765
   14830       1.0159
   14831       1.0520
   14832       1.0056
   14833       1.0607
   14834       1.0888
   14835       1.1197
   14836       1.1520
   14837       1.1225
   14838       1.0414
   14839       1.0832
   14840       1.0252
   14841       1.0853
   14842       1.1077
   14843       1.0924
   14844       1.0224
   14845       1.0686
   14846       1.0527
   14847       1.0641
   14848       1.0018
   14849       1.0328
   14850       1.0960
   14851       1.1862
   14852       1.1476
   14853       1.0987
   14854       1.0623
   14855       1.0956
   14856       1.1208
   14857       1.1243
   14858       1.0814
   14859       1.0840
   14860       1.0627
   14861       1.1023
   14862       1.0961
   14863       1.1144
   14864       1.0981
   14865       1.0924
   14866       1.0489
   14867       1.1033
   14868       0.9980
   14869       0.9780
   14870       0.9931
   14871       0.9906
   14872       1.1107
   14873       1.0885
   14874       1.0702
   14875       1.0164
   14876       1.1315
   14877       1.1214
   14878       1.0681
   14879       1.1028
   14880       1.0769
   14881       1.1215
   14882       1.1865
   14883       1.1645
   14884       1.2284
   14885       1.2168
   14886       1.2005
   14887       1.1247
   14888       1.1774
   14889       1.1527
   14890       1.1521
   14891       1.1689
   14892       1.1149
   14893       1.1807
   14894       1.1722
   14895       1.1367
   14896       1.2288
   14897       1.2295
   14898       1.1909
   14899       1.2215
   14900       1.2025
   14901       1.2047
   14902       1.2413
   14903       1.2535
   14904       1.2331
   14905       1.2460
   14906       1.2077
   14907       1.2051
   14908       1.2789
   14909       1.2848
   14910       1.0901
   14911       1.1916
   14912       1.2184
   14913       1.2262
   14914       1.1965
   14915       1.1629
   14916       1.1902
   14917       1.1681
   14918       1.1434
   14919       1.2415
   14920       1.2344
   14921       1.2970
   14922       1.3406
   14923       1.2763
   14924       1.2526
   14925       1.3868
   14926       1.3403
   14927       1.2639
   14928       1.3008
   14929       1.3731
   14930       1.2675
   14931       1.2422
   14932       1.2277
   14933       1.2199
   14934       1.2071
   14935       1.2172
   14936       1.3011
   14937       1.1662
   14938       1.2254
   14939       1.2446
   14940       1.2749
   14941       1.2580
   14942       1.3810
   14943       1.3248
   14944       1.2861
   14945       1.2674
   14946       1.3257
   14947       1.2716
   14948       1.3100
   14949       1.3171
   14950       1.3196
   14951       1.2880
   14952       1.3269
   14953       1.2539
   14954       1.1821
   14955       1.2533
   14956       1.1782
   14957       1.1871
   14958       1.2071
   14959       1.2374
   14960       1.2338
   14961       1.2945
   14962       1.3456
   14963       1.3425
   14964       1.2991
   14965       1.3302
   14966       1.2758
   14967       1.2219
   14968       1.2527
   14969       1.2645
   14970       1.2722
   14971       1.2549
   14972       1.2991
   14973       1.3801
   14974       1.2657
   14975       1.2784
   14976       1.3877
   14977       1.2444
   14978       1.2107
   14979       1.2869
   14980       1.2338
   14981       1.3046
   14982       1.2864
   14983       1.2828
   14984       1.3163
   14985       1.2564
   14986       1.4010
   14987       1.3994
   14988       1.4618
   14989       1.4116
   14990       1.3771
   14991       1.3485
   14992       1.3018
   14993       1.3262
   14994       1.4618
   14995       1.4930
   14996       1.4318
   14997       1.2634
   14998       1.2997
   14999       1.3400
   15000       1.2995
   15001       1.3000
   15002       1.2861
   15003       1.3991
   15004       1.3262
   15005       1.3271
   15006       1.2906
   15007       1.3242
   15008       1.2922
   15009       1.2864
   15010       1.3409
   15011       1.3530
   15012       1.3181
   15013       1.1903
   15014       1.2527
   15015       1.2372
   15016       1.2620
   15017       1.1794
   15018       1.2447
   15019       1.2094
   15020       1.1892
   15021       1.2328
   15022       1.2260
   15023       1.2700
   15024       1.2673
   15025       1.1970
   15026       1.1935
   15027       1.2202
   15028       1.2028
   15029       1.2537
   15030       1.1778
   15031       1.2671
   15032       1.2327
   15033       1.2847
   15034       1.1678
   15035       1.1940
   15036       1.2292
   15037       1.3354
   15038       1.3800
   15039       1.2402
   15040       1.3456
   15041       1.2126
   15042       1.2349
   15043       1.1967
   15044       1.2911
   15045       1.1638
   15046       1.1875
   15047       1.2635
   15048       1.2567
   15049       1.2980
   15050       1.2297
   15051       1.2997
   15052       1.2881
   15053       1.3194
   15054       1.2012
   15055       1.2629
   15056       1.2988
   15057       1.2243
   15058       1.2149
   15059       1.2409
   15060       1.2880
   15061       1.2664
   15062       1.2284
   15063       1.3659
   15064       1.3747
   15065       1.2795
   15066       1.3051
   15067       1.3215
   15068       1.3757
   15069       1.3685
   15070       1.3919
   15071       1.2904
   15072       1.3449
   15073       1.3250
   15074       1.2366
   15075       1.3509
   15076       1.2138
   15077       1.3379
   15078       1.3735
   15079       1.3195
   15080       1.2636
   15081       1.3429
   15082       1.3193
   15083       1.2673
   15084       1.2578
   15085       1.2937
   15086       1.3129
   15087       1.3646
   15088       1.3901
   15089       1.2985
   15090       1.3805
   15091       1.3817
   15092       1.4467
   15093       1.4479
   15094       1.4444
   15095       1.4633
   15096       1.4744
   15097       1.4975
   15098       1.5497
   15099       1.4432
   15100       1.4310
   15101       1.4621
   15102       1.4309
   15103       1.2775
   15104       1.2890
   15105       1.2501
   15106       1.2905
   15107       1.2714
   15108       1.4473
   15109       1.4253
   15110       1.3357
   15111       1.2301
   15112       1.2693
   15113       1.3274
   15114       1.3215
   15115       1.3354
   15116       1.3928
   15117       1.2559
   15118       1.3474
   15119       1.2973
   15120       1.3618
   15121       1.4071
   15122       1.3157
   15123       1.3063
   15124       1.1988
   15125       1.2491
   15126       1.2342
   15127       1.3485
   15128       1.2418
   15129       1.2337
   15130       1.2448
   15131       1.2811
   15132       1.2125
   15133       1.2437
   15134       1.2783
   15135       1.2766
   15136       1.3618
   15137       1.2801
   15138       1.3086
   15139       1.3741
   15140       1.3101
   15141       1.2853
   15142       1.3177
   15143       1.4443
   15144       1.2815
   15145       1.3521
   15146       1.3191
   15147       1.3780
   15148       1.2979
   15149       1.3403
   15150       1.3372
   15151       1.2545
   15152       1.3886
   15153       1.3924
   15154       1.4120
   15155       1.3350
   15156       1.3356
   15157       1.2778
   15158       1.4056
   15159       1.2532
   15160       1.3595
   15161       1.2381
   15162       1.2570
   15163       1.3393
   15164       1.2239
   15165       1.2814
   15166       1.3411
   15167       1.3658
   15168       1.3812
   15169       1.3732
   15170       1.3948
   15171       1.3141
   15172       1.3093
   15173       1.2036
   15174       1.3071
   15175       1.2407
   15176       1.2747
   15177       1.3070
   15178       1.3040
   15179       1.3406
   15180       1.2898
   15181       1.3027
   15182       1.2361
   15183       1.2696
   15184       1.2262
   15185       1.1680
   15186       1.1908
   15187       1.1896
   15188       1.1973
   15189       1.1202
   15190       1.2699
   15191       1.3297
   15192       1.2646
   15193       1.3050
   15194       1.1997
   15195       1.2646
   15196       1.2372
   15197       1.2499
   15198       1.2652
   15199       1.2679
   15200       1.3307
   15201       1.2255
   15202       1.2736
   15203       1.2873
   15204       1.3387
   15205       1.2720
   15206       1.1793
   15207       1.2855
   15208       1.2275
   15209       1.2915
   15210       1.2289
   15211       1.2946
   15212       1.2522
   15213       1.2839
   15214       1.1722
   15215       1.1759
   15216       1.2237
   15217       1.3122
   15218       1.2417
   15219       1.2087
   15220       1.4086
   15221       1.2703
   15222       1.2134
   15223       1.1867
   15224       1.1410
   15225       1.1951
   15226       1.2011
   15227       1.1265
   15228       1.0508
   15229       1.0775
   15230       1.0826
   15231       1.0800
   15232       1.1274
   15233       1.0623
   15234       1.0645
   15235       1.1857
   15236       1.2731
   15237       1.1903
   15238       1.2521
   15239       1.2919
   15240       1.2481
   15241       1.2680
   15242       1.2265
   15243       1.3038
   15244       1.3244
   15245       1.2240
   15246       1.2887
   15247       1.3014
   15248       1.3934
   15249       1.3737
   15250       1.3349
   15251       1.2708
   15252       1.2962
   15253       1.2946
   15254       1.2895
   15255       1.2242
   15256       1.1695
   15257       1.2343
   15258       1.2290
   15259       1.2340
   15260       1.2534
   15261       1.2496
   15262       1.2239
   15263       1.1439
   15264       1.1268
   15265       1.1958
   15266       1.2408
   15267       1.3231
   15268       1.2928
   15269       1.3067
   15270       1.1581
   15271       1.2929
   15272       1.2253
   15273       1.2201
   15274       1.2083
   15275       1.2590
   15276       1.2866
   15277       1.2771
   15278       1.2028
   15279       1.1784
   15280       1.2536
   15281       1.3433
   15282       1.3980
   15283       1.2829
   15284       1.2402
   15285       1.2724
   15286       1.2182
   15287       1.2232
   15288       1.2411
   15289       1.2847
   15290       1.2992
   15291       1.3049
   15292       1.2533
   15293       1.2533
   15294       1.3674
   15295       1.3004
   15296       1.2268
   15297       1.2279
   15298       1.3114
   15299       1.2704
   15300       1.2493
   15301       1.1933
   15302       1.2439
   15303       1.1908
   15304       1.1970
   15305       1.1940
   15306       1.2246
   15307       1.2391
   15308       1.1381
   15309       1.1942
   15310       1.2022
   15311       1.1760
   15312       1.1748
   15313       1.1215
   15314       1.2338
   15315       1.1845
   15316       1.2934
   15317       1.2652
   15318       1.2637
   15319       1.2246
   15320       1.2859
   15321       1.2961
   15322       1.2172
   15323       1.2797
   15324       1.3416
   15325       1.2985
   15326       1.1639
   15327       1.2227
   15328       1.2517
   15329       1.2455
   15330       1.2266
   15331       1.1883
   15332       1.2251
   15333       1.1860
   15334       1.1884
   15335       1.2899
   15336       1.2502
   15337       1.2280
   15338       1.2558
   15339       1.1245
   15340       1.1325
   15341       1.1991
   15342       1.0962
   15343       1.1174
   15344       1.1935
   15345       1.1510
   15346       1.2006
   15347       1.1293
   15348       1.1094
   15349       1.2096
   15350       1.1769
   15351       1.1185
   15352       1.2579
   15353       1.1256
   15354       1.2267
   15355       1.2108
   15356       1.2309
   15357       1.1968
   15358       1.3012
   15359       1.3156
   15360       1.1456
   15361       1.2054
   15362       1.2223
   15363       1.1734
   15364       1.2633
   15365       1.2326
   15366       1.1257
   15367       1.2272
   15368       1.1188
   15369       1.2324
   15370       1.2602
   15371       1.2405
   15372       1.1546
   15373       1.2269
   15374       1.3004
   15375       1.3174
   15376       1.3034
   15377       1.1622
   15378       1.2703
   15379       1.2624
   15380       1.1995
   15381       1.2035
   15382       1.1713
   15383       1.2938
   15384       1.2164
   15385       1.1986
   15386       1.1979
   15387       1.1990
   15388       1.2185
   15389       1.2563
   15390       1.2483
   15391       1.2662
   15392       1.1629
   15393       1.1212
   15394       1.1656
   15395       1.1032
   15396       1.1996
   15397       1.2630
   15398       1.2415
   15399       1.1875
   15400       1.1047
   15401       1.1530
   15402       1.3343
   15403       1.2418
   15404       1.3316
   15405       1.3037
   15406       1.2400
   15407       1.3315
   15408       1.2475
   15409       1.3608
   15410       1.2909
   15411       1.2015
   15412       1.1950
   15413       1.2776
   15414       1.1732
   15415       1.1675
   15416       1.1573
   15417       1.3251
   15418       1.2386
   15419       1.1155
   15420       1.3000
   15421       1.1881
   15422       1.1508
   15423       1.1766
   15424       1.1263
   15425       1.1190
   15426       1.1091
   15427       1.2227
   15428       1.0815
   15429       1.1565
   15430       1.2139
   15431       1.1998
   15432       1.3371
   15433       1.1559
   15434       1.1536
   15435       1.2451
   15436       1.2654
   15437       1.1210
   15438       1.2154
   15439       1.2413
   15440       1.1367
   15441       1.0843
   15442       1.0861
   15443       1.1659
   15444       1.0485
   15445       1.0187
   15446       1.2344
   15447       1.2683
   15448       1.1755
   15449       1.2556
   15450       1.2062
   15451       1.2359
   15452       1.2686
   15453       1.1285
   15454       1.2310
   15455       1.1477
   15456       1.1630
   15457       1.2039
   15458       1.2789
   15459       1.2186
   15460       1.2104
   15461       1.1860
   15462       1.1323
   15463       1.1823
   15464       1.1928
   15465       1.1310
   15466       1.2020
   15467       1.1791
   15468       1.2291
   15469       1.2545
   15470       1.1834
   15471       1.2286
   15472       1.1000
   15473       1.3146
   15474       1.2549
   15475       1.2278
   15476       1.2689
   15477       1.1681
   15478       1.3614
   15479       1.3076
   15480       1.2870
   15481       1.2683
   15482       1.2594
   15483       1.2745
   15484       1.3431
   15485       1.2069
   15486       1.3033
   15487       1.3243
   15488       1.4076
   15489       1.3593
   15490       1.3837
   15491       1.3023
   15492       1.2525
   15493       1.2828
   15494       1.2364
   15495       1.2765
   15496       1.1972
   15497       1.1718
   15498       1.2143
   15499       1.2053
   15500       1.2414
   15501       1.2960
   15502       1.2534
   15503       1.3397
   15504       1.3369
   15505       1.3795
   15506       1.3262
   15507       1.2228
   15508       1.2102
   15509       1.2049
   15510       1.2057
   15511       1.1417
   15512       1.1391
   15513       1.0619
   15514       1.1932
   15515       1.1825
   15516       1.1211
   15517       1.0952
   15518       1.1021
   15519       1.1359
   15520       1.1297
   15521       1.1592
   15522       1.1681
   15523       1.2759
   15524       1.2120
   15525       1.2109
   15526       1.2504
   15527       1.2302
   15528       1.1621
   15529       1.1640
   15530       1.1953
   15531       1.1413
   15532       1.1626
   15533       1.1691
   15534       1.2616
   15535       1.1665
   15536       1.1848
   15537       1.1878
   15538       1.2096
   15539       1.1796
   15540       1.2045
   15541       1.2532
   15542       1.3058
   15543       1.2007
   15544       1.3303
   15545       1.2588
   15546       1.2458
   15547       1.2626
   15548       1.2069
   15549       1.3806
   15550       1.2820
   15551       1.3506
   15552       1.2389
   15553       1.2650
   15554       1.3041
   15555       1.2751
   15556       1.2443
   15557       1.2550
   15558       1.2987
   15559       1.2829
   15560       1.3528
   15561       1.2309
   15562       1.2506
   15563       1.1555
   15564       1.2189
   15565       1.2850
   15566       1.2520
   15567       1.3079
   15568       1.2755
   15569       1.1783
   15570       1.2891
   15571       1.2612
   15572       1.1326
   15573       1.2241
   15574       1.2580
   15575       1.2712
   15576       1.1543
   15577       1.2763
   15578       1.1692
   15579       1.2615
   15580       1.2185
   15581       1.2329
   15582       1.1627
   15583       1.2499
   15584       1.1587
   15585       1.2167
   15586       1.2152
   15587       1.3072
   15588       1.1832
   15589       1.1379
   15590       1.2240
   15591       1.2218
   15592       1.2399
   15593       1.2491
   15594       1.2805
   15595       1.1416
   15596       1.1962
   15597       1.1725
   15598       1.1754
   15599       1.2068
   15600       1.1821
   15601       1.2884
   15602       1.2580
   15603       1.1980
   15604       1.2779
   15605       1.2226
   15606       1.2564
   15607       1.2145
   15608       1.1971
   15609       1.2411
   15610       1.1821
   15611       1.3514
   15612       1.3035
   15613       1.2352
   15614       1.2132
   15615       1.3008
   15616       1.3490
   15617       1.2810
   15618       1.3930
   15619       1.1995
   15620       1.2050
   15621       1.2465
   15622       1.3077
   15623       1.2226
   15624       1.2120
   15625       1.1832
   15626       1.1972
   15627       1.1915
   15628       1.2573
   15629       1.2484
   15630       1.2367
   15631       1.2767
   15632       1.2785
   15633       1.2496
   15634       1.2304
   15635       1.1780
   15636       1.1444
   15637       1.2252
   15638       1.2438
   15639       1.0927
   15640       1.1917
   15641       1.1483
   15642       1.1534
   15643       1.2089
   15644       1.2512
   15645       1.2195
   15646       1.2450
   15647       1.3074
   15648       1.1958
   15649       1.2697
   15650       1.2212
   15651       1.2296
   15652       1.1900
   15653       1.2402
   15654       1.2436
   15655       1.2648
   15656       1.3069
   15657       1.3238
   15658       1.2401
   15659       1.2677
   15660       1.3103
   15661       1.3285
   15662       1.3181
   15663       1.2347
   15664       1.4130
   15665       1.3366
   15666       1.2707
   15667       1.3015
   15668       1.2334
   15669       1.2259
   15670       1.2977
   15671       1.3301
   15672       1.3698
   15673       1.2747
   15674       1.2592
   15675       1.3881
   15676       1.3175
   15677       1.3767
   15678       1.1533
   15679       1.3046
   15680       1.2218
   15681       1.2975
   15682       1.2392
   15683       1.2995
   15684       1.2775
   15685       1.3007
   15686       1.3911
   15687       1.3430
   15688       1.3079
   15689       1.2266
   15690       1.2528
   15691       1.3022
   15692       1.3346
   15693       1.3613
   15694       1.3211
   15695       1.3655
   15696       1.3338
   15697       1.2991
   15698       1.2825
   15699       1.1796
   15700       1.2319
   15701       1.2955
   15702       1.3420
   15703       1.3371
   15704       1.3772
   15705       1.2484
   15706       1.2876
   15707       1.2343
   15708       1.2709
   15709       1.3236
   15710       1.3363
   15711       1.3208
   15712       1.3465
   15713       1.2585
   15714       1.2207
   15715       1.2989
   15716       1.3174
   15717       1.2816
   15718       1.2091
   15719       1.2222
   15720       1.2579
   15721       1.1941
   15722       1.2861
   15723       1.1327
   15724       1.1475
   15725       1.3288
   15726       1.2803
   15727       1.3103
   15728       1.3166
   15729       1.3247
   15730       1.2608
   15731       1.2070
   15732       1.2324
   15733       1.2103
   15734       1.3191
   15735       1.3243
   15736       1.2682
   15737       1.2160
   15738       1.2455
   15739       1.3099
   15740       1.2301
   15741       1.1909
   15742       1.2056
   15743       1.2866
   15744       1.2562
   15745       1.2108
   15746       1.2054
   15747       1.1686
   15748       1.2688
   15749       1.2013
   15750       1.3289
   15751       1.2360
   15752       1.3197
   15753       1.3472
   15754       1.2763
   15755       1.1942
   15756       1.2910
   15757       1.3376
   15758       1.2573
   15759       1.2693
   15760       1.3483
   15761       1.2865
   15762       1.2727
   15763       1.1790
   15764       1.2379
   15765       1.2505
   15766       1.2377
   15767       1.2585
   15768       1.2992
   15769       1.4111
   15770       1.3779
   15771       1.2233
   15772       1.2669
   15773       1.2441
   15774       1.2875
   15775       1.3189
   15776       1.3142
   15777       1.3311
   15778       1.2372
   15779       1.2368
   15780       1.2233
   15781       1.2629
   15782       1.2621
   15783       1.3148
   15784       1.2744
   15785       1.1877
   15786       1.2118
   15787       1.2659
   15788       1.2296
   15789       1.2669
   15790       1.2130
   15791       1.2442
   15792       1.2705
   15793       1.2412
   15794       1.2579
   15795       1.2525
   15796       1.2609
   15797       1.3680
   15798       1.2602
   15799       1.3071
   15800       1.2722
   15801       1.2448
   15802       1.2714
   15803       1.3161
   15804       1.2706
   15805       1.2709
   15806       1.4062
   15807       1.2657
   15808       1.2109
   15809       1.1748
   15810       1.2679
   15811       1.1942
   15812       1.2638
   15813       1.3226
   15814       1.2516
   15815       1.2550
   15816       1.2469
   15817       1.1936
   15818       1.2721
   15819       1.2413
   15820       1.1670
   15821       1.2210
   15822       1.3145
   15823       1.2514
   15824       1.2430
   15825       1.1780
   15826       1.2071
   15827       1.1974
   15828       1.2670
   15829       1.2780
   15830       1.3731
   15831       1.3830
   15832       1.3231
   15833       1.3914
   15834       1.3435
   15835       1.3395
   15836       1.3506
   15837       1.3836
   15838       1.3159
   15839       1.2767
   15840       1.3171
   15841       1.2925
   15842       1.3278
   15843       1.3933
   15844       1.4484
   15845       1.3454
   15846       1.3130
   15847       1.3005
   15848       1.3069
   15849       1.2109
   15850       1.1713
   15851       1.2492
   15852       1.3511
   15853       1.3908
   15854       1.3274
   15855       1.3649
   15856       1.2673
   15857       1.3059
   15858       1.3289
   15859       1.3975
   15860       1.2320
   15861       1.2878
   15862       1.2428
   15863       1.2788
   15864       1.2489
   15865       1.3994
   15866       1.4146
   15867       1.4380
   15868       1.4027
   15869       1.4431
   15870       1.4304
   15871       1.3907
   15872       1.3701
   15873       1.3057
   15874       1.3028
   15875       1.3319
   15876       1.3128
   15877       1.1890
   15878       1.3313
   15879       1.2988
   15880       1.2749
   15881       1.3012
   15882       1.3272
   15883       1.2250
   15884       1.3136
   15885       1.3019
   15886       1.2760
   15887       1.3585
   15888       1.3565
   15889       1.3305
   15890       1.3625
   15891       1.3877
   15892       1.2648
   15893       1.2582
   15894       1.2771
   15895       1.2969
   15896       1.2832
   15897       1.2984
   15898       1.2635
   15899       1.3335
   15900       1.2495
   15901       1.3395
   15902       1.3575
   15903       1.3623
   15904       1.3072
   15905       1.2535
   15906       1.2607
   15907       1.2339
   15908       1.2785
   15909       1.3354
   15910       1.3310
   15911       1.3275
   15912       1.3496
   15913       1.3416
   15914       1.3481
   15915       1.3809
   15916       1.2999
   15917       1.4022
   15918       1.4083
   15919       1.3627
   15920       1.3524
   15921       1.3554
   15922       1.3425
   15923       1.3925
   15924       1.2512
   15925       1.2334
   15926       1.1602
   15927       1.1745
   15928       1.1415
   15929       1.2545
   15930       1.2316
   15931       1.2428
   15932       1.2934
   15933       1.3217
   15934       1.3366
   15935       1.2647
   15936       1.1867
   15937       1.2451
   15938       1.2881
   15939       1.2469
   15940       1.3520
   15941       1.3478
   15942       1.2062
   15943       1.2488
   15944       1.2424
   15945       1.3236
   15946       1.3306
   15947       1.2256
   15948       1.3359
   15949       1.2787
   15950       1.3195
   15951       1.2607
   15952       1.3001
   15953       1.2514
   15954       1.2670
   15955       1.1946
   15956       1.2667
   15957       1.2725
   15958       1.2261
   15959       1.1946
   15960       1.2042
   15961       1.2510
   15962       1.1677
   15963       1.1338
   15964       1.1984
   15965       1.3467
   15966       1.2458
   15967       1.2304
   15968       1.3041
   15969       1.2908
   15970       1.2904
   15971       1.2976
   15972       1.3671
   15973       1.3893
   15974       1.2926
   15975       1.2806
   15976       1.2151
   15977       1.2685
   15978       1.2520
   15979       1.3380
   15980       1.3251
   15981       1.3040
   15982       1.3172
   15983       1.2334
   15984       1.2629
   15985       1.3547
   15986       1.2440
   15987       1.2414
   15988       1.2177
   15989       1.2366
   15990       1.2599
   15991       1.2801
   15992       1.2613
   15993       1.3864
   15994       1.2461
   15995       1.3527
   15996       1.3085
   15997       1.3332
   15998       1.3461
   15999       1.2681
   16000       1.3594
   16001       1.3424
   16002       1.3148
   16003       1.2127
   16004       1.2564
   16005       1.2527
   16006       1.2630
   16007       1.2454
   16008       1.4119
   16009       1.2840
   16010       1.3127
   16011       1.3442
   16012       1.3085
   16013       1.3046
   16014       1.2513
   16015       1.3100
   16016       1.3530
   16017       1.3757
   16018       1.4077
   16019       1.3590
   16020       1.3175
   16021       1.3837
   16022       1.2636
   16023       1.1467
   16024       1.1738
   16025       1.1440
   16026       1.2579
   16027       1.1243
   16028       1.2164
   16029       1.1944
   16030       1.2756
   16031       1.1999
   16032       1.1554
   16033       1.1686
   16034       1.1724
   16035       1.2400
   16036       1.1692
   16037       1.1866
   16038       1.1837
   16039       1.1965
   16040       1.2289
   16041       1.2535
   16042       1.2337
   16043       1.1599
   16044       1.1579
   16045       1.1630
   16046       1.1104
   16047       1.1576
   16048       1.0847
   16049       1.1656
   16050       1.1775
   16051       1.1730
   16052       1.1391
   16053       1.0933
   16054       1.1438
   16055       1.2056
   16056       1.0901
   16057       1.1273
   16058       1.0961
   16059       1.1949
   16060       1.1258
   16061       1.1485
   16062       1.0893
   16063       1.1318
   16064       1.0581
   16065       1.1375
   16066       1.0854
   16067       1.0908
   16068       1.1251
   16069       1.0732
   16070       1.0579
   16071       1.1387
   16072       1.1056
   16073       1.1064
   16074       1.2031
   16075       1.1795
   16076       1.1752
   16077       1.1931
   16078       1.1319
   16079       1.0967
   16080       1.2382
   16081       1.1257
   16082       1.1550
   16083       1.1453
   16084       1.1848
   16085       1.2003
   16086       1.2010
   16087       1.1799
   16088       1.2114
   16089       1.1886
   16090       1.1743
   16091       1.1683
   16092       1.2049
   16093       1.2617
   16094       1.2340
   16095       1.1902
   16096       1.1517
   16097       1.2508
   16098       1.2698
   16099       1.1763
   16100       1.1648
   16101       1.1774
   16102       1.1789
   16103       1.1800
   16104       1.2204
   16105       1.2576
   16106       1.1206
   16107       1.1366
   16108       1.1391
   16109       1.1503
   16110       1.1615
   16111       1.2610
   16112       1.1097
   16113       1.2724
   16114       1.2274
   16115       1.0756
   16116       1.1752
   16117       1.1732
   16118       1.1744
   16119       1.2665
   16120       1.2485
   16121       1.1868
   16122       1.1881
   16123       1.1449
   16124       1.2297
   16125       1.0936
   16126       1.2998
   16127       1.1609
   16128       1.1779
   16129       1.1832
   16130       1.1764
   16131       1.2151
   16132       1.2001
   16133       1.1946
   16134       1.1387
   16135       1.1596
   16136       1.0914
   16137       1.1895
   16138       1.2014
   16139       1.1427
   16140       1.1676
   16141       1.1825
   16142       1.1712
   16143       1.1372
   16144       1.1738
   16145       1.1197
   16146       1.1268
   16147       1.2139
   16148       1.1878
   16149       1.2404
   16150       1.1387
   16151       1.1496
   16152       1.1415
   16153       1.0969
   16154       1.1893
   16155       1.1856
   16156       1.0636
   16157       1.0693
   16158       1.1575
   16159       1.2408
   16160       1.2379
   16161       1.2313
   16162       1.1418
   16163       1.1635
   16164       1.2301
   16165       1.2340
   16166       1.1934
   16167       1.2385
   16168       1.2295
   16169       1.2114
   16170       1.2145
   16171       1.1922
   16172       1.2263
   16173       1.1989
   16174       1.1620
   16175       1.2904
   16176       1.2838
   16177       1.2488
   16178       1.2769
   16179       1.2300
   16180       1.1806
   16181       1.2155
   16182       1.2342
   16183       1.2508
   16184       1.3186
   16185       1.2729
   16186       1.2757
   16187       1.3298
   16188       1.2369
   16189       1.1921
   16190       1.2254
   16191       1.0678
   16192       1.1840
   16193       1.1846
   16194       1.1017
   16195       1.2356
   16196       1.1785
   16197       1.2134
   16198       1.1604
   16199       1.1219
   16200       1.2356
   16201       1.1689
   16202       1.1781
   16203       1.2953
   16204       1.2736
   16205       1.2265
   16206       1.2263
   16207       1.2939
   16208       1.1754
   16209       1.1961
   16210       1.1904
   16211       1.1515
   16212       1.2700
   16213       1.2077
   16214       1.1288
   16215       1.1965
   16216       1.1707
   16217       1.1434
   16218       1.1721
   16219       1.1110
   16220       1.0162
   16221       1.0767
   16222       1.1641
   16223       1.2317
   16224       1.2034
   16225       1.1892
   16226       1.2545
   16227       1.1400
   16228       1.1177
   16229       1.1618
   16230       1.1129
   16231       1.1644
   16232       1.1382
   16233       1.2207
   16234       1.2030
   16235       1.1922
   16236       1.1862
   16237       1.2679
   16238       1.2226
   16239       1.2305
   16240       1.1719
   16241       1.1412
   16242       1.2675
   16243       1.2769
   16244       1.2163
   16245       1.2125
   16246       1.2214
   16247       1.3099
   16248       1.2724
   16249       1.2627
   16250       1.2880
   16251       1.3313
   16252       1.2570
   16253       1.2649
   16254       1.3359
   16255       1.2554
   16256       1.2573
   16257       1.2363
   16258       1.2707
   16259       1.2938
   16260       1.3868
   16261       1.3070
   16262       1.3486
   16263       1.3616
   16264       1.2967
   16265       1.1798
   16266       1.2005
   16267       1.1908
   16268       1.1230
   16269       1.2583
   16270       1.1697
   16271       1.1592
   16272       1.1663
   16273       1.1822
   16274       1.2597
   16275       1.2631
   16276       1.2638
   16277       1.2246
   16278       1.2886
   16279       1.2176
   16280       1.2414
   16281       1.1251
   16282       1.2439
   16283       1.2236
   16284       1.2336
   16285       1.2056
   16286       1.2750
   16287       1.2188
   16288       1.2185
   16289       1.2530
   16290       1.3888
   16291       1.3592
   16292       1.2112
   16293       1.2471
   16294       1.2512
   16295       1.1667
   16296       1.1840
   16297       1.1132
   16298       1.1952
   16299       1.2111
   16300       1.2995
   16301       1.3102
   16302       1.2800
   16303       1.2843
   16304       1.2107
   16305       1.1450
   16306       1.1696
   16307       1.1733
   16308       1.1946
   16309       1.1893
   16310       1.1529
   16311       1.3189
   16312       1.2571
   16313       1.2423
   16314       1.3469
   16315       1.3126
   16316       1.2713
   16317       1.3386
   16318       1.3066
   16319       1.2877
   16320       1.2320
   16321       1.2760
   16322       1.2180
   16323       1.2614
   16324       1.2325
   16325       1.2215
   16326       1.2391
   16327       1.2210
   16328       1.2179
   16329       1.2453
   16330       1.2140
   16331       1.2856
   16332       1.2490
   16333       1.1797
   16334       1.1521
   16335       1.2802
   16336       1.2067
   16337       1.1844
   16338       1.2274
   16339       1.2361
   16340       1.2667
   16341       1.3425
   16342       1.2682
   16343       1.2016
   16344       1.1869
   16345       1.2045
   16346       1.1867
   16347       1.1744
   16348       1.1931
   16349       1.2575
   16350       1.1864
   16351       1.1990
   16352       1.2461
   16353       1.1730
   16354       1.1586
   16355       1.2594
   16356       1.2062
   16357       1.2166
   16358       1.1944
   16359       1.2380
   16360       1.2020
   16361       1.1540
   16362       1.2200
   16363       1.1566
   16364       1.1738
   16365       1.2003
   16366       1.2286
   16367       1.2428
   16368       1.2528
   16369       1.2146
   16370       1.2295
   16371       1.3189
   16372       1.3379
   16373       1.2153
   16374       1.3106
   16375       1.3209
   16376       1.2545
   16377       1.2900
   16378       1.2464
   16379       1.2854
   16380       1.1951
   16381       1.2141
   16382       1.1643
   16383       1.3265
   16384       1.2093
   16385       1.1195
   16386       1.2095
   16387       1.2503
   16388       1.1401
   16389       1.2696
   16390       1.2672
   16391       1.1588
   16392       1.2673
   16393       1.2174
   16394       1.2494
   16395       1.2399
   16396       1.2154
   16397       1.1130
   16398       1.1864
   16399       1.2166
   16400       1.1969
   16401       1.1668
   16402       1.1888
   16403       1.2992
   16404       1.2240
   16405       1.2397
   16406       1.2552
   16407       1.2441
   16408       1.2188
   16409       1.2384
   16410       1.2736
   16411       1.2479
   16412       1.2192
   16413       1.2392
   16414       1.3409
   16415       1.2508
   16416       1.1656
   16417       1.2852
   16418       1.3313
   16419       1.2901
   16420       1.3094
   16421       1.2516
   16422       1.1842
   16423       1.2720
   16424       1.2200
   16425       1.2655
   16426       1.3396
   16427       1.2509
   16428       1.3530
   16429       1.2880
   16430       1.3056
   16431       1.3427
   16432       1.2660
   16433       1.2977
   16434       1.2865
   16435       1.3555
   16436       1.2924
   16437       1.3263
   16438       1.3866
   16439       1.3476
   16440       1.2766
   16441       1.2950
   16442       1.2632
   16443       1.2506
   16444       1.3834
   16445       1.3402
   16446       1.3825
   16447       1.3874
   16448       1.3231
   16449       1.3286
   16450       1.2962
   16451       1.4200
   16452       1.2404
   16453       1.3646
   16454       1.2817
   16455       1.2456
   16456       1.3399
   16457       1.3082
   16458       1.2624
   16459       1.3033
   16460       1.2868
   16461       1.2677
   16462       1.2611
   16463       1.3200
   16464       1.2447
   16465       1.2077
   16466       1.2165
   16467       1.3055
   16468       1.3370
   16469       1.3437
   16470       1.1931
   16471       1.2097
   16472       1.3803
   16473       1.3147
   16474       1.2844
   16475       1.4334
   16476       1.3296
   16477       1.3801
   16478       1.2214
   16479       1.1731
   16480       1.1843
   16481       1.2528
   16482       1.1910
   16483       1.1851
   16484       1.3041
   16485       1.2353
   16486       1.1957
   16487       1.2954
   16488       1.1769
   16489       1.2172
   16490       1.2642
   16491       1.2598
   16492       1.1956
   16493       1.1435
   16494       1.2113
   16495       1.2643
   16496       1.2830
   16497       1.3445
   16498       1.2689
   16499       1.2067
   16500       1.3101
   16501       1.2458
   16502       1.2048
   16503       1.2659
   16504       1.3104
   16505       1.2738
   16506       1.2087
   16507       1.1480
   16508       1.2666
   16509       1.3009
   16510       1.2590
   16511       1.2935
   16512       1.2061
   16513       1.2115
   16514       1.2562
   16515       1.3348
   16516       1.2477
   16517       1.2514
   16518       1.2783
   16519       1.3373
   16520       1.2510
   16521       1.2883
   16522       1.2736
   16523       1.2578
   16524       1.3195
   16525       1.2606
   16526       1.3101
   16527       1.2406
   16528       1.2506
   16529       1.2557
   16530       1.2599
   16531       1.1954
   16532       1.2395
   16533       1.2222
   16534       1.2050
   16535       1.2466
   16536       1.2087
   16537       1.1366
   16538       1.2162
   16539       1.1657
   16540       1.0972
   16541       1.2228
   16542       1.2749
   16543       1.1738
   16544       1.1637
   16545       1.1495
   16546       1.1364
   16547       1.1682
   16548       1.2322
   16549       1.2642
   16550       1.2014
   16551       1.2444
   16552       1.2150
   16553       1.1930
   16554       1.2009
   16555       1.2234
   16556       1.2542
   16557       1.2617
   16558       1.1239
   16559       1.0823
   16560       1.1052
   16561       1.1433
   16562       1.1535
   16563       1.2037
   16564       1.2435
   16565       1.2116
   16566       1.1917
   16567       1.1309
   16568       1.2114
   16569       1.3158
   16570       1.1875
   16571       1.3041
   16572       1.2455
   16573       1.2695
   16574       1.2786
   16575       1.2794
   16576       1.2722
   16577       1.2512
   16578       1.3597
   16579       1.3465
   16580       1.3974
   16581       1.2205
   16582       1.2248
   16583       1.3032
   16584       1.3246
   16585       1.2628
   16586       1.2367
   16587       1.2635
   16588       1.2335
   16589       1.2554
   16590       1.1848
   16591       1.1909
   16592       1.3447
   16593       1.1774
   16594       1.1108
   16595       1.1292
   16596       1.1208
   16597       1.1542
   16598       1.2314
   16599       1.2164
   16600       1.2940
   16601       1.3236
   16602       1.2979
   16603       1.3671
   16604       1.2750
   16605       1.4144
   16606       1.4137
   16607       1.2906
   16608       1.3471
   16609       1.2100
   16610       1.2919
   16611       1.2248
   16612       1.1788
   16613       1.2473
   16614       1.3082
   16615       1.2238
   16616       1.2622
   16617       1.3064
   16618       1.3639
   16619       1.2308
   16620       1.1846
   16621       1.2100
   16622       1.2307
   16623       1.2077
   16624       1.2329
   16625       1.1674
   16626       1.1779
   16627       1.1724
   16628       1.2729
   16629       1.2245
   16630       1.1971
   16631       1.2800
   16632       1.2840
   16633       1.2274
   16634       1.2742
   16635       1.2924
   16636       1.2848
   16637       1.2692
   16638       1.2261
   16639       1.3172
   16640       1.2181
   16641       1.1391
   16642       1.2321
   16643       1.2923
   16644       1.3147
   16645       1.2896
   16646       1.1529
   16647       1.2532
   16648       1.2803
   16649       1.2197
   16650       1.2206
   16651       1.1773
   16652       1.2082
   16653       1.2116
   16654       1.1967
   16655       1.1821
   16656       1.2291
   16657       1.1635
   16658       1.1774
   16659       1.1324
   16660       1.1536
   16661       1.1256
   16662       1.1404
   16663       1.1336
   16664       1.1114
   16665       1.2143
   16666       1.1697
   16667       1.1555
   16668       1.1557
   16669       1.2137
   16670       1.2566
   16671       1.1852
   16672       1.1670
   16673       1.2142
   16674       1.2013
   16675       1.0791
   16676       1.3337
   16677       1.1829
   16678       1.2165
   16679       1.1612
   16680       1.1624
   16681       1.1591
   16682       1.1536
   16683       1.1464
   16684       1.1005
   16685       1.1631
   16686       1.1359
   16687       1.1888
   16688       1.1502
   16689       1.2150
   16690       1.1406
   16691       1.1372
   16692       1.1605
   16693       1.1891
   16694       1.1536
   16695       1.1948
   16696       1.2358
   16697       1.2167
   16698       1.2508
   16699       1.2432
   16700       1.2235
   16701       1.2668
   16702       1.2993
   16703       1.2180
   16704       1.2674
   16705       1.3298
   16706       1.3420
   16707       1.3233
   16708       1.2243
   16709       1.2891
   16710       1.1375
   16711       1.1221
   16712       1.1879
   16713       1.2935
   16714       1.2862
   16715       1.1639
   16716       1.2518
   16717       1.1731
   16718       1.1886
   16719       1.1798
   16720       1.1902
   16721       1.2939
   16722       1.1945
   16723       1.2409
   16724       1.1757
   16725       1.1872
   16726       1.2738
   16727       1.2717
   16728       1.2302
   16729       1.2178
   16730       1.2787
   16731       1.2954
   16732       1.1604
   16733       1.2097
   16734       1.3396
   16735       1.3239
   16736       1.2613
   16737       1.2680
   16738       1.3085
   16739       1.2533
   16740       1.2872
   16741       1.2699
   16742       1.2117
   16743       1.2737
   16744       1.3476
   16745       1.2007
   16746       1.2044
   16747       1.1867
   16748       1.2320
   16749       1.1402
   16750       1.1792
   16751       1.2028
   16752       1.2209
   16753       1.2180
   16754       1.2921
   16755       1.3577
   16756       1.2985
   16757       1.3443
   16758       1.3625
   16759       1.3946
   16760       1.3953
   16761       1.3438
   16762       1.4277
   16763       1.2483
   16764       1.2267
   16765       1.2436
   16766       1.3271
   16767       1.3655
   16768       1.3912
   16769       1.2843
   16770       1.3394
   16771       1.3260
   16772       1.2970
   16773       1.3667
   16774       1.3679
   16775       1.2770
   16776       1.3229
   16777       1.2914
   16778       1.3395
   16779       1.2592
   16780       1.1694
   16781       1.3872
   16782       1.3370
   16783       1.3204
   16784       1.2571
   16785       1.1567
   16786       1.1929
   16787       1.1735
   16788       1.2034
   16789       1.1433
   16790       1.2549
   16791       1.2089
   16792       1.2318
   16793       1.1839
   16794       1.1108
   16795       1.1931
   16796       1.1068
   16797       1.1067
   16798       1.0760
   16799       1.1801
   16800       1.2493
   16801       1.1866
   16802       1.2016
   16803       1.1884
   16804       1.2230
   16805       1.1424
   16806       1.1223
   16807       1.1012
   16808       1.1495
   16809       1.1537
   16810       1.2140
   16811       1.2374
   16812       1.2111
   16813       1.1995
   16814       1.1574
   16815       1.1663
   16816       1.1691
   16817       1.1294
   16818       1.1094
   16819       1.1281
   16820       1.1230
   16821       1.1839
   16822       1.2105
   16823       1.1791
   16824       1.2040
   16825       1.1909
   16826       1.2761
   16827       1.2288
   16828       1.1987
   16829       1.1378
   16830       1.2155
   16831       1.3113
   16832       1.3194
   16833       1.2840
   16834       1.2013
   16835       1.2523
   16836       1.2264
   16837       1.2467
   16838       1.2447
   16839       1.3341
   16840       1.2143
   16841       1.2181
   16842       1.2339
   16843       1.3028
   16844       1.2618
   16845       1.2781
   16846       1.1744
   16847       1.2784
   16848       1.3034
   16849       1.1445
   16850       1.1413
   16851       1.2418
   16852       1.1921
   16853       1.2020
   16854       1.2327
   16855       1.2251
   16856       1.2501
   16857       1.2192
   16858       1.1825
   16859       1.1467
   16860       1.1986
   16861       1.2059
   16862       1.1336
   16863       1.2434
   16864       1.1894
   16865       1.1679
   16866       1.2270
   16867       1.2535
   16868       1.1630
   16869       1.2177
   16870       1.2015
   16871       1.1684
   16872       1.2507
   16873       1.1715
   16874       1.1576
   16875       1.1393
   16876       1.1811
   16877       1.1277
   16878       1.1574
   16879       1.1146
   16880       1.1930
   16881       1.1290
   16882       1.1428
   16883       1.1447
   16884       1.1115
   16885       1.2580
   16886       1.1047
   16887       1.1383
   16888       1.1536
   16889       1.2530
   16890       1.1831
   16891       1.2898
   16892       1.1324
   16893       1.1704
   16894       1.2488
   16895       1.2275
   16896       1.2625
   16897       1.2198
   16898       1.1037
   16899       1.1988
   16900       1.2267
   16901       1.2438
   16902       1.2515
   16903       1.2032
   16904       1.2041
   16905       1.1811
   16906       1.1882
   16907       1.2820
   16908       1.3109
   16909       1.2920
   16910       1.3105
   16911       1.2897
   16912       1.3036
   16913       1.2366
   16914       1.3569
   16915       1.3074
   16916       1.3473
   16917       1.2403
   16918       1.2991
   16919       1.2398
   16920       1.3663
   16921       1.3116
   16922       1.3853
   16923       1.3385
   16924       1.3391
   16925       1.3081
   16926       1.2873
   16927       1.3417
   16928       1.3193
   16929       1.2912
   16930       1.1729
   16931       1.2605
   16932       1.2252
   16933       1.2287
   16934       1.2156
   16935       1.3152
   16936       1.2146
   16937       1.2541
   16938       1.2361
   16939       1.1677
   16940       1.2370
   16941       1.2684
   16942       1.2401
   16943       1.2617
   16944       1.2611
   16945       1.2919
   16946       1.2769
   16947       1.3169
   16948       1.3177
   16949       1.2332
   16950       1.2122
   16951       1.2281
   16952       1.2737
   16953       1.2480
   16954       1.2441
   16955       1.2511
   16956       1.3301
   16957       1.3956
   16958       1.3094
   16959       1.3457
   16960       1.3190
   16961       1.2410
   16962       1.2278
   16963       1.3062
   16964       1.2543
   16965       1.2861
   16966       1.2404
   16967       1.2235
   16968       1.3141
   16969       1.2110
   16970       1.2310
   16971       1.2121
   16972       1.2438
   16973       1.3303
   16974       1.3183
   16975       1.2651
   16976       1.2803
   16977       1.2311
   16978       1.3225
   16979       1.2604
   16980       1.1889
   16981       1.2880
   16982       1.2204
   16983       1.2826
   16984       1.3692
   16985       1.2539
   16986       1.2028
   16987       1.2681
   16988       1.2677
   16989       1.2754
   16990       1.2515
   16991       1.2658
   16992       1.2397
   16993       1.2886
   16994       1.3196
   16995       1.2544
   16996       1.3984
   16997       1.3236
   16998       1.2785
   16999       1.2009
   17000       1.2609
   17001       1.2635
   17002       1.2501
   17003       1.4161
   17004       1.4639
   17005       1.4217
   17006       1.3679
   17007       1.2934
   17008       1.1861
   17009       1.2930
   17010       1.3162
   17011       1.3026
   17012       1.2876
   17013       1.3782
   17014       1.3987
   17015       1.3027
   17016       1.3170
   17017       1.3373
   17018       1.3332
   17019       1.4139
   17020       1.2861
   17021       1.2095
   17022       1.3438
   17023       1.3037
   17024       1.3281
   17025       1.3496
   17026       1.2855
   17027       1.2983
   17028       1.3144
   17029       1.2508
   17030       1.2564
   17031       1.2304
   17032       1.2132
   17033       1.2122
   17034       1.2032
   17035       1.2789
   17036       1.2651
   17037       1.2921
   17038       1.2730
   17039       1.2807
   17040       1.2183
   17041       1.2252
   17042       1.2183
   17043       1.1524
   17044       1.2621
   17045       1.1836
   17046       1.2085
   17047       1.1543
   17048       1.1667
   17049       1.2313
   17050       1.1363
   17051       1.2188
   17052       1.2603
   17053       1.2609
   17054       1.2483
   17055       1.2626
   17056       1.2920
   17057       1.2838
   17058       1.2892
   17059       1.2241
   17060       1.2165
   17061       1.2110
   17062       1.1790
   17063       1.1469
   17064       1.2867
   17065       1.1683
   17066       1.2558
   17067       1.1793
   17068       1.1973
   17069       1.2317
   17070       1.2156
   17071       1.2488
   17072       1.2181
   17073       1.2345
   17074       1.1946
   17075       1.3135
   17076       1.3000
   17077       1.2086
   17078       1.2158
   17079       1.2061
   17080       1.2296
   17081       1.2616
   17082       1.2258
   17083       1.2782
   17084       1.2307
   17085       1.1778
   17086       1.2693
   17087       1.1682
   17088       1.2446
   17089       1.3423
   17090       1.2879
   17091       1.2472
   17092       1.2563
   17093       1.2704
   17094       1.2050
   17095       1.2589
   17096       1.2978
   17097       1.2230
   17098       1.2310
   17099       1.2851
   17100       1.2728
   17101       1.2394
   17102       1.2707
   17103       1.2696
   17104       1.2076
   17105       1.2278
   17106       1.2708
   17107       1.1296
   17108       1.1891
   17109       1.1738
   17110       1.2121
   17111       1.1811
   17112       1.2952
   17113       1.2597
   17114       1.2558
   17115       1.1947
   17116       1.1709
   17117       1.2265
   17118       1.3276
   17119       1.2663
   17120       1.2528
   17121       1.2463
   17122       1.2237
   17123       1.1783
   17124       1.2411
   17125       1.2683
   17126       1.3353
   17127       1.3235
   17128       1.2355
   17129       1.2821
   17130       1.2268
   17131       1.2540
   17132       1.2317
   17133       1.2680
   17134       1.1938
   17135       1.2441
   17136       1.2005
   17137       1.1592
   17138       1.3309
   17139       1.2425
   17140       1.3034
   17141       1.2180
   17142       1.2413
   17143       1.1363
   17144       1.1390
   17145       1.1179
   17146       1.1259
   17147       1.1993
   17148       1.2428
   17149       1.2218
   17150       1.2462
   17151       1.1774
   17152       1.2121
   17153       1.2295
   17154       1.1791
   17155       1.2755
   17156       1.2414
   17157       1.1971
   17158       1.2326
   17159       1.2303
   17160       1.1947
   17161       1.2214
   17162       1.2689
   17163       1.2839
   17164       1.1828
   17165       1.2148
   17166       1.1477
   17167       1.2568
   17168       1.1902
   17169       1.2544
   17170       1.1915
   17171       1.2788
   17172       1.2879
   17173       1.2219
   17174       1.3284
   17175       1.2373
   17176       1.2762
   17177       1.2575
   17178       1.2491
   17179       1.2014
   17180       1.2147
   17181       1.1444
   17182       1.2065
   17183       1.2182
   17184       1.2322
   17185       1.1612
   17186       1.2031
   17187       1.2364
   17188       1.1280
   17189       1.2431
   17190       1.2582
   17191       1.2098
   17192       1.1812
   17193       1.1766
   17194       1.1510
   17195       1.1437
   17196       1.1871
   17197       1.1884
   17198       1.2453
   17199       1.2256
   17200       1.2596
   17201       1.2270
   17202       1.3288
   17203       1.1872
   17204       1.1741
   17205       1.2531
   17206       1.2091
   17207       1.1834
   17208       1.2171
   17209       1.1971
   17210       1.2495
   17211       1.1318
   17212       1.1970
   17213       1.3151
   17214       1.2032
   17215       1.1630
   17216       1.1724
   17217       1.2460
   17218       1.2207
   17219       1.1629
   17220       1.2033
   17221       1.1613
   17222       1.2331
   17223       1.1869
   17224       1.1498
   17225       1.1840
   17226       1.1824
   17227       1.1706
   17228       1.0948
   17229       1.2087
   17230       1.1965
   17231       1.2291
   17232       1.2997
   17233       1.3207
   17234       1.2112
   17235       1.2344
   17236       1.2054
   17237       1.1432
   17238       1.2122
   17239       1.2082
   17240       1.2799
   17241       1.2353
   17242       1.2980
   17243       1.2292
   17244       1.1533
   17245       1.1642
   17246       1.2206
   17247       1.2211
   17248       1.2465
   17249       1.1716
   17250       1.2696
   17251       1.2873
   17252       1.2682
   17253       1.2320
   17254       1.1729
   17255       1.2212
   17256       1.2654
   17257       1.2058
   17258       1.3180
   17259       1.1901
   17260       1.3086
   17261       1.3538
   17262       1.3398
   17263       1.3561
   17264       1.4050
   17265       1.3087
   17266       1.3378
   17267       1.2991
   17268       1.3709
   17269       1.3203
   17270       1.2833
   17271       1.2285
   17272       1.3019
   17273       1.3130
   17274       1.2964
   17275       1.3567
   17276       1.2811
   17277       1.2781
   17278       1.2036
   17279       1.2510
   17280       1.1439
   17281       1.2521
   17282       1.2361
   17283       1.1776
   17284       1.2318
   17285       1.1817
   17286       1.2042
   17287       1.1272
   17288       1.2429
   17289       1.2524
   17290       1.2330
   17291       1.2361
   17292       1.2668
   17293       1.2815
   17294       1.1711
   17295       1.2366
   17296       1.2423
   17297       1.2543
   17298       1.2685
   17299       1.1967
   17300       1.2519
   17301       1.2817
   17302       1.2254
   17303       1.2458
   17304       1.3126
   17305       1.3049
   17306       1.2925
   17307       1.3000
   17308       1.3164
   17309       1.2493
   17310       1.2217
   17311       1.1742
   17312       1.2467
   17313       1.1816
   17314       1.2046
   17315       1.2983
   17316       1.3058
   17317       1.2776
   17318       1.2658
   17319       1.2321
   17320       1.1985
   17321       1.1454
   17322       1.1917
   17323       1.0979
   17324       1.1753
   17325       1.1634
   17326       1.2286
   17327       1.2225
   17328       1.2699
   17329       1.2453
   17330       1.2188
   17331       1.2807
   17332       1.2585
   17333       1.3239
   17334       1.3495
   17335       1.2945
   17336       1.2791
   17337       1.2401
   17338       1.2341
   17339       1.2666
   17340       1.3402
   17341       1.2823
   17342       1.1768
   17343       1.2908
   17344       1.2970
   17345       1.2789
   17346       1.2877
   17347       1.2999
   17348       1.3337
   17349       1.2584
   17350       1.1951
   17351       1.2203
   17352       1.3517
   17353       1.3106
   17354       1.2563
   17355       1.2868
   17356       1.2960
   17357       1.2272
   17358       1.2176
   17359       1.2602
   17360       1.2029
   17361       1.2767
   17362       1.2810
   17363       1.1670
   17364       1.2147
   17365       1.2243
   17366       1.2290
   17367       1.2327
   17368       1.2252
   17369       1.2949
   17370       1.2962
   17371       1.2440
   17372       1.2196
   17373       1.2322
   17374       1.1765
   17375       1.2822
   17376       1.2719
   17377       1.2941
   17378       1.2926
   17379       1.3619
   17380       1.3048
   17381       1.3376
   17382       1.3484
   17383       1.3279
   17384       1.3166
   17385       1.3613
   17386       1.3203
   17387       1.2888
   17388       1.3250
   17389       1.2876
   17390       1.2948
   17391       1.2891
   17392       1.1654
   17393       1.2366
   17394       1.2312
   17395       1.2415
   17396       1.3088
   17397       1.3857
   17398       1.3063
   17399       1.2722
   17400       1.2434
   17401       1.2933
   17402       1.2709
   17403       1.3146
   17404       1.1852
   17405       1.1939
   17406       1.2400
   17407       1.2564
   17408       1.2532
   17409       1.2629
   17410       1.2981
   17411       1.3640
   17412       1.2665
   17413       1.2263
   17414       1.1902
   17415       1.1948
   17416       1.3190
   17417       1.3206
   17418       1.2735
   17419       1.3134
   17420       1.2738
   17421       1.3134
   17422       1.2885
   17423       1.2379
   17424       1.3112
   17425       1.2668
   17426       1.2707
   17427       1.2545
   17428       1.2151
   17429       1.1625
   17430       1.1857
   17431       1.2309
   17432       1.2184
   17433       1.2207
   17434       1.2668
   17435       1.2830
   17436       1.1562
   17437       1.2915
   17438       1.2936
   17439       1.2631
   17440       1.3348
   17441       1.2802
   17442       1.2805
   17443       1.2273
   17444       1.2930
   17445       1.2354
   17446       1.3412
   17447       1.2852
   17448       1.3540
   17449       1.2389
   17450       1.2971
   17451       1.2174
   17452       1.2562
   17453       1.2401
   17454       1.2646
   17455       1.2192
   17456       1.2418
   17457       1.2487
   17458       1.2376
   17459       1.3562
   17460       1.3274
   17461       1.2811
   17462       1.3046
   17463       1.2566
   17464       1.3325
   17465       1.2751
   17466       1.3721
   17467       1.3243
   17468       1.2476
   17469       1.3352
   17470       1.2721
   17471       1.3327
   17472       1.2272
   17473       1.2696
   17474       1.2636
   17475       1.1913
   17476       1.1547
   17477       1.1925
   17478       1.1462
   17479       1.1455
   17480       1.1120
   17481       1.1630
   17482       1.1660
   17483       1.1914
   17484       1.2990
   17485       1.2507
   17486       1.1937
   17487       1.1059
   17488       1.1494
   17489       1.1274
   17490       1.1392
   17491       1.2178
   17492       1.2071
   17493       1.2039
   17494       1.2914
   17495       1.2102
   17496       1.1994
   17497       1.2816
   17498       1.2814
   17499       1.1678
   17500       1.1598
   17501       1.1651
   17502       1.1792
   17503       1.1971
   17504       1.2063
   17505       1.2661
   17506       1.2672
   17507       1.2078
   17508       1.1563
   17509       1.1857
   17510       1.1729
   17511       1.0917
   17512       1.1774
   17513       1.1603
   17514       1.1369
   17515       1.1275
   17516       1.2605
   17517       1.1745
   17518       1.1080
   17519       1.1541
   17520       1.1756
   17521       1.1915
   17522       1.1581
   17523       1.0963
   17524       1.1096
   17525       1.2169
   17526       1.2170
   17527       1.2973
   17528       1.2139
   17529       1.2816
   17530       1.2543
   17531       1.2384
   17532       1.2282
   17533       1.2202
   17534       1.2050
   17535       1.1914
   17536       1.1629
   17537       1.1421
   17538       1.2421
   17539       1.1611
   17540       1.1711
   17541       1.2967
   17542       1.2052
   17543       1.2410
   17544       1.2458
   17545       1.2545
   17546       1.1911
   17547       1.1640
   17548       1.2813
   17549       1.1970
   17550       1.1976
   17551       1.1255
   17552       1.1865
   17553       1.1681
   17554       1.2572
   17555       1.1873
   17556       1.1375
   17557       1.2678
   17558       1.2634
   17559       1.2140
   17560       1.1404
   17561       1.1489
   17562       1.1969
   17563       1.1587
   17564       1.2265
   17565       1.1791
   17566       1.1748
   17567       1.2012
   17568       1.1596
   17569       1.3236
   17570       1.2127
   17571       1.2290
   17572       1.2458
   17573       1.1604
   17574       1.1781
   17575       1.2237
   17576       1.1808
   17577       1.1470
   17578       1.1309
   17579       1.1878
   17580       1.1834
   17581       1.1423
   17582       1.1841
   17583       1.1571
   17584       1.1804
   17585       1.1756
   17586       1.1238
   17587       1.1346
   17588       1.1961
   17589       1.1795
   17590       1.2271
   17591       1.2264
   17592       1.1133
   17593       1.2043
   17594       1.2104
   17595       1.2856
   17596       1.2740
   17597       1.2202
   17598       1.3122
   17599       1.2531
   17600       1.2541
   17601       1.3135
   17602       1.2936
   17603       1.2425
   17604       1.3293
   17605       1.2615
   17606       1.3706
   17607       1.2516
   17608       1.3118
   17609       1.2845
   17610       1.2779
   17611       1.3277
   17612       1.3411
   17613       1.2885
   17614       1.2582
   17615       1.2252
   17616       1.2137
   17617       1.2324
   17618       1.3234
   17619       1.3763
   17620       1.3808
   17621       1.2216
   17622       1.3278
   17623       1.2189
   17624       1.2924
   17625       1.3984
   17626       1.3659
   17627       1.3721
   17628       1.3980
   17629       1.3270
   17630       1.2670
   17631       1.2641
   17632       1.3074
   17633       1.3543
   17634       1.2869
   17635       1.2527
   17636       1.3433
   17637       1.2460
   17638       1.2098
   17639       1.3035
   17640       1.2994
   17641       1.2171
   17642       1.1943
   17643       1.2820
   17644       1.2305
   17645       1.2583
   17646       1.2108
   17647       1.3424
   17648       1.2112
   17649       1.2075
   17650       1.2387
   17651       1.1841
   17652       1.1435
   17653       1.1973
   17654       1.1403
   17655       1.1982
   17656       1.2564
   17657       1.2821
   17658       1.3571
   17659       1.2882
   17660       1.2941
   17661       1.2672
   17662       1.2114
   17663       1.2400
   17664       1.2566
   17665       1.2611
   17666       1.2044
   17667       1.2630
   17668       1.2756
   17669       1.3191
   17670       1.3020
   17671       1.2135
   17672       1.2140
   17673       1.2782
   17674       1.2410
   17675       1.2265
   17676       1.2341
   17677       1.2381
   17678       1.3232
   17679       1.2586
   17680       1.2453
   17681       1.3143
   17682       1.3470
   17683       1.2618
   17684       1.3242
   17685       1.3037
   17686       1.2979
   17687       1.3414
   17688       1.2744
   17689       1.2973
   17690       1.3513
   17691       1.1937
   17692       1.1656
   17693       1.2273
   17694       1.2189
   17695       1.1397
   17696       1.2000
   17697       1.1777
   17698       1.2964
   17699       1.2257
   17700       1.3102
   17701       1.3039
   17702       1.2875
   17703       1.2807
   17704       1.2783
   17705       1.1953
   17706       1.1690
   17707       1.1321
   17708       1.2047
   17709       1.2292
   17710       1.1742
   17711       1.2260
   17712       1.2349
   17713       1.2785
   17714       1.2315
   17715       1.2024
   17716       1.2280
   17717       1.1734
   17718       1.2576
   17719       1.3090
   17720       1.2000
   17721       1.1616
   17722       1.2517
   17723       1.1974
   17724       1.2360
   17725       1.2950
   17726       1.3066
   17727       1.2680
   17728       1.2027
   17729       1.2663
   17730       1.3546
   17731       1.2813
   17732       1.2122
   17733       1.2326
   17734       1.1735
   17735       1.1377
   17736       1.2798
   17737       1.2011
   17738       1.1993
   17739       1.1838
   17740       1.2454
   17741       1.1940
   17742       1.2619
   17743       1.2656
   17744       1.2192
   17745       1.1633
   17746       1.2769
   17747       1.1997
   17748       1.1992
   17749       1.1952
   17750       1.1397
   17751       1.1761
   17752       1.1552
   17753       1.1469
   17754       1.1806
   17755       1.2297
   17756       1.3135
   17757       1.1957
   17758       1.2688
   17759       1.2180
   17760       1.2607
   17761       1.2285
   17762       1.2303
   17763       1.2427
   17764       1.1684
   17765       1.2059
   17766       1.2384
   17767       1.2394
   17768       1.2834
   17769       1.2744
   17770       1.1874
   17771       1.2915
   17772       1.2719
   17773       1.2140
   17774       1.2650
   17775       1.2695
   17776       1.3131
   17777       1.3282
   17778       1.2734
   17779       1.2746
   17780       1.3192
   17781       1.2968
   17782       1.2288
   17783       1.2872
   17784       1.2798
   17785       1.2205
   17786       1.2118
   17787       1.2707
   17788       1.2507
   17789       1.2363
   17790       1.2466
   17791       1.2736
   17792       1.2840
   17793       1.3125
   17794       1.1958
   17795       1.2018
   17796       1.2244
   17797       1.1865
   17798       1.1615
   17799       1.2506
   17800       1.2658
   17801       1.2469
   17802       1.2278
   17803       1.1615
   17804       1.3162
   17805       1.2765
   17806       1.3322
   17807       1.2260
   17808       1.3302
   17809       1.2559
   17810       1.3245
   17811       1.2861
   17812       1.2385
   17813       1.2560
   17814       1.2521
   17815       1.2381
   17816       1.1836
   17817       1.2012
   17818       1.2609
   17819       1.2824
   17820       1.2633
   17821       1.2181
   17822       1.2701
   17823       1.2882
   17824       1.2739
   17825       1.2022
   17826       1.3796
   17827       1.2642
   17828       1.2629
   17829       1.2259
   17830       1.3295
   17831       1.3154
   17832       1.2277
   17833       1.2364
   17834       1.0735
   17835       1.1547
   17836       1.1518
   17837       1.2315
   17838       1.2248
   17839       1.1953
   17840       1.2739
   17841       1.1713
   17842       1.2314
   17843       1.1992
   17844       1.2862
   17845       1.2229
   17846       1.2914
   17847       1.1934
   17848       1.2013
   17849       1.2360
   17850       1.1642
   17851       1.2581
   17852       1.2327
   17853       1.2411
   17854       1.1190
   17855       1.1908
   17856       1.1416
   17857       1.1408
   17858       1.2656
   17859       1.1932
   17860       1.1712
   17861       1.1927
   17862       1.2126
   17863       1.2035
   17864       1.2230
   17865       1.2374
   17866       1.2375
   17867       1.1793
   17868       1.2028
   17869       1.2591
   17870       1.1788
   17871       1.2645
   17872       1.1480
   17873       1.1280
   17874       1.1249
   17875       1.2330
   17876       1.2559
   17877       1.1339
   17878       1.2305
   17879       1.2350
   17880       1.1883
   17881       1.1620
   17882       1.2386
   17883       1.2452
   17884       1.2064
   17885       1.2489
   17886       1.1856
   17887       1.2023
   17888       1.1217
   17889       1.1774
   17890       1.1872
   17891       1.1179
   17892       1.1568
   17893       1.1469
   17894       1.1303
   17895       1.1000
   17896       1.0572
   17897       1.0780
   17898       1.0885
   17899       1.0602
   17900       1.1225
   17901       1.1268
   17902       1.0890
   17903       1.0873
   17904       1.0406
   17905       0.9756
   17906       1.0623
   17907       1.0109
   17908       1.1600
   17909       1.0687
   17910       1.0914
   17911       1.1775
   17912       1.0719
   17913       1.0745
   17914       1.1018
   17915       1.0939
   17916       1.0795
   17917       1.0995
   17918       1.1311
   17919       1.1213
   17920       1.1083
   17921       1.1382
   17922       1.1225
   17923       1.0943
   17924       1.0941
   17925       1.1683
   17926       1.0905
   17927       1.1962
   17928       1.1172
   17929       1.1545
   17930       1.1132
   17931       1.0853
   17932       1.2135
   17933       1.0854
   17934       1.2472
   17935       1.1949
   17936       1.1293
   17937       1.1932
   17938       1.2372
   17939       1.1619
   17940       1.2257
   17941       1.1307
   17942       1.2452
   17943       1.2128
   17944       1.1873
   17945       1.1993
   17946       1.2724
   17947       1.2050
   17948       1.1794
   17949       1.1906
   17950       1.1889
   17951       1.2380
   17952       1.0992
   17953       1.1130
   17954       1.1228
   17955       1.1648
   17956       1.1703
   17957       1.1395
   17958       1.0906
   17959       1.1483
   17960       1.1073
   17961       1.1338
   17962       1.0746
   17963       1.1279
   17964       1.1319
   17965       1.1498
   17966       1.1272
   17967       1.1528
   17968       1.0631
   17969       1.2038
   17970       1.1274
   17971       1.0956
   17972       1.0846
   17973       1.1570
   17974       1.0941
   17975       1.1323
   17976       1.1858
   17977       1.2412
   17978       1.1777
   17979       1.1587
   17980       1.2178
   17981       1.0898
   17982       1.1849
   17983       1.1204
   17984       1.0997
   17985       1.1762
   17986       1.1505
   17987       1.2123
   17988       1.1136
   17989       1.1709
   17990       1.1486
   17991       1.1659
   17992       1.1081
   17993       1.0546
   17994       1.1293
   17995       1.0114
   17996       1.1284
   17997       1.2179
   17998       1.2734
   17999       1.2031
   18000       1.2189
   18001       1.1892
   18002       1.1397
   18003       1.1217
   18004       1.1035
   18005       1.1369
   18006       1.1122
   18007       1.2044
   18008       1.1130
   18009       1.1503
   18010       1.2240
   18011       1.1530
   18012       1.0874
   18013       1.1031
   18014       1.1382
   18015       1.1047
   18016       1.0806
   18017       1.0869
   18018       1.0713
   18019       1.0693
   18020       1.1425
   18021       1.0835
   18022       1.0975
   18023       1.0316
   18024       1.1186
   18025       1.0995
   18026       1.1681
   18027       1.0882
   18028       1.1547
   18029       1.0918
   18030       1.0626
   18031       1.1527
   18032       1.0256
   18033       1.0259
   18034       1.0782
   18035       1.1154
   18036       1.0443
   18037       1.0628
   18038       1.1236
   18039       1.1106
   18040       1.1741
   18041       1.2157
   18042       1.1245
   18043       1.0605
   18044       1.0394
   18045       1.1159
   18046       1.1295
   18047       1.1610
   18048       1.1238
   18049       1.0489
   18050       1.1639
   18051       1.1610
   18052       1.1603
   18053       1.1374
   18054       1.1166
   18055       1.0995
   18056       1.1439
   18057       1.1517
   18058       1.0638
   18059       1.1535
   18060       1.1262
   18061       1.0847
   18062       1.1220
   18063       1.1286
   18064       1.2156
   18065       1.1934
   18066       1.1494
   18067       1.1329
   18068       1.0502
   18069       1.1805
   18070       1.2032
   18071       1.1724
   18072       1.1471
   18073       1.0894
   18074       1.0892
   18075       1.1773
   18076       1.0383
   18077       1.0679
   18078       1.1402
   18079       1.1460
   18080       1.1288
   18081       1.1349
   18082       1.1410
   18083       1.1352
   18084       1.1740
   18085       1.1225
   18086       1.0750
   18087       1.0431
   18088       1.0585
   18089       1.1009
   18090       1.0631
   18091       1.0689
   18092       1.1240
   18093       1.1050
   18094       1.1445
   18095       1.1726
   18096       1.1785
   18097       1.1229
   18098       1.1799
   18099       1.1341
   18100       1.2294
   18101       1.1715
   18102       1.2840
   18103       1.1229
   18104       1.1393
   18105       1.1948
   18106       1.1913
   18107       1.2354
   18108       1.1446
   18109       1.1545
   18110       1.1837
   18111       1.1205
   18112       1.1049
   18113       1.1200
   18114       1.1161
   18115       1.1299
   18116       1.1404
   18117       1.1036
   18118       1.0950
   18119       1.0927
   18120       1.1224
   18121       1.0598
   18122       1.0877
   18123       1.1035
   18124       1.1532
   18125       1.1418
   18126       1.2201
   18127       1.0965
   18128       1.1879
   18129       1.2126
   18130       1.1807
   18131       1.1652
   18132       1.2058
   18133       1.1738
   18134       1.2269
   18135       1.0870
   18136       1.2490
   18137       1.2246
   18138       1.1814
   18139       1.0999
   18140       1.1428
   18141       1.0950
   18142       1.0248
   18143       1.0563
   18144       1.1335
   18145       1.0979
   18146       1.0693
   18147       1.1375
   18148       1.1593
   18149       1.1901
   18150       1.2134
   18151       1.1673
   18152       1.2171
   18153       1.1202
   18154       1.0255
   18155       1.1624
   18156       1.0753
   18157       1.0315
   18158       1.0227
   18159       1.0487
   18160       1.0259
   18161       1.0351
   18162       1.0288
   18163       1.0333
   18164       1.0076
   18165       1.1070
   18166       1.1153
   18167       1.0410
   18168       1.0160
   18169       1.0537
   18170       1.1114
   18171       1.0350
   18172       1.1060
   18173       1.0716
   18174       1.0580
   18175       1.0507
   18176       1.1458
   18177       1.1475
   18178       1.1174
   18179       1.1559
   18180       1.2173
   18181       1.2410
   18182       1.2413
   18183       1.2868
   18184       1.2087
   18185       1.2449
   18186       1.2417
   18187       1.1790
   18188       1.2029
   18189       1.1873
   18190       1.2499
   18191       1.1676
   18192       1.0466
   18193       1.1960
   18194       1.2053
   18195       1.1012
   18196       1.0596
   18197       1.0802
   18198       1.0882
   18199       1.1597
   18200       1.0858
   18201       1.0826
   18202       1.1570
   18203       1.1515
   18204       1.1744
   18205       1.2168
   18206       1.0966
   18207       1.0858
   18208       1.0623
   18209       1.1101
   18210       1.1083
   18211       1.1433
   18212       1.1315
   18213       1.0425
   18214       1.0729
   18215       1.0309
   18216       1.0994
   18217       1.1327
   18218       1.0925
   18219       1.0920
   18220       1.0824
   18221       1.0579
   18222       1.0473
   18223       1.1133
   18224       1.0518
   18225       1.1195
   18226       1.1161
   18227       1.0856
   18228       1.1214
   18229       1.1240
   18230       1.0867
   18231       1.1362
   18232       1.1170
   18233       1.0643
   18234       1.0767
   18235       1.0380
   18236       1.0688
   18237       1.1578
   18238       1.1204
   18239       1.1565
   18240       1.1121
   18241       1.0631
   18242       1.1101
   18243       1.0421
   18244       1.1003
   18245       1.1629
   18246       1.1372
   18247       1.0889
   18248       1.1092
   18249       1.0600
   18250       1.0844
   18251       1.1180
   18252       1.1412
   18253       1.1501
   18254       1.1397
   18255       1.1688
   18256       1.1348
   18257       1.2027
   18258       1.1930
   18259       1.3158
   18260       1.2497
   18261       1.2400
   18262       1.2519
   18263       1.1783
   18264       1.1092
   18265       1.0687
   18266       1.1436
   18267       1.1633
   18268       1.2707
   18269       1.1540
   18270       1.1944
   18271       1.1010
   18272       1.0784
   18273       1.1634
   18274       1.0369
   18275       1.0201
   18276       1.0527
   18277       1.1068
   18278       1.0895
   18279       1.1631
   18280       1.0685
   18281       1.1169
   18282       1.1577
   18283       1.2046
   18284       1.2706
   18285       1.0792
   18286       1.0728
   18287       1.1904
   18288       1.2814
   18289       1.2441
   18290       1.2456
   18291       1.1879
   18292       1.0348
   18293       1.1931
   18294       1.1656
   18295       1.1704
   18296       1.1713
   18297       1.1478
   18298       1.1946
   18299       1.1733
   18300       1.1410
   18301       1.1946
   18302       1.1416
   18303       1.0808
   18304       1.0294
   18305       1.1527
   18306       1.1503
   18307       1.1064
   18308       1.1932
   18309       1.2473
   18310       1.1958
   18311       1.0760
   18312       1.1540
   18313       1.1349
   18314       1.2830
   18315       1.1850
   18316       1.1120
   18317       1.1475
   18318       1.1731
   18319       1.0679
   18320       1.1151
   18321       1.1580
   18322       1.0506
   18323       1.1171
   18324       1.0807
   18325       1.1800
   18326       1.1081
   18327       1.1356
   18328       1.1776
   18329       1.1529
   18330       1.0766
   18331       1.1622
   18332       1.2188
   18333       1.2040
   18334       1.2336
   18335       1.1362
   18336       1.2398
   18337       1.1842
   18338       1.1200
   18339       1.1228
   18340       1.2369
   18341       1.1747
   18342       1.1503
   18343       1.2890
   18344       1.2168
   18345       1.1354
   18346       1.1992
   18347       1.1414
   18348       1.2152
   18349       1.1988
   18350       1.0852
   18351       1.0949
   18352       1.1122
   18353       1.2276
   18354       1.1798
   18355       1.1847
   18356       1.1482
   18357       1.2177
   18358       1.0923
   18359       1.2491
   18360       1.1710
   18361       1.0870
   18362       1.1342
   18363       1.1472
   18364       1.0946
   18365       1.0924
   18366       1.1694
   18367       1.0670
   18368       1.1905
   18369       1.1082
   18370       1.1457
   18371       1.1750
   18372       1.0725
   18373       1.0957
   18374       1.2194
   18375       1.1552
   18376       1.0424
   18377       1.0461
   18378       1.1568
   18379       1.1584
   18380       1.0927
   18381       1.0627
   18382       1.0695
   18383       1.0974
   18384       1.1017
   18385       1.1252
   18386       1.0840
   18387       1.1187
   18388       1.0951
   18389       1.0581
   18390       1.1088
   18391       1.1141
   18392       1.1051
   18393       1.0907
   18394       1.0990
   18395       1.1129
   18396       1.1304
   18397       1.1124
   18398       1.1060
   18399       1.1068
   18400       1.1584
   18401       1.1969
   18402       1.1700
   18403       1.1036
   18404       1.1551
   18405       1.1187
   18406       1.1867
   18407       1.1497
   18408       1.1693
   18409       1.0695
   18410       1.1418
   18411       1.1383
   18412       1.0944
   18413       1.1642
   18414       1.0649
   18415       1.1014
   18416       1.1379
   18417       0.9971
   18418       1.1276
   18419       1.1076
   18420       1.1516
   18421       1.0738
   18422       1.0857
   18423       1.0977
   18424       1.0360
   18425       1.0871
   18426       1.0731
   18427       1.0687
   18428       1.0712
   18429       1.1028
   18430       1.0371
   18431       1.1602
   18432       1.1650
   18433       1.1892
   18434       1.1188
   18435       1.1439
   18436       1.0584
   18437       1.0481
   18438       1.0358
   18439       1.1511
   18440       1.1311
   18441       1.1374
   18442       1.1622
   18443       1.1925
   18444       1.1979
   18445       1.1265
   18446       1.1455
   18447       1.1448
   18448       1.0864
   18449       1.1877
   18450       1.1780
   18451       1.1122
   18452       1.1342
   18453       1.1644
   18454       1.1940
   18455       1.1544
   18456       1.1154
   18457       1.0808
   18458       1.1448
   18459       1.1053
   18460       1.1241
   18461       1.1175
   18462       1.0732
   18463       1.0908
   18464       1.2039
   18465       1.1498
   18466       1.1025
   18467       1.1045
   18468       1.0421
   18469       1.1002
   18470       1.0824
   18471       1.2154
   18472       1.1679
   18473       1.2044
   18474       1.2094
   18475       1.1591
   18476       1.1620
   18477       1.1673
   18478       1.2334
   18479       1.1499
   18480       1.1446
   18481       1.1909
   18482       1.0876
   18483       1.0784
   18484       1.0870
   18485       1.1041
   18486       1.0623
   18487       1.0766
   18488       1.1264
   18489       1.0901
   18490       1.1799
   18491       1.1604
   18492       1.0398
   18493       1.0908
   18494       1.1399
   18495       1.1661
   18496       1.1763
   18497       1.0807
   18498       1.1468
   18499       1.1246
   18500       1.0661
   18501       0.9925
   18502       1.0978
   18503       1.0566
   18504       1.0857
   18505       1.0718
   18506       1.1211
   18507       1.0933
   18508       1.0769
   18509       1.1113
   18510       1.1541
   18511       1.1922
   18512       1.1913
   18513       1.2185
   18514       1.2433
   18515       1.2481
   18516       1.1736
   18517       1.1522
   18518       1.1826
   18519       1.1574
   18520       1.2236
   18521       1.2075
   18522       1.2354
   18523       1.1171
   18524       1.1364
   18525       1.0199
   18526       1.0890
   18527       1.1706
   18528       1.2699
   18529       1.1870
   18530       1.1432
   18531       1.0865
   18532       1.1168
   18533       1.1670
   18534       1.1202
   18535       1.1225
   18536       1.1264
   18537       1.1257
   18538       1.1057
   18539       1.1391
   18540       1.2466
   18541       1.0905
   18542       1.0996
   18543       1.1491
   18544       1.2106
   18545       1.2403
   18546       1.1743
   18547       1.0874
   18548       1.1355
   18549       1.0763
   18550       1.0042
   18551       1.0503
   18552       1.1292
   18553       1.0990
   18554       1.0423
   18555       1.1555
   18556       1.1267
   18557       1.1532
   18558       1.1365
   18559       1.1868
   18560       1.1689
   18561       1.1313
   18562       1.2635
   18563       1.1751
   18564       1.1464
   18565       1.2526
   18566       1.2631
   18567       1.1688
   18568       1.2473
   18569       1.1573
   18570       1.2093
   18571       1.2316
   18572       1.2281
   18573       1.2732
   18574       1.3040
   18575       1.2388
   18576       1.1645
   18577       1.2432
   18578       1.2135
   18579       1.2467
   18580       1.2618
   18581       1.3017
   18582       1.1699
   18583       1.1829
   18584       1.1773
   18585       1.1509
   18586       1.2066
   18587       1.1398
   18588       1.2655
   18589       1.2427
   18590       1.1336
   18591       1.2001
   18592       1.2286
   18593       1.2303
   18594       1.1733
   18595       1.1945
   18596       1.1039
   18597       1.1691
   18598       1.1568
   18599       1.1753
   18600       1.1579
   18601       1.2044
   18602       1.1180
   18603       1.2074
   18604       1.2126
   18605       1.1887
   18606       1.2333
   18607       1.2212
   18608       1.1892
   18609       1.2195
   18610       1.1984
   18611       1.1603
   18612       1.1879
   18613       1.1915
   18614       1.2080
   18615       1.1590
   18616       1.1727
   18617       1.1436
   18618       1.1125
   18619       1.0739
   18620       1.0700
   18621       1.0437
   18622       1.1337
   18623       1.1780
   18624       1.1340
   18625       1.1640
   18626       1.1454
   18627       1.1102
   18628       1.1429
   18629       1.1255
   18630       1.2338
   18631       1.2290
   18632       1.2152
   18633       1.1659
   18634       1.2224
   18635       1.2628
   18636       1.2647
   18637       1.2548
   18638       1.1759
   18639       1.1714
   18640       1.1739
   18641       1.1448
   18642       1.2257
   18643       1.1513
   18644       1.1284
   18645       1.1896
   18646       1.1726
   18647       1.1847
   18648       1.2295
   18649       1.2116
   18650       1.1708
   18651       1.1971
   18652       1.1962
   18653       1.1627
   18654       1.1723
   18655       1.1620
   18656       1.0973
   18657       1.1406
   18658       1.1990
   18659       1.1441
   18660       1.2103
   18661       1.1229
   18662       1.1086
   18663       1.1759
   18664       1.1671
   18665       1.2579
   18666       1.1054
   18667       1.2117
   18668       1.2545
   18669       1.2255
   18670       1.2052
   18671       1.2117
   18672       1.1981
   18673       1.2334
   18674       1.2935
   18675       1.1478
   18676       1.2819
   18677       1.2774
   18678       1.1842
   18679       1.1879
   18680       1.1922
   18681       1.1247
   18682       1.1271
   18683       1.1477
   18684       1.2965
   18685       1.2199
   18686       1.1428
   18687       1.2396
   18688       1.2674
   18689       1.2279
   18690       1.2799
   18691       1.2305
   18692       1.2644
   18693       1.1687
   18694       1.1995
   18695       1.2673
   18696       1.1772
   18697       1.2798
   18698       1.2627
   18699       1.2424
   18700       1.1949
   18701       1.2121
   18702       1.2067
   18703       1.2088
   18704       1.2443
   18705       1.2516
   18706       1.2244
   18707       1.1857
   18708       1.1996
   18709       1.1826
   18710       1.1800
   18711       1.1492
   18712       1.2036
   18713       1.0805
   18714       1.1108
   18715       1.1039
   18716       1.1178
   18717       1.1695
   18718       1.1348
   18719       1.1003
   18720       1.1668
   18721       1.2021
   18722       1.2132
   18723       1.1421
   18724       1.2571
   18725       1.2276
   18726       1.2698
   18727       1.2302
   18728       1.2457
   18729       1.2181
   18730       1.2626
   18731       1.1629
   18732       1.1755
   18733       1.2585
   18734       1.2641
   18735       1.2449
   18736       1.2373
   18737       1.3548
   18738       1.1903
   18739       1.2238
   18740       1.1955
   18741       1.2660
   18742       1.2285
   18743       1.2884
   18744       1.2220
   18745       1.2917
   18746       1.2459
   18747       1.2736
   18748       1.2581
   18749       1.2717
   18750       1.2885
   18751       1.2638
   18752       1.3397
   18753       1.2695
   18754       1.2859
   18755       1.2746
   18756       1.2609
   18757       1.2483
   18758       1.3185
   18759       1.3571
   18760       1.2193
   18761       1.1169
   18762       1.1827
   18763       1.2168
   18764       1.2432
   18765       1.3034
   18766       1.2252
   18767       1.2757
   18768       1.2839
   18769       1.2419
   18770       1.1385
   18771       1.2506
   18772       1.2629
   18773       1.2449
   18774       1.2824
   18775       1.2947
   18776       1.2867
   18777       1.2642
   18778       1.2251
   18779       1.2830
   18780       1.2677
   18781       1.2899
   18782       1.1818
   18783       1.2015
   18784       1.2525
   18785       1.1838
   18786       1.2710
   18787       1.2697
   18788       1.1450
   18789       1.1906
   18790       1.2292
   18791       1.2230
   18792       1.2069
   18793       1.1426
   18794       1.0871
   18795       1.0603
   18796       1.1787
   18797       1.1983
   18798       1.2167
   18799       1.1810
   18800       1.1579
   18801       1.1837
   18802       1.2230
   18803       1.1231
   18804       1.1967
   18805       1.1494
   18806       1.1226
   18807       1.2963
   18808       1.2425
   18809       1.3134
   18810       1.2832
   18811       1.3703
   18812       1.2719
   18813       1.3141
   18814       1.3287
   18815       1.3152
   18816       1.3071
   18817       1.2917
   18818       1.2687
   18819       1.3770
   18820       1.3246
   18821       1.3324
   18822       1.1796
   18823       1.2420
   18824       1.2942
   18825       1.2365
   18826       1.1939
   18827       1.2419
   18828       1.2458
   18829       1.2379
   18830       1.3192
   18831       1.2257
   18832       1.2010
   18833       1.2477
   18834       1.2903
   18835       1.2187
   18836       1.2168
   18837       1.2114
   18838       1.2399
   18839       1.2366
   18840       1.2097
   18841       1.1862
   18842       1.2531
   18843       1.2580
   18844       1.1958
   18845       1.1090
   18846       1.1593
   18847       1.1978
   18848       1.2121
   18849       1.1567
   18850       1.1157
   18851       1.1648
   18852       1.1440
   18853       1.0914
   18854       1.1285
   18855       1.1448
   18856       1.1412
   18857       1.2154
   18858       1.1963
   18859       1.2121
   18860       1.1244
   18861       1.1142
   18862       1.1324
   18863       1.0772
   18864       1.1529
   18865       1.1413
   18866       1.1898
   18867       1.1221
   18868       1.1606
   18869       1.1919
   18870       1.1098
   18871       1.1547
   18872       1.1914
   18873       1.1235
   18874       1.1341
   18875       1.1675
   18876       1.1634
   18877       1.1222
   18878       1.1266
   18879       1.1699
   18880       1.1378
   18881       1.1506
   18882       1.2021
   18883       1.2340
   18884       1.2073
   18885       1.1372
   18886       1.2009
   18887       1.2177
   18888       1.2010
   18889       1.1259
   18890       1.1073
   18891       1.1503
   18892       1.1675
   18893       1.1497
   18894       1.1416
   18895       1.1323
   18896       1.1680
   18897       1.1529
   18898       1.1615
   18899       1.1081
   18900       1.2095
   18901       1.2558
   18902       1.2571
   18903       1.2365
   18904       1.1862
   18905       1.2337
   18906       1.2537
   18907       1.2795
   18908       1.3088
   18909       1.2384
   18910       1.2751
   18911       1.2725
   18912       1.2758
   18913       1.3034
   18914       1.2551
   18915       1.2667
   18916       1.2807
   18917       1.2820
   18918       1.2202
   18919       1.3377
   18920       1.2952
   18921       1.2640
   18922       1.2256
   18923       1.2302
   18924       1.1805
   18925       1.3257
   18926       1.3127
   18927       1.2917
   18928       1.3053
   18929       1.2455
   18930       1.2051
   18931       1.2299
   18932       1.3331
   18933       1.3145
   18934       1.3044
   18935       1.3313
   18936       1.3752
   18937       1.3987
   18938       1.2876
   18939       1.3016
   18940       1.3578
   18941       1.3188
   18942       1.3238
   18943       1.3413
   18944       1.3579
   18945       1.3392
   18946       1.2303
   18947       1.3138
   18948       1.2254
   18949       1.3078
   18950       1.2565
   18951       1.2402
   18952       1.3371
   18953       1.3320
   18954       1.3292
   18955       1.4120
   18956       1.3439
   18957       1.3027
   18958       1.3225
   18959       1.3275
   18960       1.3553
   18961       1.3303
   18962       1.3238
   18963       1.3011
   18964       1.3124
   18965       1.3127
   18966       1.3086
   18967       1.3721
   18968       1.2798
   18969       1.3232
   18970       1.3666
   18971       1.2946
   18972       1.3947
   18973       1.3604
   18974       1.3925
   18975       1.3370
   18976       1.3817
   18977       1.3263
   18978       1.3340
   18979       1.3200
   18980       1.3564
   18981       1.3387
   18982       1.3413
   18983       1.2936
   18984       1.2389
   18985       1.2661
   18986       1.3308
   18987       1.3002
   18988       1.3250
   18989       1.3153
   18990       1.3342
   18991       1.3117
   18992       1.2999
   18993       1.4015
   18994       1.3287
   18995       1.3334
   18996       1.3418
   18997       1.3379
   18998       1.3672
   18999       1.3293
   19000       1.3345
   19001       1.3026
   19002       1.3599
   19003       1.3334
   19004       1.3456
   19005       1.2099
   19006       1.3012
   19007       1.2548
   19008       1.2944
   19009       1.3298
   19010       1.3168
   19011       1.2516
   19012       1.3350
   19013       1.2813
   19014       1.2565
   19015       1.2709
   19016       1.3569
   19017       1.2260
   19018       1.3777
   19019       1.3193
   19020       1.3748
   19021       1.3404
   19022       1.3159
   19023       1.3398
   19024       1.3399
   19025       1.3070
   19026       1.3021
   19027       1.2705
   19028       1.2583
   19029       1.2518
   19030       1.2634
   19031       1.1623
   19032       1.1951
   19033       1.2135
   19034       1.2508
   19035       1.2162
   19036       1.2968
   19037       1.3663
   19038       1.2241
   19039       1.2343
   19040       1.2718
   19041       1.2453
   19042       1.1846
   19043       1.2061
   19044       1.1789
   19045       1.2624
   19046       1.2044
   19047       1.2162
   19048       1.1086
   19049       1.1821
   19050       1.2137
   19051       1.1317
   19052       1.1780
   19053       1.1348
   19054       1.0507
   19055       1.0827
   19056       1.2023
   19057       1.1599
   19058       1.1909
   19059       1.1843
   19060       1.2184
   19061       1.1977
   19062       1.1274
   19063       1.0683
   19064       1.0998
   19065       1.0809
   19066       1.2229
   19067       1.1872
   19068       1.1822
   19069       1.0828
   19070       1.1976
   19071       1.1874
   19072       1.1833
   19073       1.1448
   19074       1.2007
   19075       1.2362
   19076       1.1819
   19077       1.1833
   19078       1.1875
   19079       1.2921
   19080       1.2160
   19081       1.2424
   19082       1.2049
   19083       1.2291
   19084       1.2474
   19085       1.2448
   19086       1.2316
   19087       1.2603
   19088       1.3321
   19089       1.2547
   19090       1.2594
   19091       1.1942
   19092       1.1121
   19093       1.1602
   19094       1.1195
   19095       1.1184
   19096       1.1458
   19097       1.1111
   19098       1.1746
   19099       1.1519
   19100       1.1502
   19101       1.1580
   19102       1.1551
   19103       1.1016
   19104       1.0755
   19105       1.0735
   19106       1.0949
   19107       1.1612
   19108       1.1519
   19109       1.1264
   19110       1.0641
   19111       1.1308
   19112       1.1495
   19113       1.1096
   19114       1.1069
   19115       1.1162
   19116       1.1071
   19117       1.1782
   19118       1.1693
   19119       1.1176
   19120       1.0427
   19121       1.1251
   19122       1.0604
   19123       1.1634
   19124       1.1926
   19125       1.1288
   19126       1.2012
   19127       1.1298
   19128       1.2286
   19129       1.2113
   19130       1.1884
   19131       1.1026
   19132       1.1016
   19133       1.0448
   19134       1.0804
   19135       1.1185
   19136       1.1343
   19137       1.1402
   19138       1.1270
   19139       1.0810
   19140       1.1296
   19141       1.1524
   19142       1.1592
   19143       1.1166
   19144       1.1828
   19145       1.1794
   19146       1.1511
   19147       1.1740
   19148       1.1569
   19149       1.2483
   19150       1.0636
   19151       1.0609
   19152       1.1846
   19153       1.1636
   19154       1.1391
   19155       1.2107
   19156       1.2232
   19157       1.1263
   19158       1.1263
   19159       1.1202
   19160       1.1046
   19161       1.0799
   19162       1.0893
   19163       1.1037
   19164       1.1703
   19165       1.1416
   19166       1.0967
   19167       1.1362
   19168       1.1062
   19169       1.1308
   19170       1.1421
   19171       1.0878
   19172       1.0806
   19173       1.0776
   19174       1.1081
   19175       1.0411
   19176       1.1416
   19177       1.1234
   19178       1.0665
   19179       1.1040
   19180       1.1380
   19181       1.1751
   19182       1.0951
   19183       1.1347
   19184       1.0456
   19185       1.1706
   19186       1.0580
   19187       1.0998
   19188       1.0981
   19189       1.1053
   19190       1.1357
   19191       1.1992
   19192       1.1014
   19193       1.0785
   19194       1.1026
   19195       1.0773
   19196       1.1505
   19197       1.1246
   19198       0.9668
   19199       1.0324
   19200       1.1894
   19201       1.1851
   19202       1.2295
   19203       1.1363
   19204       1.2242
   19205       1.1367
   19206       1.0963
   19207       1.0703
   19208       1.1294
   19209       1.0748
   19210       1.1096
   19211       1.1452
   19212       1.1064
   19213       1.0772
   19214       1.0714
   19215       1.0098
   19216       1.1228
   19217       1.0554
   19218       1.1087
   19219       1.0786
   19220       1.1494
   19221       1.1485
   19222       1.0184
   19223       1.1069
   19224       1.1684
   19225       1.1545
   19226       1.1225
   19227       1.0290
   19228       1.0194
   19229       0.9836
   19230       0.9973
   19231       0.9397
   19232       1.0526
   19233       1.0483
   19234       1.0332
   19235       1.0132
   19236       1.0478
   19237       1.0191
   19238       1.0450
   19239       1.0604
   19240       1.0538
   19241       1.0228
   19242       1.0172
   19243       1.1386
   19244       1.1719
   19245       1.1347
   19246       1.1655
   19247       1.1944
   19248       1.1451
   19249       1.1078
   19250       1.1591
   19251       1.1434
   19252       1.0491
   19253       1.0142
   19254       1.0494
   19255       1.1873
   19256       1.1587
   19257       1.1621
   19258       1.1871
   19259       1.1088
   19260       1.0702
   19261       1.1020
   19262       1.1164
   19263       1.0390
   19264       1.0792
   19265       1.0978
   19266       1.1444
   19267       1.1243
   19268       1.1330
   19269       1.1505
   19270       1.1419
   19271       1.1581
   19272       1.1132
   19273       1.1305
   19274       1.1128
   19275       1.0599
   19276       1.0500
   19277       1.0401
   19278       1.0854
   19279       1.1128
   19280       1.0318
   19281       1.0355
   19282       1.0548
   19283       1.0308
   19284       1.1007
   19285       1.1239
   19286       1.1342
   19287       1.1436
   19288       1.2235
   19289       1.1928
   19290       1.2019
   19291       1.3019
   19292       1.2570
   19293       1.1914
   19294       1.1671
   19295       1.2130
   19296       1.0871
   19297       1.1535
   19298       1.1885
   19299       1.1443
   19300       1.1794
   19301       1.1903
   19302       1.2113
   19303       1.1693
   19304       1.1630
   19305       1.2026
   19306       1.1680
   19307       1.0830
   19308       1.1744
   19309       1.1223
   19310       1.2877
   19311       1.1480
   19312       1.1552
   19313       1.2075
   19314       1.1990
   19315       1.1934
   19316       1.1185
   19317       1.1461
   19318       1.1085
   19319       1.1031
   19320       1.0967
   19321       1.0748
   19322       1.0908
   19323       1.0752
   19324       1.1026
   19325       1.1422
   19326       1.0778
   19327       1.1322
   19328       1.1715
   19329       1.1463
   19330       1.1905
   19331       1.0968
   19332       1.1219
   19333       1.1071
   19334       1.1360
   19335       1.1201
   19336       1.0357
   19337       1.1276
   19338       1.1818
   19339       1.1435
   19340       1.1618
   19341       1.2253
   19342       1.2739
   19343       1.1940
   19344       1.0874
   19345       1.1937
   19346       1.2127
   19347       1.2279
   19348       1.2376
   19349       1.2729
   19350       1.3273
   19351       1.2869
   19352       1.1934
   19353       1.1821
   19354       1.1635
   19355       1.2117
   19356       1.2301
   19357       1.1756
   19358       1.1521
   19359       1.1682
   19360       1.1160
   19361       1.1558
   19362       1.1320
   19363       1.1496
   19364       1.1199
   19365       1.1213
   19366       1.1276
   19367       1.1502
   19368       1.1107
   19369       1.1932
   19370       1.1936
   19371       1.2297
   19372       1.2619
   19373       1.2919
   19374       1.2249
   19375       1.1579
   19376       1.2607
   19377       1.2807
   19378       1.1972
   19379       1.2028
   19380       1.1831
   19381       1.2478
   19382       1.2716
   19383       1.2342
   19384       1.1769
   19385       1.1626
   19386       1.2526
   19387       1.2544
   19388       1.1091
   19389       1.1354
   19390       1.1655
   19391       1.1260
   19392       1.2290
   19393       1.1584
   19394       1.2574
   19395       1.0900
   19396       1.1578
   19397       1.1394
   19398       1.1064
   19399       1.2293
   19400       1.2163
   19401       1.2612
   19402       1.2082
   19403       1.1970
   19404       1.2314
   19405       1.2137
   19406       1.1752
   19407       1.2074
   19408       1.2260
   19409       1.1116
   19410       1.2549
   19411       1.2210
   19412       1.1966
   19413       1.1940
   19414       1.2698
   19415       1.2408
   19416       1.1935
   19417       1.1651
   19418       1.2044
   19419       1.2429
   19420       1.2629
   19421       1.2379
   19422       1.1607
   19423       1.1374
   19424       1.2103
   19425       1.2429
   19426       1.2941
   19427       1.2058
   19428       1.1372
   19429       1.1311
   19430       1.1145
   19431       1.1706
   19432       1.1403
   19433       1.1364
   19434       1.2528
   19435       1.1243
   19436       1.2018
   19437       1.1376
   19438       1.1874
   19439       1.2173
   19440       1.1483
   19441       1.1274
   19442       1.2594
   19443       1.1559
   19444       1.2106
   19445       1.2215
   19446       1.2030
   19447       1.2509
   19448       1.2109
   19449       1.2315
   19450       1.2267
   19451       1.1904
   19452       1.1382
   19453       1.2786
   19454       1.2471
   19455       1.1922
   19456       1.1863
   19457       1.1651
   19458       1.1912
   19459       1.2273
   19460       1.1650
   19461       1.1760
   19462       1.2140
   19463       1.2227
   19464       1.3384
   19465       1.1800
   19466       1.2185
   19467       1.1827
   19468       1.3297
   19469       1.2582
   19470       1.2068
   19471       1.2143
   19472       1.2010
   19473       1.1913
   19474       1.2252
   19475       1.2216
   19476       1.2170
   19477       1.2142
   19478       1.2636
   19479       1.2565
   19480       1.2889
   19481       1.2805
   19482       1.2321
   19483       1.3157
   19484       1.2498
   19485       1.2528
   19486       1.2934
   19487       1.3662
   19488       1.3133
   19489       1.2269
   19490       1.2320
   19491       1.3381
   19492       1.2888
   19493       1.2786
   19494       1.2708
   19495       1.2984
   19496       1.1686
   19497       1.2214
   19498       1.2012
   19499       1.2038
   19500       1.1965
   19501       1.3043
   19502       1.2908
   19503       1.2257
   19504       1.3223
   19505       1.3316
   19506       1.2632
   19507       1.2509
   19508       1.2571
   19509       1.2916
   19510       1.2371
   19511       1.2493
   19512       1.2460
   19513       1.2429
   19514       1.2806
   19515       1.3654
   19516       1.2514
   19517       1.1912
   19518       1.2691
   19519       1.2794
   19520       1.2293
   19521       1.2708
   19522       1.2614
   19523       1.2082
   19524       1.2484
   19525       1.3374
   19526       1.2971
   19527       1.2393
   19528       1.3824
   19529       1.2855
   19530       1.2695
   19531       1.2758
   19532       1.2739
   19533       1.2332
   19534       1.2813
   19535       1.2007
   19536       1.2068
   19537       1.2485
   19538       1.1913
   19539       1.3274
   19540       1.2405
   19541       1.2126
   19542       1.2642
   19543       1.2621
   19544       1.2412
   19545       1.3174
   19546       1.2558
   19547       1.2769
   19548       1.2706
   19549       1.1819
   19550       1.3252
   19551       1.2817
   19552       1.2769
   19553       1.2382
   19554       1.2106
   19555       1.2747
   19556       1.1346
   19557       1.1815
   19558       1.2431
   19559       1.2634
   19560       1.2132
   19561       1.2060
   19562       1.1641
   19563       1.2310
   19564       1.1935
   19565       1.1901
   19566       1.1400
   19567       1.2277
   19568       1.2759
   19569       1.2731
   19570       1.3417
   19571       1.2442
   19572       1.2649
   19573       1.2949
   19574       1.3297
   19575       1.2189
   19576       1.2572
   19577       1.1850
   19578       1.2253
   19579       1.2212
   19580       1.2542
   19581       1.1940
   19582       1.1085
   19583       1.2015
   19584       1.2318
   19585       1.2431
   19586       1.2702
   19587       1.1953
   19588       1.2605
   19589       1.1826
   19590       1.2020
   19591       1.2873
   19592       1.2542
   19593       1.2305
   19594       1.2573
   19595       1.2595
   19596       1.3011
   19597       1.2802
   19598       1.2959
   19599       1.3222
   19600       1.3179
   19601       1.2391
   19602       1.2243
   19603       1.2485
   19604       1.2484
   19605       1.2470
   19606       1.2916
   19607       1.2235
   19608       1.2470
   19609       1.2524
   19610       1.2409
   19611       1.2064
   19612       1.2127
   19613       1.2599
   19614       1.1961
   19615       1.2139
   19616       1.2246
   19617       1.2621
   19618       1.1763
   19619       1.2789
   19620       1.2151
   19621       1.1955
   19622       1.1777
   19623       1.1931
   19624       1.2548
   19625       1.2131
   19626       1.2336
   19627       1.2288
   19628       1.1404
   19629       1.2354
   19630       1.2381
   19631       1.2548
   19632       1.2815
   19633       1.1992
   19634       1.2788
   19635       1.2495
   19636       1.2133
   19637       1.1934
   19638       1.1863
   19639       1.3080
   19640       1.2733
   19641       1.1951
   19642       1.2862
   19643       1.2024
   19644       1.2436
   19645       1.2013
   19646       1.2545
   19647       1.2972
   19648       1.2781
   19649       1.2840
   19650       1.3318
   19651       1.4191
   19652       1.3571
   19653       1.3875
   19654       1.3218
   19655       1.2945
   19656       1.3583
   19657       1.3569
   19658       1.3102
   19659       1.3569
   19660       1.3275
   19661       1.3151
   19662       1.3276
   19663       1.2784
   19664       1.2810
   19665       1.2201
   19666       1.2171
   19667       1.2173
   19668       1.2397
   19669       1.2243
   19670       1.2337
   19671       1.2421
   19672       1.2494
   19673       1.2992
   19674       1.2129
   19675       1.2112
   19676       1.2267
   19677       1.2500
   19678       1.1252
   19679       1.1535
   19680       1.1714
   19681       1.1792
   19682       1.1463
   19683       1.2214
   19684       1.2170
   19685       1.2468
   19686       1.2255
   19687       1.2573
   19688       1.2591
   19689       1.1937
   19690       1.2384
   19691       1.2809
   19692       1.1540
   19693       1.1891
   19694       1.2283
   19695       1.1859
   19696       1.2085
   19697       1.2263
   19698       1.1884
   19699       1.1660
   19700       1.1768
   19701       1.1845
   19702       1.2433
   19703       1.2313
   19704       1.2422
   19705       1.2147
   19706       1.2526
   19707       1.2081
   19708       1.2071
   19709       1.2434
   19710       1.3361
   19711       1.2639
   19712       1.2608
   19713       1.2732
   19714       1.2122
   19715       1.1688
   19716       1.1859
   19717       1.1714
   19718       1.1681
   19719       1.1822
   19720       1.2479
   19721       1.2098
   19722       1.1322
   19723       1.1296
   19724       1.1966
   19725       1.1471
   19726       1.1300
   19727       1.0614
   19728       1.1157
   19729       1.1550
   19730       1.1631
   19731       1.1097
   19732       1.1730
   19733       1.1343
   19734       1.1061
   19735       1.1529
   19736       1.1162
   19737       1.0927
   19738       1.1322
   19739       1.2248
   19740       1.1351
   19741       1.1055
   19742       1.0865
   19743       1.1091
   19744       1.1195
   19745       1.1803
   19746       1.0725
   19747       1.1496
   19748       1.1228
   19749       1.1469
   19750       1.0941
   19751       1.0793
   19752       1.0761
   19753       1.1336
   19754       1.1550
   19755       1.1183
   19756       1.1500
   19757       1.0818
   19758       1.0932
   19759       1.1228
   19760       1.1731
   19761       1.0894
   19762       1.1141
   19763       1.1417
   19764       1.1092
   19765       1.1241
   19766       1.1243
   19767       1.1813
   19768       1.1972
   19769       1.2479
   19770       1.1686
   19771       1.2073
   19772       1.1527
   19773       1.1124
   19774       1.1139
   19775       1.1628
   19776       1.1400
   19777       1.1602
   19778       1.0951
   19779       1.1474
   19780       1.0987
   19781       1.1108
   19782       1.0698
   19783       1.0858
   19784       1.0830
   19785       1.0776
   19786       1.1579
   19787       1.1660
   19788       1.1240
   19789       1.1283
   19790       1.1904
   19791       1.1356
   19792       1.1701
   19793       1.1900
   19794       1.1652
   19795       1.1661
   19796       1.1426
   19797       1.1476
   19798       1.1819
   19799       1.1747
   19800       1.1761
   19801       1.0765
   19802       1.0766
   19803       1.1133
   19804       1.1559
   19805       1.1716
   19806       1.1108
   19807       1.0836
   19808       1.1001
   19809       1.1051
   19810       1.1144
   19811       1.0648
   19812       1.1492
   19813       1.1662
   19814       1.1805
   19815       1.1487
   19816       1.1735
   19817       1.1539
   19818       1.2213
   19819       1.2002
   19820       1.2148
   19821       1.2060
   19822       1.1746
   19823       1.1614
   19824       1.2117
   19825       1.0999
   19826       1.1932
   19827       1.1481
   19828       1.0932
   19829       1.1562
   19830       1.1440
   19831       1.1744
   19832       1.2360
   19833       1.1171
   19834       1.1586
   19835       1.1442
   19836       1.2166
   19837       1.2280
   19838       1.2203
   19839       1.1909
   19840       1.1999
   19841       1.0986
   19842       1.1366
   19843       1.1596
   19844       1.1882
   19845       1.1660
   19846       1.1076
   19847       1.1793
   19848       1.1306
   19849       1.2095
   19850       1.1517
   19851       1.1161
   19852       1.1692
   19853       1.1103
   19854       1.0905
   19855       1.1214
   19856       1.1268
   19857       1.1317
   19858       1.0736
   19859       1.1533
   19860       1.1241
   19861       1.1367
   19862       1.1718
   19863       1.1251
   19864       1.1589
   19865       1.1743
   19866       1.2153
   19867       1.2592
   19868       1.1905
   19869       1.1742
   19870       1.1614
   19871       1.1449
   19872       1.0719
   19873       1.1433
   19874       1.1644
   19875       1.1298
   19876       1.0775
   19877       1.1240
   19878       1.1278
   19879       1.0914
   19880       1.1412
   19881       1.0503
   19882       1.0856
   19883       1.1256
   19884       1.1158
   19885       1.0716
   19886       1.0623
   19887       1.0381
   19888       1.0737
   19889       1.1527
   19890       1.0953
   19891       1.0698
   19892       1.0816
   19893       1.1030
   19894       1.1216
   19895       1.1530
   19896       1.1989
   19897       1.2131
   19898       1.1460
   19899       1.1657
   19900       1.1603
   19901       1.1658
   19902       1.1678
   19903       1.1137
   19904       1.1207
   19905       1.0992
   19906       1.0617
   19907       1.1495
   19908       1.0119
   19909       1.0680
   19910       1.1014
   19911       1.1196
   19912       1.0620
   19913       1.0893
   19914       1.0860
   19915       1.1425
   19916       1.1792
   19917       1.1775
   19918       1.1863
   19919       1.1267
   19920       1.1312
   19921       1.2125
   19922       1.1961
   19923       1.2100
   19924       1.1665
   19925       1.1431
   19926       1.0405
   19927       1.1632
   19928       1.1109
   19929       1.1010
   19930       1.0906
   19931       1.1775
   19932       1.0507
   19933       1.1321
   19934       1.1212
   19935       1.1268
   19936       1.1442
   19937       1.1194
   19938       1.1124
   19939       1.1705
   19940       1.1513
   19941       1.1309
   19942       1.1516
   19943       1.1606
   19944       1.1472
   19945       1.2282
   19946       1.2343
   19947       1.1986
   19948       1.0977
   19949       1.1450
   19950       1.1580
   19951       1.1300
   19952       1.1803
   19953       1.1769
   19954       1.2465
   19955       1.1694
   19956       1.1948
   19957       1.1779
   19958       1.2389
   19959       1.1574
   19960       1.1949
   19961       1.1788
   19962       1.1560
   19963       1.1491
   19964       1.1625
   19965       1.2405
   19966       1.2446
   19967       1.1843
   19968       1.1622
   19969       1.2055
   19970       1.2470
   19971       1.1721
   19972       1.1436
   19973       1.2051
   19974       1.1860
   19975       1.2122
   19976       1.1322
   19977       1.1427
   19978       1.1798
   19979       1.1557
   19980       1.1552
   19981       1.1660
   19982       1.2002
   19983       1.1220
   19984       1.2284
   19985       1.0800
   19986       1.0649
   19987       1.1672
   19988       1.1051
   19989       1.1962
   19990       1.1563
   19991       1.1960
   19992       1.1990
   19993       1.2077
   19994       1.2019
   19995       1.2418
   19996       1.2384
   19997       1.1772
   19998       1.2173
   19999       1.1645
   20000       1.1994
   20001       1.1968
   20002       1.2646
   20003       1.1808
   20004       1.1801
   20005       1.2782
   20006       1.1957
   20007       1.2256
   20008       1.2148
   20009       1.2084
   20010       1.2244
   20011       1.1734
   20012       1.1829
   20013       1.2519
   20014       1.1788
   20015       1.1498
   20016       1.1891
   20017       1.1264
   20018       1.1468
   20019       1.1845
   20020       1.2373
   20021       1.2069
   20022       1.1904
   20023       1.1923
   20024       1.1351
   20025       1.2323
   20026       1.2284
   20027       1.1893
   20028       1.2210
   20029       1.2014
   20030       1.1807
   20031       1.1835
   20032       1.1633
   20033       1.1263
   20034       1.1078
   20035       1.2864
   20036       1.1680
   20037       1.2412
   20038       1.2569
   20039       1.2163
   20040       1.1901
   20041       1.1975
   20042       1.2102
   20043       1.1863
   20044       1.2303
   20045       1.2295
   20046       1.2107
   20047       1.2665
   20048       1.2322
   20049       1.1963
   20050       1.2175
   20051       1.2059
   20052       1.2289
   20053       1.2019
   20054       1.2001
   20055       1.1892
   20056       1.1968
   20057       1.2107
   20058       1.2060
   20059       1.2097
   20060       1.2403
   20061       1.2208
   20062       1.2245
   20063       1.2145
   20064       1.2883
   20065       1.2031
   20066       1.1882
   20067       1.2505
   20068       1.2895
   20069       1.2943
   20070       1.2768
   20071       1.2675
   20072       1.1945
   20073       1.1605
   20074       1.1856
   20075       1.1658
   20076       1.1723
   20077       1.2291
   20078       1.2528
   20079       1.1973
   20080       1.2502
   20081       1.1846
   20082       1.2566
   20083       1.1374
   20084       1.1628
   20085       1.1956
   20086       1.1618
   20087       1.1900
   20088       1.2341
   20089       1.1900
   20090       1.2156
   20091       1.2137
   20092       1.1931
   20093       1.1283
   20094       1.1698
   20095       1.2163
   20096       1.2064
   20097       1.1503
   20098       1.2164
   20099       1.2103
   20100       1.2560
   20101       1.1999
   20102       1.2368
   20103       1.2112
   20104       1.2289
   20105       1.2155
   20106       1.1820
   20107       1.1836
   20108       1.2123
   20109       1.2537
   20110       1.2478
   20111       1.2387
   20112       1.2804
   20113       1.2264
   20114       1.2246
   20115       1.1586
   20116       1.2205
   20117       1.2161
   20118       1.2273
   20119       1.1888
   20120       1.2008
   20121       1.1527
   20122       1.1612
   20123       1.1762
   20124       1.2156
   20125       1.1888
   20126       1.2064
   20127       1.2416
   20128       1.2509
   20129       1.1895
   20130       1.2245
   20131       1.2181
   20132       1.1831
   20133       1.1833
   20134       1.2382
   20135       1.1675
   20136       1.0952
   20137       1.1151
   20138       1.1991
   20139       1.2068
   20140       1.2456
   20141       1.1362
   20142       1.1846
   20143       1.1353
   20144       1.1423
   20145       1.1684
   20146       1.0877
   20147       1.1037
   20148       1.1103
   20149       1.0933
   20150       1.1663
   20151       1.1024
   20152       1.1201
   20153       1.0351
   20154       1.1024
   20155       1.0703
   20156       1.0925
   20157       1.1342
   20158       1.0732
   20159       1.1456
   20160       1.0919
   20161       1.0567
   20162       1.0844
   20163       1.1059
   20164       1.0856
   20165       1.1138
   20166       1.1180
   20167       1.1621
   20168       1.2393
   20169       1.1434
   20170       1.0948
   20171       1.1247
   20172       1.1343
   20173       1.0630
   20174       1.0646
   20175       1.0768
   20176       1.0854
   20177       1.0631
   20178       1.0963
   20179       1.0896
   20180       1.1288
   20181       1.0953
   20182       1.1150
   20183       1.1599
   20184       1.1795
   20185       1.1369
   20186       1.1456
   20187       1.1426
   20188       1.1251
   20189       1.0791
   20190       1.0758
   20191       1.1173
   20192       1.1239
   20193       1.1439
   20194       1.2055
   20195       1.1642
   20196       1.1287
   20197       1.1082
   20198       1.1321
   20199       1.1207
   20200       1.1135
   20201       1.1898
   20202       1.1864
   20203       1.2419
   20204       1.2381
   20205       1.1612
   20206       1.1279
   20207       1.1320
   20208       1.2259
   20209       1.1537
   20210       1.1440
   20211       1.1922
   20212       1.2727
   20213       1.1486
   20214       1.1778
   20215       1.1311
   20216       1.1166
   20217       1.1931
   20218       1.2291
   20219       1.1877
   20220       1.1933
   20221       1.1880
   20222       1.1246
   20223       1.0558
   20224       1.0687
   20225       1.1277
   20226       1.1529
   20227       1.1999
   20228       1.1055
   20229       1.1069
   20230       1.1203
   20231       1.1502
   20232       1.0559
   20233       1.1746
   20234       1.1368
   20235       1.1055
   20236       1.1551
   20237       1.1184
   20238       1.1062
   20239       1.0722
   20240       1.1367
   20241       1.1326
   20242       1.1570
   20243       1.1162
   20244       1.1299
   20245       1.0766
   20246       1.0776
   20247       1.1252
   20248       1.0760
   20249       1.0384
   20250       1.1049
   20251       1.0688
   20252       1.1035
   20253       1.1442
   20254       1.1876
   20255       1.0470
   20256       1.1171
   20257       1.1892
   20258       1.1952
   20259       1.1597
   20260       1.1735
   20261       1.1729
   20262       1.1369
   20263       1.2230
   20264       1.1971
   20265       1.1502
   20266       1.1670
   20267       1.1904
   20268       1.1297
   20269       1.1641
   20270       1.1633
   20271       1.2083
   20272       1.1652
   20273       1.1518
   20274       1.2032
   20275       1.0620
   20276       1.1014
   20277       1.1097
   20278       1.0994
   20279       1.0871
   20280       1.1486
   20281       1.1744
   20282       1.2029
   20283       1.1545
   20284       1.1770
   20285       1.0978
   20286       1.1394
   20287       1.0842
   20288       1.1776
   20289       1.0678
   20290       1.0607
   20291       1.1600
   20292       1.0799
   20293       1.1156
   20294       1.0851
   20295       1.0802
   20296       1.1147
   20297       1.1179
   20298       1.1021
   20299       1.1489
   20300       1.1518
   20301       1.1743
   20302       1.1843
   20303       1.1085
   20304       1.1172
   20305       1.1240
   20306       1.0913
   20307       1.0114
   20308       1.0953
   20309       1.2126
   20310       1.1258
   20311       1.1360
   20312       1.1292
   20313       1.0789
   20314       1.1387
   20315       1.0859
   20316       1.0731
   20317       1.1730
   20318       1.0883
   20319       1.0936
   20320       1.1325
   20321       1.0913
   20322       1.1125
   20323       1.2032
   20324       1.2109
   20325       1.1581
   20326       1.1365
   20327       1.1024
   20328       1.0188
   20329       1.1360
   20330       1.1287
   20331       1.1201
   20332       1.0839
   20333       1.1064
   20334       1.1863
   20335       1.1369
   20336       1.0930
   20337       1.1325
   20338       1.0992
   20339       1.0608
   20340       1.1472
   20341       1.1015
   20342       1.0428
   20343       1.1219
   20344       1.1373
   20345       1.1313
   20346       1.1363
   20347       1.1164
   20348       1.1386
   20349       1.1016
   20350       1.1255
   20351       1.1047
   20352       1.0791
   20353       1.1078
   20354       1.0515
   20355       1.1409
   20356       1.0921
   20357       1.0633
   20358       1.1016
   20359       1.0847
   20360       1.0908
   20361       1.1079
   20362       1.0853
   20363       1.0754
   20364       1.1355
   20365       1.1260
   20366       1.0577
   20367       1.1253
   20368       1.1282
   20369       1.1555
   20370       1.1834
   20371       1.1667
   20372       1.1365
   20373       1.1208
   20374       1.1090
   20375       1.1184
   20376       1.1012
   20377       1.1252
   20378       1.1507
   20379       1.0924
   20380       1.0520
   20381       1.1502
   20382       1.1865
   20383       1.1610
   20384       1.1886
   20385       1.1572
   20386       1.1320
   20387       1.2161
   20388       1.1301
   20389       1.1119
   20390       1.1264
   20391       1.1829
   20392       1.1024
   20393       1.1620
   20394       1.1188
   20395       1.1048
   20396       1.0922
   20397       1.0992
   20398       1.2195
   20399       1.1143
   20400       1.1663
   20401       1.1130
   20402       1.2309
   20403       1.1728
   20404       1.1570
   20405       1.1502
   20406       1.1960
   20407       1.1505
   20408       1.1515
   20409       1.1703
   20410       1.1350
   20411       1.0484
   20412       1.1584
   20413       1.1492
   20414       1.0955
   20415       1.1122
   20416       1.1037
   20417       1.0523
   20418       1.2010
   20419       1.0906
   20420       1.1416
   20421       1.1618
   20422       1.1504
   20423       1.1088
   20424       1.1651
   20425       1.1438
   20426       1.2051
   20427       1.1337
   20428       1.0712
   20429       1.0919
   20430       1.1422
   20431       1.1154
   20432       1.1209
   20433       1.1194
   20434       1.1369
   20435       1.1269
   20436       1.2122
   20437       1.2295
   20438       1.1990
   20439       1.0965
   20440       1.1081
   20441       1.1309
   20442       1.0873
   20443       1.1119
   20444       1.1505
   20445       1.0833
   20446       1.1445
   20447       1.2015
   20448       1.1314
   20449       1.1369
   20450       1.1559
   20451       1.2207
   20452       1.0930
   20453       1.1172
   20454       1.1869
   20455       1.2287
   20456       1.2132
   20457       1.2498
   20458       1.1957
   20459       1.1563
   20460       1.2240
   20461       1.2709
   20462       1.2399
   20463       1.1146
   20464       1.2458
   20465       1.2172
   20466       1.2753
   20467       1.2230
   20468       1.2612
   20469       1.2752
   20470       1.2340
   20471       1.2614
   20472       1.2179
   20473       1.2230
   20474       1.2388
   20475       1.1880
   20476       1.2271
   20477       1.2472
   20478       1.2189
   20479       1.1971
   20480       1.2517
   20481       1.2316
   20482       1.1853
   20483       1.1544
   20484       1.1982
   20485       1.2355
   20486       1.2178
   20487       1.1910
   20488       1.2367
   20489       1.1289
   20490       1.1812
   20491       1.1689
   20492       1.1750
   20493       1.1558
   20494       1.1173
   20495       1.1159
   20496       1.0931
   20497       1.1474
   20498       1.1429
   20499       1.1517
   20500       1.1338
   20501       1.1935
   20502       1.1694
   20503       1.1367
   20504       1.1130
   20505       1.1867
   20506       1.0873
   20507       1.1308
   20508       1.1565
   20509       1.1170
   20510       1.1267
   20511       1.1169
   20512       1.1365
   20513       1.1561
   20514       1.0942
   20515       1.1725
   20516       1.1144
   20517       1.1716
   20518       1.1331
   20519       1.1251
   20520       1.1551
   20521       1.2369
   20522       1.1679
   20523       1.1518
   20524       1.1103
   20525       1.1301
   20526       1.2419
   20527       1.1967
   20528       1.2301
   20529       1.2132
   20530       1.0977
   20531       1.1954
   20532       1.1777
   20533       1.1583
   20534       1.1827
   20535       1.1603
   20536       1.1782
   20537       1.1262
   20538       1.1764
   20539       1.1172
   20540       1.1262
   20541       1.1617
   20542       1.1456
   20543       1.2076
   20544       1.1456
   20545       1.1247
   20546       1.2045
   20547       1.1375
   20548       1.1477
   20549       1.1568
   20550       1.2090
   20551       1.1581
   20552       1.1969
   20553       1.1046
   20554       1.2178
   20555       1.1957
   20556       1.1272
   20557       1.1412
   20558       1.1412
   20559       1.0693
   20560       1.0460
   20561       1.1176
   20562       1.1528
   20563       1.0595
   20564       1.0786
   20565       1.0477
   20566       1.1057
   20567       1.1460
   20568       1.1295
   20569       1.0761
   20570       1.0599
   20571       1.0448
   20572       1.0512
   20573       1.1010
   20574       1.0968
   20575       1.1173
   20576       1.1904
   20577       1.1727
   20578       1.0618
   20579       1.2011
   20580       1.1353
   20581       1.1274
   20582       1.1273
   20583       1.1550
   20584       1.0530
   20585       1.0530
   20586       1.0885
   20587       1.0975
   20588       1.1360
   20589       1.0877
   20590       1.0817
   20591       1.0951
   20592       1.0235
   20593       1.0600
   20594       1.0999
   20595       1.1449
   20596       1.0199
   20597       1.0997
   20598       1.0965
   20599       1.1633
   20600       1.1420
   20601       1.1080
   20602       1.0951
   20603       1.0577
   20604       1.1492
   20605       1.0835
   20606       1.0676
   20607       1.1257
   20608       1.1631
   20609       1.0851
   20610       1.1323
   20611       1.0611
   20612       1.0774
   20613       1.0677
   20614       1.0947
   20615       1.0554
   20616       1.0341
   20617       1.0643
   20618       1.0385
   20619       1.0510
   20620       1.0698
   20621       1.0817
   20622       1.0862
   20623       1.0903
   20624       1.0683
   20625       1.1023
   20626       1.0837
   20627       1.0395
   20628       1.0705
   20629       1.0267
   20630       1.0797
   20631       1.0694
   20632       1.0683
   20633       1.0636
   20634       0.9849
   20635       1.0204
   20636       1.0620
   20637       1.0713
   20638       1.1031
   20639       1.1052
   20640       1.0840
   20641       1.0357
   20642       0.9862
   20643       1.0670
   20644       1.1222
   20645       1.0587
   20646       1.1264
   20647       1.0226
   20648       1.1429
   20649       1.1245
   20650       1.0868
   20651       1.0940
   20652       1.1592
   20653       1.1782
   20654       1.1146
   20655       1.0654
   20656       1.0962
   20657       1.0439
   20658       1.0808
   20659       1.1151
   20660       1.1406
   20661       1.0564
   20662       1.0939
   20663       1.1345
   20664       1.0886
   20665       1.0857
   20666       1.0460
   20667       1.0739
   20668       1.0909
   20669       1.1052
   20670       1.0973
   20671       1.1030
   20672       1.0982
   20673       1.0387
   20674       1.0552
   20675       1.1491
   20676       1.1441
   20677       1.1379
   20678       1.1261
   20679       1.0681
   20680       1.0581
   20681       1.0748
   20682       1.1207
   20683       1.0750
   20684       1.0613
   20685       1.1293
   20686       1.0780
   20687       1.1236
   20688       1.0578
   20689       1.1448
   20690       1.1322
   20691       1.0909
   20692       1.2185
   20693       1.1322
   20694       1.0789
   20695       1.1580
   20696       1.0727
   20697       1.1020
   20698       1.0458
   20699       1.0797
   20700       1.0851
   20701       1.2027
   20702       1.2282
   20703       1.1779
   20704       1.2008
   20705       1.1201
   20706       1.1615
   20707       1.1704
   20708       1.2063
   20709       1.1620
   20710       1.1684
   20711       1.2177
   20712       1.1501
   20713       1.1627
   20714       1.0919
   20715       1.1565
   20716       1.2132
   20717       1.1411
   20718       1.1546
   20719       1.1224
   20720       1.0651
   20721       1.0446
   20722       1.1393
   20723       1.0656
   20724       1.1326
   20725       1.0536
   20726       1.0863
   20727       1.0818
   20728       1.0609
   20729       1.1017
   20730       1.0653
   20731       1.0361
   20732       1.0890
   20733       1.0700
   20734       1.1647
   20735       1.0311
   20736       1.2021
   20737       1.1668
   20738       1.1884
   20739       1.0972
   20740       1.1271
   20741       1.1200
   20742       1.0889
   20743       1.0963
   20744       1.2027
   20745       1.1324
   20746       1.1230
   20747       1.1689
   20748       1.1081
   20749       1.1479
   20750       1.0873
   20751       1.1287
   20752       1.0790
   20753       1.1590
   20754       1.1415
   20755       1.0877
   20756       1.1877
   20757       1.1610
   20758       1.1918
   20759       1.2258
   20760       1.2125
   20761       1.2031
   20762       1.1898
   20763       1.2373
   20764       1.2274
   20765       1.2320
   20766       1.1884
   20767       1.1979
   20768       1.0979
   20769       1.1007
   20770       1.1808
   20771       1.1073
   20772       1.1272
   20773       1.0351
   20774       1.0728
   20775       1.0874
   20776       1.0493
   20777       1.1215
   20778       1.0774
   20779       1.2059
   20780       1.1154
   20781       1.0675
   20782       1.0698
   20783       1.0609
   20784       1.0447
   20785       1.1220
   20786       1.1119
   20787       1.1390
   20788       1.1809
   20789       1.0753
   20790       1.1662
   20791       1.0949
   20792       1.1123
   20793       1.2066
   20794       1.1541
   20795       1.1475
   20796       1.1536
   20797       1.1413
   20798       1.1304
   20799       1.1581
   20800       1.1193
   20801       1.1543
   20802       1.1252
   20803       1.1757
   20804       1.1733
   20805       1.1093
   20806       1.1259
   20807       1.1234
   20808       1.1734
   20809       1.1715
   20810       1.1334
   20811       1.1999
   20812       1.1335
   20813       1.1412
   20814       1.0926
   20815       1.1292
   20816       1.1382
   20817       1.0990
   20818       1.0689
   20819       1.1216
   20820       1.0628
   20821       1.0892
   20822       1.0561
   20823       1.1283
   20824       1.1121
   20825       1.1746
   20826       1.2104
   20827       1.2135
   20828       1.2333
   20829       1.1426
   20830       1.1264
   20831       1.1726
   20832       1.1738
   20833       1.1429
   20834       1.1086
   20835       1.1462
   20836       1.1726
   20837       1.1775
   20838       1.1155
   20839       1.2018
   20840       1.1509
   20841       1.2016
   20842       1.1561
   20843       1.1624
   20844       1.1702
   20845       1.1560
   20846       1.1114
   20847       1.1035
   20848       1.1217
   20849       1.1285
   20850       1.1416
   20851       1.0848
   20852       1.1190
   20853       1.1280
   20854       1.1118
   20855       1.0819
   20856       1.1101
   20857       1.1388
   20858       1.0833
   20859       1.1424
   20860       1.1188
   20861       1.0664
   20862       1.0753
   20863       1.1029
   20864       1.1306
   20865       1.2430
   20866       1.1465
   20867       1.1161
   20868       1.1301
   20869       1.1608
   20870       1.2069
   20871       1.1592
   20872       1.1301
   20873       1.0970
   20874       1.0890
   20875       1.0869
   20876       1.0979
   20877       1.1315
   20878       1.1189
   20879       1.0716
   20880       1.1185
   20881       1.1087
   20882       1.1287
   20883       1.1608
   20884       1.0917
   20885       1.1886
   20886       1.1903
   20887       1.1521
   20888       1.1213
   20889       1.1388
   20890       1.1129
   20891       1.1094
   20892       1.2301
   20893       1.1494
   20894       1.1352
   20895       1.1459
   20896       1.1134
   20897       1.1735
   20898       1.0897
   20899       1.1325
   20900       1.1479
   20901       1.1313
   20902       1.0388
   20903       1.1409
   20904       1.1051
   20905       1.1679
   20906       1.1979
   20907       1.2022
   20908       1.1680
   20909       1.2016
   20910       1.2609
   20911       1.1307
   20912       1.1762
   20913       1.2075
   20914       1.1971
   20915       1.1781
   20916       1.2060
   20917       1.1295
   20918       1.1054
   20919       1.1255
   20920       1.0966
   20921       1.0609
   20922       1.0894
   20923       1.1347
   20924       1.1493
   20925       1.2124
   20926       1.1712
   20927       1.1649
   20928       1.1165
   20929       1.1446
   20930       1.1239
   20931       1.1009
   20932       1.1132
   20933       1.2392
   20934       1.2282
   20935       1.1478
   20936       1.1561
   20937       1.1416
   20938       1.0967
   20939       1.1811
   20940       1.1429
   20941       1.1262
   20942       1.1382
   20943       1.1714
   20944       1.0900
   20945       1.0951
   20946       1.1709
   20947       1.1264
   20948       1.1000
   20949       1.0892
   20950       1.1911
   20951       1.1653
   20952       1.2733
   20953       1.1844
   20954       1.2202
   20955       1.1060
   20956       1.1170
   20957       1.1732
   20958       1.2055
   20959       1.1187
   20960       1.1405
   20961       1.0977
   20962       1.1887
   20963       1.1764
   20964       1.1791
   20965       1.1858
   20966       1.0884
   20967       1.1871
   20968       1.1750
   20969       1.1701
   20970       1.1445
   20971       1.1434
   20972       1.1224
   20973       1.0860
   20974       1.0697
   20975       1.1254
   20976       1.1613
   20977       1.1752
   20978       1.2856
   20979       1.1778
   20980       1.1844
   20981       1.1007
   20982       1.1839
   20983       1.2072
   20984       1.1650
   20985       1.2199
   20986       1.1735
   20987       1.1376
   20988       1.2123
   20989       1.1959
   20990       1.2308
   20991       1.2103
   20992       1.1533
   20993       1.2253
   20994       1.2073
   20995       1.2948
   20996       1.2055
   20997       1.2626
   20998       1.2161
   20999       1.2319
   21000       1.3005
   21001       1.2497
   21002       1.2380
   21003       1.2700
   21004       1.2091
   21005       1.1501
   21006       1.2407
   21007       1.2227
   21008       1.1241
   21009       1.2328
   21010       1.1557
   21011       1.1839
   21012       1.1376
   21013       1.2298
   21014       1.1245
   21015       1.2162
   21016       1.2351
   21017       1.1897
   21018       1.1577
   21019       1.1657
   21020       1.1733
   21021       1.2602
   21022       1.1702
   21023       1.1661
   21024       1.1645
   21025       1.1692
   21026       1.2211
   21027       1.2104
   21028       1.2220
   21029       1.1894
   21030       1.2092
   21031       1.1982
   21032       1.1843
   21033       1.1788
   21034       1.1497
   21035       1.1750
   21036       1.1210
   21037       1.1806
   21038       1.1625
   21039       1.1525
   21040       1.1575
   21041       1.0843
   21042       1.1267
   21043       1.1644
   21044       1.1546
   21045       1.1628
   21046       1.1597
   21047       1.0806
   21048       1.0977
   21049       1.1861
   21050       1.2188
   21051       1.2156
   21052       1.2195
   21053       1.2312
   21054       1.2471
   21055       1.1997
   21056       1.1528
   21057       1.1271
   21058       1.1331
   21059       1.1912
   21060       1.2811
   21061       1.1215
   21062       1.1650
   21063       1.2078
   21064       1.2344
   21065       1.1713
   21066       1.1601
   21067       1.2412
   21068       1.2318
   21069       1.2036
   21070       1.2164
   21071       1.2313
   21072       1.2881
   21073       1.1641
   21074       1.1904
   21075       1.1290
   21076       1.0966
   21077       1.1783
   21078       1.1877
   21079       1.1602
   21080       1.2374
   21081       1.1463
   21082       1.1979
   21083       1.1185
   21084       1.1836
   21085       1.2798
   21086       1.1223
   21087       1.1169
   21088       1.1530
   21089       1.2644
   21090       1.1900
   21091       1.1847
   21092       1.1914
   21093       1.1607
   21094       1.2260
   21095       1.1874
   21096       1.1030
   21097       1.2046
   21098       1.1545
   21099       1.1259
   21100       1.2529
   21101       1.2170
   21102       1.2148
   21103       1.1759
   21104       1.1756
   21105       1.1925
   21106       1.1629
   21107       1.1648
   21108       1.1507
   21109       1.2146
   21110       1.1820
   21111       1.1815
   21112       1.1419
   21113       1.1502
   21114       1.1924
   21115       1.1344
   21116       1.1479
   21117       1.1112
   21118       1.1386
   21119       1.1577
   21120       1.1418
   21121       1.0735
   21122       1.1249
   21123       1.1036
   21124       1.0699
   21125       1.0786
   21126       1.0512
   21127       1.0529
   21128       1.0939
   21129       1.0169
   21130       1.1224
   21131       1.1084
   21132       1.1362
   21133       1.1241
   21134       1.1167
   21135       1.0987
   21136       1.1131
   21137       1.0812
   21138       1.1191
   21139       1.0706
   21140       1.1522
   21141       1.2218
   21142       1.1922
   21143       1.1271
   21144       1.0476
   21145       1.1007
   21146       1.0938
   21147       1.1009
   21148       1.1831
   21149       1.1118
   21150       1.0755
   21151       1.1318
   21152       1.1307
   21153       1.1497
   21154       1.1139
   21155       1.1468
   21156       1.1234
   21157       1.1343
   21158       1.0699
   21159       1.1406
   21160       1.0641
   21161       1.1138
   21162       1.0801
   21163       1.1839
   21164       1.0682
   21165       1.1638
   21166       1.1742
   21167       1.1036
   21168       1.1418
   21169       1.0984
   21170       1.1301
   21171       1.0687
   21172       1.1317
   21173       1.1127
   21174       1.1514
   21175       1.1152
   21176       1.0098
   21177       1.0329
   21178       1.0933
   21179       1.1286
   21180       1.0959
   21181       1.0679
   21182       1.1548
   21183       1.1588
   21184       1.0954
   21185       1.1051
   21186       1.0874
   21187       1.0685
   21188       1.1174
   21189       1.0749
   21190       1.1533
   21191       1.1004
   21192       1.0800
   21193       1.0749
   21194       1.1006
   21195       1.1130
   21196       1.1495
   21197       1.1754
   21198       1.1208
   21199       1.0901
   21200       1.0788
   21201       1.0713
   21202       1.1535
   21203       1.1224
   21204       1.1038
   21205       1.0623
   21206       1.1247
   21207       1.1685
   21208       1.1728
   21209       1.1439
   21210       1.1380
   21211       1.1270
   21212       1.1482
   21213       1.1775
   21214       1.1727
   21215       1.0992
   21216       1.1374
   21217       1.1899
   21218       1.2574
   21219       1.1853
   21220       1.2139
   21221       1.2552
   21222       1.1589
   21223       1.1061
   21224       1.2260
   21225       1.2158
   21226       1.1905
   21227       1.2039
   21228       1.1252
   21229       1.2225
   21230       1.1369
   21231       1.2142
   21232       1.2212
   21233       1.2129
   21234       1.1710
   21235       1.1814
   21236       1.1847
   21237       1.1734
   21238       1.2035
   21239       1.1841
   21240       1.1164
   21241       1.2086
   21242       1.1201
   21243       1.2019
   21244       1.1311
   21245       1.1293
   21246       1.2243
   21247       1.1961
   21248       1.2237
   21249       1.1655
   21250       1.1396
   21251       1.1750
   21252       1.1625
   21253       1.2099
   21254       1.1670
   21255       1.1430
   21256       1.1850
   21257       1.1172
   21258       1.0981
   21259       1.1698
   21260       1.1435
   21261       1.1247
   21262       1.1263
   21263       1.1015
   21264       1.0879
   21265       1.1333
   21266       1.1036
   21267       1.1122
   21268       1.1108
   21269       1.1104
   21270       1.1194
   21271       1.1085
   21272       1.0963
   21273       1.1838
   21274       1.1465
   21275       1.1341
   21276       1.1525
   21277       1.1297
   21278       1.1644
   21279       1.1957
   21280       1.1381
   21281       1.1290
   21282       1.1792
   21283       1.1097
   21284       0.9986
   21285       1.0817
   21286       1.0984
   21287       1.0411
   21288       1.1341
   21289       1.1435
   21290       1.1284
   21291       1.1166
   21292       1.1156
   21293       1.1473
   21294       1.1125
   21295       1.1434
   21296       1.1162
   21297       1.1795
   21298       1.1747
   21299       1.1010
   21300       1.0805
   21301       1.0430
   21302       1.0699
   21303       1.1017
   21304       1.0831
   21305       1.1421
   21306       1.1663
   21307       1.1892
   21308       1.1008
   21309       1.1401
   21310       1.1332
   21311       1.1848
   21312       1.0904
   21313       1.1159
   21314       1.1153
   21315       1.1750
   21316       1.1362
   21317       1.0942
   21318       1.1038
   21319       1.0919
   21320       1.1506
   21321       1.1022
   21322       1.1092
   21323       1.1395
   21324       1.0946
   21325       1.1100
   21326       1.1227
   21327       1.1584
   21328       1.1306
   21329       1.1825
   21330       1.1729
   21331       1.1562
   21332       1.1939
   21333       1.1050
   21334       1.1032
   21335       1.1712
   21336       1.1740
   21337       1.1333
   21338       1.1628
   21339       1.1028
   21340       1.0905
   21341       1.0817
   21342       1.0724
   21343       1.1292
   21344       1.1088
   21345       1.1558
   21346       1.1364
   21347       1.1377
   21348       1.1498
   21349       1.1182
   21350       1.1674
   21351       1.1338
   21352       1.1334
   21353       1.0911
   21354       1.0661
   21355       1.0638
   21356       1.1173
   21357       1.1763
   21358       1.0946
   21359       1.1546
   21360       1.1150
   21361       1.1681
   21362       1.1283
   21363       1.1198
   21364       1.1331
   21365       1.0813
   21366       1.1125
   21367       1.1145
   21368       1.1177
   21369       1.0964
   21370       1.1081
   21371       1.1031
   21372       1.1321
   21373       1.1553
   21374       1.0570
   21375       1.1072
   21376       1.1158
   21377       1.1741
   21378       1.1881
   21379       1.1637
   21380       1.1479
   21381       1.1923
   21382       1.1642
   21383       1.1294
   21384       1.1336
   21385       1.2032
   21386       1.1743
   21387       1.1736
   21388       1.1593
   21389       1.2173
   21390       1.1711
   21391       1.1905
   21392       1.1843
   21393       1.2537
   21394       1.1721
   21395       1.1874
   21396       1.2243
   21397       1.2466
   21398       1.1819
   21399       1.1404
   21400       1.1444
   21401       1.0737
   21402       1.1744
   21403       1.1156
   21404       1.0680
   21405       1.0793
   21406       1.0467
   21407       1.1289
   21408       1.1495
   21409       1.0762
   21410       1.1856
   21411       1.1767
   21412       1.2476
   21413       1.1606
   21414       1.1510
   21415       1.1214
   21416       1.0416
   21417       1.1544
   21418       1.0993
   21419       1.0853
   21420       1.1072
   21421       1.1443
   21422       1.1348
   21423       1.1757
   21424       1.1055
   21425       1.1154
   21426       1.0826
   21427       1.1110
   21428       1.2015
   21429       1.1290
   21430       1.1877
   21431       1.0689
   21432       1.1590
   21433       1.1295
   21434       1.1404
   21435       1.0893
   21436       1.0617
   21437       1.1280
   21438       1.0900
   21439       1.1498
   21440       1.1242
   21441       1.1223
   21442       1.1553
   21443       1.0844
   21444       1.1550
   21445       1.1552
   21446       1.1154
   21447       1.2037
   21448       1.1300
   21449       1.1486
   21450       1.2515
   21451       1.2382
   21452       1.1384
   21453       1.1922
   21454       1.2346
   21455       1.2216
   21456       1.2089
   21457       1.1774
   21458       1.2434
   21459       1.2623
   21460       1.2195
   21461       1.2349
   21462       1.1518
   21463       1.1888
   21464       1.1697
   21465       1.1351
   21466       1.1669
   21467       1.2157
   21468       1.2219
   21469       1.1479
   21470       1.2781
   21471       1.1788
   21472       1.1702
   21473       1.1972
   21474       1.1979
   21475       1.1969
   21476       1.2616
   21477       1.1618
   21478       1.2239
   21479       1.1957
   21480       1.2524
   21481       1.1384
   21482       1.1556
   21483       1.1783
   21484       1.1477
   21485       1.1511
   21486       1.1660
   21487       1.1947
   21488       1.2197
   21489       1.2027
   21490       1.0787
   21491       1.1060
   21492       1.1089
   21493       1.1865
   21494       1.2375
   21495       1.1221
   21496       1.1624
   21497       1.1971
   21498       1.2066
   21499       1.1201
   21500       1.2194
   21501       1.1236
   21502       1.1234
   21503       1.1533
   21504       1.1285
   21505       1.0322
   21506       1.1917
   21507       1.1532
   21508       1.1090
   21509       1.1876
   21510       1.1194
   21511       1.2857
   21512       1.1232
   21513       1.1854
   21514       1.1574
   21515       1.1208
   21516       1.2460
   21517       1.1983
   21518       1.2121
   21519       1.1870
   21520       1.2532
   21521       1.1965
   21522       1.2160
   21523       1.2622
   21524       1.2160
   21525       1.2933
   21526       1.2462
   21527       1.2711
   21528       1.2595
   21529       1.2264
   21530       1.2052
   21531       1.2548
   21532       1.2208
   21533       1.1759
   21534       1.1881
   21535       1.2334
   21536       1.1495
   21537       1.1113
   21538       1.1415
   21539       1.1551
   21540       1.1040
   21541       1.0894
   21542       1.1614
   21543       1.1594
   21544       1.1238
   21545       1.1141
   21546       1.1341
   21547       1.2034
   21548       1.1499
   21549       1.1618
   21550       1.1044
   21551       1.1282
   21552       1.1578
   21553       1.1727
   21554       1.1617
   21555       1.1325
   21556       1.1826
   21557       1.2202
   21558       1.1586
   21559       1.2129
   21560       1.1312
   21561       1.1445
   21562       1.1941
   21563       1.0982
   21564       1.2099
   21565       1.1682
   21566       1.1426
   21567       1.1073
   21568       1.1486
   21569       1.1633
   21570       1.0725
   21571       1.1157
   21572       1.1779
   21573       1.1358
   21574       1.1304
   21575       1.1086
   21576       1.0934
   21577       1.0942
   21578       1.1734
   21579       1.1102
   21580       1.2094
   21581       1.1567
   21582       1.1149
   21583       1.0700
   21584       1.1315
   21585       1.1311
   21586       1.1409
   21587       1.1100
   21588       1.1769
   21589       1.1987
   21590       1.1900
   21591       1.1661
   21592       1.1815
   21593       1.2302
   21594       1.2474
   21595       1.1711
   21596       1.2060
   21597       1.1110
   21598       1.1615
   21599       1.1358
   21600       1.0750
   21601       1.1953
   21602       1.1153
   21603       1.1272
   21604       1.1441
   21605       1.1385
   21606       1.1694
   21607       1.1266
   21608       1.1340
   21609       1.2035
   21610       1.0840
   21611       1.1677
   21612       1.1462
   21613       1.1203
   21614       1.1097
   21615       1.1150
   21616       1.1164
   21617       1.1478
   21618       1.1731
   21619       1.1967
   21620       1.1840
   21621       1.1755
   21622       1.1760
   21623       1.1306
   21624       1.1851
   21625       1.2428
   21626       1.1771
   21627       1.2238
   21628       1.1649
   21629       1.1485
   21630       1.1305
   21631       1.1077
   21632       1.1127
   21633       1.1005
   21634       1.1482
   21635       1.1428
   21636       1.1485
   21637       1.1139
   21638       1.1505
   21639       1.1826
   21640       1.1433
   21641       1.1658
   21642       1.1697
   21643       1.1591
   21644       1.1836
   21645       1.1589
   21646       1.2177
   21647       1.2364
   21648       1.2224
   21649       1.1953
   21650       1.1698
   21651       1.2436
   21652       1.2002
   21653       1.2369
   21654       1.1724
   21655       1.1140
   21656       1.1634
   21657       1.2315
   21658       1.2150
   21659       1.2092
   21660       1.2079
   21661       1.1889
   21662       1.1582
   21663       1.1958
   21664       1.2957
   21665       1.2005
   21666       1.2362
   21667       1.2291
   21668       1.2094
   21669       1.1893
   21670       1.3048
   21671       1.1792
   21672       1.2022
   21673       1.2127
   21674       1.1643
   21675       1.1716
   21676       1.2509
   21677       1.1932
   21678       1.2019
   21679       1.2512
   21680       1.1588
   21681       1.2072
   21682       1.1996
   21683       1.1774
   21684       1.1533
   21685       1.1829
   21686       1.1844
   21687       1.2069
   21688       1.2027
   21689       1.1806
   21690       1.2632
   21691       1.1649
   21692       1.2052
   21693       1.1373
   21694       1.2051
   21695       1.1539
   21696       1.1889
   21697       1.1645
   21698       1.1813
   21699       1.0653
   21700       1.1418
   21701       1.1631
   21702       1.1877
   21703       1.1008
   21704       1.1325
   21705       1.1432
   21706       1.1689
   21707       1.2183
   21708       1.2056
   21709       1.1856
   21710       1.1757
   21711       1.1579
   21712       1.1666
   21713       1.1425
   21714       1.0777
   21715       1.0929
   21716       1.1400
   21717       1.1138
   21718       1.1628
   21719       1.1828
   21720       1.0925
   21721       1.0809
   21722       1.1626
   21723       1.1996
   21724       1.1501
   21725       1.1351
   21726       1.1567
   21727       1.1148
   21728       1.1726
   21729       1.1036
   21730       1.0865
   21731       1.1071
   21732       1.1327
   21733       1.1417
   21734       1.1896
   21735       1.1538
   21736       1.1308
   21737       1.1504
   21738       1.0828
   21739       1.0971
   21740       1.1312
   21741       1.1088
   21742       1.1007
   21743       1.1198
   21744       1.0513
   21745       1.0943
   21746       1.1032
   21747       1.0685
   21748       1.1187
   21749       1.2193
   21750       1.1107
   21751       1.1585
   21752       1.1416
   21753       1.1283
   21754       1.1538
   21755       1.1439
   21756       1.1429
   21757       1.1265
   21758       1.1629
   21759       1.1355
   21760       1.1767
   21761       1.1437
   21762       1.1459
   21763       1.0815
   21764       1.1428
   21765       1.1726
   21766       1.1213
   21767       1.1037
   21768       1.1038
   21769       1.1408
   21770       1.2297
   21771       1.1781
   21772       1.1366
   21773       1.1494
   21774       1.1646
   21775       1.1859
   21776       1.1670
   21777       1.1061
   21778       1.1790
   21779       1.0457
   21780       1.1521
   21781       1.1302
   21782       1.0651
   21783       1.0899
   21784       1.1756
   21785       1.1918
   21786       1.1684
   21787       1.1310
   21788       1.0809
   21789       1.1223
   21790       1.1021
   21791       1.1550
   21792       1.1914
   21793       1.0793
   21794       1.2049
   21795       1.1567
   21796       1.1765
   21797       1.1252
   21798       1.1051
   21799       1.1472
   21800       1.1171
   21801       1.1554
   21802       1.1398
   21803       1.1439
   21804       1.1080
   21805       1.1522
   21806       1.1503
   21807       1.0431
   21808       1.1666
   21809       1.2032
   21810       1.1616
   21811       1.1586
   21812       1.0914
   21813       1.1434
   21814       1.1211
   21815       1.1379
   21816       1.1594
   21817       1.0968
   21818       1.1275
   21819       1.1927
   21820       1.1687
   21821       1.1329
   21822       1.2214
   21823       1.1032
   21824       1.0755
   21825       1.0929
   21826       1.1699
   21827       1.0619
   21828       1.0906
   21829       1.1537
   21830       1.1424
   21831       1.1373
   21832       1.1371
   21833       1.1097
   21834       1.1105
   21835       1.1270
   21836       1.1203
   21837       1.1953
   21838       1.0727
   21839       1.1129
   21840       1.1039
   21841       1.1503
   21842       1.0987
   21843       1.1602
   21844       1.1469
   21845       1.1115
   21846       1.1220
   21847       1.1507
   21848       1.1899
   21849       1.1117
   21850       1.1143
   21851       1.1974
   21852       1.1951
   21853       1.1672
   21854       1.1541
   21855       1.1255
   21856       1.1693
   21857       1.1329
   21858       1.2637
   21859       1.1613
   21860       1.2118
   21861       1.1831
   21862       1.1308
   21863       1.1935
   21864       1.0787
   21865       1.1783
   21866       1.2151
   21867       1.2023
   21868       1.2214
   21869       1.1400
   21870       1.1430
   21871       1.1780
   21872       1.2439
   21873       1.3178
   21874       1.2468
   21875       1.1635
   21876       1.1920
   21877       1.2482
   21878       1.2226
   21879       1.2563
   21880       1.1386
   21881       1.2017
   21882       1.1406
   21883       1.2178
   21884       1.2679
   21885       1.1679
   21886       1.1318
   21887       1.1760
   21888       1.2258
   21889       1.2203
   21890       1.2856
   21891       1.1935
   21892       1.2130
   21893       1.1973
   21894       1.1702
   21895       1.1797
   21896       1.1418
   21897       1.1970
   21898       1.2475
   21899       1.1369
   21900       1.1804
   21901       1.1942
   21902       1.1653
   21903       1.1634
   21904       1.2127
   21905       1.2470
   21906       1.1665
   21907       1.2260
   21908       1.2216
   21909       1.2218
   21910       1.3058
   21911       1.2888
   21912       1.2735
   21913       1.2293
   21914       1.2447
   21915       1.2184
   21916       1.3718
   21917       1.2642
   21918       1.2670
   21919       1.2639
   21920       1.1817
   21921       1.2258
   21922       1.2112
   21923       1.2242
   21924       1.2180
   21925       1.2720
   21926       1.2056
   21927       1.2557
   21928       1.2624
   21929       1.2221
   21930       1.2451
   21931       1.2194
   21932       1.2629
   21933       1.2517
   21934       1.1844
   21935       1.1674
   21936       1.1780
   21937       1.2169
   21938       1.2685
   21939       1.2420
   21940       1.2397
   21941       1.2390
   21942       1.1880
   21943       1.3152
   21944       1.2199
   21945       1.2079
   21946       1.1645
   21947       1.1732
   21948       1.2186
   21949       1.2601
   21950       1.2441
   21951       1.2399
   21952       1.2717
   21953       1.3058
   21954       1.2708
   21955       1.2724
   21956       1.2683
   21957       1.1751
   21958       1.1590
   21959       1.2485
   21960       1.2012
   21961       1.2751
   21962       1.2322
   21963       1.1918
   21964       1.2624
   21965       1.1884
   21966       1.1950
   21967       1.2277
   21968       1.2271
   21969       1.1719
   21970       1.1573
   21971       1.1054
   21972       1.1742
   21973       1.1766
   21974       1.1892
   21975       1.1842
   21976       1.1354
   21977       1.1645
   21978       1.1364
   21979       1.1306
   21980       1.0908
   21981       1.1278
   21982       1.1482
   21983       1.1499
   21984       1.1442
   21985       1.1943
   21986       1.1174
   21987       1.1397
   21988       1.1511
   21989       1.1622
   21990       1.1687
   21991       1.2176
   21992       1.1708
   21993       1.1497
   21994       1.1914
   21995       1.1270
   21996       1.1546
   21997       1.1652
   21998       1.1209
   21999       1.1138
   22000       1.1544
   22001       1.1022
   22002       1.1950
   22003       1.1848
   22004       1.1954
   22005       1.1460
   22006       1.1682
   22007       1.1159
   22008       1.0955
   22009       1.1233
   22010       1.1887
   22011       1.2291
   22012       1.1609
   22013       1.1365
   22014       1.1763
   22015       1.1798
   22016       1.2318
   22017       1.2105
   22018       1.1832
   22019       1.1501
   22020       1.1239
   22021       1.1325
   22022       1.1666
   22023       1.2139
   22024       1.1957
   22025       1.2408
   22026       1.1632
   22027       1.0760
   22028       1.1104
   22029       1.0495
   22030       1.0414
   22031       1.1328
   22032       1.1824
   22033       1.1764
   22034       1.1711
   22035       1.1991
   22036       1.1238
   22037       1.1127
   22038       1.1629
   22039       1.0332
   22040       1.1869
   22041       1.1873
   22042       1.1979
   22043       1.2040
   22044       1.1749
   22045       1.2303
   22046       1.2276
   22047       1.1357
   22048       1.1414
   22049       1.1097
   22050       1.1192
   22051       1.1400
   22052       1.2462
   22053       1.1717
   22054       1.1794
   22055       1.1089
   22056       1.1991
   22057       1.0780
   22058       1.0988
   22059       1.1154
   22060       1.0773
   22061       1.2019
   22062       1.1563
   22063       1.1932
   22064       1.1451
   22065       1.1920
   22066       1.1866
   22067       1.1232
   22068       1.2958
   22069       1.1931
   22070       1.1621
   22071       1.1467
   22072       1.1606
   22073       1.1686
   22074       1.0950
   22075       1.1569
   22076       1.1057
   22077       1.1940
   22078       1.0919
   22079       1.1291
   22080       1.1633
   22081       1.1258
   22082       1.2036
   22083       1.1573
   22084       1.1040
   22085       1.1447
   22086       1.1485
   22087       1.1157
   22088       1.1173
   22089       1.0707
   22090       1.1571
   22091       1.1113
   22092       1.1068
   22093       1.1371
   22094       1.1854
   22095       1.0865
   22096       1.1484
   22097       1.1633
   22098       1.1426
   22099       1.2195
   22100       1.2000
   22101       1.1463
   22102       1.1782
   22103       1.1487
   22104       1.2080
   22105       1.1554
   22106       1.1578
   22107       1.2320
   22108       1.2172
   22109       1.2028
   22110       1.2392
   22111       1.1830
   22112       1.1992
   22113       1.1511
   22114       1.2104
   22115       1.1514
   22116       1.2058
   22117       1.1497
   22118       1.1990
   22119       1.2057
   22120       1.1626
   22121       1.2201
   22122       1.2382
   22123       1.2136
   22124       1.2026
   22125       1.2075
   22126       1.1950
   22127       1.2274
   22128       1.1779
   22129       1.2075
   22130       1.1249
   22131       1.1379
   22132       1.1777
   22133       1.0926
   22134       1.1700
   22135       1.1877
   22136       1.1593
   22137       1.2043
   22138       1.1962
   22139       1.1497
   22140       1.1126
   22141       1.1170
   22142       1.1487
   22143       1.1849
   22144       1.2137
   22145       1.1688
   22146       1.1844
   22147       1.1232
   22148       1.1301
   22149       1.1479
   22150       1.1518
   22151       1.1466
   22152       1.2436
   22153       1.1946
   22154       1.1431
   22155       1.1800
   22156       1.1414
   22157       1.1631
   22158       1.1988
   22159       1.1932
   22160       1.1642
   22161       1.2076
   22162       1.2127
   22163       1.2004
   22164       1.1886
   22165       1.1055
   22166       1.1664
   22167       1.1867
   22168       1.1611
   22169       1.1192
   22170       1.1728
   22171       1.1393
   22172       1.1820
   22173       1.0862
   22174       1.1504
   22175       1.1542
   22176       1.1562
   22177       1.1730
   22178       1.1575
   22179       1.1895
   22180       1.1199
   22181       1.1204
   22182       1.1330
   22183       1.1182
   22184       1.1218
   22185       1.1922
   22186       1.2095
   22187       1.1543
   22188       1.1543
   22189       1.1289
   22190       1.1049
   22191       1.0874
   22192       1.0959
   22193       1.1216
   22194       1.1695
   22195       1.1186
   22196       1.1692
   22197       1.1515
   22198       1.2004
   22199       1.0859
   22200       1.1453
   22201       1.1311
   22202       1.1312
   22203       1.1084
   22204       1.0212
   22205       1.1166
   22206       1.1101
   22207       1.1355
   22208       1.1728
   22209       1.1221
   22210       1.1940
   22211       1.1690
   22212       1.1830
   22213       1.3257
   22214       1.3041
   22215       1.3100
   22216       1.2001
   22217       1.2018
   22218       1.2076
   22219       1.1633
   22220       1.1524
   22221       1.1401
   22222       1.1577
   22223       1.1207
   22224       1.1959
   22225       1.0031
   22226       1.1644
   22227       1.1599
   22228       1.2247
   22229       1.1985
   22230       1.2175
   22231       1.1704
   22232       1.1669
   22233       1.1667
   22234       1.0971
   22235       1.1434
   22236       1.2328
   22237       1.1864
   22238       1.2150
   22239       1.1357
   22240       1.1495
   22241       1.1517
   22242       1.1233
   22243       1.1203
   22244       1.0957
   22245       1.1643
   22246       1.2648
   22247       1.2590
   22248       1.1662
   22249       1.1438
   22250       1.1788
   22251       1.0844
   22252       1.1279
   22253       1.1305
   22254       1.0877
   22255       1.2026
   22256       1.1690
   22257       1.1046
   22258       1.1076
   22259       1.1604
   22260       1.1138
   22261       1.1406
   22262       1.1579
   22263       1.1790
   22264       1.1854
   22265       1.1690
   22266       1.1635
   22267       1.1887
   22268       1.2118
   22269       1.1398
   22270       1.0851
   22271       1.1424
   22272       1.1948
   22273       1.1759
   22274       1.1424
   22275       1.2085
   22276       1.1295
   22277       1.1536
   22278       1.1306
   22279       1.1763
   22280       1.1275
   22281       1.0893
   22282       1.1498
   22283       1.1073
   22284       1.0871
   22285       1.1560
   22286       1.1344
   22287       1.2278
   22288       1.1795
   22289       1.1723
   22290       1.1759
   22291       1.1859
   22292       1.2271
   22293       1.1955
   22294       1.2122
   22295       1.2294
   22296       1.1463
   22297       1.1891
   22298       1.1604
   22299       1.1112
   22300       1.1513
   22301       1.1046
   22302       1.1118
   22303       1.1285
   22304       1.1715
   22305       1.1295
   22306       1.0382
   22307       1.0286
   22308       1.1041
   22309       1.1137
   22310       1.0899
   22311       1.0842
   22312       1.0574
   22313       1.0949
   22314       1.0559
   22315       1.1131
   22316       1.1016
   22317       1.1432
   22318       1.1620
   22319       1.0521
   22320       1.0935
   22321       1.0608
   22322       1.0995
   22323       1.0814
   22324       1.1630
   22325       1.1376
   22326       1.1609
   22327       1.2217
   22328       1.0937
   22329       1.1049
   22330       1.1235
   22331       1.1228
   22332       1.0973
   22333       1.1208
   22334       1.1141
   22335       1.1095
   22336       1.1150
   22337       1.1280
   22338       1.1328
   22339       1.1205
   22340       1.0918
   22341       1.1301
   22342       1.1787
   22343       1.1059
   22344       1.1898
   22345       1.1043
   22346       1.1084
   22347       1.1117
   22348       1.1156
   22349       1.1250
   22350       1.1205
   22351       1.1528
   22352       1.2060
   22353       1.1706
   22354       1.1859
   22355       1.1504
   22356       1.1139
   22357       1.1638
   22358       1.1187
   22359       1.1361
   22360       1.1942
   22361       1.1868
   22362       1.1719
   22363       1.1186
   22364       1.0839
   22365       1.0740
   22366       1.0742
   22367       1.1319
   22368       1.1317
   22369       1.0696
   22370       1.1422
   22371       1.1696
   22372       1.1064
   22373       1.1355
   22374       1.0923
   22375       1.0732
   22376       1.0325
   22377       1.1393
   22378       1.1262
   22379       1.1271
   22380       1.0944
   22381       1.0859
   22382       1.0918
   22383       1.0419
   22384       1.1592
   22385       1.1190
   22386       1.1290
   22387       1.1315
   22388       1.2120
   22389       1.2032
   22390       1.1823
   22391       1.1361
   22392       1.1905
   22393       1.2367
   22394       1.0963
   22395       1.1641
   22396       1.2055
   22397       1.1525
   22398       1.1581
   22399       1.1454
   22400       1.1168
   22401       1.1273
   22402       1.1122
   22403       1.1978
   22404       1.1280
   22405       1.0790
   22406       1.0774
   22407       1.0870
   22408       1.0949
   22409       1.1105
   22410       1.1142
   22411       1.0831
   22412       1.0535
   22413       1.1449
   22414       1.0630
   22415       1.1187
   22416       1.1142
   22417       1.0684
   22418       1.1274
   22419       1.1925
   22420       1.1839
   22421       1.1706
   22422       1.1387
   22423       1.1917
   22424       1.1648
   22425       1.0606
   22426       1.1228
   22427       1.0906
   22428       1.0998
   22429       1.1345
   22430       1.2187
   22431       1.1929
   22432       1.1418
   22433       1.1095
   22434       1.1488
   22435       1.1392
   22436       1.1765
   22437       1.1927
   22438       1.1783
   22439       1.1645
   22440       1.1778
   22441       1.1198
   22442       1.2192
   22443       1.1446
   22444       1.0701
   22445       1.1140
   22446       1.0676
   22447       1.1046
   22448       1.1728
   22449       1.1285
   22450       1.1657
   22451       1.0906
   22452       1.1508
   22453       1.1327
   22454       1.1728
   22455       1.1865
   22456       1.1264
   22457       1.1452
   22458       1.2009
   22459       1.1144
   22460       1.1662
   22461       1.1706
   22462       1.2394
   22463       1.2199
   22464       1.2522
   22465       1.1970
   22466       1.1281
   22467       1.0986
   22468       1.1694
   22469       1.2189
   22470       1.1169
   22471       1.2064
   22472       1.1158
   22473       1.1474
   22474       1.1960
   22475       1.1397
   22476       1.1417
   22477       1.1760
   22478       1.1375
   22479       1.2354
   22480       1.1877
   22481       1.1652
   22482       1.0802
   22483       1.2426
   22484       1.1392
   22485       1.0983
   22486       1.1608
   22487       1.1876
   22488       1.1459
   22489       1.1124
   22490       1.1370
   22491       1.1633
   22492       1.2097
   22493       1.1689
   22494       1.1558
   22495       1.1885
   22496       1.1986
   22497       1.1377
   22498       1.1240
   22499       1.1892
   22500       1.1901
   22501       1.1573
   22502       1.0896
   22503       1.0830
   22504       1.1773
   22505       1.1642
   22506       1.1311
   22507       1.1262
   22508       1.1453
   22509       1.1749
   22510       1.1165
   22511       1.0875
   22512       1.1004
   22513       1.1028
   22514       1.1216
   22515       1.1646
   22516       1.1449
   22517       1.1407
   22518       1.0810
   22519       1.0748
   22520       1.1567
   22521       1.0567
   22522       1.1915
   22523       1.2108
   22524       1.1750
   22525       1.2231
   22526       1.1720
   22527       1.0919
   22528       1.1366
   22529       1.1039
   22530       1.1668
   22531       1.1954
   22532       1.2481
   22533       1.1702
   22534       1.1431
   22535       1.1163
   22536       1.1901
   22537       1.0903
   22538       1.1113
   22539       1.0603
   22540       1.0943
   22541       1.0565
   22542       1.1356
   22543       1.0515
   22544       1.0764
   22545       1.0946
   22546       1.0892
   22547       1.1600
   22548       1.1463
   22549       1.1743
   22550       1.2884
   22551       1.1789
   22552       1.1656
   22553       1.1644
   22554       1.1189
   22555       1.1553
   22556       1.1892
   22557       1.1457
   22558       1.1876
   22559       1.0905
   22560       1.1645
   22561       1.1843
   22562       1.2121
   22563       1.1974
   22564       1.1077
   22565       1.1566
   22566       1.1479
   22567       1.1219
   22568       1.0695
   22569       1.1213
   22570       1.0763
   22571       1.1515
   22572       1.1469
   22573       1.1609
   22574       1.1708
   22575       1.1366
   22576       1.0949
   22577       1.0924
   22578       1.0649
   22579       1.0517
   22580       1.0704
   22581       1.0822
   22582       1.0351
   22583       1.0893
   22584       1.0948
   22585       1.0901
   22586       1.0497
   22587       1.1870
   22588       1.0956
   22589       1.1042
   22590       1.2002
   22591       1.1700
   22592       1.1335
   22593       1.1417
   22594       1.1975
   22595       1.1950
   22596       1.3020
   22597       1.1191
   22598       1.1814
   22599       1.2227
   22600       1.1682
   22601       1.2344
   22602       1.2189
   22603       1.1850
   22604       1.1992
   22605       1.2036
   22606       1.1284
   22607       1.1523
   22608       1.1748
   22609       1.1725
   22610       1.1388
   22611       1.2128
   22612       1.1009
   22613       1.0884
   22614       1.1015
   22615       1.0911
   22616       1.1084
   22617       1.1277
   22618       1.2321
   22619       1.1016
   22620       1.2139
   22621       1.0994
   22622       1.1553
   22623       1.1984
   22624       1.3097
   22625       1.2192
   22626       1.2647
   22627       1.1755
   22628       1.1658
   22629       1.2485
   22630       1.1915
   22631       1.1496
   22632       1.2229
   22633       1.1359
   22634       1.1855
   22635       1.2011
   22636       1.1739
   22637       1.0726
   22638       1.0927
   22639       1.0836
   22640       1.1177
   22641       1.0700
   22642       1.0866
   22643       1.1119
   22644       1.1121
   22645       1.1510
   22646       1.1047
   22647       1.1205
   22648       1.1055
   22649       1.1477
   22650       1.0558
   22651       1.1411
   22652       1.1612
   22653       1.0426
   22654       1.0700
   22655       1.0594
   22656       1.0666
   22657       1.0813
   22658       1.0672
   22659       1.0978
   22660       1.1156
   22661       1.1203
   22662       1.1118
   22663       1.0786
   22664       1.1219
   22665       1.1156
   22666       1.0573
   22667       1.1096
   22668       1.0826
   22669       1.1295
   22670       1.0941
   22671       1.1846
   22672       1.1585
   22673       1.1219
   22674       1.0965
   22675       1.0899
   22676       1.1717
   22677       1.1088
   22678       1.1301
   22679       1.1792
   22680       1.0837
   22681       1.0792
   22682       1.1231
   22683       1.0864
   22684       1.1331
   22685       1.1172
   22686       1.2355
   22687       1.1187
   22688       1.1812
   22689       1.1402
   22690       1.1703
   22691       1.2019
   22692       1.1834
   22693       1.1491
   22694       1.2095
   22695       1.1623
   22696       1.2327
   22697       1.0953
   22698       1.1373
   22699       1.2004
   22700       1.0972
   22701       1.1165
   22702       1.1566
   22703       1.1786
   22704       1.1667
   22705       1.1295
   22706       1.1344
   22707       1.1130
   22708       1.1926
   22709       1.1477
   22710       1.1263
   22711       1.1150
   22712       1.1800
   22713       1.1400
   22714       1.0299
   22715       1.1655
   22716       1.1885
   22717       1.1606
   22718       1.1732
   22719       1.0621
   22720       1.1226
   22721       1.1877
   22722       1.1000
   22723       1.1657
   22724       1.1109
   22725       1.0788
   22726       1.1584
   22727       1.0657
   22728       1.0904
   22729       1.1489
   22730       1.1317
   22731       1.1447
   22732       1.0914
   22733       1.1219
   22734       1.1477
   22735       1.0965
   22736       1.0955
   22737       1.0557
   22738       1.0560
   22739       1.1124
   22740       1.0606
   22741       1.1459
   22742       1.1330
   22743       1.0255
   22744       1.1425
   22745       1.0788
   22746       1.0686
   22747       1.0091
   22748       1.0342
   22749       1.0843
   22750       1.0811
   22751       1.1289
   22752       1.0731
   22753       1.0898
   22754       1.1409
   22755       1.0836
   22756       1.1297
   22757       1.0968
   22758       1.0655
   22759       1.0986
   22760       1.0775
   22761       1.1460
   22762       1.0534
   22763       1.1170
   22764       1.1103
   22765       1.0879
   22766       1.1473
   22767       1.1220
   22768       1.0108
   22769       1.0796
   22770       1.1274
   22771       1.1656
   22772       1.2050
   22773       1.1720
   22774       1.1171
   22775       1.1481
   22776       1.2650
   22777       1.1710
   22778       1.2216
   22779       1.2609
   22780       1.1713
   22781       1.1745
   22782       1.1677
   22783       1.1515
   22784       1.1293
   22785       1.1854
   22786       1.1627
   22787       1.2319
   22788       1.2002
   22789       1.1682
   22790       1.1140
   22791       1.0527
   22792       1.1157
   22793       1.1975
   22794       1.1388
   22795       1.1725
   22796       1.1589
   22797       1.1032
   22798       1.0751
   22799       1.1460
   22800       1.0438
   22801       1.1821
   22802       1.0964
   22803       1.1906
   22804       1.2085
   22805       1.1449
   22806       1.1434
   22807       1.1490
   22808       1.1810
   22809       1.1308
   22810       1.1247
   22811       1.0231
   22812       1.2238
   22813       1.1445
   22814       1.1117
   22815       1.1104
   22816       1.0762
   22817       1.1167
   22818       1.1582
   22819       1.0916
   22820       1.0987
   22821       1.1552
   22822       1.1224
   22823       1.1147
   22824       1.1160
   22825       1.1096
   22826       1.1853
   22827       1.1797
   22828       1.1572
   22829       1.1054
   22830       1.0438
   22831       1.1477
   22832       1.0537
   22833       1.1052
   22834       1.0809
   22835       1.1363
   22836       1.1351
   22837       1.0869
   22838       1.1292
   22839       1.2530
   22840       1.1336
   22841       1.1715
   22842       1.1325
   22843       1.1302
   22844       1.1164
   22845       1.1667
   22846       1.1648
   22847       1.0203
   22848       1.0930
   22849       1.0830
   22850       1.1457
   22851       1.1467
   22852       1.1233
   22853       1.1732
   22854       1.1778
   22855       1.1590
   22856       1.2032
   22857       1.1373
   22858       1.0633
   22859       1.1833
   22860       1.2142
   22861       1.1433
   22862       1.1829
   22863       1.0948
   22864       1.1704
   22865       1.1231
   22866       1.2008
   22867       1.1615
   22868       1.1436
   22869       1.1233
   22870       1.0872
   22871       1.1150
   22872       1.1840
   22873       1.1757
   22874       1.1593
   22875       1.1609
   22876       1.1180
   22877       1.1653
   22878       1.1215
   22879       1.2028
   22880       1.1540
   22881       1.1752
   22882       1.2092
   22883       1.2083
   22884       1.1598
   22885       1.2557
   22886       1.2049
   22887       1.2440
   22888       1.2199
   22889       1.2051
   22890       1.1253
   22891       1.1489
   22892       1.1542
   22893       1.1996
   22894       1.1114
   22895       1.1560
   22896       1.1522
   22897       1.1783
   22898       1.2225
   22899       1.1542
   22900       1.1977
   22901       1.1948
   22902       1.1508
   22903       1.1750
   22904       1.1374
   22905       1.1469
   22906       1.1340
   22907       1.1107
   22908       1.1033
   22909       1.1742
   22910       1.1448
   22911       1.1966
   22912       1.1361
   22913       1.1503
   22914       1.1358
   22915       1.1552
   22916       1.1110
   22917       1.1057
   22918       1.1139
   22919       1.1516
   22920       1.1548
   22921       1.1429
   22922       1.0793
   22923       1.1687
   22924       1.0897
   22925       1.1207
   22926       1.1532
   22927       1.1959
   22928       1.1818
   22929       1.2492
   22930       1.1642
   22931       1.1637
   22932       1.1581
   22933       1.1808
   22934       1.1774
   22935       1.1796
   22936       1.1363
   22937       1.1152
   22938       1.1148
   22939       1.1602
   22940       1.0535
   22941       1.1030
   22942       1.1523
   22943       1.1634
   22944       1.0841
   22945       1.1867
   22946       1.1707
   22947       1.2312
   22948       1.1734
   22949       1.1821
   22950       1.1928
   22951       1.1972
   22952       1.1529
   22953       1.2737
   22954       1.2804
   22955       1.2297
   22956       1.2151
   22957       1.2316
   22958       1.1810
   22959       1.2718
   22960       1.2564
   22961       1.2816
   22962       1.2021
   22963       1.2079
   22964       1.2907
   22965       1.2142
   22966       1.2145
   22967       1.2822
   22968       1.2752
   22969       1.2121
   22970       1.2180
   22971       1.2064
   22972       1.2071
   22973       1.1902
   22974       1.2552
   22975       1.2477
   22976       1.2900
   22977       1.2457
   22978       1.2754
   22979       1.3057
   22980       1.2414
   22981       1.3642
   22982       1.2855
   22983       1.2897
   22984       1.2444
   22985       1.3587
   22986       1.3385
   22987       1.3508
   22988       1.2303
   22989       1.2847
   22990       1.3212
   22991       1.2389
   22992       1.3052
   22993       1.2254
   22994       1.2999
   22995       1.2914
   22996       1.2191
   22997       1.2690
   22998       1.3431
   22999       1.2941
   23000       1.2291
   23001       1.3026
   23002       1.2218
   23003       1.2739
   23004       1.2388
   23005       1.2363
   23006       1.1858
   23007       1.2281
   23008       1.2957
   23009       1.2077
   23010       1.2256
   23011       1.3187
   23012       1.2550
   23013       1.2065
   23014       1.1963
   23015       1.1889
   23016       1.3024
   23017       1.2517
   23018       1.2050
   23019       1.2416
   23020       1.2228
   23021       1.3100
   23022       1.2312
   23023       1.2334
   23024       1.2402
   23025       1.1948
   23026       1.2217
   23027       1.2325
   23028       1.2236
   23029       1.3543
   23030       1.1645
   23031       1.2070
   23032       1.3082
   23033       1.3017
   23034       1.1988
   23035       1.2338
   23036       1.2611
   23037       1.2357
   23038       1.1766
   23039       1.1264
   23040       1.1236
   23041       1.1398
   23042       1.2106
   23043       1.1722
   23044       1.1581
   23045       1.1153
   23046       1.1352
   23047       1.1887
   23048       1.2296
   23049       1.2070
   23050       1.2288
   23051       1.2478
   23052       1.2185
   23053       1.2015
   23054       1.1757
   23055       1.1813
   23056       1.1478
   23057       1.1378
   23058       1.1378
   23059       1.1167
   23060       1.1623
   23061       1.1099
   23062       1.0828
   23063       1.2137
   23064       1.2235
   23065       1.1523
   23066       1.1814
   23067       1.1236
   23068       1.1322
   23069       1.2215
   23070       1.2475
   23071       1.3042
   23072       1.2309
   23073       1.2817
   23074       1.3774
   23075       1.2918
   23076       1.2117
   23077       1.2661
   23078       1.2938
   23079       1.3252
   23080       1.2471
   23081       1.2411
   23082       1.3327
   23083       1.2801
   23084       1.2775
   23085       1.2779
   23086       1.2757
   23087       1.2434
   23088       1.2477
   23089       1.1614
   23090       1.2030
   23091       1.2246
   23092       1.2396
   23093       1.1886
   23094       1.2472
   23095       1.2856
   23096       1.2780
   23097       1.1480
   23098       1.2666
   23099       1.1349
   23100       1.1800
   23101       1.2697
   23102       1.1941
   23103       1.2638
   23104       1.1744
   23105       1.1644
   23106       1.2452
   23107       1.2138
   23108       1.1650
   23109       1.2010
   23110       1.2395
   23111       1.2807
   23112       1.2256
   23113       1.2533
   23114       1.2954
   23115       1.2235
   23116       1.1757
   23117       1.1670
   23118       1.1647
   23119       1.2348
   23120       1.2137
   23121       1.2548
   23122       1.2481
   23123       1.2183
   23124       1.1940
   23125       1.2373
   23126       1.2226
   23127       1.2651
   23128       1.2317
   23129       1.2406
   23130       1.2601
   23131       1.2644
   23132       1.2075
   23133       1.1986
   23134       1.2591
   23135       1.1675
   23136       1.1647
   23137       1.1732
   23138       1.1111
   23139       1.2054
   23140       1.2338
   23141       1.1616
   23142       1.1480
   23143       1.1721
   23144       1.2230
   23145       1.1096
   23146       1.2293
   23147       1.1972
   23148       1.2782
   23149       1.2845
   23150       1.2465
   23151       1.2268
   23152       1.1989
   23153       1.2012
   23154       1.1845
   23155       1.1774
   23156       1.1806
   23157       1.2157
   23158       1.2100
   23159       1.1671
   23160       1.2814
   23161       1.2574
   23162       1.2668
   23163       1.2127
   23164       1.1903
   23165       1.1734
   23166       1.2169
   23167       1.3268
   23168       1.2755
   23169       1.2596
   23170       1.2556
   23171       1.2461
   23172       1.3081
   23173       1.2574
   23174       1.2246
   23175       1.2297
   23176       1.1140
   23177       1.2135
   23178       1.1743
   23179       1.1286
   23180       1.1596
   23181       1.1670
   23182       1.1702
   23183       1.1952
   23184       1.2099
   23185       1.2845
   23186       1.2184
   23187       1.2498
   23188       1.1880
   23189       1.2523
   23190       1.2773
   23191       1.2679
   23192       1.1939
   23193       1.2442
   23194       1.1544
   23195       1.2227
   23196       1.2553
   23197       1.2166
   23198       1.1641
   23199       1.1499
   23200       1.2129
   23201       1.1941
   23202       1.2556
   23203       1.2090
   23204       1.1633
   23205       1.1593
   23206       1.2041
   23207       1.2779
   23208       1.2652
   23209       1.2552
   23210       1.3326
   23211       1.2394
   23212       1.3160
   23213       1.2765
   23214       1.2208
   23215       1.2139
   23216       1.2189
   23217       1.2740
   23218       1.2455
   23219       1.1818
   23220       1.2686
   23221       1.2718
   23222       1.2688
   23223       1.2375
   23224       1.3178
   23225       1.2763
   23226       1.2344
   23227       1.2655
   23228       1.3124
   23229       1.3245
   23230       1.2918
   23231       1.2005
   23232       1.3170
   23233       1.3197
   23234       1.3511
   23235       1.3638
   23236       1.4340
   23237       1.3314
   23238       1.3423
   23239       1.3288
   23240       1.3064
   23241       1.3261
   23242       1.3535
   23243       1.2811
   23244       1.3553
   23245       1.3406
   23246       1.4136
   23247       1.2895
   23248       1.2570
   23249       1.2863
   23250       1.2530
   23251       1.2725
   23252       1.2609
   23253       1.2961
   23254       1.2530
   23255       1.4154
   23256       1.3522
   23257       1.3813
   23258       1.2777
   23259       1.2847
   23260       1.2907
   23261       1.3822
   23262       1.2852
   23263       1.2492
   23264       1.2692
   23265       1.2444
   23266       1.2311
   23267       1.1874
   23268       1.2269
   23269       1.2302
   23270       1.2437
   23271       1.2484
   23272       1.2112
   23273       1.1798
   23274       1.2614
   23275       1.2862
   23276       1.2766
   23277       1.2603
   23278       1.2827
   23279       1.2596
   23280       1.2292
   23281       1.2509
   23282       1.2160
   23283       1.2097
   23284       1.2067
   23285       1.2473
   23286       1.2482
   23287       1.2913
   23288       1.2739
   23289       1.2517
   23290       1.2382
   23291       1.2846
   23292       1.2944
   23293       1.2363
   23294       1.3511
   23295       1.3212
   23296       1.3760
   23297       1.2975
   23298       1.2691
   23299       1.3501
   23300       1.2734
   23301       1.2561
   23302       1.2632
   23303       1.2666
   23304       1.3022
   23305       1.3463
   23306       1.3812
   23307       1.3234
   23308       1.3318
   23309       1.2759
   23310       1.4293
   23311       1.2911
   23312       1.2766
   23313       1.2596
   23314       1.3908
   23315       1.3065
   23316       1.4031
   23317       1.3136
   23318       1.3735
   23319       1.2759
   23320       1.1866
   23321       1.3116
   23322       1.3141
   23323       1.2589
   23324       1.2754
   23325       1.3051
   23326       1.3457
   23327       1.3030
   23328       1.3306
   23329       1.3010
   23330       1.3568
   23331       1.3280
   23332       1.3763
   23333       1.2489
   23334       1.3425
   23335       1.2981
   23336       1.3337
   23337       1.2916
   23338       1.2956
   23339       1.2521
   23340       1.3002
   23341       1.2531
   23342       1.3063
   23343       1.3143
   23344       1.2553
   23345       1.2499
   23346       1.2359
   23347       1.2386
   23348       1.2094
   23349       1.3327
   23350       1.1693
   23351       1.2563
   23352       1.2363
   23353       1.2392
   23354       1.2477
   23355       1.2015
   23356       1.2072
   23357       1.2467
   23358       1.2347
   23359       1.2454
   23360       1.2272
   23361       1.2193
   23362       1.2634
   23363       1.2474
   23364       1.2715
   23365       1.2014
   23366       1.1338
   23367       1.1607
   23368       1.2299
   23369       1.2135
   23370       1.1732
   23371       1.1643
   23372       1.1819
   23373       1.2871
   23374       1.2114
   23375       1.2074
   23376       1.1965
   23377       1.2745
   23378       1.2459
   23379       1.2672
   23380       1.2511
   23381       1.2700
   23382       1.3138
   23383       1.3341
   23384       1.3593
   23385       1.3054
   23386       1.3210
   23387       1.2399
   23388       1.1908
   23389       1.2636
   23390       1.2881
   23391       1.2914
   23392       1.2800
   23393       1.3113
   23394       1.3408
   23395       1.2816
   23396       1.2635
   23397       1.3158
   23398       1.2811
   23399       1.2721
   23400       1.3149
   23401       1.2870
   23402       1.1854
   23403       1.2106
   23404       1.1613
   23405       1.1896
   23406       1.1404
   23407       1.2053
   23408       1.2641
   23409       1.1695
   23410       1.2078
   23411       1.2454
   23412       1.1971
   23413       1.1747
   23414       1.2082
   23415       1.1682
   23416       1.2724
   23417       1.2406
   23418       1.2862
   23419       1.2176
   23420       1.2370
   23421       1.2827
   23422       1.1842
   23423       1.2145
   23424       1.1973
   23425       1.2514
   23426       1.2582
   23427       1.3116
   23428       1.2950
   23429       1.2453
   23430       1.1972
   23431       1.2417
   23432       1.2249
   23433       1.2891
   23434       1.1903
   23435       1.1463
   23436       1.2225
   23437       1.2368
   23438       1.1954
   23439       1.1539
   23440       1.2514
   23441       1.2222
   23442       1.2592
   23443       1.1940
   23444       1.2092
   23445       1.1771
   23446       1.2023
   23447       1.1708
   23448       1.1963
   23449       1.1053
   23450       1.1980
   23451       1.1747
   23452       1.1812
   23453       1.1660
   23454       1.1491
   23455       1.1806
   23456       1.1605
   23457       1.1592
   23458       1.1746
   23459       1.2543
   23460       1.1320
   23461       1.1635
   23462       1.1867
   23463       1.2153
   23464       1.2417
   23465       1.2052
   23466       1.1639
   23467       1.2151
   23468       1.2062
   23469       1.1846
   23470       1.1829
   23471       1.2589
   23472       1.3112
   23473       1.2254
   23474       1.2519
   23475       1.2651
   23476       1.2007
   23477       1.2024
   23478       1.2922
   23479       1.2363
   23480       1.2591
   23481       1.2846
   23482       1.2335
   23483       1.2109
   23484       1.2251
   23485       1.2837
   23486       1.2979
   23487       1.2026
   23488       1.3136
   23489       1.2204
   23490       1.2613
   23491       1.2261
   23492       1.2296
   23493       1.2223
   23494       1.2483
   23495       1.2881
   23496       1.2670
   23497       1.2043
   23498       1.2304
   23499       1.2472
   23500       1.2854
   23501       1.2477
   23502       1.1712
   23503       1.1783
   23504       1.1267
   23505       1.1830
   23506       1.1903
   23507       1.2049
   23508       1.2157
   23509       1.2671
   23510       1.2275
   23511       1.2398
   23512       1.2671
   23513       1.2162
   23514       1.2256
   23515       1.2445
   23516       1.1691
   23517       1.1751
   23518       1.1780
   23519       1.1801
   23520       1.1754
   23521       1.2009
   23522       1.2569
   23523       1.2247
   23524       1.2236
   23525       1.2814
   23526       1.2525
   23527       1.2071
   23528       1.2051
   23529       1.2651
   23530       1.2467
   23531       1.2051
   23532       1.2483
   23533       1.2183
   23534       1.2538
   23535       1.2352
   23536       1.2619
   23537       1.2550
   23538       1.2230
   23539       1.2374
   23540       1.2584
   23541       1.2216
   23542       1.1640
   23543       1.2436
   23544       1.2007
   23545       1.1977
   23546       1.2235
   23547       1.2429
   23548       1.2171
   23549       1.2373
   23550       1.2099
   23551       1.1981
   23552       1.2055
   23553       1.3136
   23554       1.2714
   23555       1.1559
   23556       1.1883
   23557       1.2681
   23558       1.2025
   23559       1.1707
   23560       1.2174
   23561       1.3065
   23562       1.2782
   23563       1.2468
   23564       1.3179
   23565       1.2442
   23566       1.3300
   23567       1.2497
   23568       1.2450
   23569       1.2673
   23570       1.2493
   23571       1.2459
   23572       1.2486
   23573       1.1787
   23574       1.2120
   23575       1.2387
   23576       1.2164
   23577       1.2093
   23578       1.2207
   23579       1.2566
   23580       1.2143
   23581       1.2176
   23582       1.1939
   23583       1.2309
   23584       1.1897
   23585       1.1816
   23586       1.2306
   23587       1.1582
   23588       1.1715
   23589       1.1534
   23590       1.2403
   23591       1.1682
   23592       1.1437
   23593       1.1399
   23594       1.1682
   23595       1.2238
   23596       1.2503
   23597       1.2865
   23598       1.1961
   23599       1.2331
   23600       1.1418
   23601       1.2236
   23602       1.1980
   23603       1.3049
   23604       1.2789
   23605       1.2742
   23606       1.2872
   23607       1.2564
   23608       1.2183
   23609       1.2672
   23610       1.2499
   23611       1.2810
   23612       1.3492
   23613       1.2655
   23614       1.2500
   23615       1.2087
   23616       1.2487
   23617       1.3045
   23618       1.2204
   23619       1.2269
   23620       1.1899
   23621       1.1847
   23622       1.1558
   23623       1.2877
   23624       1.1733
   23625       1.1366
   23626       1.2333
   23627       1.2947
   23628       1.2945
   23629       1.2202
   23630       1.1983
   23631       1.2613
   23632       1.2941
   23633       1.2120
   23634       1.2582
   23635       1.2460
   23636       1.2138
   23637       1.2376
   23638       1.2190
   23639       1.2099
   23640       1.1754
   23641       1.1882
   23642       1.2126
   23643       1.2134
   23644       1.2579
   23645       1.1905
   23646       1.2134
   23647       1.2205
   23648       1.3316
   23649       1.2103
   23650       1.2132
   23651       1.2907
   23652       1.3411
   23653       1.2559
   23654       1.2659
   23655       1.3614
   23656       1.2463
   23657       1.2712
   23658       1.1934
   23659       1.2583
   23660       1.1385
   23661       1.1464
   23662       1.1635
   23663       1.1644
   23664       1.2188
   23665       1.1602
   23666       1.1650
   23667       1.1695
   23668       1.1699
   23669       1.1484
   23670       1.1224
   23671       1.1793
   23672       1.2004
   23673       1.2217
   23674       1.1148
   23675       1.1093
   23676       1.0645
   23677       1.1273
   23678       1.1493
   23679       1.1542
   23680       1.1284
   23681       1.0999
   23682       1.0629
   23683       1.0940
   23684       1.0472
   23685       1.0699
   23686       1.0503
   23687       1.0486
   23688       1.0398
   23689       1.0848
   23690       1.0344
   23691       1.0143
   23692       1.0989
   23693       1.0241
   23694       1.0325
   23695       1.0392
   23696       1.1169
   23697       1.0664
   23698       1.1673
   23699       1.2073
   23700       1.1940
   23701       1.1780
   23702       1.0595
   23703       1.1647
   23704       1.0804
   23705       1.1264
   23706       1.1515
   23707       1.1331
   23708       1.1395
   23709       1.0925
   23710       1.0683
   23711       1.1078
   23712       1.1469
   23713       1.1429
   23714       1.0593
   23715       1.1427
   23716       1.1869
   23717       1.1308
   23718       1.1864
   23719       1.1698
   23720       1.1531
   23721       1.2645
   23722       1.1756
   23723       1.1053
   23724       1.1121
   23725       1.2164
   23726       1.2742
   23727       1.1370
   23728       1.1765
   23729       1.1800
   23730       1.1565
   23731       1.0995
   23732       1.2262
   23733       1.1429
   23734       1.1460
   23735       1.1089
   23736       1.1690
   23737       1.1688
   23738       1.1732
   23739       1.1826
   23740       1.1525
   23741       1.1973
   23742       1.1451
   23743       1.1727
   23744       1.1742
   23745       1.2507
   23746       1.2445
   23747       1.1348
   23748       1.1683
   23749       1.2362
   23750       1.2023
   23751       1.1925
   23752       1.1652
   23753       1.0912
   23754       1.0944
   23755       1.1076
   23756       1.0955
   23757       1.0585
   23758       1.0327
   23759       1.0623
   23760       1.1003
   23761       1.1232
   23762       1.1546
   23763       1.1485
   23764       1.1562
   23765       1.2413
   23766       1.2228
   23767       1.2181
   23768       1.2605
   23769       1.2052
   23770       1.2219
   23771       1.2071
   23772       1.2419
   23773       1.2640
   23774       1.2834
   23775       1.2456
   23776       1.2022
   23777       1.2327
   23778       1.1578
   23779       1.2072
   23780       1.2190
   23781       1.2095
   23782       1.1870
   23783       1.1937
   23784       1.1977
   23785       1.3220
   23786       1.2966
   23787       1.2793
   23788       1.2662
   23789       1.2160
   23790       1.2521
   23791       1.2641
   23792       1.2188
   23793       1.2142
   23794       1.2387
   23795       1.2396
   23796       1.1543
   23797       1.2359
   23798       1.2946
   23799       1.2443
   23800       1.2494
   23801       1.2958
   23802       1.2129
   23803       1.2869
   23804       1.3156
   23805       1.2940
   23806       1.2634
   23807       1.3087
   23808       1.3143
   23809       1.2588
   23810       1.3225
   23811       1.3114
   23812       1.2310
   23813       1.2276
   23814       1.1757
   23815       1.2353
   23816       1.1815
   23817       1.2934
   23818       1.2773
   23819       1.1559
   23820       1.2554
   23821       1.1832
   23822       1.2687
   23823       1.2801
   23824       1.2003
   23825       1.2565
   23826       1.2768
   23827       1.2446
   23828       1.2507
   23829       1.2798
   23830       1.2213
   23831       1.2752
   23832       1.2537
   23833       1.2270
   23834       1.2274
   23835       1.2304
   23836       1.1380
   23837       1.1132
   23838       1.1988
   23839       1.2199
   23840       1.2532
   23841       1.2003
   23842       1.1654
   23843       1.1842
   23844       1.2842
   23845       1.2772
   23846       1.2663
   23847       1.1856
   23848       1.2580
   23849       1.1127
   23850       1.2019
   23851       1.0943
   23852       1.1290
   23853       1.1427
   23854       1.1038
   23855       1.1504
   23856       1.1861
   23857       1.1867
   23858       1.2184
   23859       1.2560
   23860       1.2269
   23861       1.2298
   23862       1.2461
   23863       1.1968
   23864       1.2422
   23865       1.2541
   23866       1.1821
   23867       1.1810
   23868       1.2063
   23869       1.1729
   23870       1.1670
   23871       1.2377
   23872       1.1920
   23873       1.2007
   23874       1.2370
   23875       1.2496
   23876       1.2909
   23877       1.3291
   23878       1.2735
   23879       1.2635
   23880       1.2767
   23881       1.2725
   23882       1.3316
   23883       1.2596
   23884       1.3414
   23885       1.2965
   23886       1.2698
   23887       1.2922
   23888       1.3609
   23889       1.3250
   23890       1.2859
   23891       1.2916
   23892       1.3266
   23893       1.3089
   23894       1.3204
   23895       1.2296
   23896       1.2385
   23897       1.3379
   23898       1.2355
   23899       1.2763
   23900       1.2602
   23901       1.2158
   23902       1.2298
   23903       1.2858
   23904       1.2940
   23905       1.2119
   23906       1.2455
   23907       1.2610
   23908       1.3068
   23909       1.2630
   23910       1.3064
   23911       1.2805
   23912       1.2245
   23913       1.2263
   23914       1.2303
   23915       1.2998
   23916       1.3463
   23917       1.3488
   23918       1.3618
   23919       1.3483
   23920       1.3745
   23921       1.2718
   23922       1.2809
   23923       1.3655
   23924       1.2984
   23925       1.3187
   23926       1.3176
   23927       1.3363
   23928       1.3685
   23929       1.3313
   23930       1.3223
   23931       1.2640
   23932       1.3092
   23933       1.3262
   23934       1.2839
   23935       1.3786
   23936       1.3567
   23937       1.3274
   23938       1.2708
   23939       1.2772
   23940       1.2545
   23941       1.2001
   23942       1.2242
   23943       1.1850
   23944       1.2508
   23945       1.2539
   23946       1.1555
   23947       1.2084
   23948       1.2457
   23949       1.2158
   23950       1.3011
   23951       1.2942
   23952       1.2603
   23953       1.2468
   23954       1.2688
   23955       1.2877
   23956       1.2997
   23957       1.2007
   23958       1.2769
   23959       1.3562
   23960       1.2567
   23961       1.3183
   23962       1.3246
   23963       1.2638
   23964       1.2606
   23965       1.2284
   23966       1.2474
   23967       1.1922
   23968       1.1580
   23969       1.2290
   23970       1.2582
   23971       1.2926
   23972       1.2538
   23973       1.2537
   23974       1.2249
   23975       1.3401
   23976       1.3578
   23977       1.4070
   23978       1.3715
   23979       1.3695
   23980       1.3795
   23981       1.3284
   23982       1.4143
   23983       1.3678
   23984       1.2879
   23985       1.2970
   23986       1.2794
   23987       1.2527
   23988       1.3114
   23989       1.2171
   23990       1.2434
   23991       1.2426
   23992       1.2391
   23993       1.2227
   23994       1.2321
   23995       1.2145
   23996       1.2512
   23997       1.2254
   23998       1.2157
   23999       1.1875
   24000       1.1963
   24001       1.2104
   24002       1.2106
   24003       1.3556
   24004       1.2640
   24005       1.3064
   24006       1.2047
   24007       1.2529
   24008       1.2327
   24009       1.1878
   24010       1.2381
   24011       1.2430
   24012       1.3414
   24013       1.2549
   24014       1.1945
   24015       1.2465
   24016       1.2782
   24017       1.2273
   24018       1.2264
   24019       1.2715
   24020       1.1957
   24021       1.2181
   24022       1.2609
   24023       1.2903
   24024       1.3219
   24025       1.2889
   24026       1.3539
   24027       1.3454
   24028       1.2787
   24029       1.3514
   24030       1.2439
   24031       1.1799
   24032       1.2692
   24033       1.1748
   24034       1.3271
   24035       1.2362
   24036       1.2748
   24037       1.1991
   24038       1.2736
   24039       1.2728
   24040       1.2366
   24041       1.2449
   24042       1.3723
   24043       1.2513
   24044       1.2050
   24045       1.2973
   24046       1.3242
   24047       1.2321
   24048       1.1886
   24049       1.2180
   24050       1.3264
   24051       1.3038
   24052       1.2632
   24053       1.2600
   24054       1.2398
   24055       1.2267
   24056       1.2115
   24057       1.2214
   24058       1.2169
   24059       1.2425
   24060       1.2623
   24061       1.2227
   24062       1.2332
   24063       1.2939
   24064       1.3452
   24065       1.2971
   24066       1.2475
   24067       1.2526
   24068       1.2426
   24069       1.2430
   24070       1.2590
   24071       1.1563
   24072       1.2294
   24073       1.3245
   24074       1.2796
   24075       1.2167
   24076       1.2952
   24077       1.3623
   24078       1.2779
   24079       1.3131
   24080       1.2119
   24081       1.2215
   24082       1.3309
   24083       1.2325
   24084       1.2218
   24085       1.2576
   24086       1.2713
   24087       1.2532
   24088       1.3299
   24089       1.3144
   24090       1.3187
   24091       1.2469
   24092       1.2689
   24093       1.1539
   24094       1.2251
   24095       1.2021
   24096       1.1878
   24097       1.2557
   24098       1.1847
   24099       1.1719
   24100       1.1140
   24101       1.1432
   24102       1.0940
   24103       1.1751
   24104       1.1645
   24105       1.1471
   24106       1.0971
   24107       1.1580
   24108       1.1429
   24109       1.1326
   24110       1.0954
   24111       1.1463
   24112       1.1050
   24113       1.1574
   24114       1.1653
   24115       1.2178
   24116       1.1299
   24117       1.1684
   24118       1.1594
   24119       1.1595
   24120       1.1460
   24121       1.1157
   24122       1.2338
   24123       1.1653
   24124       1.1176
   24125       1.1888
   24126       1.0603
   24127       1.0387
   24128       1.1158
   24129       1.1441
   24130       1.0975
   24131       1.1182
   24132       1.1304
   24133       1.0863
   24134       1.1030
   24135       1.0742
   24136       1.1366
   24137       1.1768
   24138       1.0919
   24139       1.0755
   24140       1.0868
   24141       1.1138
   24142       1.0971
   24143       1.0520
   24144       1.1175
   24145       1.1736
   24146       1.1585
   24147       1.1492
   24148       1.1586
   24149       1.2337
   24150       1.1672
   24151       1.1947
   24152       1.2326
   24153       1.2128
   24154       1.2864
   24155       1.1712
   24156       1.2170
   24157       1.0974
   24158       1.1176
   24159       1.1468
   24160       1.2257
   24161       1.1894
   24162       1.2239
   24163       1.1943
   24164       1.2296
   24165       1.2361
   24166       1.2522
   24167       1.2327
   24168       1.2488
   24169       1.2563
   24170       1.2305
   24171       1.3027
   24172       1.2047
   24173       1.2468
   24174       1.2558
   24175       1.2154
   24176       1.2356
   24177       1.2198
   24178       1.3014
   24179       1.2726
   24180       1.2695
   24181       1.3323
   24182       1.2620
   24183       1.1915
   24184       1.2012
   24185       1.1679
   24186       1.2400
   24187       1.1880
   24188       1.1890
   24189       1.2242
   24190       1.0759
   24191       1.1993
   24192       1.2204
   24193       1.2533
   24194       1.2513
   24195       1.2407
   24196       1.1747
   24197       1.2422
   24198       1.2020
   24199       1.2075
   24200       1.2179
   24201       1.2445
   24202       1.1677
   24203       1.1806
   24204       1.2217
   24205       1.2546
   24206       1.2907
   24207       1.2463
   24208       1.2331
   24209       1.2709
   24210       1.2891
   24211       1.2831
   24212       1.2675
   24213       1.2641
   24214       1.2127
   24215       1.2408
   24216       1.3037
   24217       1.2536
   24218       1.1970
   24219       1.1780
   24220       1.2627
   24221       1.1985
   24222       1.2089
   24223       1.2426
   24224       1.1655
   24225       1.2035
   24226       1.1984
   24227       1.2423
   24228       1.1877
   24229       1.1744
   24230       1.1383
   24231       1.1706
   24232       1.0857
   24233       1.1171
   24234       1.1399
   24235       1.0838
   24236       1.1614
   24237       1.1360
   24238       1.2363
   24239       1.1984
   24240       1.1935
   24241       1.0973
   24242       1.1659
   24243       1.1939
   24244       1.2464
   24245       1.2024
   24246       1.1414
   24247       1.1967
   24248       1.1996
   24249       1.1857
   24250       1.1451
   24251       1.1529
   24252       1.1148
   24253       1.1544
   24254       1.1263
   24255       1.2567
   24256       1.1593
   24257       1.1227
   24258       1.1986
   24259       1.2042
   24260       1.2338
   24261       1.2079
   24262       1.1961
   24263       1.2044
   24264       1.1624
   24265       1.1205
   24266       1.1555
   24267       1.1588
   24268       1.1287
   24269       1.1055
   24270       1.1640
   24271       1.2023
   24272       1.1799
   24273       1.1170
   24274       1.1722
   24275       1.1790
   24276       1.2208
   24277       1.1722
   24278       1.2054
   24279       1.2294
   24280       1.2259
   24281       1.2030
   24282       1.1749
   24283       1.1853
   24284       1.2214
   24285       1.1771
   24286       1.3130
   24287       1.2569
   24288       1.1789
   24289       1.2265
   24290       1.3119
   24291       1.1918
   24292       1.2971
   24293       1.3781
   24294       1.2781
   24295       1.2764
   24296       1.2608
   24297       1.3066
   24298       1.2493
   24299       1.2157
   24300       1.2595
   24301       1.1829
   24302       1.2075
   24303       1.1255
   24304       1.1896
   24305       1.1629
   24306       1.1885
   24307       1.1455
   24308       1.1420
   24309       1.1524
   24310       1.1775
   24311       1.2210
   24312       1.1739
   24313       1.2834
   24314       1.2513
   24315       1.2213
   24316       1.2508
   24317       1.1667
   24318       1.2308
   24319       1.1948
   24320       1.1404
   24321       1.1801
   24322       1.2152
   24323       1.1173
   24324       1.1487
   24325       1.1655
   24326       1.1851
   24327       1.1932
   24328       1.2101
   24329       1.1108
   24330       1.1908
   24331       1.1500
   24332       1.2019
   24333       1.1587
   24334       1.1747
   24335       1.2206
   24336       1.2121
   24337       1.2078
   24338       1.2413
   24339       1.1710
   24340       1.2347
   24341       1.2699
   24342       1.1804
   24343       1.1526
   24344       1.2165
   24345       1.1643
   24346       1.1621
   24347       1.2255
   24348       1.2053
   24349       1.2605
   24350       1.2015
   24351       1.1004
   24352       1.0777
   24353       1.1272
   24354       1.0975
   24355       1.1005
   24356       1.1515
   24357       1.1357
   24358       1.0783
   24359       1.1024
   24360       1.0872
   24361       1.1554
   24362       1.1493
   24363       1.0242
   24364       1.1367
   24365       1.0724
   24366       1.1526
   24367       1.0179
   24368       1.1527
   24369       1.1343
   24370       1.2314
   24371       1.1188
   24372       1.0955
   24373       1.1033
   24374       1.1213
   24375       1.1528
   24376       1.1075
   24377       1.1905
   24378       1.2526
   24379       1.1458
   24380       1.1884
   24381       1.1124
   24382       1.0512
   24383       1.2194
   24384       1.1884
   24385       1.0939
   24386       1.1009
   24387       1.2523
   24388       1.1650
   24389       1.2042
   24390       1.1696
   24391       1.1890
   24392       1.2866
   24393       1.2547
   24394       1.2256
   24395       1.1800
   24396       1.1804
   24397       1.1204
   24398       1.1587
   24399       1.1758
   24400       1.1921
   24401       1.1249
   24402       1.1852
   24403       1.2059
   24404       1.1847
   24405       1.2138
   24406       1.2082
   24407       1.2668
   24408       1.3006
   24409       1.2397
   24410       1.2125
   24411       1.2211
   24412       1.1707
   24413       1.2646
   24414       1.2286
   24415       1.2339
   24416       1.1825
   24417       1.2507
   24418       1.2448
   24419       1.2354
   24420       1.2208
   24421       1.2218
   24422       1.1670
   24423       1.2464
   24424       1.2144
   24425       1.2802
   24426       1.2280
   24427       1.1954
   24428       1.1476
   24429       1.1538
   24430       1.2659
   24431       1.2449
   24432       1.1851
   24433       1.2983
   24434       1.1870
   24435       1.2805
   24436       1.1802
   24437       1.3084
   24438       1.2825
   24439       1.2649
   24440       1.2536
   24441       1.2396
   24442       1.2364
   24443       1.3122
   24444       1.2200
   24445       1.1590
   24446       1.1854
   24447       1.2884
   24448       1.2687
   24449       1.3522
   24450       1.2137
   24451       1.2580
   24452       1.3502
   24453       1.2632
   24454       1.2536
   24455       1.2902
   24456       1.2202
   24457       1.3405
   24458       1.3485
   24459       1.3510
   24460       1.3581
   24461       1.2643
   24462       1.2351
   24463       1.2810
   24464       1.2908
   24465       1.2900
   24466       1.2860
   24467       1.3425
   24468       1.2618
   24469       1.2158
   24470       1.3136
   24471       1.3043
   24472       1.3919
   24473       1.3199
   24474       1.2666
   24475       1.2601
   24476       1.3293
   24477       1.4774
   24478       1.3471
   24479       1.3271
   24480       1.3309
   24481       1.3219
   24482       1.3102
   24483       1.3215
   24484       1.2786
   24485       1.2618
   24486       1.2786
   24487       1.2095
   24488       1.2404
   24489       1.2148
   24490       1.2045
   24491       1.2626
   24492       1.2224
   24493       1.1999
   24494       1.2311
   24495       1.2778
   24496       1.1751
   24497       1.2690
   24498       1.2433
   24499       1.1784
   24500       1.2146
   24501       1.2617
   24502       1.2377
   24503       1.2225
   24504       1.2737
   24505       1.2098
   24506       1.2393
   24507       1.1588
   24508       1.1907
   24509       1.2090
   24510       1.2661
   24511       1.2413
   24512       1.2222
   24513       1.3201
   24514       1.3151
   24515       1.2541
   24516       1.1641
   24517       1.1815
   24518       1.1688
   24519       1.1820
   24520       1.2060
   24521       1.2601
   24522       1.1594
   24523       1.1963
   24524       1.1726
   24525       1.2307
   24526       1.1960
   24527       1.1774
   24528       1.1458
   24529       1.1667
   24530       1.1712
   24531       1.1765
   24532       1.1749
   24533       1.1898
   24534       1.2681
   24535       1.1316
   24536       1.2782
   24537       1.2702
   24538       1.1904
   24539       1.3118
   24540       1.1866
   24541       1.1720
   24542       1.2419
   24543       1.1862
   24544       1.1670
   24545       1.1751
   24546       1.1799
   24547       1.1889
   24548       1.1140
   24549       1.1419
   24550       1.1115
   24551       1.1343
   24552       1.1469
   24553       1.1188
   24554       1.1600
   24555       1.0497
   24556       1.0764
   24557       1.1676
   24558       1.2940
   24559       1.2698
   24560       1.2241
   24561       1.2313
   24562       1.2549
   24563       1.1871
   24564       1.1724
   24565       1.2280
   24566       1.0738
   24567       1.2160
   24568       1.1855
   24569       1.1798
   24570       1.2183
   24571       1.1693
   24572       1.2192
   24573       1.1703
   24574       1.1874
   24575       1.2055
   24576       1.1526
   24577       1.2182
   24578       1.2749
   24579       1.2962
   24580       1.2493
   24581       1.2321
   24582       1.2345
   24583       1.2780
   24584       1.2197
   24585       1.2780
   24586       1.2289
   24587       1.2649
   24588       1.2694
   24589       1.2118
   24590       1.2029
   24591       1.2626
   24592       1.1458
   24593       1.1603
   24594       1.1989
   24595       1.1376
   24596       1.2085
   24597       1.2278
   24598       1.2449
   24599       1.1432
   24600       1.1814
   24601       1.1486
   24602       1.1673
   24603       1.2241
   24604       1.2233
   24605       1.1963
   24606       1.1361
   24607       1.1666
   24608       1.1782
   24609       1.1671
   24610       1.1296
   24611       1.2103
   24612       1.1712
   24613       1.1782
   24614       1.1058
   24615       1.0787
   24616       1.1328
   24617       1.2215
   24618       1.2270
   24619       1.1470
   24620       1.1377
   24621       1.1216
   24622       1.1351
   24623       1.1352
   24624       1.1378
   24625       1.1558
   24626       1.1157
   24627       1.1329
   24628       1.1019
   24629       1.1466
   24630       1.1327
   24631       1.1376
   24632       1.1214
   24633       1.1447
   24634       1.1170
   24635       1.1292
   24636       1.0441
   24637       1.1108
   24638       1.1889
   24639       1.1441
   24640       1.1467
   24641       1.1302
   24642       1.1699
   24643       1.0910
   24644       1.1042
   24645       1.1414
   24646       1.1832
   24647       1.1954
   24648       1.1808
   24649       1.1735
   24650       1.1088
   24651       1.1549
   24652       1.1468
   24653       1.1747
   24654       1.1219
   24655       1.1382
   24656       1.1755
   24657       1.1703
   24658       1.1012
   24659       1.1145
   24660       1.1369
   24661       1.1095
   24662       1.1504
   24663       1.1421
   24664       1.1110
   24665       1.1050
   24666       1.0814
   24667       1.1758
   24668       1.1536
   24669       1.1908
   24670       1.1381
   24671       1.1387
   24672       1.1361
   24673       1.1925
   24674       1.1409
   24675       1.2032
   24676       1.1238
   24677       1.2185
   24678       1.1944
   24679       1.2125
   24680       1.2311
   24681       1.2240
   24682       1.2505
   24683       1.1691
   24684       1.1652
   24685       1.2009
   24686       1.1754
   24687       1.2456
   24688       1.2498
   24689       1.2342
   24690       1.2440
   24691       1.3344
   24692       1.2106
   24693       1.2382
   24694       1.2714
   24695       1.2448
   24696       1.2607
   24697       1.2978
   24698       1.2373
   24699       1.2721
   24700       1.2642
   24701       1.2050
   24702       1.2448
   24703       1.2770
   24704       1.2252
   24705       1.2540
   24706       1.2360
   24707       1.2116
   24708       1.2353
   24709       1.2162
   24710       1.1805
   24711       1.2371
   24712       1.1680
   24713       1.2662
   24714       1.1953
   24715       1.2567
   24716       1.2807
   24717       1.2523
   24718       1.2777
   24719       1.2853
   24720       1.2258
   24721       1.2741
   24722       1.1823
   24723       1.2415
   24724       1.1580
   24725       1.1511
   24726       1.1840
   24727       1.1311
   24728       1.1327
   24729       1.1589
   24730       1.1506
   24731       1.1809
   24732       1.2144
   24733       1.2021
   24734       1.1530
   24735       1.1776
   24736       1.1761
   24737       1.1372
   24738       1.1961
   24739       1.1617
   24740       1.2252
   24741       1.2263
   24742       1.3003
   24743       1.2805
   24744       1.3253
   24745       1.2681
   24746       1.2935
   24747       1.2778
   24748       1.2045
   24749       1.1523
   24750       1.2279
   24751       1.2303
   24752       1.3369
   24753       1.2178
   24754       1.2682
   24755       1.1736
   24756       1.1847
   24757       1.2314
   24758       1.2192
   24759       1.1195
   24760       1.1477
   24761       1.2675
   24762       1.2208
   24763       1.2031
   24764       1.1667
   24765       1.1836
   24766       1.1708
   24767       1.1940
   24768       1.1886
   24769       1.3113
   24770       1.2323
   24771       1.2288
   24772       1.2620
   24773       1.2262
   24774       1.2438
   24775       1.2752
   24776       1.2511
   24777       1.2303
   24778       1.2410
   24779       1.2441
   24780       1.2378
   24781       1.1194
   24782       1.2234
   24783       1.2766
   24784       1.3121
   24785       1.2218
   24786       1.2274
   24787       1.2438
   24788       1.1641
   24789       1.2365
   24790       1.1410
   24791       1.1591
   24792       1.1702
   24793       1.1764
   24794       1.2358
   24795       1.2165
   24796       1.2019
   24797       1.1448
   24798       1.1963
   24799       1.2715
   24800       1.1979
   24801       1.2092
   24802       1.2385
   24803       1.2324
   24804       1.2597
   24805       1.2136
   24806       1.1773
   24807       1.2180
   24808       1.1496
   24809       1.1574
   24810       1.1862
   24811       1.1443
   24812       1.2787
   24813       1.1841
   24814       1.1695
   24815       1.2260
   24816       1.2057
   24817       1.2332
   24818       1.1871
   24819       1.2188
   24820       1.2026
   24821       1.1621
   24822       1.2277
   24823       1.1555
   24824       1.1559
   24825       1.1003
   24826       1.1602
   24827       1.1410
   24828       1.1942
   24829       1.1927
   24830       1.3258
   24831       1.2062
   24832       1.1848
   24833       1.2129
   24834       1.2048
   24835       1.1856
   24836       1.1641
   24837       1.2953
   24838       1.3392
   24839       1.2154
   24840       1.2024
   24841       1.1651
   24842       1.2189
   24843       1.1181
   24844       1.2541
   24845       1.2373
   24846       1.2277
   24847       1.2893
   24848       1.2032
   24849       1.1956
   24850       1.1221
   24851       1.1277
   24852       1.1579
   24853       1.2009
   24854       1.1616
   24855       1.1147
   24856       1.1962
   24857       1.1833
   24858       1.1506
   24859       1.1450
   24860       1.1824
   24861       1.1872
   24862       1.1721
   24863       1.1317
   24864       1.1334
   24865       1.1433
   24866       1.0972
   24867       1.1771
   24868       1.1418
   24869       1.2121
   24870       1.2620
   24871       1.2213
   24872       1.1792
   24873       1.2312
   24874       1.2789
   24875       1.1840
   24876       1.1667
   24877       1.1732
   24878       1.1990
   24879       1.2908
   24880       1.2370
   24881       1.2120
   24882       1.1965
   24883       1.1886
   24884       1.1943
   24885       1.2353
   24886       1.2155
   24887       1.2721
   24888       1.2957
   24889       1.2769
   24890       1.3699
   24891       1.2504
   24892       1.1715
   24893       1.2403
   24894       1.2130
   24895       1.1917
   24896       1.1861
   24897       1.0734
   24898       1.1868
   24899       1.1640
   24900       1.2039
   24901       1.1269
   24902       1.1510
   24903       1.2266
   24904       1.1672
   24905       1.1933
   24906       1.1313
   24907       1.1564
   24908       1.1497
   24909       1.2048
   24910       1.1983
   24911       1.1193
   24912       1.1806
   24913       1.1552
   24914       1.1814
   24915       1.2370
   24916       1.1829
   24917       1.2185
   24918       1.2086
   24919       1.0954
   24920       1.1673
   24921       1.1772
   24922       1.1167
   24923       1.1252
   24924       1.1115
   24925       1.1774
   24926       1.1964
   24927       1.1557
   24928       1.2841
   24929       1.2409
   24930       1.2191
   24931       1.1766
   24932       1.2398
   24933       1.2713
   24934       1.1906
   24935       1.2670
   24936       1.1802
   24937       1.2124
   24938       1.2971
   24939       1.1686
   24940       1.1622
   24941       1.1702
   24942       1.1197
   24943       1.1362
   24944       1.2393
   24945       1.2390
   24946       1.2244
   24947       1.2556
   24948       1.2163
   24949       1.1631
   24950       1.2519
   24951       1.2388
   24952       1.2429
   24953       1.2117
   24954       1.1930
   24955       1.2338
   24956       1.2389
   24957       1.1739
   24958       1.1163
   24959       1.1575
   24960       1.1508
   24961       1.0913
   24962       1.0972
   24963       1.2071
   24964       1.1365
   24965       1.1648
   24966       1.1694
   24967       1.1463
   24968       1.1119
   24969       1.1663
   24970       1.1376
   24971       1.1070
   24972       1.1274
   24973       1.1707
   24974       1.1183
   24975       1.1784
   24976       1.1425
   24977       1.2075
   24978       1.1680
   24979       1.2155
   24980       1.1888
   24981       1.1898
   24982       1.2292
   24983       1.1619
   24984       1.1004
   24985       1.1373
   24986       1.1735
   24987       1.1664
   24988       1.1328
   24989       1.1610
   24990       1.2522
   24991       1.2528
   24992       1.1785
   24993       1.2064
   24994       1.1974
   24995       1.1954
   24996       1.1886
   24997       1.1919
   24998       1.2380
   24999       1.1562
   25000       1.1600
   25001       1.1935
   25002       1.1355
   25003       1.2089
   25004       1.1801
   25005       1.2475
   25006       1.2427
   25007       1.2659
   25008       1.2188
   25009       1.1851
   25010       1.1339
   25011       1.2243
   25012       1.2775
   25013       1.3168
   25014       1.2126
   25015       1.1898
   25016       1.2003
   25017       1.1795
   25018       1.2292
   25019       1.1724
   25020       1.1775
   25021       1.2292
   25022       1.2434
   25023       1.0723
   25024       1.1436
   25025       1.0807
   25026       1.3014
   25027       1.1949
   25028       1.2442
   25029       1.2095
   25030       1.1800
   25031       1.2636
   25032       1.2417
   25033       1.2730
   25034       1.1700
   25035       1.2445
   25036       1.2706
   25037       1.3056
   25038       1.1967
   25039       1.2094
   25040       1.3196
   25041       1.1914
   25042       1.1386
   25043       1.1741
   25044       1.2011
   25045       1.1992
   25046       1.2550
   25047       1.2083
   25048       1.2493
   25049       1.3344
   25050       1.2372
   25051       1.1894
   25052       1.2243
   25053       1.2872
   25054       1.1845
   25055       1.1955
   25056       1.1482
   25057       1.2081
   25058       1.1909
   25059       1.2057
   25060       1.2441
   25061       1.1861
   25062       1.1830
   25063       1.2135
   25064       1.2144
   25065       1.2150
   25066       1.1354
   25067       1.2609
   25068       1.1131
   25069       1.1646
   25070       1.1488
   25071       1.1545
   25072       1.1765
   25073       1.1626
   25074       1.1784
   25075       1.1611
   25076       1.1536
   25077       1.1123
   25078       1.1728
   25079       1.1186
   25080       1.2226
   25081       1.2141
   25082       1.2403
   25083       1.1424
   25084       1.1014
   25085       1.2105
   25086       1.2314
   25087       1.2367
   25088       1.1827
   25089       1.2498
   25090       1.2336
   25091       1.1369
   25092       1.1508
   25093       1.1010
   25094       1.1168
   25095       1.1874
   25096       1.1443
   25097       1.2091
   25098       1.1354
   25099       1.1556
   25100       1.1808
   25101       1.2252
   25102       1.0746
   25103       1.0983
   25104       1.0897
   25105       1.1555
   25106       1.0923
   25107       1.1364
   25108       1.2021
   25109       1.1903
   25110       1.1697
   25111       1.1882
   25112       1.1525
   25113       1.1425
   25114       1.3001
   25115       1.1442
   25116       1.2027
   25117       1.1948
   25118       1.1568
   25119       1.1938
   25120       1.2393
   25121       1.1935
   25122       1.2130
   25123       1.2162
   25124       1.2244
   25125       1.2142
   25126       1.3208
   25127       1.1964
   25128       1.2009
   25129       1.2287
   25130       1.1743
   25131       1.2623
   25132       1.2752
   25133       1.3058
   25134       1.1518
   25135       1.3079
   25136       1.2133
   25137       1.2148
   25138       1.3121
   25139       1.2207
   25140       1.2531
   25141       1.3391
   25142       1.3409
   25143       1.2272
   25144       1.1991
   25145       1.2560
   25146       1.3151
   25147       1.3224
   25148       1.3059
   25149       1.3329
   25150       1.2172
   25151       1.2820
   25152       1.3086
   25153       1.2402
   25154       1.2710
   25155       1.2015
   25156       1.2753
   25157       1.2039
   25158       1.2393
   25159       1.1158
   25160       1.1932
   25161       1.1916
   25162       1.2489
   25163       1.2430
   25164       1.2107
   25165       1.3042
   25166       1.2533
   25167       1.2265
   25168       1.2610
   25169       1.2700
   25170       1.2098
   25171       1.1962
   25172       1.2446
   25173       1.1931
   25174       1.3098
   25175       1.2637
   25176       1.2967
   25177       1.2292
   25178       1.3217
   25179       1.3245
   25180       1.2881
   25181       1.2060
   25182       1.2722
   25183       1.2670
   25184       1.2108
   25185       1.2526
   25186       1.1554
   25187       1.2850
   25188       1.3176
   25189       1.2329
   25190       1.3013
   25191       1.2792
   25192       1.1934
   25193       1.1678
   25194       1.2618
   25195       1.2338
   25196       1.2245
   25197       1.1540
   25198       1.2558
   25199       1.1989
   25200       1.2162
   25201       1.3485
   25202       1.2489
   25203       1.2392
   25204       1.3307
   25205       1.2924
   25206       1.3217
   25207       1.2092
   25208       1.2479
   25209       1.3145
   25210       1.2230
   25211       1.2731
   25212       1.2505
   25213       1.1995
   25214       1.2529
   25215       1.2328
   25216       1.1840
   25217       1.2609
   25218       1.2231
   25219       1.3003
   25220       1.1707
   25221       1.1962
   25222       1.1943
   25223       1.1387
   25224       1.1056
   25225       1.1629
   25226       1.1548
   25227       1.0807
   25228       1.1736
   25229       1.2003
   25230       1.1166
   25231       1.1841
   25232       1.0811
   25233       1.1490
   25234       1.1229
   25235       1.0740
   25236       1.1289
   25237       1.0726
   25238       1.0896
   25239       1.1434
   25240       1.2468
   25241       1.2021
   25242       1.2028
   25243       1.1893
   25244       1.1777
   25245       1.0762
   25246       1.0763
   25247       1.1073
   25248       1.1540
   25249       1.0688
   25250       1.0475
   25251       1.0068
   25252       1.1068
   25253       1.2017
   25254       1.1741
   25255       1.1301
   25256       1.1701
   25257       1.1780
   25258       1.1467
   25259       1.2094
   25260       1.0674
   25261       1.0295
   25262       1.1422
   25263       1.1858
   25264       1.2058
   25265       1.2408
   25266       1.1707
   25267       1.2299
   25268       1.2451
   25269       1.1961
   25270       1.2074
   25271       1.1748
   25272       1.1312
   25273       1.2228
   25274       1.2626
   25275       1.1697
   25276       1.2156
   25277       1.1950
   25278       1.2016
   25279       1.2464
   25280       1.2638
   25281       1.1601
   25282       1.1082
   25283       1.1955
   25284       1.2113
   25285       1.2685
   25286       1.2007
   25287       1.2257
   25288       1.1828
   25289       1.1935
   25290       1.1829
   25291       1.1181
   25292       1.1437
   25293       1.1777
   25294       1.2321
   25295       1.2865
   25296       1.1640
   25297       1.1369
   25298       1.1154
   25299       1.1406
   25300       1.0877
   25301       1.1460
   25302       1.1005
   25303       1.1247
   25304       1.1513
   25305       1.2024
   25306       1.2386
   25307       1.0798
   25308       1.1516
   25309       1.1561
   25310       1.1559
   25311       1.2058
   25312       1.1665
   25313       1.1938
   25314       1.1503
   25315       1.2051
   25316       1.1605
   25317       1.1607
   25318       1.1542
   25319       1.1623
   25320       1.1777
   25321       1.1798
   25322       1.1414
   25323       1.1833
   25324       1.2712
   25325       1.2878
   25326       1.2071
   25327       1.2768
   25328       1.2123
   25329       1.2522
   25330       1.2783
   25331       1.2053
   25332       1.2492
   25333       1.3084
   25334       1.3508
   25335       1.3240
   25336       1.2910
   25337       1.3029
   25338       1.1620
   25339       1.2621
   25340       1.1863
   25341       1.1669
   25342       1.1703
   25343       1.1985
   25344       1.1770
   25345       1.1883
   25346       1.1836
   25347       1.1954
   25348       1.1608
   25349       1.1691
   25350       1.1100
   25351       1.1931
   25352       1.1699
   25353       1.1642
   25354       1.1232
   25355       1.1904
   25356       1.1367
   25357       1.1102
   25358       1.1244
   25359       1.1851
   25360       1.1865
   25361       1.1951
   25362       1.1412
   25363       1.1438
   25364       1.1556
   25365       1.1891
   25366       1.0803
   25367       1.1642
   25368       1.1195
   25369       1.1115
   25370       1.1593
   25371       1.1711
   25372       1.1800
   25373       1.1916
   25374       1.1960
   25375       1.1860
   25376       1.0723
   25377       1.1516
   25378       1.1853
   25379       1.1482
   25380       1.0998
   25381       1.0877
   25382       1.0686
   25383       1.1181
   25384       1.1297
   25385       1.1201
   25386       1.1909
   25387       1.1276
   25388       1.2151
   25389       1.1711
   25390       1.1261
   25391       1.1488
   25392       1.1848
   25393       1.1197
   25394       1.2371
   25395       1.1171
   25396       1.1700
   25397       1.2404
   25398       1.1383
   25399       1.1601
   25400       1.2484
   25401       1.1227
   25402       1.1770
   25403       1.1254
   25404       1.1552
   25405       1.1346
   25406       1.1128
   25407       1.0523
   25408       1.1073
   25409       1.1426
   25410       1.1545
   25411       1.2302
   25412       1.2137
   25413       1.2311
   25414       1.1666
   25415       1.1572
   25416       1.2987
   25417       1.1871
   25418       1.1122
   25419       1.2182
   25420       1.1214
   25421       1.2106
   25422       1.1411
   25423       1.0682
   25424       1.0937
   25425       1.1980
   25426       1.2016
   25427       1.1762
   25428       1.1999
   25429       1.2056
   25430       1.1370
   25431       1.1344
   25432       1.0390
   25433       1.1808
   25434       1.1403
   25435       1.2541
   25436       1.1118
   25437       1.1484
   25438       1.1526
   25439       1.1644
   25440       1.1870
   25441       1.2405
   25442       1.1911
   25443       1.1723
   25444       1.1745
   25445       1.1778
   25446       1.1361
   25447       1.1441
   25448       1.2392
   25449       1.2388
   25450       1.2080
   25451       1.2738
   25452       1.2272
   25453       1.1539
   25454       1.1286
   25455       1.1192
   25456       1.1923
   25457       1.0712
   25458       1.1005
   25459       1.1845
   25460       1.1883
   25461       1.1105
   25462       1.2548
   25463       1.1343
   25464       1.2128
   25465       1.1923
   25466       1.2511
   25467       1.1463
   25468       1.1871
   25469       1.1248
   25470       1.2575
   25471       1.2595
   25472       1.1696
   25473       1.1972
   25474       1.1067
   25475       1.1724
   25476       1.1335
   25477       1.1212
   25478       1.1441
   25479       1.1596
   25480       1.1664
   25481       1.1896
   25482       1.1723
   25483       1.2006
   25484       1.0691
   25485       1.1102
   25486       1.1135
   25487       1.1632
   25488       1.1699
   25489       1.1215
   25490       1.1204
   25491       1.1490
   25492       1.1906
   25493       1.1606
   25494       1.1321
   25495       1.1860
   25496       1.2160
   25497       1.1447
   25498       1.1897
   25499       1.2342
   25500       1.2627
   25501       1.2313
   25502       1.1894
   25503       1.2012
   25504       1.3066
   25505       1.3071
   25506       1.3344
   25507       1.1763
   25508       1.2828
   25509       1.3132
   25510       1.2962
   25511       1.2672
   25512       1.2712
   25513       1.2677
   25514       1.3169
   25515       1.2203
   25516       1.2248
   25517       1.2459
   25518       1.2941
   25519       1.2142
   25520       1.1857
   25521       1.2594
   25522       1.2111
   25523       1.2529
   25524       1.2114
   25525       1.2045
   25526       1.1154
   25527       1.1721
   25528       1.1062
   25529       1.1208
   25530       1.2175
   25531       1.2146
   25532       1.2324
   25533       1.1875
   25534       1.1815
   25535       1.1837
   25536       1.2327
   25537       1.3021
   25538       1.3070
   25539       1.2355
   25540       1.2667
   25541       1.1847
   25542       1.2069
   25543       1.2457
   25544       1.1625
   25545       1.1665
   25546       1.2108
   25547       1.2108
   25548       1.1268
   25549       1.1725
   25550       1.1939
   25551       1.1661
   25552       1.1598
   25553       1.2396
   25554       1.1891
   25555       1.0896
   25556       1.1665
   25557       1.1707
   25558       1.1682
   25559       1.1584
   25560       1.1881
   25561       1.1467
   25562       1.2005
   25563       1.1841
   25564       1.1305
   25565       1.2036
   25566       1.1397
   25567       1.1229
   25568       1.2347
   25569       1.1812
   25570       1.0884
   25571       1.0912
   25572       1.2023
   25573       1.1607
   25574       1.1864
   25575       1.2146
   25576       1.1333
   25577       1.1860
   25578       1.1602
   25579       1.2991
   25580       1.1959
   25581       1.1927
   25582       1.2000
   25583       1.1721
   25584       1.1548
   25585       1.2052
   25586       1.1959
   25587       1.2166
   25588       1.1969
   25589       1.1415
   25590       1.1832
   25591       1.1723
   25592       1.0922
   25593       1.0787
   25594       1.1736
   25595       1.1178
   25596       1.0854
   25597       1.1084
   25598       1.0704
   25599       1.1674
   25600       1.1334
   25601       1.1620
   25602       1.1035
   25603       1.0638
   25604       1.0986
   25605       1.2099
   25606       1.0906
   25607       1.2257
   25608       1.1895
   25609       1.2034
   25610       1.1415
   25611       1.1766
   25612       1.2027
   25613       1.2158
   25614       1.1768
   25615       1.1204
   25616       1.0909
   25617       1.1883
   25618       1.0791
   25619       1.1313
   25620       1.1106
   25621       1.0994
   25622       1.0701
   25623       1.0763
   25624       1.1422
   25625       1.1232
   25626       1.1138
   25627       1.1146
   25628       1.2437
   25629       1.1230
   25630       1.1306
   25631       1.1825
   25632       1.2611
   25633       1.1637
   25634       1.1353
   25635       1.2312
   25636       1.1990
   25637       1.1680
   25638       1.2136
   25639       1.2051
   25640       1.2954
   25641       1.2909
   25642       1.2822
   25643       1.2389
   25644       1.2575
   25645       1.1461
   25646       1.2345
   25647       1.2744
   25648       1.1633
   25649       1.1676
   25650       1.2078
   25651       1.1941
   25652       1.2762
   25653       1.1982
   25654       1.1784
   25655       1.2984
   25656       1.3176
   25657       1.2312
   25658       1.3418
   25659       1.2971
   25660       1.2238
   25661       1.2155
   25662       1.1786
   25663       1.2345
   25664       1.1898
   25665       1.1557
   25666       1.1397
   25667       1.1171
   25668       1.1192
   25669       1.2136
   25670       1.1831
   25671       1.1363
   25672       1.3747
   25673       1.2224
   25674       1.2475
   25675       1.2474
   25676       1.2691
   25677       1.1776
   25678       1.1571
   25679       1.2971
   25680       1.2542
   25681       1.2881
   25682       1.2559
   25683       1.2171
   25684       1.2295
   25685       1.2436
   25686       1.2679
   25687       1.1961
   25688       1.1684
   25689       1.0946
   25690       1.1758
   25691       1.2215
   25692       1.2028
   25693       1.1610
   25694       1.1490
   25695       1.1068
   25696       1.1907
   25697       1.2766
   25698       1.2360
   25699       1.2278
   25700       1.1283
   25701       1.1847
   25702       1.1063
   25703       1.1008
   25704       1.1754
   25705       1.1309
   25706       1.1514
   25707       1.1199
   25708       1.0804
   25709       1.1363
   25710       1.1965
   25711       1.2111
   25712       1.1276
   25713       1.1332
   25714       1.1518
   25715       1.1257
   25716       1.1269
   25717       1.1927
   25718       1.2521
   25719       1.1846
   25720       1.1618
   25721       1.1468
   25722       1.1595
   25723       1.2115
   25724       1.1411
   25725       1.1000
   25726       1.1328
   25727       1.1678
   25728       1.0596
   25729       1.1250
   25730       1.0756
   25731       1.0546
   25732       1.0731
   25733       1.1302
   25734       1.1061
   25735       1.1625
   25736       1.0026
   25737       1.0363
   25738       1.0455
   25739       1.0614
   25740       1.0854
   25741       1.1110
   25742       1.0624
   25743       1.1023
   25744       1.1061
   25745       1.2307
   25746       1.1499
   25747       1.1553
   25748       1.2459
   25749       1.2772
   25750       1.2492
   25751       1.2445
   25752       1.2184
   25753       1.2386
   25754       1.1662
   25755       1.2664
   25756       1.1085
   25757       1.1409
   25758       1.1292
   25759       1.1840
   25760       1.2123
   25761       1.0984
   25762       1.1542
   25763       1.0842
   25764       1.2058
   25765       1.1662
   25766       1.1516
   25767       1.1710
   25768       1.2371
   25769       1.1930
   25770       1.1512
   25771       1.1997
   25772       1.1816
   25773       1.2163
   25774       1.1936
   25775       1.2334
   25776       1.2020
   25777       1.2093
   25778       1.2023
   25779       1.1950
   25780       1.2118
   25781       1.2006
   25782       1.2260
   25783       1.2199
   25784       1.2209
   25785       1.1839
   25786       1.1943
   25787       1.2570
   25788       1.2735
   25789       1.2355
   25790       1.2201
   25791       1.2665
   25792       1.2184
   25793       1.2879
   25794       1.2341
   25795       1.1233
   25796       1.1850
   25797       1.1975
   25798       1.0610
   25799       1.2463
   25800       1.2294
   25801       1.1566
   25802       1.0966
   25803       1.1068
   25804       1.1313
   25805       1.1168
   25806       1.1656
   25807       1.1040
   25808       1.1533
   25809       1.1423
   25810       1.1696
   25811       1.1440
   25812       1.1312
   25813       1.1042
   25814       1.1652
   25815       1.1327
   25816       1.1766
   25817       1.1805
   25818       1.0724
   25819       1.1141
   25820       1.1477
   25821       1.1338
   25822       1.1875
   25823       1.1163
   25824       1.1494
   25825       1.1503
   25826       1.1891
   25827       1.2088
   25828       1.2639
   25829       1.2241
   25830       1.2161
   25831       1.2483
   25832       1.1800
   25833       1.2372
   25834       1.1502
   25835       1.1894
   25836       1.2761
   25837       1.2305
   25838       1.1079
   25839       1.0543
   25840       1.0836
   25841       1.1414
   25842       0.9995
   25843       1.0793
   25844       1.1905
   25845       1.1495
   25846       1.1833
   25847       1.1459
   25848       1.2615
   25849       1.2299
   25850       1.1701
   25851       1.2173
   25852       1.3291
   25853       1.2359
   25854       1.2535
   25855       1.2824
   25856       1.3320
   25857       1.1983
   25858       1.2717
   25859       1.2569
   25860       1.2681
   25861       1.1926
   25862       1.2420
   25863       1.1749
   25864       1.2006
   25865       1.1922
   25866       1.1247
   25867       1.1539
   25868       1.2664
   25869       1.3450
   25870       1.2593
   25871       1.3094
   25872       1.2428
   25873       1.2784
   25874       1.2584
   25875       1.2756
   25876       1.3054
   25877       1.2291
   25878       1.2067
   25879       1.2466
   25880       1.1327
   25881       1.1987
   25882       1.2283
   25883       1.2045
   25884       1.1890
   25885       1.2404
   25886       1.2754
   25887       1.1525
   25888       1.1894
   25889       1.2225
   25890       1.2785
   25891       1.3092
   25892       1.1710
   25893       1.1956
   25894       1.1922
   25895       1.2443
   25896       1.1965
   25897       1.1419
   25898       1.2072
   25899       1.0899
   25900       1.1825
   25901       1.1441
   25902       1.1330
   25903       1.1202
   25904       1.2388
   25905       1.1380
   25906       1.1702
   25907       1.2900
   25908       1.1847
   25909       1.1819
   25910       1.2011
   25911       1.2456
   25912       1.1824
   25913       1.1870
   25914       1.1708
   25915       1.1395
   25916       1.2232
   25917       1.2818
   25918       1.2088
   25919       1.2101
   25920       1.2499
   25921       1.2341
   25922       1.1632
   25923       1.2613
   25924       1.2290
   25925       1.2790
   25926       1.1747
   25927       1.2623
   25928       1.3075
   25929       1.1969
   25930       1.1617
   25931       1.1952
   25932       1.2265
   25933       1.2280
   25934       1.2065
   25935       1.2239
   25936       1.2618
   25937       1.2078
   25938       1.1821
   25939       1.2247
   25940       1.1793
   25941       1.1593
   25942       1.2369
   25943       1.2219
   25944       1.2974
   25945       1.2428
   25946       1.2545
   25947       1.1824
   25948       1.1419
   25949       1.1857
   25950       1.2063
   25951       1.1046
   25952       1.1861
   25953       1.1586
   25954       1.1414
   25955       1.1751
   25956       1.1011
   25957       1.1739
   25958       1.2169
   25959       1.2664
   25960       1.1581
   25961       1.2253
   25962       1.2400
   25963       1.1510
   25964       1.1591
   25965       1.1519
   25966       1.1403
   25967       1.1821
   25968       1.1371
   25969       1.1690
   25970       1.1321
   25971       1.1822
   25972       1.2645
   25973       1.2516
   25974       1.1795
   25975       1.1858
   25976       1.1952
   25977       1.2107
   25978       1.2394
   25979       1.2674
   25980       1.2951
   25981       1.2926
   25982       1.3231
   25983       1.1194
   25984       1.2126
   25985       1.0737
   25986       1.1501
   25987       1.1949
   25988       1.1641
   25989       1.2896
   25990       1.1847
   25991       1.2066
   25992       1.2428
   25993       1.2293
   25994       1.1980
   25995       1.1570
   25996       1.1091
   25997       1.1602
   25998       1.1406
   25999       1.1592
   26000       1.2003
   26001       1.1663
   26002       1.1718
   26003       1.1471
   26004       1.2424
   26005       1.1294
   26006       1.2057
   26007       1.1989
   26008       1.1213
   26009       1.1860
   26010       1.2113
   26011       1.1677
   26012       1.1690
   26013       1.1411
   26014       1.1018
   26015       1.0805
   26016       1.1418
   26017       1.0929
   26018       1.1477
   26019       1.1919
   26020       1.1702
   26021       1.1138
   26022       1.1401
   26023       1.1509
   26024       1.2096
   26025       1.1999
   26026       1.1728
   26027       1.1446
   26028       1.1485
   26029       1.1189
   26030       1.0889
   26031       1.1326
   26032       1.1816
   26033       1.1523
   26034       1.1236
   26035       1.2716
   26036       1.1955
   26037       1.1389
   26038       1.1905
   26039       1.2275
   26040       1.2439
   26041       1.2757
   26042       1.2329
   26043       1.3006
   26044       1.1804
   26045       1.2271
   26046       1.2370
   26047       1.2797
   26048       1.1589
   26049       1.0880
   26050       1.1314
   26051       1.1466
   26052       1.1874
   26053       1.1886
   26054       1.1018
   26055       1.1781
   26056       1.2387
   26057       1.1790
   26058       1.1523
   26059       1.2134
   26060       1.1878
   26061       1.1309
   26062       1.1304
   26063       1.1345
   26064       1.1643
   26065       1.1631
   26066       1.0851
   26067       1.1875
   26068       1.1868
   26069       1.1518
   26070       1.1452
   26071       1.0479
   26072       1.0501
   26073       1.1272
   26074       1.1693
   26075       1.2192
   26076       1.1375
   26077       1.1265
   26078       1.2202
   26079       1.2005
   26080       1.1730
   26081       1.1906
   26082       1.2311
   26083       1.1652
   26084       1.2838
   26085       1.3619
   26086       1.3631
   26087       1.2431
   26088       1.2532
   26089       1.2573
   26090       1.2492
   26091       1.2860
   26092       1.2262
   26093       1.3266
   26094       1.3232
   26095       1.2752
   26096       1.3877
   26097       1.2822
   26098       1.2390
   26099       1.1713
   26100       1.2203
   26101       1.1913
   26102       1.2456
   26103       1.3083
   26104       1.2863
   26105       1.2325
   26106       1.1611
   26107       1.1694
   26108       1.2059
   26109       1.1654
   26110       1.1795
   26111       1.1120
   26112       1.1934
   26113       1.1970
   26114       1.1550
   26115       1.1621
   26116       1.1039
   26117       1.1185
   26118       1.1916
   26119       1.1463
   26120       1.1414
   26121       1.2019
   26122       1.2689
   26123       1.2215
   26124       1.2019
   26125       1.2091
   26126       1.3184
   26127       1.2213
   26128       1.2287
   26129       1.2602
   26130       1.2997
   26131       1.2159
   26132       1.2127
   26133       1.2163
   26134       1.1833
   26135       1.2518
   26136       1.2606
   26137       1.1708
   26138       1.2078
   26139       1.1666
   26140       1.1193
   26141       1.1315
   26142       1.1286
   26143       1.1000
   26144       1.1007
   26145       1.1463
   26146       1.1490
   26147       1.1968
   26148       1.1664
   26149       1.1346
   26150       1.2198
   26151       1.1997
   26152       1.2038
   26153       1.1822
   26154       1.2292
   26155       1.2123
   26156       1.2092
   26157       1.2140
   26158       1.2531
   26159       1.2685
   26160       1.2116
   26161       1.1878
   26162       1.2575
   26163       1.2911
   26164       1.2366
   26165       1.1936
   26166       1.3266
   26167       1.2330
   26168       1.2651
   26169       1.3183
   26170       1.3194
   26171       1.3485
   26172       1.3007
   26173       1.3597
   26174       1.2549
   26175       1.2971
   26176       1.3262
   26177       1.2678
   26178       1.2536
   26179       1.2925
   26180       1.2714
   26181       1.3338
   26182       1.2736
   26183       1.1771
   26184       1.1614
   26185       1.2194
   26186       1.2465
   26187       1.2283
   26188       1.2051
   26189       1.2779
   26190       1.2170
   26191       1.2703
   26192       1.2795
   26193       1.2162
   26194       1.2539
   26195       1.2208
   26196       1.2151
   26197       1.2153
   26198       1.2422
   26199       1.1176
   26200       1.2087
   26201       1.1818
   26202       1.1445
   26203       1.1258
   26204       1.1072
   26205       1.1332
   26206       1.1394
   26207       1.1778
   26208       1.1279
   26209       1.1558
   26210       1.2306
   26211       1.2377
   26212       1.2352
   26213       1.1958
   26214       1.1672
   26215       1.1417
   26216       1.1635
   26217       1.2107
   26218       1.1514
   26219       1.2388
   26220       1.2316
   26221       1.2117
   26222       1.2738
   26223       1.2192
   26224       1.2708
   26225       1.2383
   26226       1.1861
   26227       1.2859
   26228       1.2493
   26229       1.1887
   26230       1.1835
   26231       1.2929
   26232       1.2282
   26233       1.2360
   26234       1.1726
   26235       1.3037
   26236       1.2515
   26237       1.2376
   26238       1.2081
   26239       1.2636
   26240       1.2807
   26241       1.2925
   26242       1.2352
   26243       1.2134
   26244       1.3438
   26245       1.1804
   26246       1.3513
   26247       1.3035
   26248       1.2948
   26249       1.3352
   26250       1.3173
   26251       1.3520
   26252       1.4409
   26253       1.4231
   26254       1.2927
   26255       1.4290
   26256       1.2542
   26257       1.3043
   26258       1.2657
   26259       1.2950
   26260       1.2877
   26261       1.2620
   26262       1.3377
   26263       1.4022
   26264       1.3535
   26265       1.3806
   26266       1.3641
   26267       1.2987
   26268       1.3057
   26269       1.2809
   26270       1.2202
   26271       1.2313
   26272       1.2926
   26273       1.1927
   26274       1.1721
   26275       1.1442
   26276       1.2508
   26277       1.1686
   26278       1.1586
   26279       1.1471
   26280       1.1196
   26281       1.1351
   26282       1.1633
   26283       1.1937
   26284       1.1871
   26285       1.2184
   26286       1.1994
   26287       1.2731
   26288       1.2191
   26289       1.3300
   26290       1.3786
   26291       1.2702
   26292       1.2542
   26293       1.2098
   26294       1.2556
   26295       1.2020
   26296       1.3110
   26297       1.2702
   26298       1.2552
   26299       1.2729
   26300       1.2475
   26301       1.2594
   26302       1.2518
   26303       1.2120
   26304       1.2392
   26305       1.2592
   26306       1.1322
   26307       1.1786
   26308       1.2027
   26309       1.2125
   26310       1.1806
   26311       1.1966
   26312       1.2481
   26313       1.2402
   26314       1.2247
   26315       1.2774
   26316       1.2467
   26317       1.2683
   26318       1.2067
   26319       1.1990
   26320       1.2076
   26321       1.1731
   26322       1.2044
   26323       1.2210
   26324       1.2178
