#Frame        Histone
       1       0.0000
       2       0.5730
       3       0.6733
       4       0.6734
       5       0.6956
       6       0.7035
       7       0.6914
       8       0.6751
       9       0.7202
      10       0.6780
      11       0.7293
      12       0.7153
      13       0.7049
      14       0.7144
      15       0.7421
      16       0.7475
      17       0.7629
      18       0.8116
      19       0.8203
      20       0.7886
      21       0.7751
      22       0.8075
      23       0.7924
      24       0.8052
      25       0.7836
      26       0.8553
      27       0.8159
      28       0.8403
      29       0.9052
      30       0.8948
      31       0.8259
      32       0.8876
      33       0.9134
      34       0.8733
      35       0.8381
      36       0.8792
      37       0.8751
      38       0.9152
      39       0.8879
      40       0.8204
      41       0.8034
      42       0.8522
      43       0.8367
      44       0.8586
      45       0.8821
      46       0.8329
      47       0.8123
      48       0.8273
      49       0.8178
      50       0.8181
      51       0.8623
      52       0.8415
      53       0.8178
      54       0.8586
      55       0.8685
      56       0.8543
      57       0.8639
      58       0.9119
      59       0.8661
      60       0.8061
      61       0.8536
      62       0.8137
      63       0.8613
      64       0.8587
      65       0.8249
      66       0.8322
      67       0.8397
      68       0.8352
      69       0.8152
      70       0.8268
      71       0.8694
      72       0.8283
      73       0.8300
      74       0.8671
      75       0.8479
      76       0.9052
      77       0.9376
      78       0.9170
      79       0.8814
      80       0.9426
      81       0.9553
      82       0.9835
      83       0.8851
      84       0.8964
      85       0.8656
      86       0.9180
      87       0.8932
      88       0.8824
      89       0.8839
      90       0.8717
      91       0.9173
      92       0.9740
      93       0.9331
      94       0.9395
      95       0.9569
      96       1.0235
      97       1.0032
      98       0.9710
      99       1.0521
     100       1.0235
     101       1.0503
     102       1.0803
     103       1.0812
     104       1.1012
     105       1.0621
     106       1.0363
     107       1.0617
     108       1.1085
     109       1.0710
     110       1.0818
     111       1.0574
     112       1.0790
     113       1.0378
     114       1.1371
     115       1.2051
     116       1.1503
     117       1.1879
     118       1.0868
     119       1.1085
     120       1.1349
     121       1.0226
     122       1.0301
     123       1.0850
     124       1.0605
     125       1.0801
     126       1.0829
     127       1.0487
     128       1.0527
     129       1.0945
     130       1.0574
     131       1.0859
     132       1.0615
     133       1.0476
     134       1.1194
     135       1.1077
     136       1.0782
     137       1.1035
     138       1.1051
     139       1.0807
     140       1.1477
     141       1.0842
     142       1.0749
     143       1.1136
     144       1.0909
     145       1.0754
     146       1.0743
     147       1.0886
     148       1.0465
     149       1.0896
     150       1.0974
     151       1.1462
     152       1.0222
     153       1.0363
     154       1.0852
     155       1.0807
     156       1.1111
     157       1.1657
     158       1.1206
     159       1.1320
     160       1.1057
     161       1.0296
     162       1.0803
     163       1.0382
     164       1.1115
     165       1.1241
     166       1.1250
     167       1.1421
     168       1.1827
     169       1.1083
     170       1.0738
     171       1.0990
     172       1.1217
     173       1.0841
     174       1.1586
     175       1.1850
     176       1.2299
     177       1.1787
     178       1.1589
     179       1.2121
     180       1.1828
     181       1.2022
     182       1.1836
     183       1.1745
     184       1.1298
     185       1.0892
     186       1.1584
     187       1.1172
     188       1.0864
     189       1.1231
     190       1.1645
     191       1.1367
     192       1.2014
     193       1.1746
     194       1.1252
     195       1.1286
     196       1.1605
     197       1.1246
     198       1.0944
     199       1.0884
     200       1.1320
     201       1.1330
     202       1.1217
     203       1.1026
     204       1.1320
     205       1.1607
     206       1.2324
     207       1.1704
     208       1.1177
     209       1.1521
     210       1.1965
     211       1.1346
     212       1.1399
     213       1.0682
     214       1.0908
     215       1.1695
     216       1.1981
     217       1.1578
     218       1.1098
     219       1.0736
     220       1.0642
     221       1.1221
     222       1.0704
     223       1.0769
     224       1.1065
     225       1.0902
     226       1.0922
     227       1.0864
     228       1.0967
     229       1.1174
     230       1.0724
     231       1.0717
     232       1.1208
     233       1.0834
     234       1.0834
     235       1.0791
     236       1.0715
     237       1.0470
     238       1.0727
     239       1.0939
     240       1.1143
     241       1.1488
     242       1.1397
     243       1.1994
     244       1.1765
     245       1.1782
     246       1.2286
     247       1.2052
     248       1.1734
     249       1.1376
     250       1.1307
     251       1.1312
     252       1.2051
     253       1.1376
     254       1.1250
     255       1.1160
     256       1.0919
     257       1.1570
     258       1.1769
     259       1.1347
     260       1.1367
     261       1.2320
     262       1.2337
     263       1.1728
     264       1.2280
     265       1.1261
     266       1.2083
     267       1.1601
     268       1.1356
     269       1.1615
     270       1.1386
     271       1.1469
     272       1.1259
     273       1.2130
     274       1.1979
     275       1.1209
     276       1.1992
     277       1.1788
     278       1.2071
     279       1.2043
     280       1.1469
     281       1.2422
     282       1.2281
     283       1.1915
     284       1.2225
     285       1.2152
     286       1.2427
     287       1.2324
     288       1.2117
     289       1.2739
     290       1.2558
     291       1.2831
     292       1.2987
     293       1.2351
     294       1.1952
     295       1.2206
     296       1.2112
     297       1.2149
     298       1.2560
     299       1.1576
     300       1.1530
     301       1.1785
     302       1.1644
     303       1.1634
     304       1.1484
     305       1.2512
     306       1.2442
     307       1.2540
     308       1.2687
     309       1.2173
     310       1.2609
     311       1.2873
     312       1.3407
     313       1.3053
     314       1.3170
     315       1.2961
     316       1.3061
     317       1.2693
     318       1.2429
     319       1.3215
     320       1.2659
     321       1.2535
     322       1.2459
     323       1.2584
     324       1.2478
     325       1.2418
     326       1.2678
     327       1.2208
     328       1.2436
     329       1.2356
     330       1.2251
     331       1.2908
     332       1.2460
     333       1.2438
     334       1.2731
     335       1.2621
     336       1.2141
     337       1.2096
     338       1.2953
     339       1.2631
     340       1.2519
     341       1.3556
     342       1.3383
     343       1.3087
     344       1.2756
     345       1.2353
     346       1.2734
     347       1.3215
     348       1.3270
     349       1.3586
     350       1.3124
     351       1.3284
     352       1.3267
     353       1.2481
     354       1.2994
     355       1.2492
     356       1.2548
     357       1.2983
     358       1.3153
     359       1.2978
     360       1.2009
     361       1.2804
     362       1.2480
     363       1.2728
     364       1.3053
     365       1.3051
     366       1.2931
     367       1.2753
     368       1.2289
     369       1.2258
     370       1.2297
     371       1.2502
     372       1.2212
     373       1.2238
     374       1.1542
     375       1.2466
     376       1.2469
     377       1.2034
     378       1.2771
     379       1.2751
     380       1.2669
     381       1.2414
     382       1.2741
     383       1.2689
     384       1.2799
     385       1.2924
     386       1.2822
     387       1.2548
     388       1.2436
     389       1.1937
     390       1.2659
     391       1.3041
     392       1.2882
     393       1.2687
     394       1.2582
     395       1.3047
     396       1.2282
     397       1.2939
     398       1.2314
     399       1.1964
     400       1.2827
     401       1.2202
     402       1.2726
     403       1.2908
     404       1.3408
     405       1.3499
     406       1.2597
     407       1.2347
     408       1.2972
     409       1.3261
     410       1.2991
     411       1.3023
     412       1.3581
     413       1.2897
     414       1.3485
     415       1.3084
     416       1.3339
     417       1.2633
     418       1.3224
     419       1.3188
     420       1.2859
     421       1.2850
     422       1.3225
     423       1.3217
     424       1.3057
     425       1.2674
     426       1.2994
     427       1.2303
     428       1.2565
     429       1.2505
     430       1.2597
     431       1.2741
     432       1.2617
     433       1.2942
     434       1.2540
     435       1.2992
     436       1.2882
     437       1.3938
     438       1.3023
     439       1.2470
     440       1.2616
     441       1.2926
     442       1.3005
     443       1.2948
     444       1.2612
     445       1.2664
     446       1.2561
     447       1.2997
     448       1.3450
     449       1.3354
     450       1.3521
     451       1.3763
     452       1.4288
     453       1.3891
     454       1.4214
     455       1.3592
     456       1.3672
     457       1.3165
     458       1.3988
     459       1.3141
     460       1.3490
     461       1.4208
     462       1.3826
     463       1.3932
     464       1.3355
     465       1.3606
     466       1.3812
     467       1.3599
     468       1.4206
     469       1.3998
     470       1.4251
     471       1.4385
     472       1.3807
     473       1.3918
     474       1.4756
     475       1.5166
     476       1.4181
     477       1.4317
     478       1.4736
     479       1.4319
     480       1.4726
     481       1.5122
     482       1.4511
     483       1.4337
     484       1.4783
     485       1.4039
     486       1.4500
     487       1.4064
     488       1.4653
     489       1.4495
     490       1.4516
     491       1.3840
     492       1.3865
     493       1.4470
     494       1.3425
     495       1.3859
     496       1.3932
     497       1.3945
     498       1.4072
     499       1.4110
     500       1.4700
     501       1.4627
     502       1.3906
     503       1.3809
     504       1.4282
     505       1.4123
     506       1.3281
     507       1.3799
     508       1.3665
     509       1.3630
     510       1.4370
     511       1.5106
     512       1.4864
     513       1.4362
     514       1.4321
     515       1.4880
     516       1.4444
     517       1.4527
     518       1.4901
     519       1.4319
     520       1.4749
     521       1.4526
     522       1.4768
     523       1.3917
     524       1.4618
     525       1.3933
     526       1.4255
     527       1.4569
     528       1.4984
     529       1.4966
     530       1.4385
     531       1.4681
     532       1.4164
     533       1.4427
     534       1.4107
     535       1.4347
     536       1.4642
     537       1.4135
     538       1.4228
     539       1.4510
     540       1.4387
     541       1.4061
     542       1.4301
     543       1.4762
     544       1.3635
     545       1.3871
     546       1.4017
     547       1.4275
     548       1.3935
     549       1.4351
     550       1.4105
     551       1.3474
     552       1.3722
     553       1.4309
     554       1.4075
     555       1.4466
     556       1.3466
     557       1.4425
     558       1.4175
     559       1.4217
     560       1.3792
     561       1.4636
     562       1.4895
     563       1.4436
     564       1.4515
     565       1.4478
     566       1.5003
     567       1.5029
     568       1.5347
     569       1.4610
     570       1.4616
     571       1.4846
     572       1.4859
     573       1.5035
     574       1.4386
     575       1.4387
     576       1.4705
     577       1.4452
     578       1.4258
     579       1.3645
     580       1.3953
     581       1.4362
     582       1.4018
     583       1.3843
     584       1.4272
     585       1.4241
     586       1.3652
     587       1.3723
     588       1.4624
     589       1.4460
     590       1.4848
     591       1.4199
     592       1.4172
     593       1.4045
     594       1.4645
     595       1.5120
     596       1.4679
     597       1.5011
     598       1.4711
     599       1.4534
     600       1.4129
     601       1.3729
     602       1.4226
     603       1.4051
     604       1.4056
     605       1.4234
     606       1.4405
     607       1.5009
     608       1.4555
     609       1.4393
     610       1.4230
     611       1.5098
     612       1.4525
     613       1.5707
     614       1.5092
     615       1.4908
     616       1.4567
     617       1.4555
     618       1.5073
     619       1.5753
     620       1.5206
     621       1.5218
     622       1.5063
     623       1.5185
     624       1.4413
     625       1.4294
     626       1.4296
     627       1.4970
     628       1.4863
     629       1.4532
     630       1.4175
     631       1.4601
     632       1.4687
     633       1.4916
     634       1.5812
     635       1.5261
     636       1.4685
     637       1.4745
     638       1.4483
     639       1.4323
     640       1.4445
     641       1.4461
     642       1.4561
     643       1.5772
     644       1.5609
     645       1.5743
     646       1.5014
     647       1.4804
     648       1.4462
     649       1.4578
     650       1.4920
     651       1.4235
     652       1.3758
     653       1.4577
     654       1.4497
     655       1.4300
     656       1.4217
     657       1.4888
     658       1.4534
     659       1.4744
     660       1.4619
     661       1.4965
     662       1.5340
     663       1.4664
     664       1.5006
     665       1.5099
     666       1.4173
     667       1.4554
     668       1.4125
     669       1.4417
     670       1.4022
     671       1.3663
     672       1.3839
     673       1.4249
     674       1.4396
     675       1.4092
     676       1.3548
     677       1.3896
     678       1.3927
     679       1.3283
     680       1.3753
     681       1.3756
     682       1.3445
     683       1.3906
     684       1.3786
     685       1.3664
     686       1.3883
     687       1.3596
     688       1.4267
     689       1.3611
     690       1.4064
     691       1.4001
     692       1.4098
     693       1.4057
     694       1.4157
     695       1.4365
     696       1.4122
     697       1.4171
     698       1.4076
     699       1.4688
     700       1.4744
     701       1.4800
     702       1.4398
     703       1.4531
     704       1.4463
     705       1.4127
     706       1.4303
     707       1.4982
     708       1.4793
     709       1.4390
     710       1.4174
     711       1.4109
     712       1.4263
     713       1.4846
     714       1.4867
     715       1.4962
     716       1.5094
     717       1.4911
     718       1.4329
     719       1.4761
     720       1.5164
     721       1.4883
     722       1.4198
     723       1.4269
     724       1.3981
     725       1.4231
     726       1.4863
     727       1.4622
     728       1.5201
     729       1.5130
     730       1.4918
     731       1.4842
     732       1.5464
     733       1.5821
     734       1.6172
     735       1.5531
     736       1.6313
     737       1.6282
     738       1.5494
     739       1.5334
     740       1.5587
     741       1.5410
     742       1.5715
     743       1.5813
     744       1.5809
     745       1.5602
     746       1.5695
     747       1.5731
     748       1.4930
     749       1.5031
     750       1.4446
     751       1.4643
     752       1.4930
     753       1.4824
     754       1.4180
     755       1.5364
     756       1.5378
     757       1.5613
     758       1.5683
     759       1.5753
     760       1.5686
     761       1.6133
     762       1.5757
     763       1.5847
     764       1.6769
     765       1.6198
     766       1.6379
     767       1.5144
     768       1.5283
     769       1.6105
     770       1.6175
     771       1.6663
     772       1.6325
     773       1.6264
     774       1.5774
     775       1.6995
     776       1.5814
     777       1.6261
     778       1.6820
     779       1.6507
     780       1.6632
     781       1.7162
     782       1.6657
     783       1.6335
     784       1.5700
     785       1.6121
     786       1.6235
     787       1.6412
     788       1.6425
     789       1.6669
     790       1.7085
     791       1.6791
     792       1.7080
     793       1.6840
     794       1.7325
     795       1.7345
     796       1.7319
     797       1.7446
     798       1.7090
     799       1.7644
     800       1.7660
     801       1.7878
     802       1.7377
     803       1.7441
     804       1.7885
     805       1.7326
     806       1.7768
     807       1.6825
     808       1.6708
     809       1.7242
     810       1.8008
     811       1.8510
     812       1.7607
     813       1.7370
     814       1.7639
     815       1.8331
     816       1.9060
     817       1.8595
     818       1.8735
     819       1.9070
     820       1.8226
     821       1.8317
     822       1.8061
     823       1.8141
     824       1.8953
     825       1.8315
     826       1.8163
     827       1.8948
     828       1.8338
     829       1.7537
     830       1.8151
     831       1.8218
     832       1.8305
     833       1.7921
     834       1.7770
     835       1.7620
     836       1.8051
     837       1.8152
     838       1.8405
     839       1.8703
     840       1.8232
     841       1.8183
     842       1.8042
     843       1.8656
     844       1.8139
     845       1.7909
     846       1.8027
     847       1.8293
     848       1.8368
     849       1.8588
     850       1.8764
     851       1.8863
     852       1.9280
     853       1.9101
     854       1.8847
     855       1.8589
     856       1.9093
     857       1.8541
     858       1.9615
     859       1.9298
     860       1.8936
     861       1.9691
     862       1.9512
     863       1.8828
     864       1.8489
     865       1.8222
     866       1.8164
     867       1.7890
     868       1.8096
     869       1.8620
     870       1.8111
     871       1.8254
     872       1.9030
     873       1.8283
     874       1.7636
     875       1.7684
     876       1.7579
     877       1.7603
     878       1.7444
     879       1.7838
     880       1.7136
     881       1.7345
     882       1.7497
     883       1.6988
     884       1.7143
     885       1.6772
     886       1.7049
     887       1.6714
     888       1.7511
     889       1.7280
     890       1.7827
     891       1.7689
     892       1.7898
     893       1.8254
     894       1.7742
     895       1.7638
     896       1.7456
     897       1.7795
     898       1.7818
     899       1.7708
     900       1.7957
     901       1.8691
     902       1.7824
     903       1.8273
     904       1.9031
     905       1.8738
     906       1.8772
     907       1.9294
     908       1.9287
     909       1.9130
     910       1.9315
     911       1.9392
     912       1.8485
     913       1.9019
     914       1.9758
     915       1.9293
     916       1.9254
     917       1.9392
     918       1.9714
     919       1.9425
     920       1.9253
     921       1.9961
     922       1.9224
     923       1.9534
     924       1.9912
     925       1.8773
     926       1.8248
     927       1.8285
     928       1.8575
     929       1.8429
     930       1.8857
     931       1.8863
     932       1.7966
     933       1.8784
     934       1.8263
     935       1.8372
     936       1.8026
     937       1.7898
     938       1.7910
     939       1.7944
     940       1.8702
     941       1.9005
     942       1.9150
     943       1.8814
     944       1.9116
     945       1.9358
     946       1.9341
     947       1.9145
     948       1.9481
     949       1.9229
     950       1.8682
     951       1.8328
     952       1.8983
     953       1.8730
     954       1.8379
     955       1.8128
     956       1.8323
     957       1.8324
     958       1.8459
     959       1.8594
     960       1.9019
     961       1.8319
     962       1.8528
     963       1.8699
     964       1.8463
     965       1.8373
     966       1.8237
     967       1.8837
     968       1.9150
     969       1.9649
     970       1.8544
     971       1.8356
     972       1.8687
     973       1.8735
     974       1.8122
     975       1.7975
     976       1.7950
     977       1.8360
     978       1.7904
     979       1.7893
     980       1.8465
     981       1.8179
     982       1.8346
     983       1.8191
     984       1.7975
     985       1.8053
     986       1.7711
     987       1.8200
     988       1.7447
     989       1.7757
     990       1.7239
     991       1.7559
     992       1.7036
     993       1.6775
     994       1.7247
     995       1.6767
     996       1.7418
     997       1.7283
     998       1.6846
     999       1.7085
    1000       1.7599
    1001       1.6502
    1002       1.6961
    1003       1.6438
    1004       1.6443
    1005       1.6997
    1006       1.6526
    1007       1.6249
    1008       1.5849
    1009       1.5652
    1010       1.5243
    1011       1.5698
    1012       1.5621
    1013       1.5668
    1014       1.5673
    1015       1.5520
    1016       1.6327
    1017       1.5790
    1018       1.5434
    1019       1.5896
    1020       1.5177
    1021       1.5615
    1022       1.5918
    1023       1.5961
    1024       1.5459
    1025       1.5613
    1026       1.5123
    1027       1.5517
    1028       1.5262
    1029       1.5848
    1030       1.6244
    1031       1.6567
    1032       1.5946
    1033       1.6221
    1034       1.7191
    1035       1.7105
    1036       1.7565
    1037       1.7264
    1038       1.6610
    1039       1.6292
    1040       1.6116
    1041       1.6590
    1042       1.6669
    1043       1.6210
    1044       1.5585
    1045       1.5559
    1046       1.5879
    1047       1.6004
    1048       1.6361
    1049       1.6348
    1050       1.6963
    1051       1.6858
    1052       1.6204
    1053       1.6258
    1054       1.5980
    1055       1.6486
    1056       1.6940
    1057       1.6235
    1058       1.6460
    1059       1.5568
    1060       1.5644
    1061       1.6328
    1062       1.6374
    1063       1.6282
    1064       1.5983
    1065       1.7624
    1066       1.8204
    1067       1.8003
    1068       1.8138
    1069       1.7534
    1070       1.6977
    1071       1.7205
    1072       1.7632
    1073       1.7493
    1074       1.7466
    1075       1.7585
    1076       1.7672
    1077       1.7748
    1078       1.7953
    1079       1.7842
    1080       1.7443
    1081       1.8200
    1082       1.8536
    1083       1.8242
    1084       1.8482
    1085       1.8846
    1086       1.7390
    1087       1.7885
    1088       1.9017
    1089       1.8502
    1090       1.7742
    1091       1.7264
    1092       1.7911
    1093       1.7914
    1094       1.8528
    1095       1.7486
    1096       1.7180
    1097       1.7410
    1098       1.8920
    1099       1.8473
    1100       1.8525
    1101       1.8673
    1102       1.8703
    1103       1.8544
    1104       1.8720
    1105       1.8096
    1106       1.8174
    1107       1.8066
    1108       1.7862
    1109       1.7666
    1110       1.8501
    1111       1.8074
    1112       1.8324
    1113       1.7963
    1114       1.8580
    1115       1.8612
    1116       1.9278
    1117       1.8699
    1118       1.8957
    1119       1.9074
    1120       1.9397
    1121       1.9013
    1122       1.9452
    1123       1.9303
    1124       1.9509
    1125       1.9852
    1126       2.0328
    1127       2.0200
    1128       1.9847
    1129       2.0046
    1130       2.0378
    1131       1.9287
    1132       2.0226
    1133       1.9877
    1134       2.0609
    1135       2.0968
    1136       2.0885
    1137       2.0394
    1138       2.0915
    1139       2.0177
    1140       2.0033
    1141       1.9892
    1142       1.9744
    1143       1.9754
    1144       2.0384
    1145       2.0272
    1146       2.0602
    1147       2.0628
    1148       2.0587
    1149       2.0093
    1150       2.0031
    1151       1.9531
    1152       1.9187
    1153       1.9443
    1154       1.8315
    1155       1.8547
    1156       1.9160
    1157       1.9378
    1158       1.9330
    1159       1.9848
    1160       1.9081
    1161       1.9214
    1162       1.8298
    1163       1.9134
    1164       2.0022
    1165       1.9977
    1166       2.0222
    1167       2.1313
    1168       2.2177
    1169       2.1690
    1170       2.2015
    1171       2.2391
    1172       2.1694
    1173       2.1073
    1174       2.1112
    1175       2.1752
    1176       2.1969
    1177       2.1908
    1178       2.1409
    1179       2.2351
    1180       2.1944
    1181       2.0871
    1182       2.1130
    1183       2.1136
    1184       2.1815
    1185       2.1667
    1186       2.0657
    1187       2.0590
    1188       2.0912
    1189       2.1246
    1190       2.1455
    1191       2.1303
    1192       2.1814
    1193       2.1921
    1194       2.2518
    1195       2.2540
    1196       2.1931
    1197       2.2129
    1198       2.1791
    1199       2.1406
    1200       2.1777
    1201       2.1835
    1202       2.1287
    1203       2.1746
    1204       2.1254
    1205       2.1530
    1206       2.1383
    1207       2.1707
    1208       2.1251
    1209       2.1996
    1210       2.1918
    1211       2.1628
    1212       2.0847
    1213       2.0480
    1214       2.0726
    1215       1.9971
    1216       2.0260
    1217       2.0667
    1218       1.9863
    1219       2.0128
    1220       1.9579
    1221       1.9650
    1222       1.9724
    1223       2.0211
    1224       2.0699
    1225       1.9713
    1226       1.9205
    1227       1.9426
    1228       1.9602
    1229       2.0232
    1230       1.9239
    1231       1.9684
    1232       1.9766
    1233       2.0435
    1234       2.0157
    1235       1.9444
    1236       2.0512
    1237       2.0533
    1238       2.1180
    1239       2.0580
    1240       2.1061
    1241       2.0308
    1242       2.0325
    1243       2.0370
    1244       2.0303
    1245       2.0395
    1246       2.0860
    1247       2.1037
    1248       2.0800
    1249       2.0616
    1250       2.0442
    1251       2.0700
    1252       2.0432
    1253       1.9816
    1254       2.0428
    1255       2.0843
    1256       2.0859
    1257       2.0863
    1258       2.0871
    1259       2.1284
    1260       2.2475
    1261       2.2477
    1262       2.2226
    1263       2.2635
    1264       2.2631
    1265       2.3417
    1266       2.3524
    1267       2.3428
    1268       2.3617
    1269       2.3428
    1270       2.3792
    1271       2.2859
    1272       2.2465
    1273       2.3106
    1274       2.2918
    1275       2.1742
    1276       2.2188
    1277       2.1685
    1278       2.2691
    1279       2.2638
    1280       2.2722
    1281       2.1526
    1282       2.2349
    1283       2.2720
    1284       2.2776
    1285       2.3252
    1286       2.3236
    1287       2.3528
    1288       2.2547
    1289       2.3214
    1290       2.2296
    1291       2.2290
    1292       2.2358
    1293       2.3660
    1294       2.3623
    1295       2.3084
    1296       2.3262
    1297       2.2982
    1298       2.3920
    1299       2.3057
    1300       2.2776
    1301       2.3215
    1302       2.2942
    1303       2.3561
    1304       2.3193
    1305       2.3291
    1306       2.3245
    1307       2.2491
    1308       2.2851
    1309       2.3231
    1310       2.3023
    1311       2.3375
    1312       2.3041
    1313       2.2913
    1314       2.3514
    1315       2.3236
    1316       2.1545
    1317       2.1631
    1318       2.2020
    1319       2.3110
    1320       2.3009
    1321       2.2369
    1322       2.2732
    1323       2.2056
    1324       2.2080
    1325       2.2814
    1326       2.2717
    1327       2.3052
    1328       2.3416
    1329       2.3106
    1330       2.3419
    1331       2.3003
    1332       2.3243
    1333       2.3048
    1334       2.3444
    1335       2.3672
    1336       2.3198
    1337       2.3349
    1338       2.3408
    1339       2.3755
    1340       2.3617
    1341       2.3065
    1342       2.3000
    1343       2.2689
    1344       2.3634
    1345       2.3974
    1346       2.3504
    1347       2.4169
    1348       2.4195
    1349       2.4440
    1350       2.3964
    1351       2.3524
    1352       2.3615
    1353       2.3394
    1354       2.3463
    1355       2.3098
    1356       2.2812
    1357       2.2872
    1358       2.3776
    1359       2.3538
    1360       2.4681
    1361       2.3439
    1362       2.3286
    1363       2.3728
    1364       2.4452
    1365       2.3532
    1366       2.3593
    1367       2.3488
    1368       2.3287
    1369       2.3175
    1370       2.2976
    1371       2.4217
    1372       2.4059
    1373       2.4417
    1374       2.4846
    1375       2.4311
    1376       2.4866
    1377       2.4487
    1378       2.3804
    1379       2.4697
    1380       2.3953
    1381       2.3747
    1382       2.4758
    1383       2.4375
    1384       2.4696
    1385       2.4371
    1386       2.4573
    1387       2.4321
    1388       2.5082
    1389       2.4638
    1390       2.4571
    1391       2.4432
    1392       2.3967
    1393       2.4022
    1394       2.3678
    1395       2.3922
    1396       2.3641
    1397       2.3607
    1398       2.2548
    1399       2.2612
    1400       2.3014
    1401       2.3370
    1402       2.3327
    1403       2.3846
    1404       2.3947
    1405       2.3839
    1406       2.4196
    1407       2.4149
    1408       2.4007
    1409       2.4568
    1410       2.4949
    1411       2.4362
    1412       2.4389
    1413       2.3941
    1414       2.5136
    1415       2.4942
    1416       2.5142
    1417       2.6006
    1418       2.5976
    1419       2.5329
    1420       2.5234
    1421       2.4743
    1422       2.5123
    1423       2.4482
    1424       2.4442
    1425       2.4903
    1426       2.4126
    1427       2.4027
    1428       2.4190
    1429       2.3959
    1430       2.4002
    1431       2.3776
    1432       2.4135
    1433       2.3421
    1434       2.3624
    1435       2.3249
    1436       2.4099
    1437       2.4652
    1438       2.4530
    1439       2.3447
    1440       2.3377
    1441       2.3777
    1442       2.3744
    1443       2.3272
    1444       2.2472
    1445       2.2450
    1446       2.1631
    1447       2.2333
    1448       2.3193
    1449       2.2814
    1450       2.2777
    1451       2.2440
    1452       2.2912
    1453       2.2583
    1454       2.2875
    1455       2.2837
    1456       2.2812
    1457       2.2748
    1458       2.3134
    1459       2.2781
    1460       2.3075
    1461       2.3194
    1462       2.2942
    1463       2.2112
    1464       2.1999
    1465       2.1808
    1466       2.2863
    1467       2.3352
    1468       2.2077
    1469       2.1849
    1470       2.1924
    1471       2.1380
    1472       2.2350
    1473       2.2133
    1474       2.1436
    1475       2.1304
    1476       2.2355
    1477       2.2002
    1478       2.1791
    1479       2.2978
    1480       2.2699
    1481       2.2628
    1482       2.3511
    1483       2.2836
    1484       2.3248
    1485       2.2710
    1486       2.3729
    1487       2.3482
    1488       2.3574
    1489       2.2826
    1490       2.3343
    1491       2.3823
    1492       2.2210
    1493       2.3075
    1494       2.2284
    1495       2.3021
    1496       2.3160
    1497       2.1726
    1498       2.2657
    1499       2.2002
    1500       2.1221
    1501       2.2499
    1502       2.1794
    1503       2.1435
    1504       2.2024
    1505       2.1323
    1506       2.1610
    1507       2.1025
    1508       2.1275
    1509       2.1495
    1510       2.1801
    1511       2.1657
    1512       2.1614
    1513       2.1983
    1514       2.2257
    1515       2.2269
    1516       2.2129
    1517       2.1949
    1518       2.1995
    1519       2.2137
    1520       2.1811
    1521       2.1363
    1522       2.0834
    1523       2.1145
    1524       2.0958
    1525       2.0776
    1526       2.0610
    1527       2.0760
    1528       2.0882
    1529       2.0778
    1530       2.1189
    1531       2.0735
    1532       2.0443
    1533       2.0472
    1534       2.0735
    1535       2.0906
    1536       2.0657
    1537       2.1592
    1538       2.1048
    1539       2.2104
    1540       2.2419
    1541       2.3030
    1542       2.2785
    1543       2.2244
    1544       2.2701
    1545       2.2660
    1546       2.3107
    1547       2.2954
    1548       2.3195
    1549       2.2850
    1550       2.2548
    1551       2.2451
    1552       2.2229
    1553       2.2063
    1554       2.1481
    1555       2.1022
    1556       2.1761
    1557       2.1334
    1558       2.1256
    1559       2.0596
    1560       2.0608
    1561       2.0871
    1562       2.1175
    1563       2.1811
    1564       2.1800
    1565       2.0418
    1566       2.1378
    1567       2.1436
    1568       2.1053
    1569       2.1509
    1570       2.1287
    1571       2.1184
    1572       2.1392
    1573       2.1457
    1574       2.1497
    1575       2.1654
    1576       2.1702
    1577       2.1996
    1578       2.1647
    1579       2.2676
    1580       2.2650
    1581       2.2475
    1582       2.2866
    1583       2.2608
    1584       2.2999
    1585       2.2214
    1586       2.2116
    1587       2.2436
    1588       2.2455
    1589       2.1607
    1590       2.1632
    1591       2.1863
    1592       2.1682
    1593       2.1900
    1594       2.0776
    1595       2.1163
    1596       2.1309
    1597       2.1656
    1598       2.1456
    1599       2.2163
    1600       2.1512
    1601       2.1213
    1602       2.1389
    1603       2.0803
    1604       2.0500
    1605       2.0531
    1606       2.1490
    1607       2.0739
    1608       2.0924
    1609       2.1952
    1610       2.1540
    1611       2.1600
    1612       2.1395
    1613       2.0958
    1614       2.0956
    1615       2.1485
    1616       2.1565
    1617       2.1804
    1618       2.1904
    1619       2.2368
    1620       2.2814
    1621       2.1987
    1622       2.1367
    1623       2.1652
    1624       2.1263
    1625       2.1808
    1626       2.1496
    1627       2.1068
    1628       2.1799
    1629       2.1872
    1630       2.2093
    1631       2.2267
    1632       2.1229
    1633       2.0879
    1634       2.0922
    1635       2.1618
    1636       2.2524
    1637       2.1934
    1638       2.2357
    1639       2.1978
    1640       2.1959
    1641       2.1816
    1642       2.1796
    1643       2.1884
    1644       2.1628
    1645       2.1890
    1646       2.3188
    1647       2.2718
    1648       2.2153
    1649       2.2413
    1650       2.2097
    1651       2.1626
    1652       2.1734
    1653       2.1574
    1654       2.1935
    1655       2.1977
    1656       2.2809
    1657       2.2115
    1658       2.1282
    1659       2.1866
    1660       2.2050
    1661       2.1936
    1662       2.2056
    1663       2.2506
    1664       2.2764
    1665       2.2302
    1666       2.2282
    1667       2.1196
    1668       2.1578
    1669       2.1472
    1670       2.1285
    1671       2.1591
    1672       2.1950
    1673       2.1415
    1674       2.1660
    1675       2.1532
    1676       2.1477
    1677       2.1923
    1678       2.2419
    1679       2.2622
    1680       2.2126
    1681       2.2576
    1682       2.2608
    1683       2.3174
    1684       2.3581
    1685       2.3163
    1686       2.3529
    1687       2.3032
    1688       2.2903
    1689       2.2755
    1690       2.2994
    1691       2.2310
    1692       2.1832
    1693       2.2082
    1694       2.2111
    1695       2.2170
    1696       2.2544
    1697       2.1955
    1698       2.1819
    1699       2.2408
    1700       2.2135
    1701       2.1200
    1702       2.1864
    1703       2.1941
    1704       2.2451
    1705       2.2289
    1706       2.1896
    1707       2.2274
    1708       2.1980
    1709       2.2018
    1710       2.2334
    1711       2.2870
    1712       2.2860
    1713       2.3881
    1714       2.4203
    1715       2.4768
    1716       2.4502
    1717       2.4344
    1718       2.4060
    1719       2.3767
    1720       2.4614
    1721       2.3829
    1722       2.3012
    1723       2.3108
    1724       2.3605
    1725       2.4040
    1726       2.3943
    1727       2.3912
    1728       2.3802
    1729       2.3458
    1730       2.3665
    1731       2.3544
    1732       2.3927
    1733       2.4223
    1734       2.3795
    1735       2.3967
    1736       2.4163
    1737       2.4724
    1738       2.4110
    1739       2.4076
    1740       2.3728
    1741       2.3454
    1742       2.4767
    1743       2.3641
    1744       2.3385
    1745       2.3056
    1746       2.3284
    1747       2.4472
    1748       2.3251
    1749       2.3343
    1750       2.2048
    1751       2.2798
    1752       2.3264
    1753       2.2639
    1754       2.1901
    1755       2.2192
    1756       2.2126
    1757       2.1659
    1758       2.1610
    1759       2.2029
    1760       2.1829
    1761       2.2000
    1762       2.1539
    1763       2.1802
    1764       2.1665
    1765       2.1862
    1766       2.2780
    1767       2.3182
    1768       2.2393
    1769       2.2282
    1770       2.2510
    1771       2.2462
    1772       2.2306
    1773       2.2490
    1774       2.2298
    1775       2.2516
    1776       2.2940
    1777       2.2486
    1778       2.2387
    1779       2.2370
    1780       2.2013
    1781       2.1921
    1782       2.2189
    1783       2.2339
    1784       2.2284
    1785       2.2618
    1786       2.3543
    1787       2.3769
    1788       2.4296
    1789       2.4687
    1790       2.4724
    1791       2.4434
    1792       2.3702
    1793       2.3987
    1794       2.4631
    1795       2.4804
    1796       2.4651
    1797       2.4640
    1798       2.4972
    1799       2.4837
    1800       2.4784
    1801       2.3802
    1802       2.3731
    1803       2.2781
    1804       2.3184
    1805       2.2228
    1806       2.2081
    1807       2.2512
    1808       2.1954
    1809       2.1390
    1810       2.1136
    1811       2.2135
    1812       2.2381
    1813       2.2331
    1814       2.2102
    1815       2.1772
    1816       2.0636
    1817       2.1441
    1818       2.1393
    1819       2.0924
    1820       2.1407
    1821       2.1667
    1822       2.1453
    1823       2.1968
    1824       2.1744
    1825       2.1260
    1826       2.1355
    1827       2.1405
    1828       2.0976
    1829       2.0867
    1830       2.1003
    1831       2.1233
    1832       2.1791
    1833       2.2145
    1834       2.1986
    1835       2.2708
    1836       2.2866
    1837       2.2461
    1838       2.2902
    1839       2.2497
    1840       2.1875
    1841       2.1689
    1842       2.1859
    1843       2.1185
    1844       2.1595
    1845       2.1312
    1846       2.1052
    1847       2.1310
    1848       2.1704
    1849       2.2590
    1850       2.3096
    1851       2.2372
    1852       2.2886
    1853       2.3521
    1854       2.3033
    1855       2.3418
    1856       2.3733
    1857       2.3075
    1858       2.3487
    1859       2.3660
    1860       2.4169
    1861       2.3307
    1862       2.3754
    1863       2.4003
    1864       2.3732
    1865       2.4054
    1866       2.3423
    1867       2.3562
    1868       2.3234
    1869       2.3379
    1870       2.3640
    1871       2.3383
    1872       2.2632
    1873       2.2920
    1874       2.3314
    1875       2.2741
    1876       2.2898
    1877       2.2840
    1878       2.3831
    1879       2.2999
    1880       2.3897
    1881       2.4074
    1882       2.3886
    1883       2.4036
    1884       2.3560
    1885       2.4649
    1886       2.3088
    1887       2.2743
    1888       2.3168
    1889       2.3064
    1890       2.3530
    1891       2.3652
    1892       2.3240
    1893       2.3437
    1894       2.2989
    1895       2.3526
    1896       2.2924
    1897       2.3751
    1898       2.3422
    1899       2.4076
    1900       2.3852
    1901       2.3925
    1902       2.4380
    1903       2.5304
    1904       2.5347
    1905       2.5927
    1906       2.5342
    1907       2.4947
    1908       2.5488
    1909       2.5138
    1910       2.5032
    1911       2.5005
    1912       2.5639
    1913       2.5829
    1914       2.4497
    1915       2.4594
    1916       2.5782
    1917       2.5481
    1918       2.4953
    1919       2.5104
    1920       2.5270
    1921       2.5078
    1922       2.5077
    1923       2.5511
    1924       2.5573
    1925       2.5524
    1926       2.4413
    1927       2.4583
    1928       2.4230
    1929       2.4433
    1930       2.4100
    1931       2.4140
    1932       2.3935
    1933       2.4777
    1934       2.5093
    1935       2.3698
    1936       2.3625
    1937       2.3122
    1938       2.3586
    1939       2.3453
    1940       2.3734
    1941       2.4063
    1942       2.4641
    1943       2.5013
    1944       2.5668
    1945       2.5380
    1946       2.5912
    1947       2.5505
    1948       2.5258
    1949       2.6209
    1950       2.6792
    1951       2.6207
    1952       2.6002
    1953       2.5692
    1954       2.5639
    1955       2.4808
    1956       2.5076
    1957       2.4136
    1958       2.4853
    1959       2.4851
    1960       2.4888
    1961       2.4406
    1962       2.4541
    1963       2.4876
    1964       2.4153
    1965       2.4290
    1966       2.5163
    1967       2.4555
    1968       2.4577
    1969       2.5071
    1970       2.4582
    1971       2.3983
    1972       2.4303
    1973       2.3823
    1974       2.3945
    1975       2.4445
    1976       2.4134
    1977       2.4888
    1978       2.4969
    1979       2.5330
    1980       2.4383
    1981       2.4404
    1982       2.4897
    1983       2.4786
    1984       2.4785
    1985       2.4512
    1986       2.4771
    1987       2.4563
    1988       2.4572
    1989       2.4655
    1990       2.4539
    1991       2.4371
    1992       2.4838
    1993       2.5123
    1994       2.4160
    1995       2.3742
    1996       2.3136
    1997       2.3529
    1998       2.2776
    1999       2.3476
    2000       2.4219
    2001       2.3810
    2002       2.4601
    2003       2.5130
    2004       2.4215
    2005       2.4268
    2006       2.4463
    2007       2.3923
    2008       2.3083
    2009       2.3555
    2010       2.4068
    2011       2.3611
    2012       2.3076
    2013       2.2867
    2014       2.3105
    2015       2.2407
    2016       2.2639
    2017       2.3415
    2018       2.3674
    2019       2.2830
    2020       2.3853
    2021       2.4092
    2022       2.4150
    2023       2.3895
    2024       2.3282
    2025       2.4107
    2026       2.3005
    2027       2.3077
    2028       2.2916
    2029       2.2345
    2030       2.2524
    2031       2.1872
    2032       2.1748
    2033       2.1737
    2034       2.2129
    2035       2.1862
    2036       2.2113
    2037       2.2449
    2038       2.1922
    2039       2.2058
    2040       2.1636
    2041       2.1421
    2042       2.1601
    2043       2.1356
    2044       2.1876
    2045       2.1166
    2046       2.1027
    2047       2.1118
    2048       2.0702
    2049       2.1386
    2050       2.1514
    2051       2.2256
    2052       2.1892
    2053       2.1992
    2054       2.1755
    2055       2.1483
    2056       2.2031
    2057       2.2104
    2058       2.1390
    2059       2.1233
    2060       2.1427
    2061       2.0922
    2062       2.1901
    2063       2.1651
    2064       2.2079
    2065       2.2107
    2066       2.2491
    2067       2.1471
    2068       2.1121
    2069       2.0748
    2070       2.0465
    2071       2.0231
    2072       2.0791
    2073       2.0199
    2074       1.9981
    2075       2.0510
    2076       2.1069
    2077       2.0206
    2078       1.9634
    2079       2.0296
    2080       1.9953
    2081       2.0094
    2082       2.0737
    2083       2.1169
    2084       2.1163
    2085       2.0518
    2086       2.0426
    2087       2.0365
    2088       2.0134
    2089       1.9888
    2090       2.0184
    2091       2.0539
    2092       2.0880
    2093       2.1376
    2094       2.1332
    2095       2.0962
    2096       2.0689
    2097       2.0257
    2098       2.0442
    2099       1.9941
    2100       2.0293
    2101       1.9746
    2102       2.0352
    2103       1.9006
    2104       1.9151
    2105       1.8829
    2106       1.9521
    2107       1.9659
    2108       1.8900
    2109       1.9618
    2110       1.9770
    2111       1.9714
    2112       1.9880
    2113       1.9985
    2114       2.0556
    2115       2.1804
    2116       2.0578
    2117       2.0927
    2118       2.1405
    2119       2.0776
    2120       2.1159
    2121       2.1266
    2122       2.1162
    2123       2.0829
    2124       2.0299
    2125       1.9919
    2126       1.9856
    2127       1.8933
    2128       1.9499
    2129       1.8923
    2130       1.9083
    2131       1.9612
    2132       1.9916
    2133       1.9579
    2134       1.9870
    2135       1.9025
    2136       1.8915
    2137       1.9461
    2138       1.9818
    2139       1.9229
    2140       1.9438
    2141       1.9179
    2142       1.9274
    2143       1.9443
    2144       1.9482
    2145       1.9691
    2146       1.9872
    2147       1.9712
    2148       2.0364
    2149       2.0486
    2150       2.0551
    2151       2.1987
    2152       2.1845
    2153       2.0724
    2154       2.0425
    2155       1.9963
    2156       2.0554
    2157       2.0586
    2158       2.0912
    2159       2.0942
    2160       2.0858
    2161       2.0991
    2162       2.0928
    2163       2.1482
    2164       2.1091
    2165       2.0929
    2166       1.9906
    2167       2.0671
    2168       2.0289
    2169       2.0007
    2170       1.9628
    2171       1.9940
    2172       2.0411
    2173       2.0381
    2174       2.0612
    2175       1.9617
    2176       1.9928
    2177       1.9420
    2178       1.9262
    2179       1.8936
    2180       1.8995
    2181       1.9233
    2182       1.9539
    2183       1.9435
    2184       1.9396
    2185       1.9558
    2186       1.9128
    2187       1.9661
    2188       1.9744
    2189       1.9788
    2190       1.9622
    2191       1.9344
    2192       1.9728
    2193       1.9547
    2194       1.8975
    2195       1.9062
    2196       1.8665
    2197       1.9454
    2198       1.9575
    2199       1.9654
    2200       1.9594
    2201       1.9436
    2202       1.9337
    2203       1.9437
    2204       1.9777
    2205       1.9543
    2206       2.0011
    2207       1.8987
    2208       1.9376
    2209       1.9534
    2210       1.8781
    2211       1.9037
    2212       1.9868
    2213       2.0056
    2214       1.9548
    2215       1.9504
    2216       1.9895
    2217       1.9184
    2218       1.9488
    2219       1.9573
    2220       1.9482
    2221       1.9692
    2222       1.9495
    2223       1.9578
    2224       1.9905
    2225       2.0162
    2226       1.9506
    2227       1.9577
    2228       2.0366
    2229       2.0386
    2230       1.9843
    2231       1.9332
    2232       1.9817
    2233       2.0527
    2234       2.0270
    2235       1.9528
    2236       2.0222
    2237       1.9281
    2238       1.9256
    2239       1.9018
    2240       1.8730
    2241       1.8123
    2242       1.8554
    2243       1.9315
    2244       1.9769
    2245       1.9647
    2246       1.9728
    2247       1.9687
    2248       2.0511
    2249       2.0341
    2250       2.0699
    2251       2.0478
    2252       2.0383
    2253       2.0127
    2254       1.9695
    2255       1.9520
    2256       1.9535
    2257       1.9797
    2258       2.0787
    2259       2.0035
    2260       1.9711
    2261       1.9591
    2262       2.0601
    2263       2.0073
    2264       2.0397
    2265       2.0869
    2266       2.0642
    2267       2.0632
    2268       2.0453
    2269       2.0215
    2270       2.0751
    2271       2.0571
    2272       2.0651
    2273       2.0250
    2274       2.0312
    2275       2.0452
    2276       1.9861
    2277       2.0285
    2278       2.0639
    2279       1.9986
    2280       1.9995
    2281       1.9667
    2282       1.9980
    2283       2.0389
    2284       1.9695
    2285       2.0312
    2286       1.9823
    2287       1.9943
    2288       1.9972
    2289       2.0176
    2290       1.9970
    2291       1.9249
    2292       1.9415
    2293       1.9647
    2294       1.9610
    2295       2.0089
    2296       2.0515
    2297       2.0056
    2298       2.0308
    2299       1.9969
    2300       1.9385
    2301       2.0314
    2302       1.9585
    2303       1.9315
    2304       1.9809
    2305       1.9936
    2306       1.9248
    2307       1.9784
    2308       1.9512
    2309       1.9426
    2310       1.9324
    2311       1.9801
    2312       1.9959
    2313       1.9951
    2314       1.9466
    2315       2.0260
    2316       2.0716
    2317       1.9792
    2318       1.9953
    2319       1.9128
    2320       1.9865
    2321       1.9908
    2322       1.9132
    2323       1.8959
    2324       1.9004
    2325       1.9624
    2326       1.9515
    2327       1.9856
    2328       2.0412
    2329       2.1223
    2330       2.1222
    2331       2.1027
    2332       2.0825
    2333       2.0876
    2334       2.2027
    2335       2.1166
    2336       2.0470
    2337       2.1263
    2338       2.1168
    2339       2.0618
    2340       2.0466
    2341       2.0377
    2342       2.0253
    2343       2.0552
    2344       2.0503
    2345       2.0668
    2346       2.0716
    2347       2.0396
    2348       2.0407
    2349       1.9678
    2350       1.9819
    2351       2.0098
    2352       2.0050
    2353       2.0284
    2354       1.9309
    2355       1.9886
    2356       1.9510
    2357       1.9247
    2358       1.9060
    2359       1.9028
    2360       1.9691
    2361       1.9462
    2362       1.9204
    2363       1.8877
    2364       1.9312
    2365       1.9655
    2366       1.8440
    2367       1.9186
    2368       1.9236
    2369       1.9480
    2370       1.9659
    2371       1.8486
    2372       1.8212
    2373       1.8835
    2374       1.8437
    2375       1.8550
    2376       1.8962
    2377       1.8899
    2378       1.8842
    2379       1.9007
    2380       1.9038
    2381       1.8612
    2382       1.9392
    2383       1.8930
    2384       1.9759
    2385       1.9122
    2386       1.9544
    2387       1.8995
    2388       1.9708
    2389       1.8932
    2390       1.8879
    2391       1.9016
    2392       2.0051
    2393       1.9173
    2394       2.0255
    2395       1.9425
    2396       1.9803
    2397       1.9412
    2398       1.8843
    2399       1.9337
    2400       1.9515
    2401       1.9140
    2402       1.9116
    2403       1.9271
    2404       2.0043
    2405       2.0722
    2406       1.9888
    2407       2.0144
    2408       1.9527
    2409       2.0395
    2410       2.0690
    2411       2.0368
    2412       2.0663
    2413       2.0167
    2414       2.0903
    2415       2.0180
    2416       2.0214
    2417       2.0110
    2418       2.0031
    2419       1.9891
    2420       1.9415
    2421       1.9568
    2422       1.9610
    2423       1.9373
    2424       2.0167
    2425       2.0208
    2426       1.9649
    2427       2.0762
    2428       2.0528
    2429       2.0444
    2430       2.0771
    2431       2.0603
    2432       1.9926
    2433       2.0836
    2434       2.0223
    2435       2.1151
    2436       2.0611
    2437       1.9766
    2438       1.9488
    2439       2.0166
    2440       2.0498
    2441       2.0939
    2442       2.0332
    2443       2.0158
    2444       2.0815
    2445       2.1554
    2446       1.9894
    2447       1.9937
    2448       2.0164
    2449       2.0530
    2450       2.0431
    2451       2.0731
    2452       2.0604
    2453       2.0090
    2454       2.0407
    2455       1.9627
    2456       2.0476
    2457       1.9246
    2458       2.0147
    2459       1.9924
    2460       1.9584
    2461       2.0448
    2462       2.0593
    2463       2.1207
    2464       1.9812
    2465       1.9691
    2466       1.9920
    2467       1.9503
    2468       1.9326
    2469       1.8698
    2470       1.8905
    2471       1.9306
    2472       1.9683
    2473       1.9412
    2474       2.0254
    2475       2.0058
    2476       2.0084
    2477       1.9540
    2478       1.9523
    2479       1.9603
    2480       1.9380
    2481       1.9560
    2482       1.9763
    2483       1.9570
    2484       1.9713
    2485       1.9741
    2486       1.8932
    2487       1.9018
    2488       1.9964
    2489       1.9991
    2490       2.0377
    2491       2.0617
    2492       2.0029
    2493       1.9641
    2494       1.9210
    2495       2.0137
    2496       1.9848
    2497       1.9698
    2498       1.9020
    2499       1.9719
    2500       1.9287
    2501       1.9162
    2502       1.9483
    2503       2.0037
    2504       1.9991
    2505       2.0943
    2506       2.0261
    2507       2.0590
    2508       2.0775
    2509       2.0960
    2510       2.0740
    2511       2.1220
    2512       2.0883
    2513       2.1117
    2514       2.1473
    2515       2.0749
    2516       2.0813
    2517       2.0968
    2518       2.0957
    2519       2.0482
    2520       2.0385
    2521       2.0521
    2522       2.1497
    2523       2.0725
    2524       2.0977
    2525       2.1291
    2526       2.1281
    2527       2.1092
    2528       2.0963
    2529       2.0978
    2530       2.1091
    2531       2.1227
    2532       2.0698
    2533       2.1538
    2534       2.1081
    2535       2.1381
    2536       2.1225
    2537       2.2071
    2538       2.1633
    2539       2.2568
    2540       2.1574
    2541       2.2124
    2542       2.1823
    2543       2.0717
    2544       2.1154
    2545       2.0830
    2546       2.0636
    2547       2.1033
    2548       2.0323
    2549       2.0188
    2550       1.9906
    2551       2.0084
    2552       2.0158
    2553       2.0711
    2554       2.0486
    2555       2.0982
    2556       2.0775
    2557       2.0866
    2558       1.9728
    2559       2.0357
    2560       1.9555
    2561       1.9410
    2562       1.9461
    2563       2.0115
    2564       1.9998
    2565       1.9916
    2566       1.9593
    2567       2.0460
    2568       2.0119
    2569       1.9799
    2570       2.0236
    2571       1.9992
    2572       1.9937
    2573       2.0350
    2574       2.0124
    2575       2.0132
    2576       2.0675
    2577       2.0973
    2578       2.0194
    2579       2.0474
    2580       2.0828
    2581       2.0099
    2582       1.9970
    2583       1.9682
    2584       1.9864
    2585       2.0195
    2586       2.0557
    2587       2.0373
    2588       2.0451
    2589       2.1624
    2590       2.1625
    2591       2.2375
    2592       2.2579
    2593       2.1868
    2594       2.1834
    2595       2.1621
    2596       2.1261
    2597       2.1074
    2598       2.0311
    2599       2.1143
    2600       2.1650
    2601       2.0886
    2602       1.9795
    2603       1.9547
    2604       2.0199
    2605       1.9965
    2606       1.9565
    2607       1.9844
    2608       1.9426
    2609       1.9593
    2610       1.9009
    2611       1.8884
    2612       1.9362
    2613       1.8735
    2614       1.8341
    2615       1.8341
    2616       1.8854
    2617       1.8666
    2618       1.8362
    2619       1.8729
    2620       1.8611
    2621       1.9376
    2622       1.9010
    2623       1.9210
    2624       1.9066
    2625       1.8548
    2626       1.9019
    2627       1.8388
    2628       1.9426
    2629       1.8678
    2630       1.9043
    2631       1.8715
    2632       1.8830
    2633       1.8556
    2634       1.8889
    2635       1.8646
    2636       1.9275
    2637       1.9725
    2638       1.8844
    2639       1.8850
    2640       1.8789
    2641       1.8398
    2642       1.8979
    2643       1.9181
    2644       1.9680
    2645       1.9020
    2646       1.9242
    2647       1.9697
    2648       1.8954
    2649       1.8552
    2650       1.9344
    2651       1.9188
    2652       1.9410
    2653       1.8707
    2654       1.8621
    2655       1.8990
    2656       1.9459
    2657       1.8710
    2658       1.8316
    2659       1.9153
    2660       1.9335
    2661       1.8426
    2662       1.9002
    2663       1.8946
    2664       1.9815
    2665       2.0186
    2666       2.0042
    2667       2.0737
    2668       2.0089
    2669       1.8651
    2670       1.9513
    2671       1.9977
    2672       2.0045
    2673       2.1088
    2674       1.9990
    2675       2.0908
    2676       1.9938
    2677       2.0883
    2678       1.9977
    2679       2.0933
    2680       2.0712
    2681       2.0214
    2682       2.0284
    2683       2.0334
    2684       1.9671
    2685       2.0107
    2686       1.9821
    2687       1.9882
    2688       2.0124
    2689       2.0566
    2690       2.1047
    2691       2.0575
    2692       2.0239
    2693       2.0832
    2694       2.0239
    2695       2.1313
    2696       2.1382
    2697       2.1113
    2698       2.1502
    2699       2.1907
    2700       2.1673
    2701       2.0627
    2702       2.1674
    2703       2.0429
    2704       2.0956
    2705       2.0123
    2706       2.0335
    2707       2.1056
    2708       2.0290
    2709       2.0088
    2710       1.9969
    2711       2.0268
    2712       1.9996
    2713       2.0028
    2714       2.0430
    2715       1.9936
    2716       2.0013
    2717       1.9978
    2718       1.9218
    2719       1.9609
    2720       1.9473
    2721       1.9526
    2722       1.9985
    2723       1.9417
    2724       2.0108
    2725       1.9969
    2726       2.0079
    2727       1.9499
    2728       1.8744
    2729       1.8999
    2730       1.9237
    2731       1.9977
    2732       2.0563
    2733       2.0839
    2734       2.0887
    2735       2.2126
    2736       2.1339
    2737       2.1146
    2738       2.0370
    2739       2.0558
    2740       2.0251
    2741       1.9873
    2742       2.0054
    2743       2.0286
    2744       2.0084
    2745       1.9931
    2746       2.0583
    2747       2.0963
    2748       2.0148
    2749       2.0463
    2750       2.0665
    2751       2.0407
    2752       2.0019
    2753       2.0623
    2754       2.0389
    2755       2.0304
    2756       2.0433
    2757       2.0484
    2758       2.1708
    2759       2.1311
    2760       2.0701
    2761       2.0840
    2762       2.1487
    2763       2.1348
    2764       2.1076
    2765       2.1426
    2766       2.2094
    2767       2.0724
    2768       2.1404
    2769       2.1914
    2770       2.2806
    2771       2.1751
    2772       2.1717
    2773       2.0941
    2774       2.2224
    2775       2.1679
    2776       2.1534
    2777       2.1484
    2778       2.1264
    2779       2.0892
    2780       2.1665
    2781       2.2402
    2782       2.2080
    2783       2.1701
    2784       2.0993
    2785       2.0849
    2786       2.0215
    2787       2.0428
    2788       2.1295
    2789       2.1372
    2790       2.1043
    2791       2.1893
    2792       2.1812
    2793       2.2640
    2794       2.1252
    2795       2.1943
    2796       2.1940
    2797       2.1985
    2798       2.2160
    2799       2.1638
    2800       2.1186
    2801       2.1415
    2802       2.1969
    2803       2.2714
    2804       2.2695
    2805       2.1878
    2806       2.2233
    2807       2.2863
    2808       2.1917
    2809       2.1687
    2810       2.2257
    2811       2.2545
    2812       2.3352
    2813       2.2842
    2814       2.3294
    2815       2.2405
    2816       2.2563
    2817       2.2870
    2818       2.3661
    2819       2.2694
    2820       2.2478
    2821       2.2583
    2822       2.1951
    2823       2.2521
    2824       2.1971
    2825       2.2288
    2826       2.1697
    2827       2.1991
    2828       2.2313
    2829       2.1164
    2830       2.1240
    2831       2.1642
    2832       2.1305
    2833       2.0676
    2834       2.0693
    2835       2.1682
    2836       2.1446
    2837       2.1821
    2838       2.2018
    2839       2.1615
    2840       2.1580
    2841       2.1520
    2842       2.2066
    2843       2.2123
    2844       2.3483
    2845       2.2865
    2846       2.3095
    2847       2.2231
    2848       2.1574
    2849       2.1694
    2850       2.2046
    2851       2.1903
    2852       2.1933
    2853       2.1764
    2854       2.2147
    2855       2.2409
    2856       2.2198
    2857       2.2483
    2858       2.2688
    2859       2.2816
    2860       2.1779
    2861       2.0363
    2862       1.9960
    2863       1.9992
    2864       2.0563
    2865       2.1094
    2866       2.0594
    2867       2.0987
    2868       2.0827
    2869       2.1749
    2870       2.1662
    2871       2.1812
    2872       2.1866
    2873       2.1555
    2874       2.1073
    2875       2.1854
    2876       2.1475
    2877       2.1108
    2878       2.0984
    2879       2.0751
    2880       2.1465
    2881       2.1256
    2882       2.0439
    2883       2.1821
    2884       2.0196
    2885       2.1569
    2886       2.0467
    2887       2.0328
    2888       2.1248
    2889       2.1405
    2890       2.1231
    2891       2.1436
    2892       2.0734
    2893       2.1975
    2894       2.1717
    2895       2.1348
    2896       2.1459
    2897       2.2379
    2898       2.2485
    2899       2.2756
    2900       2.2564
    2901       2.2033
    2902       2.2264
    2903       2.2904
    2904       2.2381
    2905       2.1288
    2906       2.2237
    2907       2.1103
    2908       2.1254
    2909       2.1096
    2910       2.1562
    2911       2.1627
    2912       2.2220
    2913       2.1783
    2914       2.2726
    2915       2.2198
    2916       2.1978
    2917       2.1596
    2918       2.1737
    2919       2.1522
    2920       2.1219
    2921       2.2323
    2922       2.2396
    2923       2.2265
    2924       2.2592
    2925       2.2215
    2926       2.1371
    2927       2.1774
    2928       2.2255
    2929       2.3589
    2930       2.2850
    2931       2.2983
    2932       2.3922
    2933       2.2208
    2934       2.2608
    2935       2.3339
    2936       2.3586
    2937       2.4163
    2938       2.4174
    2939       2.4238
    2940       2.4280
    2941       2.3495
    2942       2.3764
    2943       2.3034
    2944       2.2893
    2945       2.3703
    2946       2.3678
    2947       2.3180
    2948       2.2695
    2949       2.2817
    2950       2.4823
    2951       2.4144
    2952       2.4589
    2953       2.3964
    2954       2.4180
    2955       2.4159
    2956       2.5038
    2957       2.5438
    2958       2.5203
    2959       2.5202
    2960       2.5613
    2961       2.5664
    2962       2.4678
    2963       2.5450
    2964       2.4941
    2965       2.4651
    2966       2.5070
    2967       2.4601
    2968       2.5753
    2969       2.5401
    2970       2.4623
    2971       2.5116
    2972       2.4739
    2973       2.5022
    2974       2.5555
    2975       2.4656
    2976       2.5350
    2977       2.4732
    2978       2.4066
    2979       2.4069
    2980       2.4331
    2981       2.4916
    2982       2.4303
    2983       2.4006
    2984       2.3900
    2985       2.3428
    2986       2.3635
    2987       2.2484
    2988       2.2578
    2989       2.2925
    2990       2.3122
    2991       2.2226
    2992       2.2754
    2993       2.3516
    2994       2.4103
    2995       2.2975
    2996       2.4011
    2997       2.3311
    2998       2.3136
    2999       2.3937
    3000       2.2629
    3001       2.3612
    3002       2.3615
    3003       2.3911
    3004       2.3133
    3005       2.2977
    3006       2.3071
    3007       2.3077
    3008       2.2716
    3009       2.3115
    3010       2.4089
    3011       2.3881
    3012       2.3629
    3013       2.3609
    3014       2.3705
    3015       2.3343
    3016       2.3659
    3017       2.3649
    3018       2.3030
    3019       2.2517
    3020       2.3358
    3021       2.2278
    3022       2.2825
    3023       2.2731
    3024       2.2163
    3025       2.2737
    3026       2.3154
    3027       2.2376
    3028       2.2254
    3029       2.2354
    3030       2.2216
    3031       2.2349
    3032       2.1761
    3033       2.2380
    3034       2.2060
    3035       2.1525
    3036       2.0889
    3037       2.1772
    3038       2.1260
    3039       2.0241
    3040       2.1469
    3041       2.1254
    3042       2.1065
    3043       2.0595
    3044       2.0971
    3045       2.1443
    3046       2.1599
    3047       2.1039
    3048       2.0435
    3049       2.0173
    3050       2.0608
    3051       2.0906
    3052       2.0547
    3053       2.1204
    3054       2.0738
    3055       2.0897
    3056       2.0576
    3057       2.0416
    3058       2.0098
    3059       2.0925
    3060       2.0887
    3061       2.0588
    3062       2.0872
    3063       2.0371
    3064       2.1037
    3065       2.0191
    3066       2.0391
    3067       2.0471
    3068       2.0636
    3069       2.0703
    3070       2.0648
    3071       2.1289
    3072       2.0548
    3073       2.0392
    3074       2.0907
    3075       2.0949
    3076       2.0335
    3077       2.0196
    3078       1.9879
    3079       2.0140
    3080       1.9974
    3081       1.9615
    3082       1.9590
    3083       2.0446
    3084       1.9957
    3085       1.9734
    3086       1.9789
    3087       1.9728
    3088       2.0019
    3089       1.9549
    3090       2.0540
    3091       1.9868
    3092       1.9702
    3093       2.0302
    3094       2.0346
    3095       2.0309
    3096       2.0096
    3097       1.9715
    3098       2.1239
    3099       2.0527
    3100       1.9999
    3101       1.9600
    3102       1.9992
    3103       1.9860
    3104       1.9662
    3105       2.0223
    3106       1.9870
    3107       2.0081
    3108       1.9928
    3109       2.0147
    3110       2.0381
    3111       1.9886
    3112       2.0035
    3113       1.9976
    3114       1.9490
    3115       1.9753
    3116       1.9489
    3117       1.9515
    3118       1.9810
    3119       2.0216
    3120       2.0344
    3121       2.0210
    3122       1.9714
    3123       2.0351
    3124       2.0366
    3125       1.9940
    3126       1.9996
    3127       1.9259
    3128       1.9934
    3129       1.9809
    3130       1.9949
    3131       2.0206
    3132       2.0015
    3133       1.9809
    3134       2.0158
    3135       2.0004
    3136       1.9644
    3137       1.9926
    3138       1.9773
    3139       1.9411
    3140       2.0019
    3141       1.9551
    3142       2.0347
    3143       1.9870
    3144       2.0026
    3145       2.0328
    3146       2.0558
    3147       1.9666
    3148       2.0008
    3149       1.9813
    3150       1.8861
    3151       1.9297
    3152       1.9312
    3153       1.8776
    3154       1.8921
    3155       1.8891
    3156       1.8838
    3157       1.8660
    3158       1.9029
    3159       1.8340
    3160       1.8814
    3161       1.8578
    3162       1.8609
    3163       1.8641
    3164       1.8907
    3165       1.8862
    3166       1.8503
    3167       1.8748
    3168       1.8419
    3169       1.8846
    3170       1.8615
    3171       1.8810
    3172       1.8607
    3173       1.8480
    3174       1.7801
    3175       1.8882
    3176       1.8971
    3177       1.8844
    3178       1.8650
    3179       1.9406
    3180       1.8879
    3181       1.8874
    3182       1.8133
    3183       1.8649
    3184       1.9064
    3185       1.8126
    3186       1.8324
    3187       1.8255
    3188       1.8576
    3189       1.8934
    3190       1.9096
    3191       1.9035
    3192       1.9216
    3193       1.9025
    3194       1.8986
    3195       1.9279
    3196       1.9499
    3197       1.8736
    3198       1.9414
    3199       1.9713
    3200       1.9213
    3201       1.9199
    3202       1.9066
    3203       1.9437
    3204       1.9543
    3205       1.9498
    3206       1.9474
    3207       2.0139
    3208       1.9885
    3209       1.9786
    3210       1.9810
    3211       1.9571
    3212       1.9874
    3213       2.0135
    3214       1.9446
    3215       1.9219
    3216       1.9324
    3217       1.9252
    3218       1.8997
    3219       1.8987
    3220       1.9247
    3221       1.9389
    3222       1.9350
    3223       1.8989
    3224       1.9094
    3225       1.9445
    3226       1.9306
    3227       1.9321
    3228       1.9347
    3229       2.0159
    3230       1.9832
    3231       2.0013
    3232       2.0532
    3233       2.0158
    3234       2.0357
    3235       2.0199
    3236       2.0536
    3237       2.0061
    3238       2.0261
    3239       2.0065
    3240       2.0022
    3241       2.0087
    3242       2.0747
    3243       2.0180
    3244       1.9795
    3245       2.0103
    3246       1.9776
    3247       2.0206
    3248       2.0400
    3249       2.0544
    3250       2.0326
    3251       2.0300
    3252       2.0396
    3253       2.0867
    3254       2.0377
    3255       1.9788
    3256       2.0509
    3257       2.0439
    3258       2.0899
    3259       1.9798
    3260       1.9809
    3261       2.0183
    3262       2.0011
    3263       2.0450
    3264       2.0493
    3265       1.9999
    3266       2.0361
    3267       2.0785
    3268       2.0458
    3269       2.0215
    3270       1.9854
    3271       1.9729
    3272       1.9686
    3273       1.9474
    3274       2.0240
    3275       2.0031
    3276       1.9773
    3277       2.0159
    3278       1.9859
    3279       1.9547
    3280       1.9493
    3281       1.9773
    3282       1.9328
    3283       1.9624
    3284       2.0278
    3285       2.0409
    3286       2.0626
    3287       2.0466
    3288       2.0013
    3289       2.0216
    3290       1.9600
    3291       1.9086
    3292       1.9801
    3293       1.9594
    3294       1.9610
    3295       1.9658
    3296       1.9328
    3297       1.9907
    3298       1.9868
    3299       2.0695
    3300       2.0762
    3301       2.0480
    3302       2.0505
    3303       2.1403
    3304       2.1436
    3305       2.0794
    3306       2.1304
    3307       2.0839
    3308       2.1333
    3309       2.1855
    3310       2.1242
    3311       2.0530
    3312       2.0443
    3313       2.0996
    3314       2.1425
    3315       2.0963
    3316       2.0977
    3317       2.0660
    3318       2.0298
    3319       2.0333
    3320       2.0197
    3321       2.0110
    3322       2.0012
    3323       1.9377
    3324       1.9297
    3325       1.9618
    3326       1.9484
    3327       1.9204
    3328       1.9892
    3329       1.9754
    3330       1.9438
    3331       1.9890
    3332       2.0242
    3333       2.0574
    3334       2.0591
    3335       2.0202
    3336       2.0419
    3337       2.0036
    3338       2.0009
    3339       2.0109
    3340       1.9476
    3341       1.9685
    3342       1.9099
    3343       1.9902
    3344       2.0224
    3345       2.0366
    3346       1.9900
    3347       1.9956
    3348       2.0218
    3349       2.0171
    3350       2.0036
    3351       2.0059
    3352       1.9533
    3353       1.9579
    3354       1.9251
    3355       1.9469
    3356       1.8811
    3357       1.8354
    3358       1.8311
    3359       1.8182
    3360       1.8381
    3361       1.8619
    3362       1.9281
    3363       1.9165
    3364       1.9094
    3365       1.8837
    3366       1.9536
    3367       2.0415
    3368       1.9925
    3369       1.9816
    3370       2.0533
    3371       1.9787
    3372       2.0194
    3373       2.0830
    3374       1.9947
    3375       1.9692
    3376       2.0804
    3377       2.0687
    3378       2.0653
    3379       1.9936
    3380       2.0626
    3381       2.0234
    3382       2.0912
    3383       2.0084
    3384       1.9973
    3385       1.9648
    3386       2.0451
    3387       1.9468
    3388       1.9023
    3389       1.9159
    3390       2.0229
    3391       2.0438
    3392       2.0349
    3393       2.0077
    3394       2.0227
    3395       1.9462
    3396       1.9778
    3397       2.0363
    3398       2.0541
    3399       1.9914
    3400       1.9544
    3401       1.9651
    3402       1.9141
    3403       1.9788
    3404       1.9980
    3405       1.9750
    3406       1.9799
    3407       2.0229
    3408       2.1029
    3409       2.0709
    3410       2.0977
    3411       1.9581
    3412       2.0445
    3413       2.1109
    3414       2.0611
    3415       2.1085
    3416       2.1348
    3417       2.0789
    3418       2.0638
    3419       2.0647
    3420       2.0172
    3421       2.0122
    3422       2.0388
    3423       2.0216
    3424       1.9634
    3425       1.9543
    3426       1.9568
    3427       1.9198
    3428       1.8928
    3429       1.9306
    3430       1.8604
    3431       1.8701
    3432       1.8198
    3433       1.8752
    3434       1.8141
    3435       1.8229
    3436       1.8281
    3437       1.7944
    3438       1.8057
    3439       1.8335
    3440       1.8832
    3441       1.8356
    3442       1.8843
    3443       1.8744
    3444       1.8791
    3445       1.8715
    3446       1.8816
    3447       1.9435
    3448       1.8952
    3449       1.9069
    3450       1.9328
    3451       1.8637
    3452       1.8573
    3453       1.8510
    3454       1.9067
    3455       1.9106
    3456       1.8703
    3457       1.8893
    3458       1.9003
    3459       1.9269
    3460       1.9035
    3461       1.9229
    3462       1.8492
    3463       1.8875
    3464       1.9421
    3465       1.9138
    3466       1.9140
    3467       1.8952
    3468       1.9398
    3469       1.9332
    3470       1.9623
    3471       1.8790
    3472       1.9039
    3473       1.8674
    3474       1.8976
    3475       1.9026
    3476       1.9021
    3477       1.8481
    3478       1.8573
    3479       1.8428
    3480       1.8976
    3481       1.9305
    3482       1.9420
    3483       1.9768
    3484       1.9583
    3485       1.9246
    3486       1.8900
    3487       1.9472
    3488       1.8902
    3489       1.8884
    3490       1.8933
    3491       1.9106
    3492       1.9154
    3493       1.9298
    3494       1.9443
    3495       1.9583
    3496       1.8675
    3497       1.8799
    3498       1.9063
    3499       1.9200
    3500       1.9734
    3501       1.9602
    3502       1.8612
    3503       1.9254
    3504       1.8821
    3505       1.8661
    3506       1.8822
    3507       1.9189
    3508       1.8874
    3509       1.9236
    3510       1.9757
    3511       1.9760
    3512       1.9917
    3513       2.0002
    3514       1.9113
    3515       1.9282
    3516       1.9314
    3517       1.8871
    3518       1.8521
    3519       1.9213
    3520       1.9570
    3521       1.9855
    3522       2.0421
    3523       1.9917
    3524       1.9826
    3525       1.9894
    3526       1.9699
    3527       1.9965
    3528       1.8851
    3529       1.8597
    3530       1.8949
    3531       1.8523
    3532       1.8969
    3533       1.8735
    3534       1.8397
    3535       1.8692
    3536       1.9359
    3537       1.8989
    3538       1.8572
    3539       1.8413
    3540       1.8661
    3541       1.9138
    3542       1.9148
    3543       1.9500
    3544       1.9561
    3545       1.9841
    3546       1.9181
    3547       1.8938
    3548       1.9422
    3549       2.0118
    3550       2.0038
    3551       1.9966
    3552       1.9223
    3553       1.9552
    3554       1.8940
    3555       1.8946
    3556       1.8882
    3557       1.8911
    3558       1.8918
    3559       1.9056
    3560       1.9553
    3561       1.8722
    3562       1.8147
    3563       1.9123
    3564       1.8716
    3565       1.9261
    3566       1.8951
    3567       1.8383
    3568       1.9060
    3569       1.8977
    3570       1.8870
    3571       1.8798
    3572       1.8704
    3573       1.9103
    3574       1.9515
    3575       1.9343
    3576       1.9199
    3577       1.9400
    3578       1.8911
    3579       1.9162
    3580       1.9003
    3581       1.9148
    3582       1.9523
    3583       1.8925
    3584       1.9901
    3585       1.9367
    3586       1.9535
    3587       1.9016
    3588       1.8920
    3589       1.9174
    3590       1.9813
    3591       1.9179
    3592       1.9772
    3593       2.0038
    3594       2.0324
    3595       2.0076
    3596       1.9862
    3597       2.0114
    3598       2.0343
    3599       1.9963
    3600       1.9849
    3601       2.0015
    3602       1.9851
    3603       1.9916
    3604       1.9791
    3605       2.0675
    3606       2.1381
    3607       2.0745
    3608       2.0965
    3609       2.1601
    3610       2.0584
    3611       2.0520
    3612       2.1317
    3613       2.0541
    3614       2.0891
    3615       2.0772
    3616       2.0663
    3617       2.1245
    3618       2.1559
    3619       2.0030
    3620       2.0366
    3621       2.0359
    3622       2.0849
    3623       2.0893
    3624       2.1702
    3625       2.1386
    3626       2.1275
    3627       2.1621
    3628       2.1383
    3629       2.1390
    3630       2.0869
    3631       2.1252
    3632       2.0991
    3633       2.0780
    3634       2.2034
    3635       2.1275
    3636       2.0426
    3637       2.1849
    3638       2.2117
    3639       2.1039
    3640       2.1085
    3641       2.0227
    3642       2.0172
    3643       2.0132
    3644       1.9877
    3645       1.9987
    3646       2.0391
    3647       1.9592
    3648       1.9178
    3649       2.0240
    3650       1.9970
    3651       2.0450
    3652       1.9854
    3653       1.9847
    3654       1.9909
    3655       2.0490
    3656       2.0391
    3657       2.0228
    3658       2.0705
    3659       2.0480
    3660       2.1130
    3661       2.1361
    3662       2.1955
    3663       2.0907
    3664       2.1266
    3665       2.1383
    3666       2.0463
    3667       1.9900
    3668       2.0715
    3669       1.9847
    3670       2.0707
    3671       2.1163
    3672       2.1613
    3673       2.1086
    3674       2.0243
    3675       2.1010
    3676       2.0587
    3677       2.0594
    3678       2.0431
    3679       2.0188
    3680       2.0497
    3681       1.9973
    3682       2.0357
    3683       2.0043
    3684       2.0915
    3685       2.0743
    3686       2.0856
    3687       2.0644
    3688       2.0739
    3689       2.0179
    3690       2.0804
    3691       2.0731
    3692       2.0504
    3693       2.0606
    3694       2.0708
    3695       2.1102
    3696       2.1183
    3697       2.1702
    3698       2.1977
    3699       2.2617
    3700       2.2122
    3701       2.2409
    3702       2.2047
    3703       2.2604
    3704       2.2623
    3705       2.1927
    3706       2.0954
    3707       2.1581
    3708       2.1583
    3709       2.1272
    3710       2.1155
    3711       2.1287
    3712       2.1053
    3713       2.1024
    3714       2.0665
    3715       2.0338
    3716       2.0623
    3717       2.0802
    3718       2.0757
    3719       2.0981
    3720       2.0635
    3721       2.0060
    3722       2.0153
    3723       2.0090
    3724       2.0340
    3725       2.0485
    3726       2.1378
    3727       2.1193
    3728       2.0760
    3729       1.9835
    3730       1.9902
    3731       1.9620
    3732       1.9988
    3733       1.9627
    3734       1.9343
    3735       1.9812
    3736       2.0006
    3737       1.9092
    3738       1.8580
    3739       1.8750
    3740       1.8710
    3741       1.8442
    3742       1.8968
    3743       1.9435
    3744       2.0055
    3745       1.9644
    3746       1.9488
    3747       1.9469
    3748       2.0102
    3749       1.9497
    3750       2.0616
    3751       2.0323
    3752       2.1204
    3753       2.0677
    3754       2.1245
    3755       2.0639
    3756       1.9315
    3757       2.0225
    3758       2.0260
    3759       2.0212
    3760       1.9181
    3761       1.9601
    3762       1.9772
    3763       1.9426
    3764       2.0474
    3765       1.8979
    3766       1.8528
    3767       1.9306
    3768       1.8750
    3769       1.8258
    3770       1.7997
    3771       1.8357
    3772       1.8213
    3773       1.8333
    3774       1.8217
    3775       1.7527
    3776       1.7581
    3777       1.8182
    3778       1.7860
    3779       1.8130
    3780       1.8076
    3781       1.8244
    3782       1.8722
    3783       1.8229
    3784       1.9069
    3785       1.8631
    3786       1.9169
    3787       1.8388
    3788       1.8784
    3789       1.9055
    3790       1.8824
    3791       1.8282
    3792       1.8620
    3793       1.9307
    3794       1.8077
    3795       1.8060
    3796       1.8036
    3797       1.8037
    3798       1.8453
    3799       1.8836
    3800       1.8275
    3801       1.8316
    3802       1.8326
    3803       1.8283
    3804       1.8068
    3805       1.8010
    3806       1.7646
    3807       1.8131
    3808       1.8311
    3809       1.7404
    3810       1.7368
    3811       1.8190
    3812       1.7912
    3813       1.8146
    3814       1.8111
    3815       1.7712
    3816       1.7794
    3817       1.7631
    3818       1.7546
    3819       1.8202
    3820       1.8234
    3821       1.8403
    3822       1.8347
    3823       1.8115
    3824       1.7847
    3825       1.7802
    3826       1.8125
    3827       1.8304
    3828       1.7746
    3829       1.7998
    3830       1.8515
    3831       1.8621
    3832       1.9424
    3833       1.9319
    3834       1.9012
    3835       2.0157
    3836       1.9738
    3837       1.8969
    3838       1.8574
    3839       1.8665
    3840       1.8259
    3841       1.7964
    3842       1.8237
    3843       1.7813
    3844       1.7836
    3845       1.8104
    3846       1.8980
    3847       1.8588
    3848       1.7542
    3849       1.7500
    3850       1.8615
    3851       1.8556
    3852       1.8537
    3853       1.8783
    3854       1.8572
    3855       1.8451
    3856       1.9007
    3857       1.8844
    3858       1.8106
    3859       1.8904
    3860       1.8449
    3861       1.8158
    3862       1.8068
    3863       1.7733
    3864       1.7505
    3865       1.7688
    3866       1.7578
    3867       1.7413
    3868       1.7718
    3869       1.7431
    3870       1.7641
    3871       1.7315
    3872       1.8192
    3873       1.8185
    3874       1.8219
    3875       1.8136
    3876       1.8727
    3877       1.9218
    3878       1.9164
    3879       1.9813
    3880       1.8974
    3881       1.9074
    3882       1.8340
    3883       1.9404
    3884       1.9868
    3885       2.0492
    3886       2.0370
    3887       2.0338
    3888       2.0229
    3889       2.0016
    3890       2.0209
    3891       2.0153
    3892       2.0189
    3893       2.1026
    3894       2.1347
    3895       2.1205
    3896       2.1038
    3897       2.1497
    3898       2.1128
    3899       2.1198
    3900       2.1304
    3901       2.1253
    3902       2.1808
    3903       2.0934
    3904       2.1593
    3905       2.1051
    3906       2.1306
    3907       2.0661
    3908       2.1039
    3909       2.0529
    3910       2.0493
    3911       2.1397
    3912       2.0980
    3913       2.1355
    3914       2.1750
    3915       2.0817
    3916       2.1179
    3917       2.1565
    3918       2.0710
    3919       2.1949
    3920       2.1696
    3921       2.1217
    3922       2.1780
    3923       2.2642
    3924       2.2135
    3925       2.2393
    3926       2.1195
    3927       2.1107
    3928       2.0366
    3929       2.0082
    3930       1.9613
    3931       1.9367
    3932       2.0126
    3933       1.9021
    3934       1.9286
    3935       1.9231
    3936       1.9498
    3937       1.9280
    3938       1.9357
    3939       1.9391
    3940       1.9771
    3941       1.9679
    3942       2.0265
    3943       1.9922
    3944       2.0100
    3945       1.9172
    3946       1.9665
    3947       2.0443
    3948       2.0142
    3949       2.0277
    3950       1.9598
    3951       2.0554
    3952       2.0061
    3953       2.0312
    3954       2.0278
    3955       1.9775
    3956       2.0161
    3957       2.0193
    3958       2.0074
    3959       2.0667
    3960       2.1319
    3961       2.1832
    3962       2.1772
    3963       2.1605
    3964       2.1206
    3965       2.1222
    3966       2.1301
    3967       2.1054
    3968       2.1104
    3969       2.1145
    3970       2.0667
    3971       2.1068
    3972       2.0249
    3973       2.0031
    3974       2.0702
    3975       2.0584
    3976       2.1235
    3977       2.0828
    3978       2.0672
    3979       2.0627
    3980       2.0741
    3981       2.1152
    3982       2.0573
    3983       2.0453
    3984       2.1071
    3985       2.0766
    3986       2.1031
    3987       1.9916
    3988       1.9522
    3989       1.9855
    3990       2.0559
    3991       2.0305
    3992       2.0607
    3993       2.0865
    3994       2.0736
    3995       2.0936
    3996       2.0099
    3997       2.0683
    3998       2.0452
    3999       2.0955
    4000       2.0260
    4001       2.0800
    4002       2.1036
    4003       2.0839
    4004       2.0773
    4005       2.1095
    4006       2.0902
    4007       2.0864
    4008       2.0544
    4009       2.0584
    4010       2.1198
    4011       2.0809
    4012       2.0681
    4013       2.0890
    4014       2.0716
    4015       2.0585
    4016       2.0525
    4017       2.0949
    4018       2.0244
    4019       2.0901
    4020       2.0906
    4021       2.0755
    4022       2.0484
    4023       2.0258
    4024       1.9966
    4025       1.9620
    4026       1.9759
    4027       1.9993
    4028       1.9282
    4029       1.9763
    4030       1.9330
    4031       1.9420
    4032       1.9950
    4033       2.0233
    4034       2.0294
    4035       1.9573
    4036       1.9997
    4037       1.9653
    4038       2.0523
    4039       2.0777
    4040       1.9739
    4041       1.9951
    4042       2.0630
    4043       2.0654
    4044       2.0753
    4045       2.0939
    4046       2.1309
    4047       2.1103
    4048       2.0563
    4049       2.0091
    4050       2.0042
    4051       2.0434
    4052       2.0569
    4053       2.0625
    4054       2.0740
    4055       2.0587
    4056       1.9748
    4057       2.0266
    4058       2.0137
    4059       2.0436
    4060       2.0562
    4061       2.0668
    4062       2.0454
    4063       2.0629
    4064       2.0615
    4065       2.0068
    4066       2.1007
    4067       2.1199
    4068       2.1161
    4069       2.0399
    4070       2.0904
    4071       2.0836
    4072       2.1493
    4073       2.1302
    4074       2.0944
    4075       2.1220
    4076       2.0904
    4077       2.1281
    4078       2.1071
    4079       2.0803
    4080       2.0787
    4081       2.1024
    4082       2.1353
    4083       2.1264
    4084       2.0340
    4085       2.0711
    4086       1.9595
    4087       1.9744
    4088       2.0237
    4089       1.9912
    4090       1.9621
    4091       1.9311
    4092       1.9719
    4093       1.9767
    4094       2.0262
    4095       2.0189
    4096       1.9571
    4097       1.9212
    4098       1.9359
    4099       1.9538
    4100       1.9683
    4101       1.9246
    4102       1.9114
    4103       1.8700
    4104       1.9384
    4105       1.9140
    4106       1.9469
    4107       1.9669
    4108       2.0548
    4109       2.0356
    4110       1.9986
    4111       2.0787
    4112       1.9742
    4113       1.9668
    4114       1.9174
    4115       1.9398
    4116       1.9402
    4117       1.9752
    4118       1.9789
    4119       1.9924
    4120       1.9774
    4121       1.9877
    4122       1.9724
    4123       2.0037
    4124       2.0047
    4125       2.0157
    4126       2.0939
    4127       2.1487
    4128       2.1927
    4129       2.1881
    4130       2.1183
    4131       2.1508
    4132       2.1192
    4133       2.1105
    4134       2.1194
    4135       2.0918
    4136       2.0911
    4137       2.0915
    4138       2.0701
    4139       2.0692
    4140       2.0785
    4141       2.0366
    4142       2.0720
    4143       2.0976
    4144       2.0525
    4145       2.0647
    4146       2.0936
    4147       2.1092
    4148       2.0628
    4149       2.0604
    4150       2.0786
    4151       2.0484
    4152       2.0398
    4153       2.0933
    4154       2.0810
    4155       2.1520
    4156       2.1649
    4157       2.1875
    4158       2.2006
    4159       2.2070
    4160       2.1783
    4161       2.1975
    4162       2.1717
    4163       2.2042
    4164       2.1043
    4165       2.1523
    4166       2.1049
    4167       2.1535
    4168       2.1806
    4169       2.1877
    4170       2.2028
    4171       2.1623
    4172       2.2352
    4173       2.1817
    4174       2.1653
    4175       2.1761
    4176       2.1874
    4177       2.2211
    4178       2.1821
    4179       2.1708
    4180       2.1652
    4181       2.0975
    4182       2.1198
    4183       2.0918
    4184       2.0576
    4185       2.0665
    4186       2.2058
    4187       2.1537
    4188       2.1804
    4189       2.2251
    4190       2.2500
    4191       2.2719
    4192       2.2316
    4193       2.2177
    4194       2.3016
    4195       2.1610
    4196       2.2701
    4197       2.1998
    4198       2.2130
    4199       2.1929
    4200       2.1830
    4201       2.1537
    4202       2.0866
    4203       2.0544
    4204       2.0770
    4205       2.1591
    4206       2.1614
    4207       2.0754
    4208       2.1325
    4209       2.1581
    4210       2.1321
    4211       2.2005
    4212       2.2581
    4213       2.2302
    4214       2.1896
    4215       2.1707
    4216       2.2181
    4217       2.1422
    4218       2.1492
    4219       2.1019
    4220       2.1552
    4221       2.1065
    4222       2.1149
    4223       2.1184
    4224       2.1090
    4225       2.1543
    4226       2.1550
    4227       2.1938
    4228       2.1824
    4229       2.1358
    4230       2.1249
    4231       2.1049
    4232       2.1910
    4233       2.1645
    4234       2.1522
    4235       2.1432
    4236       2.0833
    4237       2.0548
    4238       2.1004
    4239       2.0737
    4240       2.0274
    4241       1.9992
    4242       1.9809
    4243       2.0458
    4244       2.0132
    4245       2.0619
    4246       2.0723
    4247       2.0455
    4248       2.0169
    4249       2.0801
    4250       2.0172
    4251       2.0186
    4252       2.0674
    4253       2.0843
    4254       2.0601
    4255       2.0436
    4256       1.9494
    4257       1.9233
    4258       1.9510
    4259       2.0108
    4260       1.9878
    4261       2.0128
    4262       2.0804
    4263       2.0853
    4264       2.0397
    4265       2.0295
    4266       2.1059
    4267       2.1173
    4268       2.0951
    4269       2.0611
    4270       2.1062
    4271       2.0279
    4272       2.0161
    4273       2.0511
    4274       2.0556
    4275       2.0934
    4276       2.1075
    4277       2.0738
    4278       2.0634
    4279       2.1106
    4280       2.1055
    4281       2.1579
    4282       2.1412
    4283       2.1111
    4284       2.0738
    4285       2.0515
    4286       2.0966
    4287       2.1241
    4288       2.1097
    4289       2.0525
    4290       2.0328
    4291       2.0216
    4292       2.1051
    4293       2.0659
    4294       2.0482
    4295       2.0984
    4296       1.9787
    4297       2.0734
    4298       2.0392
    4299       2.0300
    4300       2.0234
    4301       2.0064
    4302       2.0433
    4303       2.0791
    4304       2.0200
    4305       1.9829
    4306       2.0610
    4307       1.9625
    4308       1.9430
    4309       1.9064
    4310       1.9940
    4311       1.9638
    4312       1.9427
    4313       1.9316
    4314       1.9667
    4315       1.9806
    4316       1.9270
    4317       1.8969
    4318       1.9087
    4319       1.9699
    4320       1.9472
    4321       2.0111
    4322       1.9799
    4323       1.9758
    4324       1.9704
    4325       1.9831
    4326       1.9517
    4327       1.9632
    4328       1.9913
    4329       1.9736
    4330       1.9829
    4331       1.9808
    4332       1.9382
    4333       2.0198
    4334       1.9486
    4335       2.0078
    4336       1.9673
    4337       2.0087
    4338       2.0094
    4339       2.0522
    4340       2.0056
    4341       1.9704
    4342       1.9831
    4343       2.0100
    4344       2.0239
    4345       2.0508
    4346       2.0713
    4347       2.0410
    4348       2.0704
    4349       2.0604
    4350       2.0717
    4351       2.0882
    4352       2.1229
    4353       2.0602
    4354       2.0304
    4355       2.0266
    4356       2.0012
    4357       2.0536
    4358       2.0390
    4359       1.9878
    4360       1.9954
    4361       1.9826
    4362       2.0184
    4363       2.0386
    4364       2.0774
    4365       2.0702
    4366       2.0080
    4367       2.0435
    4368       2.0941
    4369       2.0306
    4370       2.0465
    4371       2.0581
    4372       2.1289
    4373       2.0430
    4374       2.0554
    4375       2.0324
    4376       2.1114
    4377       2.0569
    4378       2.0538
    4379       2.0659
    4380       2.0112
    4381       2.0402
    4382       2.1106
    4383       2.1346
    4384       2.1358
    4385       2.1128
    4386       2.0973
    4387       2.1220
    4388       2.1403
    4389       2.1239
    4390       2.2108
    4391       2.1400
    4392       2.1154
    4393       2.1254
    4394       2.0930
    4395       2.1039
    4396       2.0619
    4397       2.1038
    4398       2.1304
    4399       2.1374
    4400       2.1378
    4401       2.2461
    4402       2.2475
    4403       2.1873
    4404       2.1720
    4405       2.2363
    4406       2.2617
    4407       2.2484
    4408       2.2810
    4409       2.3310
    4410       2.3607
    4411       2.2658
    4412       2.2531
    4413       2.2892
    4414       2.2521
    4415       2.3142
    4416       2.2731
    4417       2.3400
    4418       2.3609
    4419       2.3982
    4420       2.3747
    4421       2.3219
    4422       2.2863
    4423       2.2271
    4424       2.2253
    4425       2.1916
    4426       2.2414
    4427       2.3166
    4428       2.3139
    4429       2.3124
    4430       2.2958
    4431       2.2177
    4432       2.2454
    4433       2.2333
    4434       2.1611
    4435       2.1803
    4436       2.2144
    4437       2.1681
    4438       2.1706
    4439       2.2358
    4440       2.2082
    4441       2.2213
    4442       2.2357
    4443       2.2251
    4444       2.1840
    4445       2.1434
    4446       2.2009
    4447       2.2313
    4448       2.2043
    4449       2.1679
    4450       2.2014
    4451       2.1934
    4452       2.1887
    4453       2.1923
    4454       2.1323
    4455       2.1862
    4456       2.1359
    4457       2.2079
    4458       2.1993
    4459       2.1517
    4460       2.1241
    4461       2.1446
    4462       2.1286
    4463       2.1345
    4464       2.1299
    4465       2.2161
    4466       2.2086
    4467       2.1729
    4468       2.0748
    4469       2.1533
    4470       2.1044
    4471       2.1579
    4472       2.1830
    4473       2.1833
    4474       2.2105
    4475       2.2740
    4476       2.2190
    4477       2.2138
    4478       2.2254
    4479       2.1917
    4480       2.1673
    4481       2.2104
    4482       2.2011
    4483       2.2041
    4484       2.1782
    4485       2.1417
    4486       2.1476
    4487       2.2019
    4488       2.1973
    4489       2.2362
    4490       2.2398
    4491       2.2120
    4492       2.1767
    4493       2.1927
    4494       2.2050
    4495       2.2074
    4496       2.2548
    4497       2.2951
    4498       2.3368
    4499       2.3277
    4500       2.3166
    4501       2.3876
    4502       2.3093
    4503       2.3171
    4504       2.3721
    4505       2.3084
    4506       2.3034
    4507       2.2921
    4508       2.2450
    4509       2.2886
    4510       2.1831
    4511       2.2063
    4512       2.1114
    4513       2.1331
    4514       2.1132
    4515       2.1400
    4516       2.1707
    4517       2.2185
    4518       2.2026
    4519       2.2054
    4520       2.2334
    4521       2.2641
    4522       2.2343
    4523       2.2211
    4524       2.1890
    4525       2.1780
    4526       2.2208
    4527       2.2219
    4528       2.1568
    4529       2.1668
    4530       2.2047
    4531       2.1766
    4532       2.1331
    4533       2.1634
    4534       2.2444
    4535       2.2032
    4536       2.1898
    4537       2.2152
    4538       2.2581
    4539       2.2723
    4540       2.2848
    4541       2.2578
    4542       2.2002
    4543       2.2377
    4544       2.2449
    4545       2.1665
    4546       2.1111
    4547       2.1780
    4548       2.2117
    4549       2.2171
    4550       2.1943
    4551       2.2303
    4552       2.2868
    4553       2.2541
    4554       2.2738
    4555       2.3231
    4556       2.3213
    4557       2.3476
    4558       2.2683
    4559       2.2999
    4560       2.2040
    4561       2.2522
    4562       2.1953
    4563       2.1845
    4564       2.1142
    4565       2.1324
    4566       2.1559
    4567       2.2222
    4568       2.2007
    4569       2.2121
    4570       2.1913
    4571       2.2716
    4572       2.3001
    4573       2.2980
    4574       2.2845
    4575       2.2132
    4576       2.2600
    4577       2.2280
    4578       2.1930
    4579       2.2480
    4580       2.2424
    4581       2.2021
    4582       2.1854
    4583       2.2050
    4584       2.2066
    4585       2.1740
    4586       2.1058
    4587       2.1777
    4588       2.1900
    4589       2.2234
    4590       2.1793
    4591       2.1084
    4592       2.1381
    4593       2.1738
    4594       2.2086
    4595       2.2015
    4596       2.2257
    4597       2.2172
    4598       2.2564
    4599       2.2746
    4600       2.2823
    4601       2.1892
    4602       2.2850
    4603       2.2486
    4604       2.2439
    4605       2.2922
    4606       2.1903
    4607       2.1389
    4608       2.2242
    4609       2.1761
    4610       2.1713
    4611       2.1898
    4612       2.2264
    4613       2.2524
    4614       2.1929
    4615       2.1404
    4616       2.1240
    4617       2.1806
    4618       2.2398
    4619       2.2463
    4620       2.2181
    4621       2.1681
    4622       2.2148
    4623       2.2878
    4624       2.2521
    4625       2.1720
    4626       2.2821
    4627       2.3323
    4628       2.3088
    4629       2.3386
    4630       2.3162
    4631       2.3356
    4632       2.3230
    4633       2.3004
    4634       2.2775
    4635       2.2832
    4636       2.2789
    4637       2.3045
    4638       2.2768
    4639       2.3058
    4640       2.3205
    4641       2.2733
    4642       2.2380
    4643       2.2731
    4644       2.2632
    4645       2.2840
    4646       2.2338
    4647       2.2144
    4648       2.3039
    4649       2.3097
    4650       2.2667
    4651       2.3398
    4652       2.2558
    4653       2.2118
    4654       2.1552
    4655       2.2228
    4656       2.2549
    4657       2.2196
    4658       2.2359
    4659       2.2274
    4660       2.2113
    4661       2.2314
    4662       2.2191
    4663       2.1894
    4664       2.2253
    4665       2.2164
    4666       2.2163
    4667       2.1324
    4668       2.1590
    4669       2.0835
    4670       2.1335
    4671       2.1907
    4672       2.1359
    4673       2.1064
    4674       2.0839
    4675       2.1403
    4676       2.2136
    4677       2.2056
    4678       2.2468
    4679       2.2574
    4680       2.1928
    4681       2.2173
    4682       2.2714
    4683       2.2442
    4684       2.2270
    4685       2.2186
    4686       2.1677
    4687       2.1842
    4688       2.2170
    4689       2.2153
    4690       2.1744
    4691       2.1686
    4692       2.2198
    4693       2.2159
    4694       2.2501
    4695       2.2260
    4696       2.2689
    4697       2.2660
    4698       2.2444
    4699       2.2648
    4700       2.2252
    4701       2.1914
    4702       2.2352
    4703       2.2455
    4704       2.2259
    4705       2.2206
    4706       2.1983
    4707       2.2407
    4708       2.2341
    4709       2.2741
    4710       2.2087
    4711       2.1982
    4712       2.2150
    4713       2.1545
    4714       2.1697
    4715       2.2099
    4716       2.2582
    4717       2.2542
    4718       2.2747
    4719       2.2894
    4720       2.2766
    4721       2.2741
    4722       2.3207
    4723       2.3324
    4724       2.3393
    4725       2.3487
    4726       2.3049
    4727       2.3039
    4728       2.3484
    4729       2.3362
    4730       2.2988
    4731       2.3886
    4732       2.4397
    4733       2.3739
    4734       2.4187
    4735       2.4120
    4736       2.4190
    4737       2.3668
    4738       2.3343
    4739       2.3255
    4740       2.3007
    4741       2.3171
    4742       2.3611
    4743       2.3876
    4744       2.3463
    4745       2.3608
    4746       2.3473
    4747       2.3706
    4748       2.3183
    4749       2.3090
    4750       2.2416
    4751       2.3380
    4752       2.2982
    4753       2.3436
    4754       2.3522
    4755       2.3132
    4756       2.3835
    4757       2.4377
    4758       2.4710
    4759       2.4690
    4760       2.4273
    4761       2.3946
    4762       2.3969
    4763       2.4563
    4764       2.5137
    4765       2.5060
    4766       2.5318
    4767       2.4614
    4768       2.4350
    4769       2.4061
    4770       2.4595
    4771       2.5079
    4772       2.4822
    4773       2.4809
    4774       2.4475
    4775       2.4173
    4776       2.4414
    4777       2.3598
    4778       2.3738
    4779       2.2880
    4780       2.3317
    4781       2.3081
    4782       2.2340
    4783       2.1773
    4784       2.2816
    4785       2.2295
    4786       2.2016
    4787       2.2479
    4788       2.2136
    4789       2.2806
    4790       2.3188
    4791       2.2631
    4792       2.3036
    4793       2.3340
    4794       2.3238
    4795       2.3252
    4796       2.3413
    4797       2.3065
    4798       2.3224
    4799       2.2577
    4800       2.2712
    4801       2.2823
    4802       2.2973
    4803       2.2684
    4804       2.3462
    4805       2.3157
    4806       2.2473
    4807       2.2389
    4808       2.2453
    4809       2.2658
    4810       2.2735
    4811       2.2423
    4812       2.3009
    4813       2.2627
    4814       2.3002
    4815       2.2605
    4816       2.3075
    4817       2.2707
    4818       2.2831
    4819       2.2206
    4820       2.2480
    4821       2.2605
    4822       2.3391
    4823       2.2684
    4824       2.3836
    4825       2.3041
    4826       2.2963
    4827       2.3199
    4828       2.3318
    4829       2.2480
    4830       2.2185
    4831       2.2841
    4832       2.2651
    4833       2.3407
    4834       2.3087
    4835       2.2638
    4836       2.2993
    4837       2.3457
    4838       2.2610
    4839       2.2673
    4840       2.2726
    4841       2.2504
    4842       2.2699
    4843       2.2819
    4844       2.2965
    4845       2.2993
    4846       2.2732
    4847       2.2921
    4848       2.2156
    4849       2.3005
    4850       2.3324
    4851       2.2680
    4852       2.3103
    4853       2.2859
    4854       2.2488
    4855       2.2455
    4856       2.3087
    4857       2.2549
    4858       2.2048
    4859       2.2809
    4860       2.3200
    4861       2.2998
    4862       2.3031
    4863       2.3120
    4864       2.2808
    4865       2.2797
    4866       2.2900
    4867       2.2776
    4868       2.2794
    4869       2.2409
    4870       2.2359
    4871       2.2371
    4872       2.2753
    4873       2.2421
    4874       2.2462
    4875       2.2914
    4876       2.2386
    4877       2.3146
    4878       2.2423
    4879       2.2454
    4880       2.1884
    4881       2.2122
    4882       2.2508
    4883       2.2136
    4884       2.2156
    4885       2.1600
    4886       2.0965
    4887       2.1417
    4888       2.1137
    4889       2.1003
    4890       2.1524
    4891       2.1352
    4892       2.1287
    4893       2.1027
    4894       2.0651
    4895       2.1033
    4896       2.1545
    4897       2.1438
    4898       2.0848
    4899       2.0528
    4900       2.1268
    4901       2.1349
    4902       2.1412
    4903       2.1553
    4904       2.1514
    4905       2.0842
    4906       2.0889
    4907       2.0445
    4908       2.0338
    4909       2.0219
    4910       2.0921
    4911       2.0985
    4912       2.0956
    4913       2.0799
    4914       2.0784
    4915       2.0411
    4916       2.0700
    4917       2.1375
    4918       2.0759
    4919       2.1254
    4920       2.1539
    4921       2.1988
    4922       2.1541
    4923       2.1957
    4924       2.2377
    4925       2.2372
    4926       2.3083
    4927       2.3767
    4928       2.4437
    4929       2.3654
    4930       2.3361
    4931       2.4396
    4932       2.3682
    4933       2.3675
    4934       2.4309
    4935       2.5105
    4936       2.3966
    4937       2.4152
    4938       2.4646
    4939       2.4909
    4940       2.5368
    4941       2.5475
    4942       2.5408
    4943       2.4732
    4944       2.3862
    4945       2.4026
    4946       2.3784
    4947       2.3762
    4948       2.3832
    4949       2.2714
    4950       2.1954
    4951       2.2124
    4952       2.2821
    4953       2.2530
    4954       2.2949
    4955       2.2892
    4956       2.2091
    4957       2.2201
    4958       2.2253
    4959       2.1930
    4960       2.2212
    4961       2.2947
    4962       2.2722
    4963       2.2255
    4964       2.3195
    4965       2.2599
    4966       2.3059
    4967       2.2734
    4968       2.2843
    4969       2.2939
    4970       2.1844
    4971       2.1666
    4972       2.1606
    4973       2.2503
    4974       2.2239
    4975       2.2224
    4976       2.1680
    4977       2.1730
    4978       2.1803
    4979       2.1613
    4980       2.1869
    4981       2.1632
    4982       2.1741
    4983       2.1853
    4984       2.1699
    4985       2.2648
    4986       2.3643
    4987       2.3243
    4988       2.3104
    4989       2.2734
    4990       2.2670
    4991       2.3175
    4992       2.3446
    4993       2.3507
    4994       2.3797
    4995       2.3708
    4996       2.3459
    4997       2.3365
    4998       2.3124
    4999       2.3377
    5000       2.3464
    5001       2.4568
    5002       2.4252
    5003       2.5194
    5004       2.5193
    5005       2.4792
    5006       2.5006
    5007       2.4482
    5008       2.4147
    5009       2.4507
    5010       2.4136
    5011       2.3857
    5012       2.4090
    5013       2.3756
    5014       2.3847
    5015       2.4678
    5016       2.4767
    5017       2.4807
    5018       2.4657
    5019       2.5980
    5020       2.5532
    5021       2.5124
    5022       2.4863
    5023       2.5473
    5024       2.4689
    5025       2.4594
    5026       2.5274
    5027       2.4613
    5028       2.4360
    5029       2.4660
    5030       2.4884
    5031       2.5157
    5032       2.4253
    5033       2.4054
    5034       2.3418
    5035       2.3211
    5036       2.4238
    5037       2.4773
    5038       2.5497
    5039       2.4358
    5040       2.4864
    5041       2.4596
    5042       2.5203
    5043       2.5227
    5044       2.4836
    5045       2.4894
    5046       2.4667
    5047       2.5650
    5048       2.5264
    5049       2.5957
    5050       2.5403
    5051       2.5905
    5052       2.6035
    5053       2.6428
    5054       2.6851
    5055       2.7332
    5056       2.7038
    5057       2.6331
    5058       2.6435
    5059       2.6525
    5060       2.6181
    5061       2.7005
    5062       2.7071
    5063       2.6799
    5064       2.7405
    5065       2.6956
    5066       2.6755
    5067       2.6263
    5068       2.6397
    5069       2.4575
    5070       2.4443
    5071       2.5619
    5072       2.5125
    5073       2.4613
    5074       2.5235
    5075       2.5524
    5076       2.5437
    5077       2.6647
    5078       2.6813
    5079       2.6537
    5080       2.6991
    5081       2.6260
    5082       2.6022
    5083       2.5609
    5084       2.4834
    5085       2.5800
    5086       2.5855
    5087       2.6068
    5088       2.5397
    5089       2.5636
    5090       2.5506
    5091       2.4729
    5092       2.5360
    5093       2.5041
    5094       2.5443
    5095       2.5897
    5096       2.5534
    5097       2.5158
    5098       2.4459
    5099       2.4154
    5100       2.4004
    5101       2.4916
    5102       2.4694
    5103       2.4904
    5104       2.4276
    5105       2.4248
    5106       2.4260
    5107       2.3978
    5108       2.3796
    5109       2.4095
    5110       2.3613
    5111       2.3255
    5112       2.3784
    5113       2.3474
    5114       2.3918
    5115       2.3504
    5116       2.2947
    5117       2.3218
    5118       2.2702
    5119       2.2568
    5120       2.2108
    5121       2.2215
    5122       2.2694
    5123       2.2024
    5124       2.2251
    5125       2.3370
    5126       2.3581
    5127       2.4079
    5128       2.3564
    5129       2.3500
    5130       2.4123
    5131       2.3789
    5132       2.4146
    5133       2.3866
    5134       2.4523
    5135       2.4686
    5136       2.5046
    5137       2.4702
    5138       2.5217
    5139       2.5330
    5140       2.5158
    5141       2.4079
    5142       2.4229
    5143       2.4989
    5144       2.3973
    5145       2.3800
    5146       2.3199
    5147       2.2983
    5148       2.2895
    5149       2.3050
    5150       2.2686
    5151       2.2526
    5152       2.2661
    5153       2.2796
    5154       2.2395
    5155       2.2366
    5156       2.2169
    5157       2.1987
    5158       2.2267
    5159       2.2288
    5160       2.2037
    5161       2.1584
    5162       2.2182
    5163       2.2333
    5164       2.2449
    5165       2.2593
    5166       2.2256
    5167       2.2284
    5168       2.2095
    5169       2.1750
    5170       2.2211
    5171       2.2786
    5172       2.1952
    5173       2.2016
    5174       2.1359
    5175       2.1571
    5176       2.1670
    5177       2.2491
    5178       2.2653
    5179       2.2498
    5180       2.2542
    5181       2.2280
    5182       2.1678
    5183       2.1759
    5184       2.2397
    5185       2.1678
    5186       2.2958
    5187       2.2837
    5188       2.2473
    5189       2.2760
    5190       2.2355
    5191       2.2221
    5192       2.2937
    5193       2.2501
    5194       2.2685
    5195       2.2785
    5196       2.3214
    5197       2.2850
    5198       2.2718
    5199       2.3460
    5200       2.3634
    5201       2.3746
    5202       2.3623
    5203       2.3326
    5204       2.4119
    5205       2.3839
    5206       2.3900
    5207       2.3779
    5208       2.3354
    5209       2.3658
    5210       2.3131
    5211       2.3982
    5212       2.3852
    5213       2.4541
    5214       2.4382
    5215       2.3458
    5216       2.3003
    5217       2.3341
    5218       2.2983
    5219       2.3022
    5220       2.2924
    5221       2.2852
    5222       2.3087
    5223       2.3165
    5224       2.3175
    5225       2.3514
    5226       2.3366
    5227       2.3198
    5228       2.3511
    5229       2.3208
    5230       2.2942
    5231       2.3555
    5232       2.3735
    5233       2.3159
    5234       2.3877
    5235       2.4379
    5236       2.3408
    5237       2.3289
    5238       2.3016
    5239       2.3235
    5240       2.3251
    5241       2.3083
    5242       2.3059
    5243       2.2787
    5244       2.2428
    5245       2.2365
    5246       2.2776
    5247       2.1991
    5248       2.1983
    5249       2.2108
    5250       2.2550
    5251       2.2105
    5252       2.2611
    5253       2.1636
    5254       2.2056
    5255       2.2178
    5256       2.1908
    5257       2.1572
    5258       2.1655
    5259       2.1281
    5260       2.1957
    5261       2.1939
    5262       2.2947
    5263       2.2400
    5264       2.2507
    5265       2.2273
    5266       2.2343
    5267       2.1613
    5268       2.1970
    5269       2.1919
    5270       2.2154
    5271       2.2058
    5272       2.2553
    5273       2.2288
    5274       2.2237
    5275       2.2157
    5276       2.1347
    5277       2.0894
    5278       2.1589
    5279       2.1674
    5280       2.1662
    5281       2.1971
    5282       2.2699
    5283       2.2812
    5284       2.2367
    5285       2.2756
    5286       2.2975
    5287       2.2415
    5288       2.2569
    5289       2.2611
    5290       2.2137
    5291       2.2353
    5292       2.2315
    5293       2.2723
    5294       2.2686
    5295       2.2573
    5296       2.2377
    5297       2.2621
    5298       2.2158
    5299       2.1921
    5300       2.2010
    5301       2.1665
    5302       2.1480
    5303       2.1735
    5304       2.1503
    5305       2.1177
    5306       2.1641
    5307       2.1765
    5308       2.1744
    5309       2.1324
    5310       2.1678
    5311       2.2465
    5312       2.2871
    5313       2.2760
    5314       2.2447
    5315       2.1846
    5316       2.2556
    5317       2.1425
    5318       2.0784
    5319       2.1846
    5320       2.1759
    5321       2.2170
    5322       2.2160
    5323       2.1563
    5324       2.1589
    5325       2.2053
    5326       2.1435
    5327       2.1691
    5328       2.1920
    5329       2.1396
    5330       2.0450
    5331       2.0165
    5332       2.0255
    5333       2.0393
    5334       2.0229
    5335       1.9798
    5336       2.0242
    5337       2.0364
    5338       2.0509
    5339       2.0739
    5340       2.0925
    5341       2.0346
    5342       2.0377
    5343       2.0581
    5344       2.0414
    5345       2.1098
    5346       2.0704
    5347       2.0719
    5348       2.1038
    5349       2.0197
    5350       2.1397
    5351       2.1693
    5352       2.1193
    5353       2.1689
    5354       2.1662
    5355       2.1878
    5356       2.2164
    5357       2.2357
    5358       2.2532
    5359       2.3079
    5360       2.3796
    5361       2.2956
    5362       2.2828
    5363       2.3004
    5364       2.2646
    5365       2.2464
    5366       2.2875
    5367       2.3014
    5368       2.3345
    5369       2.3032
    5370       2.2738
    5371       2.2764
    5372       2.2695
    5373       2.2886
    5374       2.3083
    5375       2.3554
    5376       2.3113
    5377       2.3611
    5378       2.3483
    5379       2.3477
    5380       2.3341
    5381       2.3536
    5382       2.3985
    5383       2.3923
    5384       2.3835
    5385       2.3799
    5386       2.4176
    5387       2.3856
    5388       2.3554
    5389       2.3572
    5390       2.3307
    5391       2.3899
    5392       2.3949
    5393       2.4386
    5394       2.3785
    5395       2.4010
    5396       2.3927
    5397       2.4818
    5398       2.4151
    5399       2.4003
    5400       2.4027
    5401       2.3757
    5402       2.3981
    5403       2.3642
    5404       2.3601
    5405       2.3211
    5406       2.4001
    5407       2.3946
    5408       2.4389
    5409       2.4797
    5410       2.4715
    5411       2.4980
    5412       2.4492
    5413       2.5084
    5414       2.4035
    5415       2.5436
    5416       2.5559
    5417       2.4869
    5418       2.4275
    5419       2.5045
    5420       2.4793
    5421       2.4472
    5422       2.3441
    5423       2.3528
    5424       2.2836
    5425       2.3561
    5426       2.4198
    5427       2.3932
    5428       2.3895
    5429       2.3495
    5430       2.3470
    5431       2.2986
    5432       2.2998
    5433       2.3026
    5434       2.2977
    5435       2.3087
    5436       2.3883
    5437       2.3977
    5438       2.5155
    5439       2.4982
    5440       2.4821
    5441       2.4553
    5442       2.4585
    5443       2.4069
    5444       2.3665
    5445       2.3697
    5446       2.2856
    5447       2.2471
    5448       2.2084
    5449       2.2234
    5450       2.1915
    5451       2.2012
    5452       2.2246
    5453       2.2633
    5454       2.1630
    5455       2.2409
    5456       2.2684
    5457       2.2252
    5458       2.2305
    5459       2.2004
    5460       2.1895
    5461       2.2866
    5462       2.1860
    5463       2.1411
    5464       2.2011
    5465       2.1500
    5466       2.1530
    5467       2.1849
    5468       2.1617
    5469       2.1751
    5470       2.1535
    5471       2.1473
    5472       2.1350
    5473       2.0973
    5474       2.1284
    5475       2.1756
    5476       2.1780
    5477       2.1368
    5478       2.1574
    5479       2.1338
    5480       2.1881
    5481       2.1670
    5482       2.2352
    5483       2.2080
    5484       2.2019
    5485       2.2993
    5486       2.2436
    5487       2.1601
    5488       2.1088
    5489       2.1009
    5490       2.1644
    5491       2.1027
    5492       2.1417
    5493       2.1788
    5494       2.2147
    5495       2.1558
    5496       2.1227
    5497       2.1025
    5498       2.2014
    5499       2.2748
    5500       2.2795
    5501       2.2649
    5502       2.2685
    5503       2.3678
    5504       2.3899
    5505       2.3651
    5506       2.4257
    5507       2.4385
    5508       2.4882
    5509       2.4822
    5510       2.4240
    5511       2.4021
    5512       2.4047
    5513       2.4448
    5514       2.4388
    5515       2.3892
    5516       2.3058
    5517       2.2773
    5518       2.2417
    5519       2.2692
    5520       2.1796
    5521       2.1135
    5522       2.1342
    5523       2.1443
    5524       2.1310
    5525       2.1471
    5526       2.2195
    5527       2.2549
    5528       2.2201
    5529       2.1721
    5530       2.1581
    5531       2.1601
    5532       2.1822
    5533       2.1994
    5534       2.1892
    5535       2.2576
    5536       2.2737
    5537       2.2466
    5538       2.2330
    5539       2.3314
    5540       2.3060
    5541       2.2435
    5542       2.2497
    5543       2.3381
    5544       2.4040
    5545       2.3707
    5546       2.4500
    5547       2.4184
    5548       2.4082
    5549       2.4526
    5550       2.4847
    5551       2.4743
    5552       2.4792
    5553       2.5490
    5554       2.4590
    5555       2.4078
    5556       2.3785
    5557       2.4037
    5558       2.4787
    5559       2.4110
    5560       2.3852
    5561       2.4462
    5562       2.3731
    5563       2.4723
    5564       2.4829
    5565       2.4294
    5566       2.4255
    5567       2.3986
    5568       2.3386
    5569       2.3634
    5570       2.3610
    5571       2.3263
    5572       2.2500
    5573       2.3068
    5574       2.2772
    5575       2.2352
    5576       2.2963
    5577       2.2161
    5578       2.1800
    5579       2.1482
    5580       2.2364
    5581       2.3459
    5582       2.4370
    5583       2.3679
    5584       2.4414
    5585       2.4074
    5586       2.4448
    5587       2.4210
    5588       2.4550
    5589       2.4079
    5590       2.4881
    5591       2.5420
    5592       2.5143
    5593       2.4810
    5594       2.4868
    5595       2.5226
    5596       2.4104
    5597       2.3670
    5598       2.3256
    5599       2.3905
    5600       2.3599
    5601       2.3315
    5602       2.2772
    5603       2.3374
    5604       2.3126
    5605       2.3135
    5606       2.3313
    5607       2.2228
    5608       2.3616
    5609       2.3246
    5610       2.2628
    5611       2.1911
    5612       2.2047
    5613       2.1823
    5614       2.1411
    5615       2.1414
    5616       2.2154
    5617       2.2097
    5618       2.2489
    5619       2.2558
    5620       2.2858
    5621       2.2210
    5622       2.2491
    5623       2.2460
    5624       2.2803
    5625       2.2360
    5626       2.3801
    5627       2.3088
    5628       2.3298
    5629       2.3799
    5630       2.3773
    5631       2.3010
    5632       2.3853
    5633       2.2428
    5634       2.2685
    5635       2.2370
    5636       2.2333
    5637       2.2336
    5638       2.2128
    5639       2.2103
    5640       2.2001
    5641       2.2751
    5642       2.2001
    5643       2.1600
    5644       2.1429
    5645       2.1410
    5646       2.1923
    5647       2.1387
    5648       2.1101
    5649       2.1761
    5650       2.1374
    5651       2.1042
    5652       2.1074
    5653       2.0928
    5654       2.1022
    5655       2.0430
    5656       2.1130
    5657       2.2064
    5658       2.1296
    5659       2.1363
    5660       2.0989
    5661       2.1859
    5662       2.2037
    5663       2.1768
    5664       2.2091
    5665       2.2156
    5666       2.1799
    5667       2.1634
    5668       2.2446
    5669       2.3099
    5670       2.2993
    5671       2.2966
    5672       2.2706
    5673       2.2193
    5674       2.3106
    5675       2.2083
    5676       2.2757
    5677       2.3063
    5678       2.3979
    5679       2.3816
    5680       2.3801
    5681       2.3877
    5682       2.4315
    5683       2.2928
    5684       2.3048
    5685       2.2770
    5686       2.2236
    5687       2.2499
    5688       2.2447
    5689       2.1845
    5690       2.2128
    5691       2.2001
    5692       2.2959
    5693       2.2097
    5694       2.1863
    5695       2.2040
    5696       2.1404
    5697       2.0971
    5698       2.1374
    5699       2.1868
    5700       2.2251
    5701       2.2025
    5702       2.2074
    5703       2.2162
    5704       2.2071
    5705       2.2716
    5706       2.2409
    5707       2.2312
    5708       2.2674
    5709       2.2746
    5710       2.3111
    5711       2.3381
    5712       2.2994
    5713       2.3336
    5714       2.3178
    5715       2.3783
    5716       2.4148
    5717       2.4445
    5718       2.4738
    5719       2.3897
    5720       2.4326
    5721       2.4446
    5722       2.5042
    5723       2.4427
    5724       2.4738
    5725       2.4349
    5726       2.3768
    5727       2.3637
    5728       2.3588
    5729       2.4449
    5730       2.4498
    5731       2.3974
    5732       2.4212
    5733       2.4384
    5734       2.4573
    5735       2.3837
    5736       2.3146
    5737       2.3272
    5738       2.3206
    5739       2.3940
    5740       2.4143
    5741       2.4348
    5742       2.3528
    5743       2.4018
    5744       2.4510
    5745       2.2969
    5746       2.3912
    5747       2.4261
    5748       2.4452
    5749       2.4117
    5750       2.4003
    5751       2.4062
    5752       2.3983
    5753       2.4488
    5754       2.4766
    5755       2.5365
    5756       2.5464
    5757       2.5349
    5758       2.5045
    5759       2.5005
    5760       2.5253
    5761       2.4143
    5762       2.4783
    5763       2.5257
    5764       2.5458
    5765       2.5276
    5766       2.5051
    5767       2.4560
    5768       2.4773
    5769       2.4873
    5770       2.4375
    5771       2.5034
    5772       2.4684
    5773       2.5027
    5774       2.5189
    5775       2.5810
    5776       2.5736
    5777       2.6329
    5778       2.5778
    5779       2.5506
    5780       2.4947
    5781       2.5788
    5782       2.5522
    5783       2.5211
    5784       2.5870
    5785       2.5042
    5786       2.5069
    5787       2.5584
    5788       2.5986
    5789       2.4789
    5790       2.5257
    5791       2.4235
    5792       2.4474
    5793       2.4580
    5794       2.4302
    5795       2.4116
    5796       2.3861
    5797       2.3312
    5798       2.3803
    5799       2.3890
    5800       2.3972
    5801       2.3974
    5802       2.4276
    5803       2.4057
    5804       2.4378
    5805       2.4672
    5806       2.4294
    5807       2.4233
    5808       2.4335
    5809       2.4058
    5810       2.4410
    5811       2.4896
    5812       2.4569
    5813       2.4750
    5814       2.4665
    5815       2.4431
    5816       2.3906
    5817       2.4677
    5818       2.4515
    5819       2.4255
    5820       2.4097
    5821       2.3592
    5822       2.3545
    5823       2.4167
    5824       2.3046
    5825       2.3783
    5826       2.3539
    5827       2.3726
    5828       2.2887
    5829       2.2518
    5830       2.2621
    5831       2.2565
    5832       2.2422
    5833       2.3108
    5834       2.3051
    5835       2.2306
    5836       2.2485
    5837       2.2426
    5838       2.2600
    5839       2.2230
    5840       2.2946
    5841       2.2150
    5842       2.2248
    5843       2.2715
    5844       2.2806
    5845       2.3351
    5846       2.3329
    5847       2.2596
    5848       2.2896
    5849       2.2070
    5850       2.2683
    5851       2.2389
    5852       2.2101
    5853       2.2137
    5854       2.2099
    5855       2.2631
    5856       2.3572
    5857       2.3151
    5858       2.2887
    5859       2.3154
    5860       2.3242
    5861       2.3181
    5862       2.3061
    5863       2.3218
    5864       2.3648
    5865       2.3675
    5866       2.4767
    5867       2.3780
    5868       2.4308
    5869       2.3413
    5870       2.4462
    5871       2.3591
    5872       2.4301
    5873       2.3665
    5874       2.3537
    5875       2.3681
    5876       2.3991
    5877       2.3636
    5878       2.3803
    5879       2.3403
    5880       2.3340
    5881       2.3519
    5882       2.3537
    5883       2.3932
    5884       2.4437
    5885       2.4468
    5886       2.4488
    5887       2.4610
    5888       2.4976
    5889       2.4229
    5890       2.3444
    5891       2.3689
    5892       2.3806
    5893       2.4030
    5894       2.4481
    5895       2.3999
    5896       2.4380
    5897       2.3902
    5898       2.3388
    5899       2.3816
    5900       2.5017
    5901       2.5047
    5902       2.5114
    5903       2.4506
    5904       2.4265
    5905       2.4078
    5906       2.4643
    5907       2.4593
    5908       2.4958
    5909       2.4739
    5910       2.4769
    5911       2.4060
    5912       2.4232
    5913       2.3924
    5914       2.3488
    5915       2.3581
    5916       2.3717
    5917       2.3214
    5918       2.3835
    5919       2.4035
    5920       2.3956
    5921       2.3159
    5922       2.2853
    5923       2.2547
    5924       2.3262
    5925       2.4396
    5926       2.3629
    5927       2.3223
    5928       2.3028
    5929       2.3647
    5930       2.3092
    5931       2.3076
    5932       2.3472
    5933       2.2814
    5934       2.2816
    5935       2.3155
    5936       2.3532
    5937       2.2947
    5938       2.3130
    5939       2.2589
    5940       2.2243
    5941       2.2373
    5942       2.2197
    5943       2.2225
    5944       2.2256
    5945       2.2351
    5946       2.2494
    5947       2.2082
    5948       2.1189
    5949       2.1174
    5950       2.1772
    5951       2.1311
    5952       2.1666
    5953       2.1620
    5954       2.2399
    5955       2.1774
    5956       2.1427
    5957       2.2062
    5958       2.1776
    5959       2.1741
    5960       2.1360
    5961       2.1700
    5962       2.1303
    5963       2.1763
    5964       2.0788
    5965       2.1013
    5966       2.1520
    5967       2.1927
    5968       2.1670
    5969       2.2650
    5970       2.2215
    5971       2.3165
    5972       2.3308
    5973       2.3023
    5974       2.2615
    5975       2.2338
    5976       2.3548
    5977       2.3592
    5978       2.3292
    5979       2.2899
    5980       2.2921
    5981       2.2659
    5982       2.2754
    5983       2.2834
    5984       2.2666
    5985       2.3363
    5986       2.2827
    5987       2.2465
    5988       2.2247
    5989       2.1948
    5990       2.2274
    5991       2.2306
    5992       2.2819
    5993       2.2763
    5994       2.2233
    5995       2.2524
    5996       2.2554
    5997       2.2786
    5998       2.2102
    5999       2.3100
    6000       2.2884
    6001       2.3539
    6002       2.3175
    6003       2.3470
    6004       2.3151
    6005       2.3544
    6006       2.3547
    6007       2.4116
    6008       2.3814
    6009       2.4052
    6010       2.4154
    6011       2.4599
    6012       2.3723
    6013       2.4318
    6014       2.3905
    6015       2.3932
    6016       2.4352
    6017       2.3442
    6018       2.3681
    6019       2.3967
    6020       2.3853
    6021       2.3533
    6022       2.3730
    6023       2.3617
    6024       2.2060
    6025       2.2214
    6026       2.2743
    6027       2.2816
    6028       2.2185
    6029       2.1800
    6030       2.1846
    6031       2.2595
    6032       2.2230
    6033       2.2191
    6034       2.2364
    6035       2.2758
    6036       2.2653
    6037       2.1861
    6038       2.2244
    6039       2.3342
    6040       2.2986
    6041       2.3341
    6042       2.3238
    6043       2.3751
    6044       2.3991
    6045       2.3709
    6046       2.4151
    6047       2.3647
    6048       2.4096
    6049       2.3823
    6050       2.4099
    6051       2.3518
    6052       2.3237
    6053       2.3960
    6054       2.3480
    6055       2.3502
    6056       2.3986
    6057       2.3923
    6058       2.3317
    6059       2.3041
    6060       2.3647
    6061       2.3393
    6062       2.3802
    6063       2.3370
    6064       2.3296
    6065       2.3424
    6066       2.3335
    6067       2.3317
    6068       2.3036
    6069       2.3605
    6070       2.3459
    6071       2.2917
    6072       2.3020
    6073       2.3568
    6074       2.3468
    6075       2.3343
    6076       2.3509
    6077       2.3284
    6078       2.2526
    6079       2.2937
    6080       2.3014
    6081       2.3299
    6082       2.2944
    6083       2.2851
    6084       2.3291
    6085       2.3540
    6086       2.3612
    6087       2.4083
    6088       2.4357
    6089       2.3925
    6090       2.4104
    6091       2.3402
    6092       2.3275
    6093       2.3264
    6094       2.3452
    6095       2.3216
    6096       2.3243
    6097       2.3224
    6098       2.3305
    6099       2.2731
    6100       2.3490
    6101       2.2857
    6102       2.3491
    6103       2.3189
    6104       2.3952
    6105       2.3586
    6106       2.2842
    6107       2.3230
    6108       2.3512
    6109       2.3031
    6110       2.4169
    6111       2.3794
    6112       2.4416
    6113       2.4250
    6114       2.3771
    6115       2.3721
    6116       2.3425
    6117       2.3840
    6118       2.4386
    6119       2.3853
    6120       2.3820
    6121       2.4093
    6122       2.3683
    6123       2.4110
    6124       2.3833
    6125       2.3781
    6126       2.3132
    6127       2.2951
    6128       2.2891
    6129       2.2749
    6130       2.2647
    6131       2.3080
    6132       2.2453
    6133       2.2423
    6134       2.2503
    6135       2.2711
    6136       2.2610
    6137       2.2236
    6138       2.2191
    6139       2.1903
    6140       2.1588
    6141       2.1978
    6142       2.2245
    6143       2.2446
    6144       2.2827
    6145       2.2775
    6146       2.2346
    6147       2.2514
    6148       2.3056
    6149       2.2461
    6150       2.2757
    6151       2.2605
    6152       2.2744
    6153       2.3056
    6154       2.3188
    6155       2.3388
    6156       2.2929
    6157       2.2843
    6158       2.2089
    6159       2.2346
    6160       2.2524
    6161       2.2992
    6162       2.2842
    6163       2.3178
    6164       2.3396
    6165       2.2771
    6166       2.2773
    6167       2.2920
    6168       2.3264
    6169       2.2588
    6170       2.2929
    6171       2.3253
    6172       2.2747
    6173       2.2913
    6174       2.2658
    6175       2.2351
    6176       2.2647
    6177       2.2792
    6178       2.3179
    6179       2.3295
    6180       2.3339
    6181       2.2692
    6182       2.3146
    6183       2.3489
    6184       2.3375
    6185       2.3601
    6186       2.3358
    6187       2.3356
    6188       2.3557
    6189       2.3758
    6190       2.3591
    6191       2.3645
    6192       2.2876
    6193       2.2885
    6194       2.2877
    6195       2.2755
    6196       2.2978
    6197       2.3094
    6198       2.3263
    6199       2.2898
    6200       2.3165
    6201       2.3238
    6202       2.3353
    6203       2.3753
    6204       2.3457
    6205       2.3526
    6206       2.3096
    6207       2.3044
    6208       2.2641
    6209       2.2885
    6210       2.2636
    6211       2.2929
    6212       2.2917
    6213       2.3515
    6214       2.2859
    6215       2.2998
    6216       2.3160
    6217       2.3475
    6218       2.3166
    6219       2.3048
    6220       2.3700
    6221       2.3585
    6222       2.3938
    6223       2.3231
    6224       2.3086
    6225       2.3065
    6226       2.3258
    6227       2.3557
    6228       2.3711
    6229       2.3476
    6230       2.3901
    6231       2.3978
    6232       2.4144
    6233       2.3772
    6234       2.2996
    6235       2.4010
    6236       2.4187
    6237       2.3530
    6238       2.3209
    6239       2.3562
    6240       2.4020
    6241       2.3927
    6242       2.3564
    6243       2.3624
    6244       2.3771
    6245       2.3386
    6246       2.3702
    6247       2.3246
    6248       2.3330
    6249       2.3484
    6250       2.3427
    6251       2.2395
    6252       2.2519
    6253       2.2633
    6254       2.2700
    6255       2.2709
    6256       2.3063
    6257       2.2982
    6258       2.3374
    6259       2.3340
    6260       2.3398
    6261       2.3551
    6262       2.3944
    6263       2.3300
    6264       2.3441
    6265       2.3320
    6266       2.3286
    6267       2.3168
    6268       2.2878
    6269       2.3482
    6270       2.3531
    6271       2.3357
    6272       2.3192
    6273       2.2837
    6274       2.2652
    6275       2.2871
    6276       2.2999
    6277       2.3100
    6278       2.3583
    6279       2.3925
    6280       2.3978
    6281       2.3436
    6282       2.3887
    6283       2.3612
    6284       2.3175
    6285       2.3666
    6286       2.3813
    6287       2.3709
    6288       2.3981
    6289       2.3062
    6290       2.2937
    6291       2.2743
    6292       2.2924
    6293       2.3118
    6294       2.3323
    6295       2.3726
    6296       2.3695
    6297       2.2477
    6298       2.2615
    6299       2.1834
    6300       2.2220
    6301       2.2509
    6302       2.2454
    6303       2.2527
    6304       2.2249
    6305       2.2417
    6306       2.2080
    6307       2.1739
    6308       2.2685
    6309       2.2492
    6310       2.2609
    6311       2.3127
    6312       2.2740
    6313       2.3379
    6314       2.3137
    6315       2.3316
    6316       2.3670
    6317       2.3371
    6318       2.3274
    6319       2.3618
    6320       2.3544
    6321       2.4227
    6322       2.3123
    6323       2.3482
    6324       2.4122
    6325       2.3222
    6326       2.3685
    6327       2.3844
    6328       2.3724
    6329       2.4334
    6330       2.3897
    6331       2.4134
    6332       2.4386
    6333       2.4340
    6334       2.4119
    6335       2.4396
    6336       2.4182
    6337       2.4076
    6338       2.3403
    6339       2.3872
    6340       2.3696
    6341       2.3150
    6342       2.3763
    6343       2.3581
    6344       2.3696
    6345       2.3039
    6346       2.3771
    6347       2.3349
    6348       2.3603
    6349       2.3631
    6350       2.4248
    6351       2.3484
    6352       2.3651
    6353       2.3480
    6354       2.3468
    6355       2.3211
    6356       2.3872
    6357       2.3125
    6358       2.2938
    6359       2.3395
    6360       2.3561
    6361       2.3759
    6362       2.2784
    6363       2.3041
    6364       2.3777
    6365       2.3722
    6366       2.3686
    6367       2.4113
    6368       2.3167
    6369       2.3013
    6370       2.2544
    6371       2.2627
    6372       2.3212
    6373       2.3466
    6374       2.3666
    6375       2.2869
    6376       2.2647
    6377       2.2037
    6378       2.2494
    6379       2.2824
    6380       2.2840
    6381       2.2878
    6382       2.2574
    6383       2.2530
    6384       2.2897
    6385       2.3330
    6386       2.2795
    6387       2.2913
    6388       2.2900
    6389       2.3425
    6390       2.3758
    6391       2.2776
    6392       2.3291
    6393       2.3524
    6394       2.3795
    6395       2.3693
    6396       2.3288
    6397       2.2825
    6398       2.2978
    6399       2.2301
    6400       2.3207
    6401       2.2664
    6402       2.2875
    6403       2.3015
    6404       2.3223
    6405       2.2919
    6406       2.3061
    6407       2.2576
    6408       2.1699
    6409       2.2687
    6410       2.2489
    6411       2.2841
    6412       2.3047
    6413       2.3087
    6414       2.2860
    6415       2.2641
    6416       2.3082
    6417       2.3006
    6418       2.2806
    6419       2.2345
    6420       2.2523
    6421       2.2690
    6422       2.3262
    6423       2.2644
    6424       2.2408
    6425       2.2553
    6426       2.2572
    6427       2.2649
    6428       2.2014
    6429       2.2400
    6430       2.2401
    6431       2.2106
    6432       2.2617
    6433       2.3096
    6434       2.2634
    6435       2.2730
    6436       2.1390
    6437       2.1514
    6438       2.1102
    6439       2.1816
    6440       2.1779
    6441       2.1713
    6442       2.1809
    6443       2.1901
    6444       2.2377
    6445       2.2535
    6446       2.1642
    6447       2.1756
    6448       2.2176
    6449       2.1782
    6450       2.2256
    6451       2.3015
    6452       2.2309
    6453       2.2453
    6454       2.2230
    6455       2.2003
    6456       2.2302
    6457       2.3488
    6458       2.3288
    6459       2.2760
    6460       2.2680
    6461       2.2816
    6462       2.2846
    6463       2.2894
    6464       2.2796
    6465       2.2842
    6466       2.2765
    6467       2.3338
    6468       2.3673
    6469       2.3804
    6470       2.3781
    6471       2.3674
    6472       2.2908
    6473       2.3553
    6474       2.3539
    6475       2.2250
    6476       2.2972
    6477       2.3171
    6478       2.3285
    6479       2.2487
    6480       2.3122
    6481       2.3468
    6482       2.3263
    6483       2.2967
    6484       2.3403
    6485       2.2944
    6486       2.2290
    6487       2.2546
    6488       2.2659
    6489       2.2946
    6490       2.3148
    6491       2.2705
    6492       2.2913
    6493       2.1899
    6494       2.1791
    6495       2.1480
    6496       2.2116
    6497       2.2656
    6498       2.2064
    6499       2.2482
    6500       2.2191
    6501       2.2445
    6502       2.2828
    6503       2.2670
    6504       2.2330
    6505       2.2070
    6506       2.1856
    6507       2.2310
    6508       2.2338
    6509       2.2178
    6510       2.3097
    6511       2.3301
    6512       2.3363
    6513       2.3480
    6514       2.3804
    6515       2.3421
    6516       2.3646
    6517       2.3014
    6518       2.3167
    6519       2.3432
    6520       2.3282
    6521       2.2889
    6522       2.2862
    6523       2.2915
    6524       2.2087
    6525       2.2341
    6526       2.2573
    6527       2.3063
    6528       2.2840
    6529       2.3004
    6530       2.3854
    6531       2.3026
    6532       2.2982
    6533       2.2546
    6534       2.2430
    6535       2.3146
    6536       2.3225
    6537       2.2945
    6538       2.2241
    6539       2.2266
    6540       2.2071
    6541       2.2613
    6542       2.1955
    6543       2.2347
    6544       2.2255
    6545       2.2786
    6546       2.2773
    6547       2.2708
    6548       2.2981
    6549       2.3258
    6550       2.2374
    6551       2.2648
    6552       2.2869
    6553       2.2767
    6554       2.2770
    6555       2.2722
    6556       2.3254
    6557       2.2451
    6558       2.2563
    6559       2.2686
    6560       2.2597
    6561       2.2944
    6562       2.3355
    6563       2.3386
    6564       2.3007
    6565       2.2976
    6566       2.3006
    6567       2.2764
    6568       2.2968
    6569       2.2968
    6570       2.3360
    6571       2.3159
    6572       2.2984
    6573       2.3015
    6574       2.2391
    6575       2.2079
    6576       2.2323
    6577       2.2086
    6578       2.2273
    6579       2.2339
    6580       2.2094
    6581       2.1734
    6582       2.1757
    6583       2.1980
    6584       2.2012
    6585       2.2156
    6586       2.2780
    6587       2.3002
    6588       2.2706
    6589       2.2229
    6590       2.2284
    6591       2.1948
    6592       2.2277
    6593       2.2428
    6594       2.2038
    6595       2.2582
    6596       2.2490
    6597       2.2849
    6598       2.2727
    6599       2.3327
    6600       2.2799
    6601       2.2745
    6602       2.2832
    6603       2.2933
    6604       2.2517
    6605       2.2781
    6606       2.2289
    6607       2.2255
    6608       2.2246
    6609       2.1903
    6610       2.2598
    6611       2.2618
    6612       2.2100
    6613       2.2777
    6614       2.1898
    6615       2.2031
    6616       2.2860
    6617       2.2545
    6618       2.2331
    6619       2.2596
    6620       2.2180
    6621       2.1956
    6622       2.1900
    6623       2.2343
    6624       2.2933
    6625       2.1946
    6626       2.2524
    6627       2.1967
    6628       2.2364
    6629       2.2376
    6630       2.2753
    6631       2.2522
    6632       2.1991
    6633       2.2375
    6634       2.2200
    6635       2.2426
    6636       2.2321
    6637       2.2240
    6638       2.1981
    6639       2.1797
    6640       2.2037
    6641       2.2059
    6642       2.2165
    6643       2.2099
    6644       2.2122
    6645       2.2251
    6646       2.2770
    6647       2.2621
    6648       2.2720
    6649       2.2027
    6650       2.2153
    6651       2.2171
    6652       2.1998
    6653       2.1608
    6654       2.1644
    6655       2.1761
    6656       2.2815
    6657       2.2656
    6658       2.2712
    6659       2.2759
    6660       2.3106
    6661       2.3803
    6662       2.2195
    6663       2.2208
    6664       2.2331
    6665       2.2339
    6666       2.2015
    6667       2.1586
    6668       2.2020
    6669       2.2219
    6670       2.2196
    6671       2.1961
    6672       2.1580
    6673       2.2036
    6674       2.2136
    6675       2.2378
    6676       2.1926
    6677       2.2033
    6678       2.1729
    6679       2.1630
    6680       2.1434
    6681       2.1989
    6682       2.2097
    6683       2.2181
    6684       2.2116
    6685       2.2090
    6686       2.1582
    6687       2.1975
    6688       2.2691
    6689       2.2352
    6690       2.2199
    6691       2.2670
    6692       2.2043
    6693       2.2059
    6694       2.1982
    6695       2.2541
    6696       2.2546
    6697       2.2042
    6698       2.1589
    6699       2.1477
    6700       2.1243
    6701       2.1296
    6702       2.1521
    6703       2.1508
    6704       2.1740
    6705       2.1873
    6706       2.1762
    6707       2.1790
    6708       2.2004
    6709       2.2116
    6710       2.1902
    6711       2.2228
    6712       2.1905
    6713       2.1182
    6714       2.2166
    6715       2.2525
    6716       2.1593
    6717       2.1252
    6718       2.1621
    6719       2.1287
    6720       2.1358
    6721       2.2049
    6722       2.2334
    6723       2.2344
    6724       2.2117
    6725       2.1861
    6726       2.1632
    6727       2.1437
    6728       2.1736
    6729       2.1846
    6730       2.1595
    6731       2.1595
    6732       2.1666
    6733       2.1848
    6734       2.1693
    6735       2.1042
    6736       2.1225
    6737       2.1204
    6738       2.1262
    6739       2.1306
    6740       2.1192
    6741       2.1258
    6742       2.1256
    6743       2.0950
    6744       2.1136
    6745       2.1327
    6746       2.1785
    6747       2.2193
    6748       2.1596
    6749       2.1337
    6750       2.0626
    6751       2.1467
    6752       2.1099
    6753       2.0760
    6754       2.0993
    6755       2.1076
    6756       2.1546
    6757       2.1252
    6758       2.1058
    6759       2.1762
    6760       2.1385
    6761       2.1232
    6762       2.1585
    6763       2.1276
    6764       2.1711
    6765       2.2005
    6766       2.1658
    6767       2.0976
    6768       2.1292
    6769       2.0878
    6770       2.0649
    6771       2.0339
    6772       2.0530
    6773       2.0522
    6774       2.0444
    6775       2.1004
    6776       2.0420
    6777       2.0043
    6778       2.1115
    6779       2.1030
    6780       2.1215
    6781       2.1084
    6782       2.1210
    6783       2.1120
    6784       2.1332
    6785       2.1578
    6786       2.1795
    6787       2.1768
    6788       2.1743
    6789       2.1583
    6790       2.1519
    6791       2.1419
    6792       2.1593
    6793       2.1632
    6794       2.1613
    6795       2.1728
    6796       2.2385
    6797       2.2122
    6798       2.1912
    6799       2.2298
    6800       2.2126
    6801       2.2235
    6802       2.2241
    6803       2.1596
    6804       2.1504
    6805       2.1836
    6806       2.1658
    6807       2.2317
    6808       2.1600
    6809       2.2496
    6810       2.2235
    6811       2.1759
    6812       2.1708
    6813       2.2216
    6814       2.1973
    6815       2.1727
    6816       2.1694
    6817       2.1381
    6818       2.1264
    6819       2.1219
    6820       2.2102
    6821       2.1463
    6822       2.2088
    6823       2.2056
    6824       2.1622
    6825       2.1627
    6826       2.1151
    6827       2.1688
    6828       2.1071
    6829       2.1296
    6830       2.1838
    6831       2.1617
    6832       2.1469
    6833       2.1777
    6834       2.2084
    6835       2.1499
    6836       2.1602
    6837       2.1340
    6838       2.2227
    6839       2.1377
    6840       2.1930
    6841       2.1522
    6842       2.1538
    6843       2.1684
    6844       2.1533
    6845       2.1741
    6846       2.1612
    6847       2.1686
    6848       2.2219
    6849       2.1711
    6850       2.1542
    6851       2.1245
    6852       2.1384
    6853       2.1774
    6854       2.1916
    6855       2.1736
    6856       2.1309
    6857       2.1677
    6858       2.1368
    6859       2.1824
    6860       2.1332
    6861       2.1689
    6862       2.1226
    6863       2.1488
    6864       2.1298
    6865       2.1641
    6866       2.1107
    6867       2.1019
    6868       2.1297
    6869       2.1041
    6870       2.1445
    6871       2.1200
    6872       2.1565
    6873       2.1319
    6874       2.1608
    6875       2.1508
    6876       2.1486
    6877       2.1807
    6878       2.1184
    6879       2.1243
    6880       2.1200
    6881       2.1055
    6882       2.0270
    6883       2.0812
    6884       2.0427
    6885       2.0661
    6886       2.0442
    6887       2.0498
    6888       2.0909
    6889       2.1831
    6890       2.1217
    6891       2.1215
    6892       2.1138
    6893       2.0837
    6894       2.0683
    6895       2.1129
    6896       2.1019
    6897       2.1005
    6898       2.0546
    6899       2.0542
    6900       2.1158
    6901       2.1112
    6902       2.0681
    6903       2.1243
    6904       2.1490
    6905       2.1868
    6906       2.2119
    6907       2.1906
    6908       2.1367
    6909       2.1143
    6910       2.1528
    6911       2.0964
    6912       2.1222
    6913       2.1456
    6914       2.1616
    6915       2.1680
    6916       2.1358
    6917       2.1445
    6918       2.1319
    6919       2.1250
    6920       2.1086
    6921       2.0974
    6922       2.1575
    6923       2.1419
    6924       2.1301
    6925       2.0955
    6926       2.0671
    6927       2.0616
    6928       2.0702
    6929       2.0276
    6930       2.0289
    6931       2.0182
    6932       1.9964
    6933       2.0424
    6934       2.0143
    6935       2.0128
    6936       2.0640
    6937       2.0712
    6938       2.0639
    6939       2.0901
    6940       2.0784
    6941       2.1070
    6942       2.1206
    6943       2.0824
    6944       2.0851
    6945       2.0743
    6946       2.1624
    6947       2.1135
    6948       2.1202
    6949       2.0601
    6950       2.0419
    6951       2.0856
    6952       2.1099
    6953       2.0633
    6954       2.1330
    6955       2.0770
    6956       2.0584
    6957       2.0188
    6958       1.9847
    6959       1.9768
    6960       2.0865
    6961       1.9944
    6962       1.9845
    6963       1.9399
    6964       1.9536
    6965       1.9856
    6966       1.9867
    6967       2.0184
    6968       2.0062
    6969       1.9560
    6970       1.9899
    6971       1.9699
    6972       2.0047
    6973       2.0027
    6974       2.0231
    6975       2.0239
    6976       1.9908
    6977       2.0301
    6978       2.0132
    6979       1.9715
    6980       1.9256
    6981       1.9221
    6982       1.9346
    6983       1.9804
    6984       1.9548
    6985       1.9588
    6986       2.0043
    6987       1.9448
    6988       1.9244
    6989       1.9642
    6990       1.9238
    6991       1.9466
    6992       1.9312
    6993       1.9901
    6994       1.9717
    6995       2.0150
    6996       2.0404
    6997       2.0259
    6998       2.0103
    6999       2.0792
    7000       2.0087
    7001       2.0388
    7002       2.0632
    7003       2.0434
    7004       2.0768
    7005       2.0375
    7006       2.0701
    7007       2.0569
    7008       2.0922
    7009       2.0586
    7010       2.0723
    7011       2.0887
    7012       2.0935
    7013       2.0802
    7014       2.0403
    7015       2.0752
    7016       2.0504
    7017       2.0054
    7018       2.0710
    7019       2.0700
    7020       2.0385
    7021       2.0593
    7022       2.0347
    7023       2.0223
    7024       2.0389
    7025       2.0083
    7026       1.9855
    7027       2.0596
    7028       2.0518
    7029       2.1042
    7030       2.0607
    7031       2.0992
    7032       2.1505
    7033       2.1964
    7034       2.1873
    7035       2.1214
    7036       2.1023
    7037       2.1439
    7038       2.1315
    7039       2.1605
    7040       2.2054
    7041       2.1265
    7042       2.2643
    7043       2.2181
    7044       2.2286
    7045       2.2314
    7046       2.2569
    7047       2.2062
    7048       2.1841
    7049       2.2001
    7050       2.1613
    7051       2.1375
    7052       2.1669
    7053       2.1025
    7054       2.1396
    7055       2.1623
    7056       2.1682
    7057       2.1579
    7058       2.1046
    7059       2.1863
    7060       2.1358
    7061       2.1251
    7062       2.1162
    7063       2.1487
    7064       2.1488
    7065       2.1333
    7066       2.1463
    7067       2.0879
    7068       2.1028
    7069       2.1188
    7070       2.1601
    7071       2.1331
    7072       2.0776
    7073       2.0846
    7074       2.1681
    7075       2.0942
    7076       2.1362
    7077       2.1396
    7078       2.1282
    7079       2.0487
    7080       2.0289
    7081       2.0440
    7082       2.1049
    7083       2.1048
    7084       2.1178
    7085       2.0899
    7086       2.0544
    7087       2.0876
    7088       2.1068
    7089       2.0936
    7090       2.0508
    7091       2.0774
    7092       2.0675
    7093       2.1114
    7094       2.1558
    7095       2.1673
    7096       2.1399
    7097       2.2374
    7098       2.1588
    7099       2.1699
    7100       2.1690
    7101       2.2366
    7102       2.2327
    7103       2.1955
    7104       2.2933
    7105       2.2667
    7106       2.2528
    7107       2.1901
    7108       2.1930
    7109       2.2223
    7110       2.1861
    7111       2.2283
    7112       2.2098
    7113       2.2309
    7114       2.2511
    7115       2.2288
    7116       2.1362
    7117       2.1092
    7118       2.1397
    7119       2.1645
    7120       2.1125
    7121       2.1532
    7122       2.1617
    7123       2.1567
    7124       2.1370
    7125       2.1645
    7126       2.2869
    7127       2.1845
    7128       2.1815
    7129       2.2234
    7130       2.2051
    7131       2.2275
    7132       2.2094
    7133       2.2585
    7134       2.2889
    7135       2.2967
    7136       2.2919
    7137       2.2611
    7138       2.2979
    7139       2.2358
    7140       2.1890
    7141       2.1996
    7142       2.2022
    7143       2.1501
    7144       2.1829
    7145       2.1265
    7146       2.1413
    7147       2.1556
    7148       2.1214
    7149       2.1727
    7150       2.2248
    7151       2.2146
    7152       2.2286
    7153       2.2638
    7154       2.2697
    7155       2.2378
    7156       2.2649
    7157       2.2689
    7158       2.2557
    7159       2.3406
    7160       2.3071
    7161       2.3523
    7162       2.3231
    7163       2.3107
    7164       2.2141
    7165       2.2558
    7166       2.3163
    7167       2.2439
    7168       2.3231
    7169       2.3554
    7170       2.3122
    7171       2.3585
    7172       2.4392
    7173       2.3489
    7174       2.3460
    7175       2.3954
    7176       2.3223
    7177       2.3174
    7178       2.2765
    7179       2.2657
    7180       2.3089
    7181       2.3069
    7182       2.2813
    7183       2.3037
    7184       2.2817
    7185       2.3010
    7186       2.2913
    7187       2.2371
    7188       2.2485
    7189       2.2648
    7190       2.3067
    7191       2.2299
    7192       2.2530
    7193       2.2539
    7194       2.2376
    7195       2.2688
    7196       2.2402
    7197       2.1856
    7198       2.2342
    7199       2.2267
    7200       2.1968
    7201       2.2118
    7202       2.2830
    7203       2.2629
    7204       2.2341
    7205       2.2521
    7206       2.1673
    7207       2.1634
    7208       2.1496
    7209       2.1201
    7210       2.1925
    7211       2.2247
    7212       2.1994
    7213       2.1833
    7214       2.2023
    7215       2.1517
    7216       2.1896
    7217       2.2012
    7218       2.1623
    7219       2.1979
    7220       2.1995
    7221       2.2200
    7222       2.2085
    7223       2.2039
    7224       2.2614
    7225       2.2761
    7226       2.2731
    7227       2.2387
    7228       2.2592
    7229       2.2151
    7230       2.2496
    7231       2.2554
    7232       2.1930
    7233       2.1877
    7234       2.2553
    7235       2.3033
    7236       2.3084
    7237       2.2462
    7238       2.2411
    7239       2.3061
    7240       2.2990
    7241       2.3435
    7242       2.3565
    7243       2.3631
    7244       2.2667
    7245       2.2815
    7246       2.2785
    7247       2.2588
    7248       2.2146
    7249       2.1828
    7250       2.2117
    7251       2.2127
    7252       2.2533
    7253       2.2517
    7254       2.2531
    7255       2.2685
    7256       2.2869
    7257       2.2579
    7258       2.2726
    7259       2.2358
    7260       2.3119
    7261       2.1966
    7262       2.2166
    7263       2.1982
    7264       2.2716
    7265       2.2398
    7266       2.1964
    7267       2.1680
    7268       2.1657
    7269       2.1179
    7270       2.1612
    7271       2.2105
    7272       2.2041
    7273       2.1602
    7274       2.1912
    7275       2.1882
    7276       2.1844
    7277       2.1776
    7278       2.1699
    7279       2.1618
    7280       2.1527
    7281       2.1586
    7282       2.1290
    7283       2.1618
    7284       2.0970
    7285       2.0895
    7286       2.1376
    7287       2.1618
    7288       2.1473
    7289       2.2466
    7290       2.1972
    7291       2.1790
    7292       2.0775
    7293       2.1597
    7294       2.1589
    7295       2.1166
    7296       2.0874
    7297       2.0995
    7298       2.1083
    7299       2.0706
    7300       2.1007
    7301       2.0969
    7302       2.1079
    7303       2.0965
    7304       2.0991
    7305       2.0943
    7306       2.1072
    7307       2.1191
    7308       2.0617
    7309       2.1367
    7310       2.1299
    7311       2.1759
    7312       2.1504
    7313       2.0766
    7314       2.1394
    7315       2.1400
    7316       2.1124
    7317       2.1252
    7318       2.1391
    7319       2.1590
    7320       2.1247
    7321       2.1364
    7322       2.1455
    7323       2.1411
    7324       2.1601
    7325       2.1587
    7326       2.1428
    7327       2.0831
    7328       2.0604
    7329       2.0462
    7330       2.0301
    7331       2.0373
    7332       2.0610
    7333       2.0327
    7334       1.9856
    7335       2.0602
    7336       2.0505
    7337       2.0626
    7338       2.0885
    7339       2.0874
    7340       2.0802
    7341       2.0743
    7342       2.0591
    7343       2.0476
    7344       2.0334
    7345       2.0551
    7346       2.0708
    7347       2.1223
    7348       2.1235
    7349       2.0944
    7350       2.0920
    7351       2.1364
    7352       2.1859
    7353       2.1519
    7354       2.1045
    7355       2.1054
    7356       2.1655
    7357       2.1802
    7358       2.1517
    7359       2.2183
    7360       2.1552
    7361       2.1977
    7362       2.2174
    7363       2.2241
    7364       2.1855
    7365       2.1931
    7366       2.1789
    7367       2.2032
    7368       2.1547
    7369       2.1719
    7370       2.1982
    7371       2.1736
    7372       2.1429
    7373       2.1611
    7374       2.1334
    7375       2.2136
    7376       2.2432
    7377       2.1774
    7378       2.1854
    7379       2.1391
    7380       2.1954
    7381       2.1414
    7382       2.1723
    7383       2.1629
    7384       2.1999
    7385       2.1637
    7386       2.2132
    7387       2.2100
    7388       2.1772
    7389       2.1608
    7390       2.2815
    7391       2.2433
    7392       2.2498
    7393       2.2754
    7394       2.2207
    7395       2.1886
    7396       2.2158
    7397       2.2229
    7398       2.2329
    7399       2.1434
    7400       2.1190
    7401       2.1343
    7402       2.1391
    7403       2.1051
    7404       2.1004
    7405       2.1241
    7406       2.1200
    7407       2.1119
    7408       2.0574
    7409       2.0779
    7410       2.0805
    7411       2.0909
    7412       2.0858
    7413       2.0404
    7414       2.0631
    7415       2.0727
    7416       2.0521
    7417       2.1184
    7418       2.1807
    7419       2.1762
    7420       2.1314
    7421       2.1446
    7422       2.1366
    7423       2.2060
    7424       2.1381
    7425       2.1302
    7426       2.0984
    7427       2.0892
    7428       2.0487
    7429       2.0549
    7430       2.1702
    7431       2.1109
    7432       2.0241
    7433       2.0506
    7434       2.0365
    7435       2.0808
    7436       2.0747
    7437       2.0604
    7438       2.0865
    7439       2.1279
    7440       2.1851
    7441       2.1721
    7442       2.1181
    7443       2.1244
    7444       2.1022
    7445       2.1288
    7446       2.1479
    7447       2.1724
    7448       2.1336
    7449       2.1412
    7450       2.1600
    7451       2.2275
    7452       2.2217
    7453       2.1638
    7454       2.1443
    7455       2.1332
    7456       2.1345
    7457       2.1254
    7458       2.1302
    7459       2.1846
    7460       2.2359
    7461       2.1458
    7462       2.1353
    7463       2.1542
    7464       2.1056
    7465       2.1176
    7466       2.1590
    7467       2.1353
    7468       2.1461
    7469       2.1675
    7470       2.1508
    7471       2.1740
    7472       2.2095
    7473       2.1802
    7474       2.1673
    7475       2.1573
    7476       2.1642
    7477       2.1736
    7478       2.2208
    7479       2.1876
    7480       2.1830
    7481       2.1984
    7482       2.1218
    7483       2.1695
    7484       2.1919
    7485       2.1394
    7486       2.1489
    7487       2.1534
    7488       2.1083
    7489       2.1847
    7490       2.2038
    7491       2.1546
    7492       2.2198
    7493       2.1943
    7494       2.1741
    7495       2.1818
    7496       2.1349
    7497       2.1596
    7498       2.1608
    7499       2.1457
    7500       2.1285
    7501       2.1144
    7502       2.1280
    7503       2.1270
    7504       2.1348
    7505       2.1637
    7506       2.1659
    7507       2.1954
    7508       2.1572
    7509       2.1633
    7510       2.1760
    7511       2.1700
    7512       2.1601
    7513       2.1657
    7514       2.2022
    7515       2.1972
    7516       2.1845
    7517       2.0756
    7518       2.1309
    7519       2.1247
    7520       2.0904
    7521       2.0970
    7522       2.0881
    7523       2.1319
    7524       2.1429
    7525       2.1514
    7526       2.1818
    7527       2.1737
    7528       2.2409
    7529       2.2674
    7530       2.2670
    7531       2.2044
    7532       2.2034
    7533       2.1430
    7534       2.1792
    7535       2.1655
    7536       2.1902
    7537       2.2575
    7538       2.2032
    7539       2.2200
    7540       2.2346
    7541       2.1664
    7542       2.1324
    7543       2.0914
    7544       2.1072
    7545       2.0917
    7546       2.0939
    7547       2.1286
    7548       2.0796
    7549       2.1434
    7550       2.1336
    7551       2.1342
    7552       2.1508
    7553       2.1532
    7554       2.1625
    7555       2.1757
    7556       2.1969
    7557       2.1706
    7558       2.1385
    7559       2.1680
    7560       2.1776
    7561       2.1813
    7562       2.1894
    7563       2.1930
    7564       2.1989
    7565       2.2313
    7566       2.2100
    7567       2.2185
    7568       2.1798
    7569       2.2018
    7570       2.1907
    7571       2.1953
    7572       2.2181
    7573       2.1785
    7574       2.1544
    7575       2.2116
    7576       2.1281
    7577       2.1703
    7578       2.1901
    7579       2.1834
    7580       2.1803
    7581       2.1275
    7582       2.1782
    7583       2.1528
    7584       2.2019
    7585       2.1436
    7586       2.1599
    7587       2.1460
    7588       2.1312
    7589       2.1971
    7590       2.1682
    7591       2.2070
    7592       2.1977
    7593       2.2164
    7594       2.2189
    7595       2.1592
    7596       2.2054
    7597       2.2120
    7598       2.2232
    7599       2.2330
    7600       2.2224
    7601       2.2388
    7602       2.1542
    7603       2.1576
    7604       2.2245
    7605       2.2106
    7606       2.1769
    7607       2.1972
    7608       2.1720
    7609       2.2296
    7610       2.1852
    7611       2.1316
    7612       2.2162
    7613       2.2436
    7614       2.2009
    7615       2.2276
    7616       2.2044
    7617       2.2196
    7618       2.2204
    7619       2.2181
    7620       2.2195
    7621       2.2179
    7622       2.2037
    7623       2.1599
    7624       2.2352
    7625       2.2334
    7626       2.1926
    7627       2.2064
    7628       2.1532
    7629       2.1639
    7630       2.1619
    7631       2.1889
    7632       2.1866
    7633       2.1879
    7634       2.1472
    7635       2.1537
    7636       2.2051
    7637       2.1975
    7638       2.2053
    7639       2.2159
    7640       2.1549
    7641       2.1839
    7642       2.1464
    7643       2.1153
    7644       2.1525
    7645       2.1709
    7646       2.2119
    7647       2.1510
    7648       2.1922
    7649       2.1793
    7650       2.1592
    7651       2.1319
    7652       2.1245
    7653       2.0973
    7654       2.1094
    7655       2.0374
    7656       2.1036
    7657       2.0907
    7658       2.1195
    7659       2.1481
    7660       2.1259
    7661       2.1444
    7662       2.1515
    7663       2.0947
    7664       2.1823
    7665       2.1426
    7666       2.1525
    7667       2.0926
    7668       2.1818
    7669       2.1839
    7670       2.1707
    7671       2.0805
    7672       2.0692
    7673       2.0837
    7674       2.0500
    7675       2.1168
    7676       2.1240
    7677       2.1754
    7678       2.1570
    7679       2.1539
    7680       2.0815
    7681       2.1085
    7682       2.0930
    7683       2.1296
    7684       2.1437
    7685       2.1125
    7686       2.1259
    7687       2.1383
    7688       2.1494
    7689       2.1144
    7690       2.1419
    7691       2.1177
    7692       2.1378
    7693       2.1421
    7694       2.1364
    7695       2.1562
    7696       2.1356
    7697       2.1188
    7698       2.1476
    7699       2.1169
    7700       2.1358
    7701       2.1593
    7702       2.1540
    7703       2.1553
    7704       2.1637
    7705       2.1547
    7706       2.1845
    7707       2.2035
    7708       2.1894
    7709       2.2008
    7710       2.2276
    7711       2.2175
    7712       2.2289
    7713       2.2316
    7714       2.2730
    7715       2.1981
    7716       2.2429
    7717       2.2003
    7718       2.2010
    7719       2.2417
    7720       2.2277
    7721       2.2613
    7722       2.2187
    7723       2.2083
    7724       2.2295
    7725       2.1861
    7726       2.1769
    7727       2.1268
    7728       2.1131
    7729       2.1339
    7730       2.1501
    7731       2.1402
    7732       2.1838
    7733       2.1091
    7734       2.1363
    7735       2.1212
    7736       2.1292
    7737       2.1075
    7738       2.1006
    7739       2.1531
    7740       2.1427
    7741       2.1513
    7742       2.1679
    7743       2.1601
    7744       2.1503
    7745       2.2073
    7746       2.1438
    7747       2.1539
    7748       2.1728
    7749       2.1937
    7750       2.1097
    7751       2.1196
    7752       2.0875
    7753       2.0851
    7754       2.1295
    7755       2.0874
    7756       2.1325
    7757       2.1125
    7758       2.1575
    7759       2.0863
    7760       2.0940
    7761       2.0854
    7762       2.1309
    7763       2.1456
    7764       2.1673
    7765       2.1180
    7766       2.1742
    7767       2.1969
    7768       2.2560
    7769       2.2552
    7770       2.2239
    7771       2.1681
    7772       2.1824
    7773       2.1409
    7774       2.1631
    7775       2.1246
    7776       2.1328
    7777       2.1480
    7778       2.1268
    7779       2.0748
    7780       2.0789
    7781       2.0680
    7782       2.0841
    7783       2.1085
    7784       2.0936
    7785       2.0589
    7786       2.1455
    7787       2.1100
    7788       2.1131
    7789       2.1430
    7790       2.1742
    7791       2.1276
    7792       2.1737
    7793       2.1741
    7794       2.1304
    7795       2.1554
    7796       2.1381
    7797       2.0944
    7798       2.0619
    7799       2.0736
    7800       2.1288
    7801       2.1099
    7802       2.1277
    7803       2.1803
    7804       2.1190
    7805       2.0689
    7806       2.0557
    7807       2.0939
    7808       2.1103
    7809       2.1006
    7810       2.0880
    7811       2.1097
    7812       2.1460
    7813       2.0816
    7814       2.1368
    7815       2.1019
    7816       2.1825
    7817       2.2630
    7818       2.2170
    7819       2.2054
    7820       2.1700
    7821       2.1559
    7822       2.1523
    7823       2.1875
    7824       2.1696
    7825       2.1571
    7826       2.1484
    7827       2.1942
    7828       2.1078
    7829       2.1622
    7830       2.1482
    7831       2.1696
    7832       2.1347
    7833       2.0614
    7834       2.1345
    7835       2.0996
    7836       2.0852
    7837       2.0884
    7838       2.0997
    7839       2.0740
    7840       2.0695
    7841       2.0916
    7842       2.1109
    7843       2.1464
    7844       2.1249
    7845       2.1658
    7846       2.1223
    7847       2.1503
    7848       2.1764
    7849       2.1470
    7850       2.1149
    7851       2.1164
    7852       2.1254
    7853       2.1904
    7854       2.1410
    7855       2.1424
    7856       2.1471
    7857       2.1678
    7858       2.1961
    7859       2.1994
    7860       2.1698
    7861       2.1428
    7862       2.1478
    7863       2.1404
    7864       2.1866
    7865       2.2076
    7866       2.1657
    7867       2.2038
    7868       2.1983
    7869       2.1658
    7870       2.1345
    7871       2.1183
    7872       2.1423
    7873       2.1759
    7874       2.1265
    7875       2.1532
    7876       2.1648
    7877       2.1645
    7878       2.2010
    7879       2.1698
    7880       2.1454
    7881       2.1503
    7882       2.2289
    7883       2.1936
    7884       2.1767
    7885       2.1726
    7886       2.1676
    7887       2.1734
    7888       2.2114
    7889       2.2685
    7890       2.2662
    7891       2.2266
    7892       2.1926
    7893       2.1979
    7894       2.2425
    7895       2.2684
    7896       2.2405
    7897       2.2388
    7898       2.2535
    7899       2.2446
    7900       2.2255
    7901       2.2588
    7902       2.2132
    7903       2.1555
    7904       2.1799
    7905       2.2015
    7906       2.2178
    7907       2.1943
    7908       2.1986
    7909       2.1989
    7910       2.1953
    7911       2.2205
    7912       2.1191
    7913       2.1283
    7914       2.1365
    7915       2.1599
    7916       2.1515
    7917       2.1724
    7918       2.1498
    7919       2.1697
    7920       2.2085
    7921       2.2157
    7922       2.2267
    7923       2.2183
    7924       2.2001
    7925       2.1773
    7926       2.2194
    7927       2.2661
    7928       2.2509
    7929       2.1725
    7930       2.2161
    7931       2.2105
    7932       2.1926
    7933       2.2005
    7934       2.1935
    7935       2.2197
    7936       2.2034
    7937       2.1694
    7938       2.1315
    7939       2.0897
    7940       2.1440
    7941       2.0971
    7942       2.1099
    7943       2.0908
    7944       2.1443
    7945       2.1270
    7946       2.1526
    7947       2.0786
    7948       2.1389
    7949       2.1023
    7950       2.1227
    7951       2.1377
    7952       2.0717
    7953       2.0783
    7954       2.0924
    7955       2.0667
    7956       2.0880
    7957       2.0730
    7958       2.0715
    7959       2.0922
    7960       2.0596
    7961       2.0652
    7962       2.1215
    7963       2.1309
    7964       2.0993
    7965       2.0916
    7966       2.0945
    7967       2.2009
    7968       2.1690
    7969       2.1303
    7970       2.1730
    7971       2.1510
    7972       2.1769
    7973       2.1235
    7974       2.1289
    7975       2.0996
    7976       2.1223
    7977       2.0647
    7978       2.1044
    7979       2.0606
    7980       2.0810
    7981       2.1173
    7982       2.1073
    7983       2.1520
    7984       2.1565
    7985       2.1303
    7986       2.1357
    7987       2.0864
    7988       2.0987
    7989       2.1075
    7990       2.1401
    7991       2.0667
    7992       2.1015
    7993       2.0884
    7994       2.1226
    7995       2.1392
    7996       2.0811
    7997       2.0909
    7998       2.0598
    7999       2.0608
    8000       2.1039
    8001       2.1445
    8002       2.1363
    8003       2.1363
    8004       2.1641
    8005       2.1127
    8006       2.1439
    8007       2.1175
    8008       2.0782
    8009       2.0611
    8010       2.1405
    8011       2.1334
    8012       2.1120
    8013       2.1379
    8014       2.1209
    8015       2.1436
    8016       2.1114
    8017       2.1327
    8018       2.1088
    8019       2.1251
    8020       2.1069
    8021       2.0613
    8022       2.0694
    8023       2.1195
    8024       2.1093
    8025       2.0860
    8026       2.1035
    8027       2.0418
    8028       2.1308
    8029       2.1037
    8030       2.1215
    8031       2.1519
    8032       2.0954
    8033       2.0431
    8034       2.0567
    8035       2.1076
    8036       2.0995
    8037       2.0807
    8038       2.0787
    8039       2.0358
    8040       2.0520
    8041       2.0777
    8042       2.0664
    8043       2.0618
    8044       2.0222
    8045       1.9980
    8046       2.0205
    8047       1.9826
    8048       2.0113
    8049       2.0199
    8050       2.0297
    8051       2.0843
    8052       2.1005
    8053       2.1216
    8054       2.0922
    8055       2.1060
    8056       2.0772
    8057       2.1310
    8058       2.1445
    8059       2.1969
    8060       2.1756
    8061       2.1543
    8062       2.2283
    8063       2.2180
    8064       2.2088
    8065       2.2177
    8066       2.2037
    8067       2.1761
    8068       2.2050
    8069       2.1604
    8070       2.2224
    8071       2.2625
    8072       2.2263
    8073       2.2674
    8074       2.2837
    8075       2.2529
    8076       2.2788
    8077       2.2355
    8078       2.2181
    8079       2.2037
    8080       2.2131
    8081       2.1850
    8082       2.1938
    8083       2.1958
    8084       2.1773
    8085       2.2322
    8086       2.2385
    8087       2.1794
    8088       2.1654
    8089       2.2077
    8090       2.2054
    8091       2.1941
    8092       2.2238
    8093       2.1996
    8094       2.2226
    8095       2.1796
    8096       2.1568
    8097       2.1179
    8098       2.1509
    8099       2.1822
    8100       2.1615
    8101       2.2095
    8102       2.2150
    8103       2.2049
    8104       2.1728
    8105       2.1508
    8106       2.1764
    8107       2.1804
    8108       2.1359
    8109       2.1204
    8110       2.2467
    8111       2.2382
    8112       2.2507
    8113       2.2538
    8114       2.2124
    8115       2.2454
    8116       2.2276
    8117       2.2873
    8118       2.2769
    8119       2.2142
    8120       2.2644
    8121       2.2555
    8122       2.2262
    8123       2.2477
    8124       2.2429
    8125       2.2925
    8126       2.2109
    8127       2.2020
    8128       2.2317
    8129       2.2291
    8130       2.2039
    8131       2.2149
    8132       2.2077
    8133       2.2254
    8134       2.2049
    8135       2.2276
    8136       2.2198
    8137       2.2058
    8138       2.2975
    8139       2.2569
    8140       2.2562
    8141       2.2978
    8142       2.2048
    8143       2.1861
    8144       2.1502
    8145       2.1897
    8146       2.2771
    8147       2.2664
    8148       2.2359
    8149       2.2654
    8150       2.2295
    8151       2.2173
    8152       2.1947
    8153       2.1926
    8154       2.1823
    8155       2.1559
    8156       2.1763
    8157       2.1680
    8158       2.1278
    8159       2.2287
    8160       2.1007
    8161       2.1397
    8162       2.1920
    8163       2.1693
    8164       2.1528
    8165       2.1719
    8166       2.1812
    8167       2.2357
    8168       2.2535
    8169       2.2161
    8170       2.1970
    8171       2.2421
    8172       2.1580
    8173       2.1977
    8174       2.1425
    8175       2.2418
    8176       2.1614
    8177       2.1700
    8178       2.1654
    8179       2.2206
    8180       2.2229
    8181       2.1871
    8182       2.0942
    8183       2.1029
    8184       2.0280
    8185       2.0725
    8186       2.0877
    8187       2.1064
    8188       2.1155
    8189       2.0818
    8190       2.1254
    8191       2.1703
    8192       2.1587
    8193       2.1349
    8194       2.1512
    8195       2.1122
    8196       2.2177
    8197       2.1728
    8198       2.2583
    8199       2.2147
    8200       2.2231
    8201       2.2121
    8202       2.2189
    8203       2.2440
    8204       2.2284
    8205       2.2028
    8206       2.1581
    8207       2.1995
    8208       2.1782
    8209       2.1828
    8210       2.1719
    8211       2.1566
    8212       2.1545
    8213       2.1910
    8214       2.1498
    8215       2.1193
    8216       2.1308
    8217       2.2249
    8218       2.2061
    8219       2.1866
    8220       2.2468
    8221       2.1781
    8222       2.2503
    8223       2.2518
    8224       2.2164
    8225       2.2358
    8226       2.2875
    8227       2.2572
    8228       2.2289
    8229       2.2562
    8230       2.2980
    8231       2.2486
    8232       2.2771
    8233       2.1971
    8234       2.2229
    8235       2.2111
    8236       2.2157
    8237       2.2267
    8238       2.1772
    8239       2.2140
    8240       2.1657
    8241       2.2130
    8242       2.1874
    8243       2.2086
    8244       2.2392
    8245       2.2523
    8246       2.2356
    8247       2.2890
    8248       2.2375
    8249       2.2514
    8250       2.1925
    8251       2.2270
    8252       2.1917
    8253       2.1996
    8254       2.1852
    8255       2.1857
    8256       2.2214
    8257       2.2196
    8258       2.2458
    8259       2.2443
    8260       2.2636
    8261       2.2465
    8262       2.2520
    8263       2.2343
    8264       2.2756
    8265       2.2222
    8266       2.2454
    8267       2.2400
    8268       2.2841
    8269       2.2249
    8270       2.1885
    8271       2.2533
    8272       2.1908
    8273       2.2300
    8274       2.2490
    8275       2.2739
    8276       2.2289
    8277       2.2004
    8278       2.2486
    8279       2.2682
    8280       2.2891
    8281       2.2519
    8282       2.2421
    8283       2.2697
    8284       2.2269
    8285       2.3344
    8286       2.2648
    8287       2.3016
    8288       2.3071
    8289       2.3187
    8290       2.2886
    8291       2.2786
    8292       2.2768
    8293       2.2150
    8294       2.1964
    8295       2.1969
    8296       2.2396
    8297       2.2035
    8298       2.3133
    8299       2.3096
    8300       2.2807
    8301       2.2160
    8302       2.2497
    8303       2.2071
    8304       2.1859
    8305       2.2304
    8306       2.2308
    8307       2.2124
    8308       2.2708
    8309       2.2340
    8310       2.2073
    8311       2.2774
    8312       2.1877
    8313       2.1546
    8314       2.1617
    8315       2.1767
    8316       2.2047
    8317       2.1720
    8318       2.2103
    8319       2.1830
    8320       2.1463
    8321       2.2291
    8322       2.2758
    8323       2.2307
    8324       2.1967
    8325       2.2063
    8326       2.2604
    8327       2.2554
    8328       2.2155
    8329       2.2244
    8330       2.2438
    8331       2.2129
    8332       2.2677
    8333       2.2302
    8334       2.1965
    8335       2.1867
    8336       2.2976
    8337       2.1837
    8338       2.1789
    8339       2.1734
    8340       2.1655
    8341       2.1942
    8342       2.2305
    8343       2.2437
    8344       2.2726
    8345       2.2300
    8346       2.1613
    8347       2.1814
    8348       2.2406
    8349       2.2236
    8350       2.1770
    8351       2.1374
    8352       2.1387
    8353       2.1465
    8354       2.2124
    8355       2.1794
    8356       2.1442
    8357       2.1775
    8358       2.1995
    8359       2.1673
    8360       2.2126
    8361       2.2545
    8362       2.2092
    8363       2.2278
    8364       2.2547
    8365       2.1997
    8366       2.2206
    8367       2.2185
    8368       2.2343
    8369       2.2377
    8370       2.1959
    8371       2.2431
    8372       2.1952
    8373       2.1602
    8374       2.1767
    8375       2.2142
    8376       2.1354
    8377       2.1259
    8378       2.2053
    8379       2.1996
    8380       2.1676
    8381       2.2473
    8382       2.1616
    8383       2.1821
    8384       2.1518
    8385       2.1436
    8386       2.2122
    8387       2.2146
    8388       2.1484
    8389       2.1839
    8390       2.1640
    8391       2.1915
    8392       2.2136
    8393       2.1528
    8394       2.2079
    8395       2.2416
    8396       2.2230
    8397       2.1984
    8398       2.1935
    8399       2.2333
    8400       2.2579
    8401       2.2788
    8402       2.2222
    8403       2.2603
    8404       2.2063
    8405       2.2147
    8406       2.2111
    8407       2.2350
    8408       2.2186
    8409       2.2250
    8410       2.2123
    8411       2.2012
    8412       2.2434
    8413       2.2028
    8414       2.1702
    8415       2.2060
    8416       2.2211
    8417       2.1962
    8418       2.1662
    8419       2.1829
    8420       2.2440
    8421       2.2418
    8422       2.2727
    8423       2.2517
    8424       2.2240
    8425       2.2427
    8426       2.2316
    8427       2.2586
    8428       2.2019
    8429       2.2211
    8430       2.2219
    8431       2.2658
    8432       2.2586
    8433       2.2529
    8434       2.2116
    8435       2.2278
    8436       2.2411
    8437       2.2900
    8438       2.3422
    8439       2.2982
    8440       2.3364
    8441       2.2730
    8442       2.1976
    8443       2.1544
    8444       2.1478
    8445       2.2414
    8446       2.2513
    8447       2.2511
    8448       2.2936
    8449       2.3232
    8450       2.3142
    8451       2.2521
    8452       2.2458
    8453       2.1777
    8454       2.1330
    8455       2.1759
    8456       2.1932
    8457       2.2356
    8458       2.1919
    8459       2.2427
    8460       2.1844
    8461       2.1711
    8462       2.2201
    8463       2.2324
    8464       2.1905
    8465       2.1755
    8466       2.0768
    8467       2.1576
    8468       2.1850
    8469       2.1836
    8470       2.1920
    8471       2.2448
    8472       2.2527
    8473       2.2145
    8474       2.2462
    8475       2.2763
    8476       2.2266
    8477       2.2043
    8478       2.1983
    8479       2.2570
    8480       2.2603
    8481       2.2417
    8482       2.2390
    8483       2.2092
    8484       2.3009
    8485       2.2474
    8486       2.2718
    8487       2.2558
    8488       2.2683
    8489       2.2207
    8490       2.2132
    8491       2.1974
    8492       2.2139
    8493       2.2133
    8494       2.2547
    8495       2.1971
    8496       2.3565
    8497       2.2889
    8498       2.2408
    8499       2.2528
    8500       2.2616
    8501       2.2640
    8502       2.1919
    8503       2.2415
    8504       2.2973
    8505       2.2396
    8506       2.2531
    8507       2.2098
    8508       2.2672
    8509       2.2398
    8510       2.3042
    8511       2.2219
    8512       2.2757
    8513       2.2622
    8514       2.2821
    8515       2.1994
    8516       2.2066
    8517       2.2390
    8518       2.2350
    8519       2.1987
    8520       2.1735
    8521       2.1516
    8522       2.1636
    8523       2.1029
    8524       2.1557
    8525       2.2017
    8526       2.2985
    8527       2.2140
    8528       2.1732
    8529       2.1819
    8530       2.1778
    8531       2.1943
    8532       2.1856
    8533       2.2064
    8534       2.1864
    8535       2.2139
    8536       2.1518
    8537       2.1179
    8538       2.1556
    8539       2.1827
    8540       2.2541
    8541       2.2282
    8542       2.2891
    8543       2.2182
    8544       2.3187
    8545       2.2584
    8546       2.2963
    8547       2.2559
    8548       2.2475
    8549       2.2328
    8550       2.2497
    8551       2.2706
    8552       2.2401
    8553       2.1964
    8554       2.1961
    8555       2.1915
    8556       2.1978
    8557       2.1747
    8558       2.1931
    8559       2.1670
    8560       2.1877
    8561       2.1859
    8562       2.2371
    8563       2.1819
    8564       2.1669
    8565       2.1463
    8566       2.0894
    8567       2.1427
    8568       2.1766
    8569       2.1752
    8570       2.1671
    8571       2.1845
    8572       2.1826
    8573       2.2039
    8574       2.2132
    8575       2.2529
    8576       2.2069
    8577       2.2201
    8578       2.2049
    8579       2.1686
    8580       2.2008
    8581       2.1368
    8582       2.1937
    8583       2.2446
    8584       2.2014
    8585       2.2014
    8586       2.2275
    8587       2.2562
    8588       2.2819
    8589       2.2856
    8590       2.2492
    8591       2.2667
    8592       2.2437
    8593       2.2623
    8594       2.2147
    8595       2.2758
    8596       2.2196
    8597       2.1588
    8598       2.2143
    8599       2.1886
    8600       2.2023
    8601       2.1839
    8602       2.2744
    8603       2.2560
    8604       2.2381
    8605       2.2286
    8606       2.2175
    8607       2.2374
    8608       2.2378
    8609       2.2305
    8610       2.2121
    8611       2.2381
    8612       2.2332
    8613       2.2008
    8614       2.2403
    8615       2.2903
    8616       2.2387
    8617       2.2614
    8618       2.2680
    8619       2.3047
    8620       2.2964
    8621       2.2833
    8622       2.2813
    8623       2.2401
    8624       2.1823
    8625       2.1601
    8626       2.1624
    8627       2.1434
    8628       2.1389
    8629       2.1148
    8630       2.1111
    8631       2.1729
    8632       2.1892
    8633       2.1509
    8634       2.2116
    8635       2.1907
    8636       2.2524
    8637       2.1817
    8638       2.1773
    8639       2.1577
    8640       2.2310
    8641       2.2052
    8642       2.1911
    8643       2.1579
    8644       2.2366
    8645       2.1895
    8646       2.2093
    8647       2.2762
    8648       2.1491
    8649       2.2136
    8650       2.1274
    8651       2.1663
    8652       2.1421
    8653       2.1137
    8654       2.0758
    8655       2.1137
    8656       2.0893
    8657       2.1073
    8658       2.1141
    8659       2.1421
    8660       2.1404
    8661       2.1986
    8662       2.1710
    8663       2.2212
    8664       2.2386
    8665       2.1347
    8666       2.1974
    8667       2.1008
    8668       2.1270
    8669       2.1478
    8670       2.1767
    8671       2.1838
    8672       2.1210
    8673       2.1059
    8674       2.1841
    8675       2.1772
    8676       2.1380
    8677       2.1502
    8678       2.1333
    8679       2.1405
    8680       2.1296
    8681       2.1261
    8682       2.1614
    8683       2.1949
    8684       2.2507
    8685       2.1936
    8686       2.2175
    8687       2.1939
    8688       2.1977
    8689       2.2209
    8690       2.1532
    8691       2.2427
    8692       2.2020
    8693       2.2099
    8694       2.1895
    8695       2.2067
    8696       2.1793
    8697       2.1893
    8698       2.1862
    8699       2.2163
    8700       2.2418
    8701       2.1819
    8702       2.2429
    8703       2.2191
    8704       2.2695
    8705       2.2434
    8706       2.3062
    8707       2.2879
    8708       2.2540
    8709       2.2575
    8710       2.2141
    8711       2.2402
    8712       2.2062
    8713       2.2006
    8714       2.2506
    8715       2.2759
    8716       2.2579
    8717       2.3197
    8718       2.2482
    8719       2.1930
    8720       2.2112
    8721       2.2013
    8722       2.2193
    8723       2.2455
    8724       2.2305
    8725       2.2478
    8726       2.2595
    8727       2.2399
    8728       2.2164
    8729       2.1951
    8730       2.1665
    8731       2.2445
    8732       2.2475
    8733       2.3247
    8734       2.2646
    8735       2.2535
    8736       2.3235
    8737       2.3091
    8738       2.2756
    8739       2.3152
    8740       2.2965
    8741       2.2890
    8742       2.3086
    8743       2.2430
    8744       2.1740
    8745       2.2618
    8746       2.2842
    8747       2.2511
    8748       2.2602
    8749       2.2706
    8750       2.2434
    8751       2.2453
    8752       2.2431
    8753       2.2370
    8754       2.2387
    8755       2.1321
    8756       2.1825
    8757       2.2527
    8758       2.2087
    8759       2.2625
    8760       2.1832
    8761       2.2246
    8762       2.2028
    8763       2.1849
    8764       2.2075
    8765       2.1899
    8766       2.2172
    8767       2.1928
    8768       2.2181
    8769       2.2131
    8770       2.2744
    8771       2.2189
    8772       2.1833
    8773       2.2312
    8774       2.2433
    8775       2.1622
    8776       2.2516
    8777       2.1855
    8778       2.2484
    8779       2.2122
    8780       2.1941
    8781       2.2516
    8782       2.3444
    8783       2.3239
    8784       2.3896
    8785       2.3621
    8786       2.3436
    8787       2.2794
    8788       2.2546
    8789       2.2187
    8790       2.2379
    8791       2.2162
    8792       2.2484
    8793       2.2337
    8794       2.2551
    8795       2.2206
    8796       2.2888
    8797       2.2909
    8798       2.3258
    8799       2.2598
    8800       2.2592
    8801       2.1970
    8802       2.2042
    8803       2.2194
    8804       2.2349
    8805       2.2216
    8806       2.2185
    8807       2.2082
    8808       2.1893
    8809       2.2446
    8810       2.1794
    8811       2.2135
    8812       2.1731
    8813       2.1979
    8814       2.2339
    8815       2.1982
    8816       2.2047
    8817       2.1667
    8818       2.1505
    8819       2.1283
    8820       2.1441
    8821       2.1944
    8822       2.1742
    8823       2.1511
    8824       2.1178
    8825       2.1397
    8826       2.1530
    8827       2.1130
    8828       2.1875
    8829       2.1660
    8830       2.1629
    8831       2.1798
    8832       2.1842
    8833       2.2094
    8834       2.1731
    8835       2.1623
    8836       2.1336
    8837       2.1529
    8838       2.1805
    8839       2.1804
    8840       2.1900
    8841       2.1738
    8842       2.1987
    8843       2.2082
    8844       2.2512
    8845       2.1799
    8846       2.2434
    8847       2.2196
    8848       2.2299
    8849       2.1924
    8850       2.1185
    8851       2.2029
    8852       2.1806
    8853       2.1560
    8854       2.2365
    8855       2.1034
    8856       2.1726
    8857       2.1259
    8858       2.1515
    8859       2.1970
    8860       2.1697
    8861       2.1490
    8862       2.1240
    8863       2.1162
    8864       2.1255
    8865       2.1593
    8866       2.1408
    8867       2.1518
    8868       2.1474
    8869       2.1084
    8870       2.1671
    8871       2.1738
    8872       2.1964
    8873       2.1987
    8874       2.1522
    8875       2.1265
    8876       2.1242
    8877       2.1248
    8878       2.1006
    8879       2.1453
    8880       2.1258
    8881       2.1059
    8882       2.0722
    8883       2.1040
    8884       2.0953
    8885       2.0651
    8886       2.0674
    8887       2.0935
    8888       1.9890
    8889       1.9873
    8890       2.0006
    8891       2.0006
    8892       1.9956
    8893       2.0165
    8894       2.0113
    8895       1.9761
    8896       1.9852
    8897       2.0070
    8898       1.9667
    8899       2.0133
    8900       1.9395
    8901       1.9758
    8902       1.9691
    8903       1.9620
    8904       1.9416
    8905       1.9762
    8906       1.9371
    8907       1.9871
    8908       1.9808
    8909       2.0027
    8910       2.0287
    8911       2.0243
    8912       2.0315
    8913       2.1047
    8914       2.0796
    8915       2.0483
    8916       2.0655
    8917       2.0711
    8918       2.0174
    8919       2.0156
    8920       2.0207
    8921       1.9977
    8922       2.0459
    8923       2.0015
    8924       2.0285
    8925       2.0221
    8926       2.0326
    8927       2.0489
    8928       2.0582
    8929       2.1260
    8930       2.0883
    8931       2.0813
    8932       2.1139
    8933       2.0418
    8934       2.0532
    8935       2.0188
    8936       2.0046
    8937       2.0364
    8938       2.0210
    8939       1.9751
    8940       1.9899
    8941       1.9714
    8942       1.9395
    8943       1.9492
    8944       1.9741
    8945       2.0102
    8946       2.0076
    8947       2.0220
    8948       2.0362
    8949       2.0132
    8950       1.9457
    8951       1.9729
    8952       1.9848
    8953       1.9693
    8954       2.0068
    8955       1.9713
    8956       1.8937
    8957       1.9581
    8958       1.9672
    8959       2.0069
    8960       1.9958
    8961       1.9601
    8962       1.9841
    8963       1.9290
    8964       1.9404
    8965       1.9031
    8966       2.0012
    8967       1.9859
    8968       1.9496
    8969       1.9210
    8970       1.9068
    8971       1.9260
    8972       1.9758
    8973       1.9081
    8974       2.0076
    8975       2.0312
    8976       2.0148
    8977       1.9979
    8978       1.9507
    8979       2.0294
    8980       2.0300
    8981       1.9942
    8982       1.9711
    8983       2.0706
    8984       2.0349
    8985       2.0182
    8986       2.0331
    8987       1.9603
    8988       2.0059
    8989       2.0262
    8990       2.0305
    8991       2.0376
    8992       2.0917
    8993       2.1002
    8994       2.1306
    8995       2.0293
    8996       2.0295
    8997       2.0264
    8998       2.0342
    8999       2.0451
    9000       2.1043
    9001       2.1109
    9002       2.1608
    9003       2.1220
    9004       2.1398
    9005       2.1298
    9006       2.0966
    9007       2.0719
    9008       2.1411
    9009       2.1158
    9010       2.1306
    9011       2.1265
    9012       2.0641
    9013       2.0217
    9014       2.1052
    9015       2.1171
    9016       2.1242
    9017       2.1107
    9018       2.0239
    9019       2.0425
    9020       2.0749
    9021       1.9967
    9022       1.9983
    9023       2.0733
    9024       1.9635
    9025       1.9684
    9026       1.9895
    9027       1.9902
    9028       2.0334
    9029       2.0317
    9030       2.0183
    9031       2.0556
    9032       2.1082
    9033       2.0670
    9034       2.0700
    9035       2.0190
    9036       2.0291
    9037       2.0522
    9038       2.0066
    9039       2.0526
    9040       2.0428
    9041       2.0853
    9042       2.0614
    9043       2.0948
    9044       2.0844
    9045       2.0753
    9046       2.0639
    9047       2.0054
    9048       1.9881
    9049       1.9932
    9050       1.9669
    9051       1.9645
    9052       2.0948
    9053       2.0711
    9054       2.0430
    9055       2.0265
    9056       2.0325
    9057       1.9730
    9058       2.0008
    9059       1.9995
    9060       1.9886
    9061       1.9946
    9062       1.9214
    9063       1.9982
    9064       2.0467
    9065       2.0453
    9066       2.0288
    9067       2.0048
    9068       2.0563
    9069       2.1217
    9070       2.0573
    9071       2.0556
    9072       2.0711
    9073       2.0611
    9074       2.0392
    9075       2.0286
    9076       2.0521
    9077       2.0712
    9078       2.0984
    9079       2.0584
    9080       2.0389
    9081       2.0575
    9082       1.9904
    9083       1.9573
    9084       1.9538
    9085       1.9775
    9086       1.9605
    9087       2.0483
    9088       2.1075
    9089       2.0743
    9090       2.0570
    9091       2.0546
    9092       2.0447
    9093       2.0278
    9094       1.9887
    9095       2.0370
    9096       2.0285
    9097       2.0372
    9098       2.0449
    9099       2.0247
    9100       2.0438
    9101       1.9968
    9102       2.0783
    9103       2.0679
    9104       2.0382
    9105       2.0119
    9106       2.0413
    9107       2.0213
    9108       1.9637
    9109       1.9236
    9110       1.9039
    9111       1.9305
    9112       1.9255
    9113       1.9783
    9114       1.9055
    9115       1.9362
    9116       1.8686
    9117       1.8856
    9118       1.8643
    9119       1.8447
    9120       1.9192
    9121       1.8803
    9122       1.8787
    9123       1.8195
    9124       1.8715
    9125       1.9363
    9126       1.9204
    9127       1.9040
    9128       2.0083
    9129       1.9398
    9130       2.0020
    9131       1.9710
    9132       1.8895
    9133       1.9558
    9134       1.9792
    9135       1.9326
    9136       1.9158
    9137       1.9297
    9138       1.9772
    9139       1.9646
    9140       2.0191
    9141       1.9886
    9142       2.0235
    9143       1.9957
    9144       2.0333
    9145       2.0161
    9146       2.0083
    9147       1.9550
    9148       1.9235
    9149       1.9386
    9150       1.9558
    9151       1.8874
    9152       1.8865
    9153       1.8736
    9154       1.8901
    9155       1.8910
    9156       1.9153
    9157       1.8917
    9158       1.9132
    9159       1.9306
    9160       1.8911
    9161       1.9173
    9162       1.9352
    9163       1.9618
    9164       1.9746
    9165       1.9873
    9166       2.0129
    9167       1.9706
    9168       1.9798
    9169       2.0288
    9170       2.0661
    9171       2.0503
    9172       2.0184
    9173       2.0628
    9174       2.1312
    9175       2.1035
    9176       2.0835
    9177       2.0683
    9178       2.0205
    9179       2.0361
    9180       2.0340
    9181       2.0665
    9182       2.0394
    9183       2.0204
    9184       2.0662
    9185       2.0904
    9186       2.1254
    9187       2.1529
    9188       2.1670
    9189       2.2282
    9190       2.1804
    9191       2.2167
    9192       2.2174
    9193       2.2241
    9194       2.1510
    9195       2.1773
    9196       2.1396
    9197       2.1874
    9198       2.1040
    9199       2.1345
    9200       2.1322
    9201       2.1741
    9202       2.1634
    9203       2.1855
    9204       2.1283
    9205       2.1182
    9206       2.1019
    9207       2.1257
    9208       2.1512
    9209       2.1736
    9210       2.1391
    9211       2.1849
    9212       2.2303
    9213       2.1262
    9214       2.2016
    9215       2.1783
    9216       2.1737
    9217       2.1956
    9218       2.2374
    9219       2.2387
    9220       2.2073
    9221       2.2419
    9222       2.2928
    9223       2.2585
    9224       2.2674
    9225       2.2444
    9226       2.2128
    9227       2.1740
    9228       2.1015
    9229       2.1664
    9230       2.1377
    9231       2.2109
    9232       2.1763
    9233       2.2148
    9234       2.2354
    9235       2.2099
    9236       2.1888
    9237       2.1909
    9238       2.2295
    9239       2.1720
    9240       2.1649
    9241       2.1878
    9242       2.2653
    9243       2.2913
    9244       2.2965
    9245       2.3150
    9246       2.2239
    9247       2.1931
    9248       2.2027
    9249       2.1980
    9250       2.1963
    9251       2.1986
    9252       2.2255
    9253       2.1690
    9254       2.1675
    9255       2.1567
    9256       2.2139
    9257       2.1962
    9258       2.2094
    9259       2.2655
    9260       2.2762
    9261       2.2401
    9262       2.2725
    9263       2.1861
    9264       2.1806
    9265       2.2030
    9266       2.1778
    9267       2.2292
    9268       2.1930
    9269       2.2471
    9270       2.1925
    9271       2.2467
    9272       2.2423
    9273       2.2343
    9274       2.2221
    9275       2.2059
    9276       2.1576
    9277       2.2054
    9278       2.2413
    9279       2.2314
    9280       2.2278
    9281       2.2398
    9282       2.2815
    9283       2.2653
    9284       2.2501
    9285       2.2052
    9286       2.2538
    9287       2.1872
    9288       2.1769
    9289       2.1781
    9290       2.2100
    9291       2.2302
    9292       2.2496
    9293       2.2676
    9294       2.2094
    9295       2.1948
    9296       2.2143
    9297       2.2313
    9298       2.2151
    9299       2.2100
    9300       2.2500
    9301       2.2308
    9302       2.2701
    9303       2.2233
    9304       2.1411
    9305       2.1147
    9306       2.1089
    9307       2.1428
    9308       2.0980
    9309       2.1847
    9310       2.1791
    9311       2.2061
    9312       2.1171
    9313       2.1484
    9314       2.1809
    9315       2.1843
    9316       2.2034
    9317       2.1972
    9318       2.1400
    9319       2.0859
    9320       2.0866
    9321       2.1190
    9322       2.0950
    9323       2.1591
    9324       2.1333
    9325       2.1171
    9326       2.1702
    9327       2.1475
    9328       2.0528
    9329       2.1308
    9330       2.1178
    9331       2.1492
    9332       2.1716
    9333       2.1794
    9334       2.1776
    9335       2.1812
    9336       2.2058
    9337       2.1965
    9338       2.2005
    9339       2.1749
    9340       2.1327
    9341       2.1246
    9342       2.1662
    9343       2.1542
    9344       2.1443
    9345       2.1408
    9346       2.1138
    9347       2.1895
    9348       2.1372
    9349       2.1482
    9350       2.2404
    9351       2.3489
    9352       2.3005
    9353       2.3574
    9354       2.3354
    9355       2.3036
    9356       2.2931
    9357       2.2900
    9358       2.2762
    9359       2.2835
    9360       2.3202
    9361       2.3032
    9362       2.3383
    9363       2.2456
    9364       2.2378
    9365       2.2260
    9366       2.2050
    9367       2.2712
    9368       2.2187
    9369       2.1965
    9370       2.2049
    9371       2.2455
    9372       2.2662
    9373       2.2673
    9374       2.3208
    9375       2.2739
    9376       2.3311
    9377       2.3194
    9378       2.3040
    9379       2.2956
    9380       2.2693
    9381       2.3605
    9382       2.3848
    9383       2.3852
    9384       2.4267
    9385       2.3605
    9386       2.3138
    9387       2.3520
    9388       2.3043
    9389       2.3134
    9390       2.3150
    9391       2.3729
    9392       2.4103
    9393       2.4412
    9394       2.4014
    9395       2.4279
    9396       2.4227
    9397       2.3526
    9398       2.3390
    9399       2.3397
    9400       2.3681
    9401       2.3563
    9402       2.3384
    9403       2.3217
    9404       2.3747
    9405       2.3466
    9406       2.3669
    9407       2.3740
    9408       2.3472
    9409       2.3885
    9410       2.3755
    9411       2.3502
    9412       2.4087
    9413       2.4204
    9414       2.4042
    9415       2.4463
    9416       2.4139
    9417       2.3292
    9418       2.3593
    9419       2.3675
    9420       2.4344
    9421       2.4904
    9422       2.4734
    9423       2.4757
    9424       2.5004
    9425       2.5433
    9426       2.5314
    9427       2.5651
    9428       2.6002
    9429       2.5638
    9430       2.5173
    9431       2.5021
    9432       2.5160
    9433       2.5835
    9434       2.5473
    9435       2.5909
    9436       2.5593
    9437       2.5266
    9438       2.5403
    9439       2.5479
    9440       2.6004
    9441       2.5789
    9442       2.5356
    9443       2.5518
    9444       2.5718
    9445       2.5520
    9446       2.4846
    9447       2.4945
    9448       2.4259
    9449       2.4271
    9450       2.4393
    9451       2.4186
    9452       2.4029
    9453       2.4382
    9454       2.4491
    9455       2.4422
    9456       2.4776
    9457       2.4981
    9458       2.4626
    9459       2.4988
    9460       2.5189
    9461       2.4534
    9462       2.4757
    9463       2.4191
    9464       2.4305
    9465       2.4125
    9466       2.4302
    9467       2.4174
    9468       2.4628
    9469       2.4937
    9470       2.4626
    9471       2.4159
    9472       2.4002
    9473       2.5465
    9474       2.5182
    9475       2.5443
    9476       2.6903
    9477       2.6736
    9478       2.6026
    9479       2.5680
    9480       2.5708
    9481       2.5704
    9482       2.5206
    9483       2.5341
    9484       2.4266
    9485       2.4661
    9486       2.4378
    9487       2.4684
    9488       2.4750
    9489       2.5418
    9490       2.6098
    9491       2.6830
    9492       2.7049
    9493       2.7187
    9494       2.7179
    9495       2.7193
    9496       2.6974
    9497       2.7371
    9498       2.7902
    9499       2.6729
    9500       2.6767
    9501       2.7163
    9502       2.6524
    9503       2.6243
    9504       2.6011
    9505       2.6176
    9506       2.5908
    9507       2.5971
    9508       2.6697
    9509       2.5839
    9510       2.5911
    9511       2.6285
    9512       2.6940
    9513       2.6850
    9514       2.7135
    9515       2.6381
    9516       2.6787
    9517       2.6896
    9518       2.6336
    9519       2.5861
    9520       2.5646
    9521       2.4998
    9522       2.5660
    9523       2.5927
    9524       2.6002
    9525       2.6569
    9526       2.6397
    9527       2.6667
    9528       2.7423
    9529       2.7417
    9530       2.7710
    9531       2.7575
    9532       2.7915
    9533       2.7490
    9534       2.6502
    9535       2.6683
    9536       2.7135
    9537       2.7575
    9538       2.7363
    9539       2.7534
    9540       2.6925
    9541       2.6835
    9542       2.7032
    9543       2.6988
    9544       2.7050
    9545       2.7392
    9546       2.7937
    9547       2.6705
    9548       2.6965
    9549       2.6468
    9550       2.6267
    9551       2.6741
    9552       2.6475
    9553       2.6507
    9554       2.6320
    9555       2.6215
    9556       2.6671
    9557       2.6329
    9558       2.6182
    9559       2.5869
    9560       2.6024
    9561       2.4989
    9562       2.5163
    9563       2.5884
    9564       2.6302
    9565       2.6397
    9566       2.5872
    9567       2.6793
    9568       2.6952
    9569       2.7890
    9570       2.7601
    9571       2.7286
    9572       2.7312
    9573       2.7469
    9574       2.7636
    9575       2.7585
    9576       2.6938
    9577       2.6865
    9578       2.6799
    9579       2.6823
    9580       2.5768
    9581       2.6500
    9582       2.6726
    9583       2.6605
    9584       2.6299
    9585       2.7246
    9586       2.6866
    9587       2.6045
    9588       2.6352
    9589       2.6431
    9590       2.6680
    9591       2.7503
    9592       2.7307
    9593       2.7644
    9594       2.7371
    9595       2.6633
    9596       2.5996
    9597       2.5927
    9598       2.6323
    9599       2.5809
    9600       2.6258
    9601       2.5942
    9602       2.6477
    9603       2.6376
    9604       2.5618
    9605       2.5147
    9606       2.6166
    9607       2.5980
    9608       2.6000
    9609       2.5774
    9610       2.5812
    9611       2.5930
    9612       2.6869
    9613       2.6530
    9614       2.6462
    9615       2.5629
    9616       2.5435
    9617       2.5576
    9618       2.6008
    9619       2.5831
    9620       2.6047
    9621       2.6255
    9622       2.5765
    9623       2.6315
    9624       2.6332
    9625       2.5892
    9626       2.6064
    9627       2.5872
    9628       2.5843
    9629       2.5552
    9630       2.5659
    9631       2.5140
    9632       2.5123
    9633       2.5749
    9634       2.5357
    9635       2.5338
    9636       2.5742
    9637       2.5485
    9638       2.5218
    9639       2.4923
    9640       2.4518
    9641       2.4405
    9642       2.4139
    9643       2.3894
    9644       2.3455
    9645       2.3394
    9646       2.3742
    9647       2.4137
    9648       2.3871
    9649       2.5350
    9650       2.4391
    9651       2.4290
    9652       2.4489
    9653       2.4304
    9654       2.3830
    9655       2.4129
    9656       2.4405
    9657       2.4600
    9658       2.3934
    9659       2.3801
    9660       2.2959
    9661       2.3206
    9662       2.2491
    9663       2.2698
    9664       2.2924
    9665       2.2572
    9666       2.2357
    9667       2.2358
    9668       2.2944
    9669       2.2712
    9670       2.3572
    9671       2.3318
    9672       2.3147
    9673       2.2672
    9674       2.2616
    9675       2.3213
    9676       2.3022
    9677       2.4188
    9678       2.3852
    9679       2.4106
    9680       2.3271
    9681       2.4081
    9682       2.4345
    9683       2.3547
    9684       2.3023
    9685       2.3262
    9686       2.3257
    9687       2.2748
    9688       2.2701
    9689       2.1744
    9690       2.2175
    9691       2.2419
    9692       2.2331
    9693       2.1386
    9694       2.3172
    9695       2.2054
    9696       2.2351
    9697       2.2181
    9698       2.2164
    9699       2.3214
    9700       2.2285
    9701       2.2505
    9702       2.3212
    9703       2.3076
    9704       2.2597
    9705       2.1597
    9706       2.1570
    9707       2.2090
    9708       2.2194
    9709       2.3461
    9710       2.2986
    9711       2.2277
    9712       2.2633
    9713       2.2924
    9714       2.2237
    9715       2.2375
    9716       2.2444
    9717       2.2156
    9718       2.2825
    9719       2.2654
    9720       2.2933
    9721       2.3519
    9722       2.3403
    9723       2.3544
    9724       2.3693
    9725       2.3941
    9726       2.3192
    9727       2.3560
    9728       2.3411
    9729       2.2924
    9730       2.3140
    9731       2.3097
    9732       2.2652
    9733       2.2354
    9734       2.2584
    9735       2.3187
    9736       2.2486
    9737       2.1994
    9738       2.1870
    9739       2.1934
    9740       2.2070
    9741       2.1945
    9742       2.2250
    9743       2.1889
    9744       2.2263
    9745       2.1808
    9746       2.1488
    9747       2.1507
    9748       2.1690
    9749       2.1517
    9750       2.1351
    9751       2.1540
    9752       2.2059
    9753       2.1541
    9754       2.1595
    9755       2.1356
    9756       2.1333
    9757       2.1449
    9758       2.1828
    9759       2.1486
    9760       2.1974
    9761       2.2458
    9762       2.2557
    9763       2.1936
    9764       2.2027
    9765       2.2047
    9766       2.2128
    9767       2.2375
    9768       2.1688
    9769       2.1598
    9770       2.1604
    9771       2.1483
    9772       2.1390
    9773       2.1667
    9774       2.0992
    9775       2.1117
    9776       2.1191
    9777       2.1261
    9778       2.1667
    9779       2.1726
    9780       2.1692
    9781       2.1420
    9782       2.1802
    9783       2.2032
    9784       2.2326
    9785       2.1780
    9786       2.1425
    9787       2.1287
    9788       2.1511
    9789       2.1406
    9790       2.1369
    9791       2.1546
    9792       2.1235
    9793       2.0790
    9794       2.1340
    9795       2.1006
    9796       2.1404
    9797       2.1580
    9798       2.1165
    9799       2.1078
    9800       2.2386
    9801       2.1785
    9802       2.2050
    9803       2.1555
    9804       2.1595
    9805       2.0385
    9806       2.1058
    9807       2.0515
    9808       2.1230
    9809       2.1331
    9810       2.1210
    9811       2.1301
    9812       2.1835
    9813       2.1417
    9814       2.1216
    9815       2.1249
    9816       2.1929
    9817       2.1358
    9818       2.1569
    9819       2.1123
    9820       2.1255
    9821       2.1188
    9822       2.1245
    9823       2.0577
    9824       2.0911
    9825       2.1177
    9826       2.1080
    9827       2.1096
    9828       2.1191
    9829       2.1215
    9830       2.1275
    9831       2.1177
    9832       2.1096
    9833       2.1282
    9834       2.0960
    9835       2.0987
    9836       2.1027
    9837       2.1105
    9838       2.0925
    9839       2.1276
    9840       2.0835
    9841       2.1025
    9842       2.0658
    9843       2.0705
    9844       2.1087
    9845       2.0694
    9846       2.0678
    9847       2.0972
    9848       2.1147
    9849       2.1655
    9850       2.1093
    9851       2.0485
    9852       1.9533
    9853       2.0132
    9854       2.0246
    9855       2.0611
    9856       2.1375
    9857       1.9944
    9858       2.0529
    9859       2.0863
    9860       2.0356
    9861       2.1119
    9862       2.1301
    9863       2.1062
    9864       2.1605
    9865       2.1402
    9866       2.1369
    9867       2.1460
    9868       2.1143
    9869       2.0938
    9870       2.0886
    9871       2.0986
    9872       2.1491
    9873       2.0987
    9874       2.1679
    9875       2.1220
    9876       2.2044
    9877       2.1423
    9878       2.1756
    9879       2.0953
    9880       2.1463
    9881       2.1613
    9882       2.1181
    9883       2.1248
    9884       2.1013
    9885       2.1246
    9886       2.1041
    9887       2.1598
    9888       2.1236
    9889       2.1050
    9890       2.1601
    9891       2.0830
    9892       2.1318
    9893       2.0752
    9894       2.0750
    9895       2.1336
    9896       2.1291
    9897       2.1476
    9898       2.0989
    9899       2.1491
    9900       2.1354
    9901       2.1183
    9902       2.1133
    9903       2.0788
    9904       2.0739
    9905       2.1052
    9906       2.1082
    9907       2.1042
    9908       2.0987
    9909       2.0831
    9910       2.0850
    9911       2.0586
    9912       2.0326
    9913       2.0893
    9914       2.0665
    9915       2.1016
    9916       2.1235
    9917       2.1490
    9918       2.1209
    9919       2.1287
    9920       2.1560
    9921       2.2008
    9922       2.1775
    9923       2.1720
    9924       2.1448
    9925       2.1338
    9926       2.1495
    9927       2.1155
    9928       2.1327
    9929       2.1657
    9930       2.1300
    9931       2.1591
    9932       2.1577
    9933       2.0893
    9934       2.0528
    9935       2.0746
    9936       2.1034
    9937       2.1049
    9938       2.0768
    9939       2.0360
    9940       2.0693
    9941       2.0849
    9942       2.1467
    9943       2.0876
    9944       2.0922
    9945       2.1523
    9946       2.1239
    9947       2.1533
    9948       2.1661
    9949       2.1558
    9950       2.1506
    9951       2.1071
    9952       2.1084
    9953       2.1111
    9954       2.1579
    9955       2.0926
    9956       2.1115
    9957       2.1671
    9958       2.1586
    9959       2.1407
    9960       2.1656
    9961       2.0499
    9962       2.0746
    9963       2.1336
    9964       2.0387
    9965       2.0451
    9966       2.0283
    9967       2.0201
    9968       2.0199
    9969       2.0368
    9970       2.0865
    9971       2.0994
    9972       2.0520
    9973       2.0473
    9974       2.1049
    9975       2.0950
    9976       2.0998
    9977       2.1158
    9978       2.0981
    9979       2.1133
    9980       2.1639
    9981       2.0432
    9982       2.0961
    9983       2.1322
    9984       2.1198
    9985       2.0865
    9986       2.1062
    9987       2.0859
    9988       2.0900
    9989       2.0672
    9990       2.0524
    9991       2.0812
    9992       2.0343
    9993       2.0699
    9994       2.1028
    9995       2.1048
    9996       2.1123
    9997       2.0655
    9998       2.0650
    9999       2.0520
   10000       2.1002
   10001       2.0590
   10002       2.0621
   10003       2.1154
   10004       2.0136
   10005       2.0446
   10006       2.0659
   10007       2.0619
   10008       2.0417
   10009       2.0316
   10010       2.0971
   10011       2.0849
   10012       2.1375
   10013       2.1655
   10014       2.0692
   10015       2.1021
   10016       2.0899
   10017       2.0459
   10018       2.0820
   10019       2.0429
   10020       2.0341
   10021       2.0154
   10022       1.9893
   10023       2.0321
   10024       2.0451
   10025       2.1012
   10026       2.0573
   10027       2.0341
   10028       2.0037
   10029       2.0151
   10030       2.0161
   10031       2.0524
   10032       2.0644
   10033       2.1441
   10034       2.0943
   10035       2.1010
   10036       2.1082
   10037       2.1722
   10038       2.1624
   10039       2.1764
   10040       2.1412
   10041       2.1648
   10042       2.1708
   10043       2.0815
   10044       2.1145
   10045       2.0546
   10046       2.0488
   10047       2.0758
   10048       2.0763
   10049       2.0406
   10050       2.0726
   10051       2.0120
   10052       2.0459
   10053       2.0299
   10054       2.0518
   10055       2.0464
   10056       2.0362
   10057       1.9806
   10058       2.0332
   10059       2.0205
   10060       2.0477
   10061       1.9907
   10062       2.0264
   10063       2.0392
   10064       2.0531
   10065       2.0050
   10066       1.9491
   10067       1.9236
   10068       1.9874
   10069       1.9965
   10070       1.9941
   10071       2.0119
   10072       2.0587
   10073       2.0216
   10074       2.0062
   10075       1.9817
   10076       2.0168
   10077       2.0372
   10078       2.0062
   10079       1.9660
   10080       1.9756
   10081       1.9960
   10082       1.9911
   10083       1.9720
   10084       2.0133
   10085       2.0620
   10086       2.1128
   10087       1.9995
   10088       2.0949
   10089       2.0264
   10090       2.0656
   10091       2.0539
   10092       2.0650
   10093       2.0516
   10094       2.0354
   10095       2.0725
   10096       2.0662
   10097       2.2288
   10098       2.1763
   10099       2.1261
   10100       2.1752
   10101       2.1063
   10102       2.1337
   10103       2.1833
   10104       2.0931
   10105       2.0522
   10106       2.0621
   10107       2.1617
   10108       2.1285
   10109       2.1434
   10110       2.0958
   10111       2.0478
   10112       2.1173
   10113       2.0720
   10114       2.1477
   10115       2.1110
   10116       2.1062
   10117       2.0706
   10118       2.1777
   10119       2.1657
   10120       2.1416
   10121       2.1034
   10122       2.1805
   10123       2.1764
   10124       2.1566
   10125       2.1307
   10126       2.1268
   10127       2.2293
   10128       2.2279
   10129       2.1422
   10130       2.1392
   10131       2.2012
   10132       2.1667
   10133       2.2145
   10134       2.2249
   10135       2.2438
   10136       2.1843
   10137       2.1376
   10138       2.1484
   10139       2.1155
   10140       2.1464
   10141       2.1059
   10142       2.1211
   10143       2.0810
   10144       2.1086
   10145       2.1078
   10146       2.0960
   10147       2.0727
   10148       2.0792
   10149       2.1157
   10150       2.1455
   10151       2.1645
   10152       2.1688
   10153       2.1707
   10154       2.1296
   10155       2.1516
   10156       2.1238
   10157       2.1102
   10158       2.1248
   10159       2.1026
   10160       2.1517
   10161       2.0645
   10162       2.0766
   10163       2.0536
   10164       2.0564
   10165       2.0377
   10166       2.0706
   10167       2.0248
   10168       2.0349
   10169       2.0196
   10170       2.0261
   10171       2.0678
   10172       2.0750
   10173       2.0306
   10174       2.0860
   10175       2.0313
   10176       2.0232
   10177       2.1089
   10178       2.1397
   10179       2.1024
   10180       2.0531
   10181       2.1012
   10182       2.0599
   10183       2.0324
   10184       2.0765
   10185       2.0579
   10186       2.0903
   10187       2.0695
   10188       2.1370
   10189       2.1198
   10190       2.0234
   10191       1.9846
   10192       2.0251
   10193       2.0355
   10194       2.0704
   10195       2.0292
   10196       2.0246
   10197       2.0412
   10198       2.0267
   10199       2.0028
   10200       2.0151
   10201       2.0173
   10202       2.0367
   10203       2.0445
   10204       2.0583
   10205       2.0829
   10206       2.0429
   10207       2.0467
   10208       2.0372
   10209       2.0410
   10210       2.0354
   10211       2.0171
   10212       2.0560
   10213       2.0257
   10214       1.9934
   10215       2.0087
   10216       1.9906
   10217       1.9834
   10218       1.9615
   10219       1.9964
   10220       1.9675
   10221       1.9934
   10222       1.9659
   10223       1.9757
   10224       1.9482
   10225       1.9144
   10226       1.9551
   10227       2.0128
   10228       2.0070
   10229       1.9801
   10230       1.9420
   10231       1.9907
   10232       1.9395
   10233       1.9272
   10234       1.8951
   10235       1.9110
   10236       1.9013
   10237       1.9022
   10238       1.9343
   10239       1.9712
   10240       1.9614
   10241       1.9458
   10242       2.0123
   10243       1.9842
   10244       1.9713
   10245       1.9380
   10246       1.9602
   10247       1.9577
   10248       2.0048
   10249       2.0506
   10250       2.0818
   10251       2.0484
   10252       2.0431
   10253       2.0885
   10254       2.0204
   10255       2.0365
   10256       1.9913
   10257       2.0277
   10258       2.0195
   10259       2.0592
   10260       2.0395
   10261       2.0568
   10262       2.0382
   10263       2.0358
   10264       1.9891
   10265       2.0091
   10266       1.9870
   10267       2.0677
   10268       2.0493
   10269       2.0298
   10270       2.0075
   10271       1.9583
   10272       1.9999
   10273       2.0646
   10274       2.0194
   10275       2.0722
   10276       2.0661
   10277       2.0596
   10278       2.0124
   10279       2.0313
   10280       2.0535
   10281       2.0251
   10282       2.0911
   10283       2.0517
   10284       2.0573
   10285       2.0517
   10286       2.0606
   10287       2.0416
   10288       2.0609
   10289       2.0240
   10290       2.0569
   10291       2.0517
   10292       2.0430
   10293       2.0298
   10294       2.0663
   10295       2.0603
   10296       1.9991
   10297       2.0276
   10298       1.9995
   10299       1.9550
   10300       1.9511
   10301       1.9644
   10302       1.9734
   10303       1.9810
   10304       2.0144
   10305       1.9795
   10306       1.9631
   10307       1.9395
   10308       1.9999
   10309       1.9344
   10310       1.9522
   10311       1.9249
   10312       1.9496
   10313       1.9204
   10314       1.8931
   10315       1.8980
   10316       1.9109
   10317       1.9283
   10318       1.8981
   10319       1.8838
   10320       1.8924
   10321       1.9033
   10322       1.9296
   10323       1.9022
   10324       1.8382
   10325       1.8848
   10326       1.8995
   10327       1.9607
   10328       1.9376
   10329       1.9787
   10330       1.9646
   10331       1.9506
   10332       1.9777
   10333       1.9856
   10334       2.0056
   10335       1.9991
   10336       1.9488
   10337       2.0373
   10338       2.0155
   10339       2.0191
   10340       1.9968
   10341       2.0277
   10342       1.9785
   10343       1.9979
   10344       1.9802
   10345       2.0265
   10346       2.0224
   10347       2.0359
   10348       1.9686
   10349       1.9733
   10350       1.9937
   10351       1.9946
   10352       1.9484
   10353       1.9800
   10354       1.9698
   10355       1.9978
   10356       1.9798
   10357       1.9571
   10358       1.9567
   10359       1.9361
   10360       1.9502
   10361       1.9736
   10362       1.9422
   10363       2.0192
   10364       1.9624
   10365       1.9648
   10366       1.9380
   10367       1.9609
   10368       1.9662
   10369       2.0190
   10370       2.0445
   10371       2.0045
   10372       2.0419
   10373       1.9771
   10374       1.9894
   10375       2.0668
   10376       2.0378
   10377       1.9863
   10378       2.0123
   10379       2.0187
   10380       2.0152
   10381       2.0284
   10382       2.0008
   10383       2.0355
   10384       2.0065
   10385       2.0405
   10386       2.0127
   10387       2.0270
   10388       2.0191
   10389       2.0554
   10390       1.9427
   10391       2.0026
   10392       1.9847
   10393       2.0343
   10394       2.0072
   10395       2.0295
   10396       2.0522
   10397       2.0319
   10398       2.0637
   10399       2.0537
   10400       2.0694
   10401       2.0686
   10402       2.0753
   10403       2.0236
   10404       2.0733
   10405       2.0515
   10406       2.0721
   10407       2.0053
   10408       2.1057
   10409       2.0455
   10410       1.9510
   10411       1.9695
   10412       1.9725
   10413       1.9523
   10414       1.9248
   10415       2.0023
   10416       1.9955
   10417       2.0067
   10418       2.0113
   10419       2.0061
   10420       1.9801
   10421       1.9571
   10422       1.9628
   10423       1.9612
   10424       1.9589
   10425       1.9672
   10426       1.9552
   10427       1.9663
   10428       2.0004
   10429       1.9776
   10430       1.9794
   10431       1.9807
   10432       1.9942
   10433       1.9318
   10434       1.9420
   10435       1.9943
   10436       1.8899
   10437       1.9223
   10438       1.9816
   10439       1.9672
   10440       1.9795
   10441       1.9704
   10442       1.9949
   10443       1.9680
   10444       1.9504
   10445       1.9136
   10446       1.8833
   10447       1.9848
   10448       1.9786
   10449       1.9786
   10450       1.9097
   10451       1.8978
   10452       1.9443
   10453       1.9414
   10454       2.0055
   10455       2.0052
   10456       1.9776
   10457       1.9249
   10458       1.9414
   10459       1.9399
   10460       1.9326
   10461       1.9633
   10462       1.9154
   10463       1.9040
   10464       1.9190
   10465       1.9551
   10466       1.9567
   10467       1.9881
   10468       1.9521
   10469       2.0310
   10470       1.9812
   10471       2.0213
   10472       2.0544
   10473       2.0746
   10474       1.9972
   10475       2.0099
   10476       1.9900
   10477       2.0105
   10478       2.0083
   10479       1.9933
   10480       2.0347
   10481       2.0410
   10482       2.0248
   10483       1.9616
   10484       1.9865
   10485       2.0282
   10486       2.0102
   10487       2.0109
   10488       2.0626
   10489       2.0612
   10490       2.0331
   10491       2.0476
   10492       2.0597
   10493       1.9896
   10494       2.0366
   10495       2.0341
   10496       1.9742
   10497       2.0601
   10498       2.0480
   10499       1.9855
   10500       2.0391
   10501       2.0950
   10502       2.0413
   10503       1.9985
   10504       2.0310
   10505       2.0548
   10506       2.0925
   10507       2.0515
   10508       2.0550
   10509       2.0189
   10510       2.0220
   10511       2.0497
   10512       2.0093
   10513       1.9824
   10514       1.9978
   10515       1.9974
   10516       2.0082
   10517       2.0196
   10518       1.9829
   10519       1.9815
   10520       1.9985
   10521       1.9965
   10522       2.0138
   10523       2.0012
   10524       1.9786
   10525       2.0185
   10526       2.0363
   10527       2.0396
   10528       2.0186
   10529       2.0596
   10530       2.1194
   10531       2.0850
   10532       2.0839
   10533       2.0886
   10534       2.1370
   10535       2.1167
   10536       2.0626
   10537       2.0866
   10538       2.0252
   10539       2.0835
   10540       2.0808
   10541       2.1084
   10542       2.1867
   10543       2.2189
   10544       2.1173
   10545       2.0878
   10546       2.0935
   10547       2.1216
   10548       2.1139
   10549       2.1518
   10550       2.1079
   10551       2.1705
   10552       2.1307
   10553       2.0849
   10554       2.0537
   10555       2.1192
   10556       2.1262
   10557       2.1393
   10558       2.1689
   10559       2.0882
   10560       2.0767
   10561       2.0611
   10562       2.1021
   10563       2.0799
   10564       2.0803
   10565       2.0388
   10566       2.1142
   10567       2.0948
   10568       2.0918
   10569       2.0964
   10570       2.0609
   10571       1.9761
   10572       1.9804
   10573       2.0121
   10574       1.9546
   10575       1.9714
   10576       1.9690
   10577       1.9861
   10578       1.9876
   10579       1.9369
   10580       1.9127
   10581       1.9345
   10582       1.9491
   10583       1.9497
   10584       1.9813
   10585       1.9036
   10586       1.9600
   10587       1.9243
   10588       1.9178
   10589       1.9216
   10590       1.9213
   10591       1.9023
   10592       1.9270
   10593       1.9051
   10594       1.8989
   10595       1.9073
   10596       1.9611
   10597       1.8996
   10598       1.9549
   10599       2.0063
   10600       1.9762
   10601       1.9996
   10602       1.9947
   10603       1.9925
   10604       1.9575
   10605       1.9918
   10606       1.9853
   10607       1.9832
   10608       1.9807
   10609       1.9745
   10610       2.0613
   10611       2.1074
   10612       2.1235
   10613       2.1062
   10614       2.0003
   10615       2.0728
   10616       2.1160
   10617       2.0869
   10618       2.1210
   10619       2.0897
   10620       2.0743
   10621       2.0049
   10622       2.0333
   10623       2.0404
   10624       2.0506
   10625       2.0678
   10626       2.0557
   10627       2.0170
   10628       2.0481
   10629       2.0681
   10630       2.0954
   10631       2.0503
   10632       2.0257
   10633       2.0427
   10634       2.0643
   10635       2.0933
   10636       1.9893
   10637       1.9946
   10638       2.0055
   10639       2.0343
   10640       2.0343
   10641       1.9610
   10642       1.9884
   10643       2.0227
   10644       1.9402
   10645       1.9622
   10646       1.9592
   10647       2.0003
   10648       2.0086
   10649       2.0716
   10650       2.0305
   10651       2.0535
   10652       1.9692
   10653       1.9985
   10654       1.9314
   10655       1.9188
   10656       1.9272
   10657       1.9529
   10658       1.9233
   10659       1.9454
   10660       1.9064
   10661       1.9801
   10662       1.9186
   10663       1.9488
   10664       1.9028
   10665       1.8599
   10666       1.9124
   10667       1.8354
   10668       1.8711
   10669       1.9088
   10670       1.8612
   10671       1.9330
   10672       1.9616
   10673       1.9833
   10674       1.9258
   10675       1.8986
   10676       1.9180
   10677       1.9478
   10678       1.9363
   10679       1.9176
   10680       1.9006
   10681       1.9326
   10682       1.8527
   10683       1.8962
   10684       1.9389
   10685       1.9091
   10686       1.9143
   10687       1.8998
   10688       1.9461
   10689       1.8620
   10690       1.9328
   10691       1.9620
   10692       1.8943
   10693       1.8970
   10694       1.8865
   10695       1.9375
   10696       1.9179
   10697       1.9685
   10698       1.8701
   10699       1.9083
   10700       1.9969
   10701       1.9881
   10702       1.9195
   10703       1.8797
   10704       1.9246
   10705       1.9224
   10706       1.9744
   10707       2.0467
   10708       2.0429
   10709       2.0157
   10710       1.9881
   10711       1.9994
   10712       1.9932
   10713       2.0134
   10714       1.9249
   10715       1.9580
   10716       1.9731
   10717       1.9815
   10718       1.9839
   10719       1.8492
   10720       1.9204
   10721       1.9371
   10722       1.9701
   10723       1.9785
   10724       1.9596
   10725       1.9516
   10726       1.9310
   10727       1.9881
   10728       1.9393
   10729       1.9407
   10730       1.9270
   10731       1.9074
   10732       1.9044
   10733       1.9430
   10734       1.8951
   10735       1.9452
   10736       1.9453
   10737       1.9197
   10738       1.8961
   10739       1.8840
   10740       1.9417
   10741       1.9489
   10742       1.9536
   10743       1.9814
   10744       1.9813
   10745       1.9952
   10746       2.0083
   10747       2.0013
   10748       1.9771
   10749       1.9517
   10750       2.0449
   10751       2.0026
   10752       1.9386
   10753       1.9489
   10754       2.0231
   10755       1.9836
   10756       1.9665
   10757       1.9883
   10758       1.9687
   10759       2.0015
   10760       2.0637
   10761       2.0382
   10762       2.0398
   10763       2.0001
   10764       2.0374
   10765       1.9905
   10766       2.0563
   10767       1.9888
   10768       1.9704
   10769       2.0244
   10770       2.0505
   10771       2.0498
   10772       2.0618
   10773       2.0642
   10774       2.0349
   10775       2.0167
   10776       2.0602
   10777       2.0154
   10778       2.0700
   10779       2.0923
   10780       2.0708
   10781       2.0950
   10782       2.0569
   10783       2.0561
   10784       2.0326
   10785       2.0461
   10786       2.0051
   10787       2.0771
   10788       2.0925
   10789       2.0499
   10790       2.0171
   10791       2.0658
   10792       2.0412
   10793       2.0337
   10794       2.0512
   10795       2.1053
   10796       1.9934
   10797       2.0107
   10798       2.0159
   10799       2.0430
   10800       2.0143
   10801       2.0097
   10802       2.0563
   10803       2.1180
   10804       2.1033
   10805       2.0361
   10806       2.1055
   10807       2.0553
   10808       2.0994
   10809       2.1932
   10810       2.1250
   10811       2.1600
   10812       2.1399
   10813       2.1785
   10814       2.1343
   10815       2.0495
   10816       2.1152
   10817       2.0951
   10818       2.0648
   10819       2.1464
   10820       2.1073
   10821       2.0851
   10822       2.0994
   10823       2.1310
   10824       2.0931
   10825       2.1605
   10826       2.1275
   10827       2.1332
   10828       2.2048
   10829       2.1076
   10830       2.1823
   10831       2.2532
   10832       2.1914
   10833       2.2222
   10834       2.1902
   10835       2.1730
   10836       2.1586
   10837       2.1352
   10838       2.1272
   10839       2.1304
   10840       2.1467
   10841       2.1473
   10842       2.1645
   10843       2.1472
   10844       2.1566
   10845       2.1293
   10846       2.1524
   10847       2.1483
   10848       2.0801
   10849       2.0909
   10850       2.0566
   10851       2.0217
   10852       2.0495
   10853       2.0594
   10854       2.0595
   10855       2.0561
   10856       2.0600
   10857       2.0533
   10858       2.0671
   10859       2.0151
   10860       2.0377
   10861       2.0766
   10862       2.1176
   10863       2.1220
   10864       2.1017
   10865       2.0475
   10866       2.0950
   10867       2.0836
   10868       2.1713
   10869       2.1318
   10870       2.1007
   10871       2.0614
   10872       2.0844
   10873       2.0912
   10874       2.1055
   10875       2.1128
   10876       2.1011
   10877       2.1433
   10878       2.1321
   10879       2.0780
   10880       2.1219
   10881       2.0864
   10882       2.0585
   10883       2.0348
   10884       2.0694
   10885       2.1219
   10886       2.1066
   10887       2.1603
   10888       2.0983
   10889       2.0859
   10890       2.1124
   10891       2.1658
   10892       2.1152
   10893       2.1316
   10894       2.1927
   10895       2.1438
   10896       2.1515
   10897       2.1457
   10898       2.1684
   10899       2.1578
   10900       2.1621
   10901       2.1779
   10902       2.1054
   10903       2.1463
   10904       2.0673
   10905       2.0838
   10906       2.0942
   10907       2.1748
   10908       2.1930
   10909       2.1538
   10910       2.1072
   10911       2.0883
   10912       2.0701
   10913       2.0897
   10914       2.0777
   10915       2.0629
   10916       2.0130
   10917       2.0660
   10918       2.1149
   10919       2.1269
   10920       2.0602
   10921       2.1064
   10922       2.2010
   10923       2.1068
   10924       2.0854
   10925       2.0801
   10926       2.0957
   10927       2.1659
   10928       2.1600
   10929       2.0795
   10930       2.1282
   10931       2.0841
   10932       2.0531
   10933       2.0724
   10934       2.1011
   10935       2.0839
   10936       2.1122
   10937       2.0444
   10938       2.0015
   10939       2.0283
   10940       2.0164
   10941       1.9938
   10942       2.0031
   10943       2.0485
   10944       2.0278
   10945       2.0433
   10946       2.1028
   10947       2.1438
   10948       2.1406
   10949       2.1107
   10950       2.0677
   10951       2.1077
   10952       2.0636
   10953       2.0975
   10954       2.1463
   10955       2.0981
   10956       2.1416
   10957       2.1538
   10958       2.1726
   10959       2.2297
   10960       2.1608
   10961       2.1842
   10962       2.1219
   10963       2.1237
   10964       2.0967
   10965       2.1718
   10966       2.1625
   10967       2.1906
   10968       2.1707
   10969       2.2351
   10970       2.2319
   10971       2.2238
   10972       2.1855
   10973       2.1632
   10974       2.1844
   10975       2.1556
   10976       2.1192
   10977       2.1238
   10978       2.1510
   10979       2.1277
   10980       2.1738
   10981       2.1417
   10982       2.1699
   10983       2.1810
   10984       2.1951
   10985       2.1429
   10986       2.1420
   10987       2.2089
   10988       2.1624
   10989       2.1733
   10990       2.0999
   10991       2.0704
   10992       2.1214
   10993       2.1672
   10994       2.1865
   10995       2.2159
   10996       2.2455
   10997       2.2600
   10998       2.2141
   10999       2.1865
   11000       2.1734
   11001       2.2642
   11002       2.2469
   11003       2.2284
   11004       2.1912
   11005       2.2671
   11006       2.2044
   11007       2.1851
   11008       2.1903
   11009       2.1741
   11010       2.1990
   11011       2.1838
   11012       2.1707
   11013       2.1206
   11014       2.1425
   11015       2.1339
   11016       2.0750
   11017       2.1712
   11018       2.1106
   11019       2.1606
   11020       2.1508
   11021       2.1281
   11022       2.1331
   11023       2.1312
   11024       2.1639
   11025       2.1011
   11026       2.1487
   11027       2.1570
   11028       2.1715
   11029       2.1726
   11030       2.1592
   11031       2.1633
   11032       2.1118
   11033       2.1462
   11034       2.1160
   11035       2.0599
   11036       2.0730
   11037       2.1250
   11038       2.0727
   11039       2.1159
   11040       2.1058
   11041       2.1686
   11042       2.0838
   11043       2.1226
   11044       2.1082
   11045       2.0965
   11046       2.1441
   11047       2.0443
   11048       2.0785
   11049       2.0690
   11050       2.0324
   11051       2.0294
   11052       2.0759
   11053       2.0497
   11054       2.0913
   11055       2.0959
   11056       2.0526
   11057       2.1505
   11058       2.1458
   11059       2.1457
   11060       2.1571
   11061       2.1436
   11062       2.0650
   11063       2.1334
   11064       2.0478
   11065       2.0427
   11066       2.0835
   11067       2.0629
   11068       2.0413
   11069       2.0274
   11070       2.0185
   11071       2.0206
   11072       2.0414
   11073       2.0320
   11074       2.0219
   11075       1.9975
   11076       2.0267
   11077       2.0317
   11078       2.0134
   11079       1.9703
   11080       1.9762
   11081       1.9958
   11082       1.9838
   11083       2.0290
   11084       2.0418
   11085       2.0228
   11086       1.9847
   11087       2.0576
   11088       2.0472
   11089       2.0876
   11090       2.0374
   11091       2.0695
   11092       2.0730
   11093       2.0235
   11094       2.0360
   11095       2.0588
   11096       2.1275
   11097       2.0966
   11098       2.1575
   11099       2.1421
   11100       2.1617
   11101       2.1460
   11102       2.1800
   11103       2.2170
   11104       2.3035
   11105       2.2145
   11106       2.1741
   11107       2.1910
   11108       2.2116
   11109       2.1709
   11110       2.1478
   11111       2.1050
   11112       2.1393
   11113       2.1559
   11114       2.2366
   11115       2.2275
   11116       2.1971
   11117       2.1547
   11118       2.1168
   11119       2.1232
   11120       2.1518
   11121       2.1639
   11122       2.1436
   11123       2.0762
   11124       2.0886
   11125       2.0776
   11126       2.1247
   11127       2.1655
   11128       2.1996
   11129       2.0897
   11130       2.0872
   11131       2.0171
   11132       2.1027
   11133       2.1431
   11134       2.1351
   11135       2.1781
   11136       2.1184
   11137       2.1036
   11138       2.1340
   11139       2.1326
   11140       2.0451
   11141       2.0911
   11142       2.1401
   11143       2.1406
   11144       2.0726
   11145       2.0682
   11146       2.0932
   11147       2.0882
   11148       2.1271
   11149       2.1717
   11150       2.1692
   11151       2.1460
   11152       2.1708
   11153       2.1220
   11154       2.0994
   11155       2.1109
   11156       2.1883
   11157       2.1447
   11158       2.1052
   11159       2.1134
   11160       2.0694
   11161       2.1484
   11162       2.1400
   11163       2.1190
   11164       2.1967
   11165       2.1796
   11166       2.1015
   11167       2.0870
   11168       2.1103
   11169       2.1388
   11170       2.0649
   11171       2.1199
   11172       2.0480
   11173       2.0254
   11174       2.0280
   11175       2.0478
   11176       2.0443
   11177       2.0312
   11178       2.0251
   11179       2.0359
   11180       2.0839
   11181       2.0929
   11182       2.1280
   11183       2.1143
   11184       2.1201
   11185       2.1418
   11186       2.0696
   11187       2.0401
   11188       2.1491
   11189       2.1450
   11190       2.2025
   11191       2.0688
   11192       2.0275
   11193       2.0540
   11194       2.0273
   11195       2.0349
   11196       2.0415
   11197       2.0326
   11198       2.0754
   11199       2.1137
   11200       2.0134
   11201       2.0583
   11202       2.0988
   11203       2.1155
   11204       2.0417
   11205       2.0377
   11206       2.0515
   11207       2.0735
   11208       2.0376
   11209       2.0328
   11210       2.0282
   11211       2.0556
   11212       2.0929
   11213       2.0860
   11214       2.0739
   11215       2.0538
   11216       2.0982
   11217       2.0361
   11218       2.0359
   11219       2.0486
   11220       2.0317
   11221       1.9725
   11222       1.9719
   11223       1.9457
   11224       1.9174
   11225       1.9713
   11226       1.8774
   11227       1.9591
   11228       1.9449
   11229       1.8959
   11230       2.0065
   11231       2.0029
   11232       1.9865
   11233       1.9071
   11234       1.9740
   11235       1.9564
   11236       2.0044
   11237       1.9310
   11238       1.9465
   11239       1.9122
   11240       1.9381
   11241       1.9910
   11242       2.0185
   11243       2.0667
   11244       2.0652
   11245       2.0525
   11246       2.0534
   11247       2.0443
   11248       2.0409
   11249       2.0707
   11250       2.0539
   11251       2.0903
   11252       2.0310
   11253       2.0715
   11254       2.0742
   11255       2.0715
   11256       2.1143
   11257       2.1293
   11258       2.1630
   11259       2.1490
   11260       2.1571
   11261       2.1382
   11262       2.0615
   11263       2.0706
   11264       2.1555
   11265       2.1176
   11266       2.1392
   11267       2.1064
   11268       2.0554
   11269       2.1105
   11270       2.1056
   11271       2.1407
   11272       2.1982
   11273       2.1537
   11274       2.1340
   11275       2.1182
   11276       2.1616
   11277       2.1171
   11278       2.1955
   11279       2.0926
   11280       2.2013
   11281       2.2025
   11282       2.1228
   11283       2.1027
   11284       2.1989
   11285       2.0969
   11286       2.2105
   11287       2.2379
   11288       2.1538
   11289       2.0823
   11290       2.1198
   11291       2.1921
   11292       2.1087
   11293       2.1408
   11294       2.1036
   11295       2.0882
   11296       2.0787
   11297       2.0060
   11298       1.9749
   11299       2.0097
   11300       2.0792
   11301       2.0864
   11302       2.0555
   11303       2.0794
   11304       2.0994
   11305       2.0851
   11306       1.9856
   11307       2.0225
   11308       2.1130
   11309       2.1015
   11310       2.0501
   11311       2.0187
   11312       2.0370
   11313       2.0231
   11314       2.0453
   11315       2.0211
   11316       2.0828
   11317       2.0945
   11318       2.0813
   11319       2.0389
   11320       2.0418
   11321       2.0258
   11322       2.1052
   11323       2.0479
   11324       2.0914
   11325       2.1811
   11326       2.1400
   11327       2.0621
   11328       2.0426
   11329       2.0989
   11330       2.0797
   11331       2.0371
   11332       2.1043
   11333       2.1057
   11334       2.1299
   11335       2.0995
   11336       2.1108
   11337       2.1104
   11338       2.1454
   11339       2.0733
   11340       2.1501
   11341       2.0854
   11342       2.1375
   11343       2.0647
   11344       2.0905
   11345       2.0308
   11346       2.0455
   11347       1.9997
   11348       2.0301
   11349       1.9986
   11350       2.0154
   11351       1.9918
   11352       1.9976
   11353       1.9910
   11354       2.0052
   11355       2.0023
   11356       1.9967
   11357       1.9973
   11358       2.0170
   11359       1.9791
   11360       2.0444
   11361       2.0519
   11362       2.0290
   11363       2.0395
   11364       2.1171
   11365       2.0808
   11366       1.9954
   11367       2.0542
   11368       2.0097
   11369       2.1139
   11370       2.0738
   11371       2.0982
   11372       2.0947
   11373       2.0480
   11374       2.0687
   11375       2.0604
   11376       2.0785
   11377       2.0856
   11378       2.0957
   11379       2.1390
   11380       2.0923
   11381       2.0969
   11382       2.0987
   11383       2.0269
   11384       2.0128
   11385       2.0453
   11386       2.0516
   11387       2.0176
   11388       2.0405
   11389       2.0182
   11390       2.0062
   11391       2.0711
   11392       2.1200
   11393       2.0877
   11394       2.0204
   11395       2.0019
   11396       1.9708
   11397       1.9688
   11398       1.9418
   11399       2.0466
   11400       2.0999
   11401       2.0780
   11402       2.0780
   11403       2.1345
   11404       2.1220
   11405       2.0957
   11406       2.0539
   11407       2.0483
   11408       2.1011
   11409       2.0425
   11410       2.0527
   11411       2.0539
   11412       1.9976
   11413       1.9894
   11414       1.9448
   11415       1.9127
   11416       1.9863
   11417       1.9992
   11418       2.0086
   11419       1.9484
   11420       1.9442
   11421       1.9706
   11422       1.9674
   11423       2.0175
   11424       2.0011
   11425       2.0039
   11426       1.9291
   11427       1.9470
   11428       1.9951
   11429       1.9604
   11430       2.0580
   11431       2.0376
   11432       2.0119
   11433       2.0379
   11434       1.9577
   11435       1.9673
   11436       1.9871
   11437       1.9681
   11438       2.0310
   11439       1.9689
   11440       1.9315
   11441       1.9209
   11442       1.8904
   11443       1.9023
   11444       1.8624
   11445       1.9060
   11446       1.9192
   11447       1.9313
   11448       1.8973
   11449       1.8676
   11450       1.9060
   11451       1.8600
   11452       1.9117
   11453       1.8877
   11454       1.8647
   11455       1.8816
   11456       1.8829
   11457       1.9124
   11458       1.9567
   11459       1.9177
   11460       1.9427
   11461       1.9542
   11462       1.9736
   11463       1.9439
   11464       1.9479
   11465       1.9389
   11466       1.9762
   11467       1.9312
   11468       1.9360
   11469       1.9108
   11470       1.9168
   11471       1.9978
   11472       1.9428
   11473       1.9457
   11474       1.9070
   11475       1.9376
   11476       1.9584
   11477       1.9512
   11478       1.9108
   11479       1.9644
   11480       1.9024
   11481       1.9229
   11482       1.9144
   11483       1.9215
   11484       1.9306
   11485       1.9484
   11486       1.8916
   11487       1.8788
   11488       1.8810
   11489       1.8710
   11490       1.9486
   11491       1.9005
   11492       1.9014
   11493       1.8899
   11494       1.8979
   11495       1.8852
   11496       1.9339
   11497       1.9553
   11498       1.9282
   11499       2.0128
   11500       1.9263
   11501       2.0125
   11502       2.0787
   11503       2.1001
   11504       2.0533
   11505       2.0929
   11506       2.1060
   11507       2.0417
   11508       2.0778
   11509       2.0053
   11510       2.0209
   11511       1.9585
   11512       1.9963
   11513       1.9553
   11514       2.0194
   11515       1.9636
   11516       2.0367
   11517       1.9650
   11518       2.0013
   11519       2.0169
   11520       2.0448
   11521       1.9971
   11522       2.0005
   11523       1.9619
   11524       1.9785
   11525       1.8968
   11526       1.9617
   11527       1.9641
   11528       1.9564
   11529       1.9769
   11530       1.9704
   11531       2.0014
   11532       2.0004
   11533       1.9746
   11534       1.9694
   11535       1.9200
   11536       1.9556
   11537       1.9386
   11538       1.9391
   11539       1.9596
   11540       2.0113
   11541       1.9501
   11542       1.9586
   11543       1.9563
   11544       1.9342
   11545       1.9450
   11546       1.9205
   11547       1.9200
   11548       1.9374
   11549       1.9974
   11550       1.9848
   11551       2.0060
   11552       1.9371
   11553       1.9984
   11554       2.0212
   11555       1.9080
   11556       1.9134
   11557       1.9484
   11558       1.9464
   11559       1.9254
   11560       1.9090
   11561       1.9427
   11562       1.9462
   11563       1.9549
   11564       2.0406
   11565       2.0477
   11566       2.0783
   11567       2.0470
   11568       2.0513
   11569       2.0233
   11570       2.0555
   11571       2.0273
   11572       2.0213
   11573       2.0033
   11574       2.0097
   11575       2.0502
   11576       2.0157
   11577       2.0678
   11578       2.0467
   11579       2.0500
   11580       2.0541
   11581       2.0534
   11582       2.0800
   11583       2.0709
   11584       2.0356
   11585       2.0569
   11586       2.0759
   11587       2.0691
   11588       2.0923
   11589       2.0697
   11590       2.0453
   11591       2.1367
   11592       2.0227
   11593       2.0363
   11594       2.0754
   11595       2.1107
   11596       2.1187
   11597       2.1331
   11598       2.0947
   11599       2.0687
   11600       2.1149
   11601       2.1085
   11602       2.1044
   11603       2.0443
   11604       2.0492
   11605       2.0554
   11606       2.0863
   11607       2.1130
   11608       2.0777
   11609       2.0571
   11610       2.0571
   11611       2.1193
   11612       2.1502
   11613       2.1107
   11614       2.0811
   11615       2.0329
   11616       2.0765
   11617       2.1097
   11618       2.1161
   11619       2.1111
   11620       2.0733
   11621       2.1026
   11622       2.1380
   11623       2.1014
   11624       2.0882
   11625       2.0787
   11626       2.0812
   11627       2.0234
   11628       2.0592
   11629       2.0165
   11630       2.0156
   11631       2.0928
   11632       2.0362
   11633       2.0964
   11634       1.9911
   11635       2.0573
   11636       2.0223
   11637       2.0541
   11638       2.0732
   11639       2.0970
   11640       2.1172
   11641       2.0420
   11642       2.0041
   11643       2.0008
   11644       2.0524
   11645       2.0875
   11646       2.0596
   11647       2.0959
   11648       2.1334
   11649       2.0529
   11650       1.9819
   11651       1.9664
   11652       1.9951
   11653       1.9904
   11654       2.0892
   11655       2.0653
   11656       2.0123
   11657       2.0185
   11658       2.1188
   11659       2.0577
   11660       2.0860
   11661       2.0557
   11662       2.0653
   11663       2.0633
   11664       2.1059
   11665       2.0879
   11666       2.0899
   11667       2.0690
   11668       2.1658
   11669       2.1748
   11670       2.1052
   11671       2.0958
   11672       2.0944
   11673       2.1170
   11674       2.0925
   11675       2.0311
   11676       2.0404
   11677       2.0698
   11678       2.1416
   11679       2.0879
   11680       2.1474
   11681       2.1590
   11682       2.2235
   11683       2.1554
   11684       2.1505
   11685       2.1808
   11686       2.1436
   11687       2.1151
   11688       2.2153
   11689       2.1620
   11690       2.1885
   11691       2.1697
   11692       2.1749
   11693       2.1507
   11694       2.1526
   11695       2.2127
   11696       2.1669
   11697       2.1064
   11698       2.1115
   11699       2.1662
   11700       2.1118
   11701       2.0875
   11702       2.2022
   11703       2.1660
   11704       2.1640
   11705       2.1857
   11706       2.2102
   11707       2.2355
   11708       2.0954
   11709       2.1185
   11710       2.2034
   11711       2.1429
   11712       2.1334
   11713       2.1646
   11714       2.1654
   11715       2.1466
   11716       2.1116
   11717       2.1152
   11718       2.0837
   11719       2.1200
   11720       2.0917
   11721       2.0264
   11722       2.1400
   11723       2.0543
   11724       2.0719
   11725       2.0342
   11726       2.0906
   11727       2.0830
   11728       2.1181
   11729       2.0477
   11730       2.0155
   11731       1.9633
   11732       2.0073
   11733       2.0227
   11734       2.0548
   11735       2.0144
   11736       2.0775
   11737       2.0254
   11738       1.9820
   11739       2.0032
   11740       1.9421
   11741       2.0343
   11742       2.0089
   11743       1.9907
   11744       1.9977
   11745       2.0182
   11746       1.9387
   11747       1.9302
   11748       1.9636
   11749       1.9519
   11750       2.0390
   11751       2.0104
   11752       2.0041
   11753       2.0248
   11754       1.9911
   11755       1.9931
   11756       2.0253
   11757       2.0110
   11758       2.0345
   11759       2.0272
   11760       2.1231
   11761       2.0989
   11762       2.0896
   11763       2.0157
   11764       2.0462
   11765       2.0295
   11766       2.0010
   11767       2.0270
   11768       1.9927
   11769       2.0577
   11770       2.0162
   11771       2.0210
   11772       1.9971
   11773       2.0687
   11774       1.9600
   11775       1.9773
   11776       1.9666
   11777       1.9724
   11778       2.0214
   11779       2.0147
   11780       2.0541
   11781       2.0878
   11782       2.0773
   11783       2.0318
   11784       2.0715
   11785       2.0771
   11786       2.1913
   11787       2.1766
   11788       2.1291
   11789       2.1259
   11790       2.0545
   11791       2.0601
   11792       2.0404
   11793       2.0661
   11794       2.0870
   11795       2.0110
   11796       1.9970
   11797       2.0393
   11798       2.0428
   11799       1.9887
   11800       2.0461
   11801       2.1108
   11802       2.1076
   11803       2.0311
   11804       2.0917
   11805       2.0526
   11806       2.0381
   11807       2.0678
   11808       2.0543
   11809       2.0691
   11810       2.0355
   11811       2.0501
   11812       2.0999
   11813       2.1556
   11814       2.0949
   11815       2.1565
   11816       2.1269
   11817       2.1412
   11818       2.0395
   11819       2.0653
   11820       2.0244
   11821       1.9686
   11822       1.9953
   11823       2.0636
   11824       2.0784
   11825       1.9955
   11826       2.0309
   11827       2.0130
   11828       2.0265
   11829       2.0649
   11830       2.0808
   11831       2.1475
   11832       2.0995
   11833       2.1034
   11834       2.0876
   11835       2.0318
   11836       2.0240
   11837       1.9530
   11838       2.0508
   11839       2.0388
   11840       2.0282
   11841       2.0658
   11842       2.0262
   11843       2.0262
   11844       2.0488
   11845       2.0329
   11846       1.9955
   11847       1.9515
   11848       2.0138
   11849       2.0720
   11850       2.0358
   11851       1.9653
   11852       2.0714
   11853       2.1234
   11854       2.0010
   11855       2.0872
   11856       2.0255
   11857       2.0176
   11858       1.9723
   11859       1.9848
   11860       1.9765
   11861       1.9759
   11862       2.0177
   11863       2.0077
   11864       1.9946
   11865       1.9595
   11866       2.0063
   11867       1.9765
   11868       1.9643
   11869       2.0829
   11870       2.0455
   11871       2.0145
   11872       1.9872
   11873       1.9630
   11874       2.0074
   11875       1.9992
   11876       2.0730
   11877       2.0463
   11878       1.9634
   11879       2.0221
   11880       2.0585
   11881       2.0060
   11882       2.0251
   11883       1.9981
   11884       1.9993
   11885       2.0003
   11886       2.0149
   11887       1.9920
   11888       1.9899
   11889       2.0326
   11890       1.9969
   11891       1.9999
   11892       2.0434
   11893       1.9897
   11894       1.9644
   11895       1.9996
   11896       1.9904
   11897       2.0478
   11898       2.0158
   11899       2.0281
   11900       1.9880
   11901       2.0019
   11902       2.0704
   11903       2.0065
   11904       2.0185
   11905       1.9523
   11906       2.1085
   11907       2.0620
   11908       2.0559
   11909       2.0567
   11910       1.9736
   11911       1.9915
   11912       1.9920
   11913       1.9916
   11914       2.0155
   11915       2.0562
   11916       2.0266
   11917       1.9877
   11918       2.0662
   11919       2.0183
   11920       2.0816
   11921       2.0180
   11922       2.0669
   11923       1.9839
   11924       1.9534
   11925       1.9407
   11926       1.9640
   11927       1.9683
   11928       1.9639
   11929       1.9709
   11930       1.9105
   11931       1.9164
   11932       1.9939
   11933       2.0135
   11934       2.0570
   11935       2.0551
   11936       2.0373
   11937       1.9948
   11938       2.0327
   11939       1.9741
   11940       2.0014
   11941       1.9877
   11942       1.9635
   11943       2.0179
   11944       2.0282
   11945       2.0061
   11946       2.0062
   11947       1.9811
   11948       1.9843
   11949       1.9607
   11950       1.9845
   11951       1.9245
   11952       1.9586
   11953       1.9909
   11954       1.9655
   11955       1.9690
   11956       1.9765
   11957       1.9880
   11958       1.9294
   11959       1.9430
   11960       1.9590
   11961       1.9481
   11962       1.9393
   11963       2.0280
   11964       1.9633
   11965       1.9468
   11966       1.8815
   11967       1.9667
   11968       1.9268
   11969       1.9863
   11970       1.9696
   11971       1.9788
   11972       2.0328
   11973       1.9580
   11974       1.9236
   11975       1.9672
   11976       1.9837
   11977       2.0170
   11978       1.9990
   11979       1.9586
   11980       2.0024
   11981       1.9716
   11982       2.0058
   11983       1.9902
   11984       2.0443
   11985       2.0411
   11986       2.0462
   11987       2.0170
   11988       2.0475
   11989       2.0084
   11990       2.0878
   11991       2.0712
   11992       2.0339
   11993       2.0668
   11994       2.0640
   11995       2.0259
   11996       2.0796
   11997       2.0083
   11998       1.9862
   11999       1.9968
   12000       2.0343
   12001       2.0065
   12002       2.0285
   12003       2.0204
   12004       2.0104
   12005       2.0083
   12006       1.9401
   12007       1.9528
   12008       1.9777
   12009       2.0004
   12010       2.0145
   12011       1.9876
   12012       1.9968
   12013       1.9784
   12014       1.9458
   12015       1.9381
   12016       1.9479
   12017       1.9594
   12018       1.9265
   12019       1.9735
   12020       2.0115
   12021       2.0125
   12022       1.9574
   12023       1.9890
   12024       2.0202
   12025       1.9925
   12026       1.9907
   12027       2.0342
   12028       2.0351
   12029       2.0299
   12030       2.0844
   12031       1.9944
   12032       1.9867
   12033       1.9988
   12034       2.0698
   12035       1.9897
   12036       2.0411
   12037       2.0950
   12038       2.0345
   12039       2.0481
   12040       2.0770
   12041       2.0302
   12042       2.0448
   12043       2.0358
   12044       2.0063
   12045       1.9797
   12046       2.0151
   12047       2.0252
   12048       2.1331
   12049       2.0948
   12050       2.0774
   12051       2.0608
   12052       2.0407
   12053       2.0584
   12054       2.0895
   12055       2.1137
   12056       2.1318
   12057       2.1088
   12058       2.1110
   12059       2.0839
   12060       2.0550
   12061       1.9946
   12062       2.0067
   12063       1.9712
   12064       2.0289
   12065       1.9991
   12066       2.0426
   12067       2.0613
   12068       2.0849
   12069       2.0496
   12070       2.0644
   12071       2.0346
   12072       2.0099
   12073       2.0382
   12074       2.0631
   12075       2.0535
   12076       2.0108
   12077       2.0080
   12078       2.0399
   12079       2.0270
   12080       2.0676
   12081       2.1048
   12082       2.0434
   12083       2.0287
   12084       2.0867
   12085       2.1567
   12086       2.1113
   12087       2.1538
   12088       2.0855
   12089       2.0473
   12090       2.1370
   12091       2.1241
   12092       2.0807
   12093       2.0877
   12094       2.1110
   12095       2.0368
   12096       1.9566
   12097       1.9559
   12098       1.9765
   12099       2.0184
   12100       1.9563
   12101       2.0098
   12102       2.0070
   12103       2.0377
   12104       2.0813
   12105       2.0835
   12106       2.0508
   12107       1.9881
   12108       2.1167
   12109       2.1320
   12110       2.0684
   12111       2.0750
   12112       2.1213
   12113       2.1437
   12114       2.0733
   12115       2.0762
   12116       2.0800
   12117       2.0498
   12118       2.0826
   12119       2.1105
   12120       2.1017
   12121       2.0124
   12122       2.0394
   12123       2.0445
   12124       2.1279
   12125       2.0439
   12126       1.9817
   12127       2.0438
   12128       2.0632
   12129       2.0720
   12130       2.1417
   12131       2.0892
   12132       2.1103
   12133       2.0921
   12134       2.1099
   12135       2.1141
   12136       2.1134
   12137       2.0820
   12138       2.1171
   12139       2.1196
   12140       2.0708
   12141       2.0421
   12142       2.1031
   12143       2.0162
   12144       2.0826
   12145       2.0837
   12146       2.0990
   12147       2.0850
   12148       2.0762
   12149       2.0843
   12150       2.0476
   12151       2.0237
   12152       2.0629
   12153       2.0555
   12154       2.0609
   12155       2.0548
   12156       2.0506
   12157       2.0641
   12158       2.1480
   12159       2.1033
   12160       2.0390
   12161       2.1096
   12162       2.0756
   12163       2.1175
   12164       2.0961
   12165       2.0566
   12166       2.0530
   12167       2.0720
   12168       2.0658
   12169       2.1105
   12170       2.0730
   12171       2.0960
   12172       2.1703
   12173       2.1068
   12174       2.0716
   12175       2.0402
   12176       2.0435
   12177       2.0649
   12178       2.0232
   12179       2.0445
   12180       2.1410
   12181       2.1397
   12182       2.0700
   12183       2.0357
   12184       2.1132
   12185       2.0579
   12186       2.0378
   12187       2.0714
   12188       2.0812
   12189       2.0698
   12190       2.0847
   12191       2.0628
   12192       2.0142
   12193       1.9851
   12194       2.0176
   12195       2.0582
   12196       2.0718
   12197       2.0258
   12198       2.0370
   12199       2.0272
   12200       1.9913
   12201       2.0888
   12202       2.0158
   12203       1.9537
   12204       2.0088
   12205       1.9363
   12206       1.9615
   12207       2.0482
   12208       2.0368
   12209       2.0123
   12210       1.9648
   12211       1.9614
   12212       1.9694
   12213       1.9545
   12214       1.9929
   12215       1.9868
   12216       2.0156
   12217       1.9683
   12218       1.9417
   12219       1.9123
   12220       1.9584
   12221       1.9953
   12222       1.9406
   12223       1.9894
   12224       1.9818
   12225       1.8998
   12226       1.9149
   12227       1.9187
   12228       1.9385
   12229       1.9659
   12230       1.9182
   12231       1.9400
   12232       1.9368
   12233       1.9763
   12234       1.9569
   12235       1.9233
   12236       2.0108
   12237       1.9772
   12238       1.9944
   12239       1.9524
   12240       1.8906
   12241       1.9302
   12242       1.9489
   12243       1.9265
   12244       1.9458
   12245       1.9318
   12246       1.9987
   12247       1.9626
   12248       1.9624
   12249       1.9988
   12250       1.9717
   12251       2.0030
   12252       2.0077
   12253       2.0285
   12254       1.9996
   12255       2.0395
   12256       1.9739
   12257       2.0117
   12258       1.9823
   12259       2.0154
   12260       1.9635
   12261       1.9823
   12262       1.9863
   12263       2.0412
   12264       2.0077
   12265       2.0575
   12266       2.0735
   12267       2.0609
   12268       2.0064
   12269       2.0190
   12270       2.0226
   12271       2.0631
   12272       2.0250
   12273       2.1026
   12274       2.0921
   12275       2.0928
   12276       2.0430
   12277       2.0580
   12278       2.0535
   12279       2.1050
   12280       2.1305
   12281       2.1310
   12282       2.1465
   12283       2.2002
   12284       2.1463
   12285       2.1384
   12286       2.0624
   12287       2.0541
   12288       1.9940
   12289       1.9947
   12290       2.0622
   12291       2.0956
   12292       2.0630
   12293       2.1235
   12294       2.1461
   12295       2.1217
   12296       2.1592
   12297       2.1873
   12298       2.1730
   12299       2.1494
   12300       2.1479
   12301       2.1727
   12302       2.1329
   12303       2.1338
   12304       2.1478
   12305       2.1305
   12306       2.1469
   12307       2.1345
   12308       2.0795
   12309       2.1404
   12310       2.1802
   12311       2.1219
   12312       2.1680
   12313       2.0840
   12314       2.1172
   12315       2.1082
   12316       2.1198
   12317       2.1264
   12318       2.1511
   12319       2.1892
   12320       2.1848
   12321       2.1199
   12322       2.1311
   12323       2.1184
   12324       2.1092
   12325       2.1011
   12326       2.0919
   12327       2.1069
   12328       2.0896
   12329       2.0884
   12330       2.1609
   12331       2.1031
   12332       2.1436
   12333       2.1781
   12334       2.1633
   12335       2.1706
   12336       2.1212
   12337       2.0974
   12338       2.1278
   12339       2.1513
   12340       2.1306
   12341       2.1397
   12342       2.0894
   12343       2.1023
   12344       2.0705
   12345       2.1258
   12346       2.1356
   12347       2.1162
   12348       2.1061
   12349       2.1263
   12350       2.1320
   12351       2.1434
   12352       2.1284
   12353       2.1790
   12354       2.1254
   12355       2.1597
   12356       2.1219
   12357       2.1195
   12358       2.1167
   12359       2.1113
   12360       2.1197
   12361       2.1494
   12362       2.1382
   12363       2.0186
   12364       2.0608
   12365       2.1254
   12366       2.0928
   12367       2.1433
   12368       2.1528
   12369       2.1023
   12370       2.0401
   12371       2.0312
   12372       2.0745
   12373       2.0242
   12374       2.0658
   12375       2.0448
   12376       2.0305
   12377       2.0496
   12378       2.0681
   12379       2.0893
   12380       2.0858
   12381       2.0910
   12382       2.1302
   12383       2.0928
   12384       2.1050
   12385       2.1094
   12386       2.0829
   12387       2.0647
   12388       2.0535
   12389       2.0175
   12390       2.0884
   12391       2.0613
   12392       2.0741
   12393       2.0445
   12394       1.9919
   12395       2.0304
   12396       2.0136
   12397       1.9713
   12398       2.0561
   12399       2.0122
   12400       1.9949
   12401       1.9779
   12402       2.0474
   12403       2.0322
   12404       2.0509
   12405       2.0024
   12406       2.0614
   12407       2.0668
   12408       2.0127
   12409       2.0461
   12410       2.0126
   12411       1.9914
   12412       2.0183
   12413       1.9710
   12414       1.9418
   12415       1.9456
   12416       1.9895
   12417       1.9470
   12418       1.9557
   12419       1.9280
   12420       1.9968
   12421       1.9137
   12422       1.9745
   12423       1.9620
   12424       1.9027
   12425       1.8779
   12426       1.9390
   12427       1.9263
   12428       1.9368
   12429       1.9730
   12430       2.0440
   12431       1.9983
   12432       2.0162
   12433       1.9950
   12434       1.9761
   12435       1.9725
   12436       1.9836
   12437       1.9986
   12438       2.0077
   12439       2.0414
   12440       2.0172
   12441       2.0107
   12442       2.0231
   12443       2.0565
   12444       2.1280
   12445       2.0887
   12446       2.0795
   12447       2.0892
   12448       1.9930
   12449       2.0312
   12450       2.0963
   12451       2.0576
   12452       2.0694
   12453       2.0673
   12454       2.0502
   12455       2.0599
   12456       2.0380
   12457       2.0584
   12458       2.0559
   12459       2.0742
   12460       1.9599
   12461       2.0654
   12462       2.0219
   12463       2.0324
   12464       1.9856
   12465       2.0396
   12466       2.0027
   12467       1.8954
   12468       1.9592
   12469       1.9928
   12470       1.9886
   12471       2.0584
   12472       2.0429
   12473       1.9794
   12474       1.9460
   12475       2.0022
   12476       2.0028
   12477       1.9153
   12478       1.9840
   12479       1.9810
   12480       2.0607
   12481       1.9599
   12482       2.0514
   12483       2.0577
   12484       2.0649
   12485       2.0609
   12486       2.0961
   12487       2.1052
   12488       2.1514
   12489       2.0845
   12490       2.1079
   12491       2.1031
   12492       2.1226
   12493       2.1056
   12494       2.0816
   12495       2.0625
   12496       2.0207
   12497       2.0160
   12498       2.0192
   12499       1.9715
   12500       2.0151
   12501       2.0293
   12502       2.0078
   12503       2.0265
   12504       2.0533
   12505       2.0241
   12506       1.9895
   12507       1.9770
   12508       1.9922
   12509       1.9761
   12510       2.0098
   12511       2.0610
   12512       2.0885
   12513       2.0739
   12514       2.0443
   12515       2.0302
   12516       2.0557
   12517       2.0230
   12518       1.9679
   12519       2.0250
   12520       2.0678
   12521       2.0535
   12522       2.0444
   12523       2.0419
   12524       2.0569
   12525       2.0810
   12526       2.0415
   12527       2.0613
   12528       2.0774
   12529       2.1240
   12530       1.9996
   12531       2.0509
   12532       2.1005
   12533       2.1570
   12534       2.1231
   12535       2.0897
   12536       2.0937
   12537       2.1211
   12538       2.0756
   12539       2.0938
   12540       2.0033
   12541       2.0968
   12542       2.0958
   12543       2.0904
   12544       2.0816
   12545       2.0350
   12546       2.1029
   12547       2.0979
   12548       2.0378
   12549       2.0644
   12550       2.0649
   12551       2.0496
   12552       2.0269
   12553       2.0332
   12554       2.0683
   12555       2.0490
   12556       2.0633
   12557       2.1503
   12558       2.0915
   12559       2.1379
   12560       2.1294
   12561       2.1839
   12562       2.1736
   12563       2.2082
   12564       2.1955
   12565       2.2853
   12566       2.2256
   12567       2.1756
   12568       2.2423
   12569       2.2157
   12570       2.1945
   12571       2.1481
   12572       2.1104
   12573       2.1189
   12574       2.1707
   12575       2.0889
   12576       2.1143
   12577       2.1620
   12578       2.0973
   12579       2.1113
   12580       2.1562
   12581       2.1082
   12582       2.0994
   12583       2.1521
   12584       2.1749
   12585       2.1775
   12586       2.2737
   12587       2.2728
   12588       2.3456
   12589       2.3145
   12590       2.2836
   12591       2.1686
   12592       2.1857
   12593       2.1716
   12594       2.2129
   12595       2.1978
   12596       2.1436
   12597       2.2046
   12598       2.1393
   12599       2.1592
   12600       2.1748
   12601       2.1796
   12602       2.1744
   12603       2.1860
   12604       2.1739
   12605       2.1109
   12606       2.0453
   12607       2.0390
   12608       2.0875
   12609       2.0685
   12610       2.1058
   12611       2.0934
   12612       2.0715
   12613       2.0654
   12614       2.0866
   12615       2.0989
   12616       2.0269
   12617       2.0651
   12618       2.1072
   12619       2.1230
   12620       2.0754
   12621       2.1580
   12622       2.0977
   12623       2.1505
   12624       2.1591
   12625       2.1236
   12626       2.0869
   12627       2.1174
   12628       2.1677
   12629       2.1152
   12630       2.1015
   12631       2.1342
   12632       2.1705
   12633       2.1745
   12634       2.2116
   12635       2.1675
   12636       2.1879
   12637       2.1288
   12638       2.1903
   12639       2.1959
   12640       2.2071
   12641       2.2373
   12642       2.1993
   12643       2.2087
   12644       2.2072
   12645       2.1606
   12646       2.0790
   12647       2.0343
   12648       2.0919
   12649       2.0921
   12650       2.1025
   12651       2.0731
   12652       2.0838
   12653       2.0393
   12654       2.0463
   12655       2.0517
   12656       2.0485
   12657       2.0719
   12658       2.1135
   12659       2.1102
   12660       2.0785
   12661       2.1298
   12662       2.0539
   12663       2.0221
   12664       2.0680
   12665       2.0445
   12666       2.0795
   12667       2.1166
   12668       2.1038
   12669       2.0871
   12670       2.0910
   12671       2.1032
   12672       2.1388
   12673       2.1273
   12674       2.1508
   12675       2.1505
   12676       2.2145
   12677       2.1780
   12678       2.1900
   12679       2.1873
   12680       2.2428
   12681       2.1680
   12682       2.1773
   12683       2.1770
   12684       2.1933
   12685       2.1727
   12686       2.0970
   12687       2.1180
   12688       2.1153
   12689       2.0965
   12690       2.0844
   12691       2.1114
   12692       2.0921
   12693       2.1601
   12694       2.1325
   12695       2.1279
   12696       2.0302
   12697       2.0905
   12698       2.1107
   12699       2.0773
   12700       2.0650
   12701       2.0549
   12702       2.0694
   12703       2.0864
   12704       2.1037
   12705       2.1567
   12706       2.1585
   12707       2.1176
   12708       2.1117
   12709       2.1373
   12710       2.1539
   12711       2.1878
   12712       2.1468
   12713       2.1422
   12714       2.1862
   12715       2.1217
   12716       2.1415
   12717       2.1592
   12718       2.1311
   12719       2.1022
   12720       2.1624
   12721       2.0454
   12722       2.0616
   12723       2.1321
   12724       2.1295
   12725       2.1233
   12726       2.0935
   12727       2.0628
   12728       2.0332
   12729       2.0675
   12730       2.0791
   12731       2.0889
   12732       2.1283
   12733       2.1196
   12734       2.0804
   12735       2.0787
   12736       2.1237
   12737       2.0760
   12738       2.0852
   12739       2.1559
   12740       2.1566
   12741       2.0990
   12742       2.0810
   12743       2.1347
   12744       2.1293
   12745       2.1787
   12746       2.1791
   12747       2.1777
   12748       2.1087
   12749       2.1826
   12750       2.1545
   12751       2.1124
   12752       2.1333
   12753       2.0849
   12754       2.1623
   12755       2.1350
   12756       2.1225
   12757       2.1952
   12758       2.1753
   12759       2.1599
   12760       2.0998
   12761       2.1011
   12762       2.1470
   12763       2.1178
   12764       2.1781
   12765       2.1502
   12766       2.1259
   12767       2.1716
   12768       2.1050
   12769       2.1009
   12770       2.0907
   12771       2.1096
   12772       2.0835
   12773       2.1147
   12774       2.1413
   12775       2.1791
   12776       2.1916
   12777       2.0827
   12778       2.1656
   12779       2.1150
   12780       2.1224
   12781       2.1464
   12782       2.1764
   12783       2.1932
   12784       2.1339
   12785       2.2160
   12786       2.1755
   12787       2.2098
   12788       2.1112
   12789       2.1453
   12790       2.1054
   12791       2.0882
   12792       2.0857
   12793       2.0792
   12794       2.0613
   12795       2.0329
   12796       2.0552
   12797       2.0921
   12798       2.1326
   12799       2.0698
   12800       2.0977
   12801       2.1219
   12802       2.1777
   12803       2.1659
   12804       2.1198
   12805       2.0757
   12806       2.0622
   12807       2.0312
   12808       2.0266
   12809       2.0886
   12810       2.0445
   12811       2.0331
   12812       2.0096
   12813       2.0301
   12814       2.0899
   12815       2.0874
   12816       2.0359
   12817       2.0723
   12818       2.0776
   12819       2.1102
   12820       2.0602
   12821       2.0613
   12822       2.1101
   12823       2.1224
   12824       2.0013
   12825       2.0453
   12826       1.9737
   12827       2.0131
   12828       2.0610
   12829       2.0361
   12830       2.0387
   12831       2.0240
   12832       2.0489
   12833       1.9885
   12834       1.9963
   12835       1.9957
   12836       2.0478
   12837       2.0926
   12838       2.0721
   12839       2.0635
   12840       2.0615
   12841       2.0586
   12842       2.0688
   12843       2.0656
   12844       2.0766
   12845       2.0278
   12846       2.0593
   12847       2.0724
   12848       2.0355
   12849       2.1819
   12850       2.0774
   12851       2.1070
   12852       2.0408
   12853       2.0629
   12854       2.1368
   12855       2.1252
   12856       2.1271
   12857       2.1488
   12858       2.1332
   12859       2.0916
   12860       2.0520
   12861       2.0717
   12862       2.0730
   12863       2.1264
   12864       2.0775
   12865       2.0755
   12866       2.1178
   12867       2.1125
   12868       2.1253
   12869       2.0975
   12870       2.0786
   12871       2.0594
   12872       2.0726
   12873       2.0888
   12874       2.0423
   12875       2.0857
   12876       2.0098
   12877       2.0097
   12878       2.0585
   12879       2.0473
   12880       2.0378
   12881       2.0394
   12882       2.0691
   12883       2.0645
   12884       2.0590
   12885       2.0416
   12886       2.1329
   12887       2.1537
   12888       2.1181
   12889       2.1322
   12890       2.1618
   12891       2.1923
   12892       2.1961
   12893       2.1944
   12894       2.2024
   12895       2.1809
   12896       2.1890
   12897       2.1255
   12898       2.0997
   12899       2.1837
   12900       2.1574
   12901       2.1771
   12902       2.1469
   12903       2.2206
   12904       2.1871
   12905       2.2380
   12906       2.2446
   12907       2.2970
   12908       2.2745
   12909       2.2704
   12910       2.2033
   12911       2.2216
   12912       2.2601
   12913       2.2611
   12914       2.3377
   12915       2.2433
   12916       2.2616
   12917       2.2380
   12918       2.2414
   12919       2.1314
   12920       2.1870
   12921       2.1682
   12922       2.1913
   12923       2.1675
   12924       2.1803
   12925       2.1408
   12926       2.1473
   12927       2.1718
   12928       2.1909
   12929       2.1896
   12930       2.1919
   12931       2.1788
   12932       2.1645
   12933       2.1816
   12934       2.2294
   12935       2.1990
   12936       2.1702
   12937       2.1549
   12938       2.1204
   12939       2.2057
   12940       2.1126
   12941       2.1050
   12942       2.0771
   12943       2.1064
   12944       2.1964
   12945       2.1397
   12946       2.1213
   12947       2.1503
   12948       2.1868
   12949       2.1753
   12950       2.1260
   12951       2.1903
   12952       2.1233
   12953       2.1603
   12954       2.1675
   12955       2.2148
   12956       2.1476
   12957       2.1458
   12958       2.1754
   12959       2.1632
   12960       2.1219
   12961       2.1565
   12962       2.1193
   12963       2.1392
   12964       2.1139
   12965       2.1004
   12966       2.1762
   12967       2.2031
   12968       2.1406
   12969       2.1025
   12970       2.1326
   12971       2.1641
   12972       2.1934
   12973       2.1380
   12974       2.1694
   12975       2.1621
   12976       2.1831
   12977       2.1529
   12978       2.1344
   12979       2.1761
   12980       2.1989
   12981       2.1332
   12982       2.1706
   12983       2.2102
   12984       2.2220
   12985       2.1874
   12986       2.2203
   12987       2.1917
   12988       2.1450
   12989       2.1724
   12990       2.1913
   12991       2.0982
   12992       2.0972
   12993       2.1174
   12994       2.1349
   12995       2.1350
   12996       2.0589
   12997       2.1101
   12998       2.0829
   12999       2.0579
   13000       2.0743
   13001       2.0436
   13002       2.0193
   13003       2.0858
   13004       2.0664
   13005       1.9940
   13006       1.9971
   13007       2.0301
   13008       2.0896
   13009       2.0072
   13010       2.0835
   13011       2.0836
   13012       2.1109
   13013       2.0795
   13014       2.0718
   13015       2.0609
   13016       2.1227
   13017       2.1245
   13018       2.0879
   13019       2.1437
   13020       2.1276
   13021       2.1567
   13022       2.1921
   13023       2.2169
   13024       2.1605
   13025       2.1475
   13026       2.1742
   13027       2.1879
   13028       2.2353
   13029       2.1750
   13030       2.1379
   13031       2.0721
   13032       2.0975
   13033       2.1125
   13034       2.0923
   13035       2.1024
   13036       2.0619
   13037       2.0981
   13038       2.1556
   13039       2.1489
   13040       2.1397
   13041       2.1415
   13042       2.1051
   13043       2.1135
   13044       2.1430
   13045       2.1791
   13046       2.1709
   13047       2.1124
   13048       2.1244
   13049       2.1344
   13050       2.0770
   13051       2.1443
   13052       2.1890
   13053       2.1221
   13054       2.1709
   13055       2.0956
   13056       2.1127
   13057       2.1144
   13058       2.0713
   13059       2.1330
   13060       2.0830
   13061       2.1454
   13062       2.1638
   13063       2.1040
   13064       2.1395
   13065       2.1226
   13066       2.0836
   13067       2.0578
   13068       2.0349
   13069       2.0498
   13070       2.0487
   13071       1.9829
   13072       2.0348
   13073       2.0720
   13074       2.0219
   13075       1.9603
   13076       1.9570
   13077       1.9788
   13078       1.9345
   13079       1.9057
   13080       1.9555
   13081       1.9829
   13082       1.9976
   13083       1.9813
   13084       1.9564
   13085       2.0137
   13086       2.0154
   13087       2.0404
   13088       2.0921
   13089       2.0203
   13090       2.0815
   13091       2.0305
   13092       2.0221
   13093       2.0237
   13094       2.0063
   13095       2.0187
   13096       1.9630
   13097       2.0418
   13098       2.0682
   13099       2.0793
   13100       2.0819
   13101       2.0946
   13102       2.1283
   13103       2.1140
   13104       2.0507
   13105       2.0567
   13106       2.0455
   13107       2.0767
   13108       2.0067
   13109       2.0156
   13110       2.0162
   13111       1.9407
   13112       1.9785
   13113       1.9682
   13114       1.9987
   13115       2.0102
   13116       1.9668
   13117       1.9764
   13118       2.0179
   13119       2.0094
   13120       2.0323
   13121       2.0123
   13122       2.0271
   13123       2.0003
   13124       1.9599
   13125       1.9972
   13126       1.9742
   13127       1.9303
   13128       2.0220
   13129       1.9499
   13130       2.0071
   13131       2.0444
   13132       1.9650
   13133       1.9953
   13134       2.0347
   13135       2.0310
   13136       2.0966
   13137       2.0924
   13138       2.0850
   13139       2.0828
   13140       2.1196
   13141       2.1174
   13142       2.1510
   13143       2.1453
   13144       2.0919
   13145       2.0982
   13146       2.0953
   13147       2.1044
   13148       2.0720
   13149       2.0435
   13150       2.0456
   13151       2.0620
   13152       2.0765
   13153       2.0568
   13154       2.0539
   13155       2.0564
   13156       2.0431
   13157       2.0308
   13158       2.0046
   13159       2.0239
   13160       2.0340
   13161       2.0687
   13162       2.0273
   13163       2.0338
   13164       2.0471
   13165       2.0131
   13166       2.0188
   13167       2.0424
   13168       2.0569
   13169       2.1286
   13170       2.0754
   13171       2.0426
   13172       2.0288
   13173       2.0922
   13174       2.1569
   13175       2.1178
   13176       2.0707
   13177       2.0795
   13178       1.9528
   13179       2.0920
   13180       2.0539
   13181       2.0290
   13182       2.0071
   13183       2.0027
   13184       2.0226
   13185       2.0564
   13186       2.1155
   13187       2.0779
   13188       2.0726
   13189       2.0822
   13190       2.0392
   13191       2.1136
   13192       2.0562
   13193       2.1227
   13194       2.1067
   13195       2.0654
   13196       2.0792
   13197       2.0482
   13198       2.0827
   13199       2.0776
   13200       2.0820
   13201       2.0824
   13202       2.0694
   13203       2.0600
   13204       2.1131
   13205       2.1346
   13206       2.0955
   13207       2.0185
   13208       2.0485
   13209       2.0598
   13210       2.0226
   13211       2.0312
   13212       2.0601
   13213       2.0868
   13214       2.1132
   13215       2.0712
   13216       2.1143
   13217       2.0809
   13218       2.1026
   13219       2.1679
   13220       2.1270
   13221       2.1438
   13222       2.0679
   13223       2.1133
   13224       2.0709
   13225       2.0580
   13226       2.1055
   13227       2.0904
   13228       2.0367
   13229       2.0675
   13230       2.0438
   13231       1.9838
   13232       2.0082
   13233       2.0564
   13234       2.0611
   13235       2.0735
   13236       2.0426
   13237       2.0616
   13238       2.0299
   13239       2.0308
   13240       2.0927
   13241       2.1030
   13242       2.1100
   13243       2.0428
   13244       2.0526
   13245       2.0217
   13246       2.0610
   13247       2.0917
   13248       2.0308
   13249       2.0397
   13250       2.0425
   13251       2.0078
   13252       2.0572
   13253       2.0877
   13254       2.0759
   13255       1.9675
   13256       2.0534
   13257       2.0751
   13258       2.0103
   13259       2.0095
   13260       2.0234
   13261       2.0622
   13262       2.0178
   13263       2.0397
   13264       1.9979
   13265       2.0535
   13266       2.0397
   13267       2.1116
   13268       2.0774
   13269       2.0090
   13270       2.0746
   13271       2.1242
   13272       2.1851
   13273       2.1777
   13274       2.1369
   13275       2.2051
   13276       2.2566
   13277       2.1942
   13278       2.2550
   13279       2.2725
   13280       2.2628
   13281       2.2246
   13282       2.2437
   13283       2.2626
   13284       2.2721
   13285       2.3518
   13286       2.3154
   13287       2.2768
   13288       2.2683
   13289       2.2874
   13290       2.2122
   13291       2.2217
   13292       2.2828
   13293       2.2722
   13294       2.2565
   13295       2.2379
   13296       2.2055
   13297       2.3158
   13298       2.2101
   13299       2.2707
   13300       2.2721
   13301       2.2778
   13302       2.2492
   13303       2.2137
   13304       2.1309
   13305       2.1455
   13306       2.1459
   13307       2.1216
   13308       2.1948
   13309       2.2016
   13310       2.2383
   13311       2.2986
   13312       2.2069
   13313       2.1555
   13314       2.1978
   13315       2.1828
   13316       2.1850
   13317       2.1791
   13318       2.1731
   13319       2.1558
   13320       2.2121
   13321       2.1229
   13322       2.1555
   13323       2.0919
   13324       2.0593
   13325       2.0761
   13326       2.0836
   13327       2.1799
   13328       2.1849
   13329       2.1662
   13330       2.2280
   13331       2.1774
   13332       2.1932
   13333       2.1833
   13334       2.1728
   13335       2.1655
   13336       2.1668
   13337       2.1428
   13338       2.1640
   13339       2.1427
   13340       2.0856
   13341       2.1393
   13342       2.1755
   13343       2.1851
   13344       2.2515
   13345       2.1474
   13346       2.1549
   13347       2.1587
   13348       2.1111
   13349       2.0648
   13350       2.0688
   13351       2.0042
   13352       2.0130
   13353       2.0111
   13354       1.9516
   13355       2.0331
   13356       1.9269
   13357       2.0042
   13358       2.0298
   13359       2.0595
   13360       2.1084
   13361       2.0848
   13362       2.0510
   13363       2.1170
   13364       2.0596
   13365       2.0979
   13366       2.1095
   13367       2.1194
   13368       2.0908
   13369       2.1119
   13370       2.0496
   13371       2.0873
   13372       2.1253
   13373       2.0492
   13374       2.1239
   13375       2.2002
   13376       2.2478
   13377       2.1938
   13378       2.1928
   13379       2.1641
   13380       2.1740
   13381       2.1716
   13382       2.1420
   13383       2.1478
   13384       2.2492
   13385       2.2622
   13386       2.2680
   13387       2.2198
   13388       2.2306
   13389       2.2229
   13390       2.2327
   13391       2.2514
   13392       2.1917
   13393       2.2035
   13394       2.2515
   13395       2.2949
   13396       2.2408
   13397       2.2572
   13398       2.2676
   13399       2.2424
   13400       2.2159
   13401       2.2442
   13402       2.1480
   13403       2.1930
   13404       2.1584
   13405       2.1587
   13406       2.2129
   13407       2.1939
   13408       2.2274
   13409       2.2021
   13410       2.2274
   13411       2.1396
   13412       2.1392
   13413       2.1371
   13414       2.1233
   13415       2.1474
   13416       2.1824
   13417       2.1568
   13418       2.2081
   13419       2.1749
   13420       2.1520
   13421       2.1501
   13422       2.1352
   13423       2.1368
   13424       2.1928
   13425       2.1336
   13426       2.1511
   13427       2.1787
   13428       2.1876
   13429       2.1064
   13430       2.1251
   13431       2.1730
   13432       2.1230
   13433       2.1493
   13434       2.1015
   13435       2.1510
   13436       2.1348
   13437       2.1576
   13438       2.1644
   13439       2.1365
   13440       2.1199
   13441       2.1113
   13442       2.0526
   13443       2.0609
   13444       2.0198
   13445       2.0312
   13446       1.9937
   13447       1.9317
   13448       2.0070
   13449       2.0385
   13450       2.1075
   13451       2.0740
   13452       2.0734
   13453       2.1118
   13454       2.1530
   13455       2.0852
   13456       2.0745
   13457       2.0926
   13458       2.1268
   13459       2.1089
   13460       2.0813
   13461       2.0462
   13462       2.1113
   13463       2.1255
   13464       2.1674
   13465       2.1892
   13466       2.1897
   13467       2.2024
   13468       2.1378
   13469       2.1792
   13470       2.1644
   13471       2.1853
   13472       2.1755
   13473       2.2124
   13474       2.1984
   13475       2.2031
   13476       2.1892
   13477       2.1593
   13478       2.1876
   13479       2.1316
   13480       2.1343
   13481       2.2136
   13482       2.2782
   13483       2.2480
   13484       2.2148
   13485       2.2603
   13486       2.2296
   13487       2.2158
   13488       2.1798
   13489       2.1699
   13490       2.2472
   13491       2.2146
   13492       2.2723
   13493       2.3098
   13494       2.2156
   13495       2.2222
   13496       2.2024
   13497       2.1402
   13498       2.1943
   13499       2.1445
   13500       2.1785
   13501       2.1723
   13502       2.1668
   13503       2.1889
   13504       2.1224
   13505       2.1189
   13506       2.1542
   13507       2.2453
   13508       2.2137
   13509       2.2064
   13510       2.1312
   13511       2.2251
   13512       2.1160
   13513       2.1745
   13514       2.2142
   13515       2.1907
   13516       2.2577
   13517       2.2206
   13518       2.2722
   13519       2.2048
   13520       2.1861
   13521       2.2164
   13522       2.2001
   13523       2.2159
   13524       2.0943
   13525       2.1340
   13526       2.1383
   13527       2.1332
   13528       2.1581
   13529       2.1846
   13530       2.2416
   13531       2.1997
   13532       2.2079
   13533       2.1555
   13534       2.1720
   13535       2.1559
   13536       2.1429
   13537       2.0750
   13538       2.1383
   13539       2.0931
   13540       2.1304
   13541       2.0974
   13542       2.1664
   13543       2.2097
   13544       2.2273
   13545       2.1816
   13546       2.1685
   13547       2.1593
   13548       2.0844
   13549       2.1324
   13550       2.1165
   13551       2.1779
   13552       2.1217
   13553       2.1282
   13554       2.2432
   13555       2.1488
   13556       2.1686
   13557       2.1525
   13558       2.1203
   13559       2.1228
   13560       2.1205
   13561       2.1271
   13562       2.1202
   13563       2.1512
   13564       2.1350
   13565       2.2117
   13566       2.1570
   13567       2.1472
   13568       2.0961
   13569       2.0327
   13570       2.0900
   13571       2.1277
   13572       2.0727
   13573       2.1256
   13574       2.1451
   13575       2.0658
   13576       2.0431
   13577       2.1258
   13578       2.1033
   13579       2.0630
   13580       2.0600
   13581       2.0847
   13582       2.0172
   13583       2.0496
   13584       2.0889
   13585       2.0878
   13586       2.0649
   13587       2.0761
   13588       2.0629
   13589       2.0192
   13590       2.0798
   13591       2.1155
   13592       2.1066
   13593       2.0483
   13594       2.0779
   13595       2.0660
   13596       2.0848
   13597       2.1416
   13598       2.1260
   13599       2.1392
   13600       2.1335
   13601       2.2048
   13602       2.1952
   13603       2.1999
   13604       2.1757
   13605       2.2083
   13606       2.2232
   13607       2.2317
   13608       2.2406
   13609       2.2067
   13610       2.1760
   13611       2.2257
   13612       2.2722
   13613       2.2531
   13614       2.1942
   13615       2.1324
   13616       2.1748
   13617       2.1837
   13618       2.1719
   13619       2.2349
   13620       2.1954
   13621       2.2116
   13622       2.2289
   13623       2.2288
   13624       2.1989
   13625       2.1641
   13626       2.1856
   13627       2.1532
   13628       2.1647
   13629       2.1997
   13630       2.1831
   13631       2.2052
   13632       2.2475
   13633       2.2740
   13634       2.2868
   13635       2.1996
   13636       2.1871
   13637       2.1459
   13638       2.1456
   13639       2.1540
   13640       2.2100
   13641       2.1898
   13642       2.1839
   13643       2.1620
   13644       2.2073
   13645       2.2466
   13646       2.1728
   13647       2.1970
   13648       2.2445
   13649       2.2067
   13650       2.3068
   13651       2.2440
   13652       2.2236
   13653       2.1432
   13654       2.1084
   13655       2.1216
   13656       2.2026
   13657       2.1587
   13658       2.1258
   13659       2.1042
   13660       2.1779
   13661       2.1698
   13662       2.2537
   13663       2.2302
   13664       2.2257
   13665       2.2920
   13666       2.2754
   13667       2.3248
   13668       2.3178
   13669       2.2458
   13670       2.2181
   13671       2.2323
   13672       2.2204
   13673       2.2520
   13674       2.1972
   13675       2.1961
   13676       2.2187
   13677       2.1782
   13678       2.2415
   13679       2.2323
   13680       2.2574
   13681       2.3366
   13682       2.2456
   13683       2.2128
   13684       2.2586
   13685       2.1930
   13686       2.1658
   13687       2.2046
   13688       2.1941
   13689       2.2237
   13690       2.2021
   13691       2.2289
   13692       2.1833
   13693       2.2128
   13694       2.3016
   13695       2.2620
   13696       2.2191
   13697       2.2332
   13698       2.1728
   13699       2.2030
   13700       2.1568
   13701       2.1764
   13702       2.1484
   13703       2.2594
   13704       2.1917
   13705       2.1645
   13706       2.1525
   13707       2.1688
   13708       2.1770
   13709       2.1836
   13710       2.2509
   13711       2.2703
   13712       2.1855
   13713       2.1761
   13714       2.2248
   13715       2.2246
   13716       2.1526
   13717       2.1991
   13718       2.1971
   13719       2.2975
   13720       2.2173
   13721       2.2786
   13722       2.3074
   13723       2.3029
   13724       2.2826
   13725       2.3207
   13726       2.2902
   13727       2.2292
   13728       2.2674
   13729       2.3189
   13730       2.2284
   13731       2.2327
   13732       2.1881
   13733       2.1014
   13734       2.1011
   13735       2.1395
   13736       2.1568
   13737       2.2237
   13738       2.2379
   13739       2.2351
   13740       2.2657
   13741       2.2339
   13742       2.2766
   13743       2.2453
   13744       2.1790
   13745       2.2143
   13746       2.1830
   13747       2.2437
   13748       2.1592
   13749       2.1489
   13750       2.1526
   13751       2.1180
   13752       2.1729
   13753       2.1182
   13754       2.1130
   13755       2.0961
   13756       2.0824
   13757       2.0844
   13758       2.0484
   13759       2.0568
   13760       2.1198
   13761       2.0762
   13762       2.1069
   13763       2.1027
   13764       2.0898
   13765       2.0901
   13766       2.0828
   13767       2.0503
   13768       2.0298
   13769       2.0396
   13770       2.0742
   13771       2.0002
   13772       2.0486
   13773       2.0386
   13774       2.1105
   13775       2.1696
   13776       2.1085
   13777       2.1003
   13778       2.0749
   13779       2.1510
   13780       2.1244
   13781       2.1550
   13782       2.1527
   13783       2.1223
   13784       2.1389
   13785       2.0866
   13786       2.0154
   13787       2.0666
   13788       2.0520
   13789       2.1217
   13790       2.0753
   13791       2.0950
   13792       2.1525
   13793       2.1318
   13794       2.1387
   13795       2.1616
   13796       2.1660
   13797       2.1611
   13798       2.0479
   13799       2.1053
   13800       2.0824
   13801       2.1163
   13802       2.1340
   13803       2.0917
   13804       2.1271
   13805       2.1251
   13806       2.0882
   13807       2.0893
   13808       2.0737
   13809       2.1165
   13810       2.1215
   13811       2.1824
   13812       2.1744
   13813       2.1063
   13814       2.1019
   13815       2.1233
   13816       2.1227
   13817       2.0791
   13818       2.1108
   13819       2.0572
   13820       2.1050
   13821       2.1853
   13822       2.1568
   13823       2.1879
   13824       2.1156
   13825       2.2232
   13826       2.2113
   13827       2.2052
   13828       2.1719
   13829       2.1800
   13830       2.1708
   13831       2.1757
   13832       2.1705
   13833       2.1840
   13834       2.1973
   13835       2.2387
   13836       2.2230
   13837       2.2153
   13838       2.2243
   13839       2.1707
   13840       2.1219
   13841       2.1036
   13842       2.1371
   13843       2.1514
   13844       2.2008
   13845       2.2079
   13846       2.2310
   13847       2.2329
   13848       2.2402
   13849       2.2615
   13850       2.2299
   13851       2.1686
   13852       2.1868
   13853       2.2504
   13854       2.2259
   13855       2.1883
   13856       2.1977
   13857       2.1637
   13858       2.1778
   13859       2.1733
   13860       2.2440
   13861       2.1726
   13862       2.1216
   13863       2.1587
   13864       2.1395
   13865       2.1338
   13866       2.1085
   13867       2.1142
   13868       2.1162
   13869       2.1541
   13870       2.1559
   13871       2.1768
   13872       2.2158
   13873       2.1325
   13874       2.0608
   13875       2.0663
   13876       2.1475
   13877       2.1225
   13878       2.1029
   13879       2.0576
   13880       2.0673
   13881       2.0563
   13882       2.0445
   13883       2.0655
   13884       2.1123
   13885       2.1128
   13886       2.1189
   13887       2.0572
   13888       2.1237
   13889       2.2110
   13890       2.1599
   13891       2.1572
   13892       2.1489
   13893       2.2109
   13894       2.1878
   13895       2.2262
   13896       2.2810
   13897       2.2656
   13898       2.3266
   13899       2.2757
   13900       2.3319
   13901       2.2434
   13902       2.2330
   13903       2.2230
   13904       2.2650
   13905       2.3166
   13906       2.2713
   13907       2.2621
   13908       2.2699
   13909       2.2929
   13910       2.2031
   13911       2.2745
   13912       2.2360
   13913       2.2818
   13914       2.2193
   13915       2.1986
   13916       2.2157
   13917       2.2555
   13918       2.2589
   13919       2.1498
   13920       2.1888
   13921       2.1772
   13922       2.1353
   13923       2.1908
   13924       2.1637
   13925       2.1859
   13926       2.1452
   13927       2.2179
   13928       2.1804
   13929       2.1421
   13930       2.1480
   13931       2.0559
   13932       2.0995
   13933       2.1360
   13934       2.1639
   13935       2.1578
   13936       2.1803
   13937       2.1477
   13938       2.0747
   13939       2.1097
   13940       2.1108
   13941       2.0730
   13942       2.1453
   13943       2.1002
   13944       2.1960
   13945       2.1654
   13946       2.1901
   13947       2.2266
   13948       2.2273
   13949       2.2159
   13950       2.2254
   13951       2.2408
   13952       2.2717
   13953       2.1895
   13954       2.2477
   13955       2.2318
   13956       2.2671
   13957       2.2669
   13958       2.2643
   13959       2.2487
   13960       2.2274
   13961       2.0979
   13962       2.1828
   13963       2.2535
   13964       2.2219
   13965       2.2301
   13966       2.1748
   13967       2.1130
   13968       2.1644
   13969       2.1417
   13970       2.2148
   13971       2.1272
   13972       2.1092
   13973       2.1395
   13974       2.0821
   13975       2.1706
   13976       2.2216
   13977       2.1161
   13978       2.1875
   13979       2.1783
   13980       2.1559
   13981       2.1659
   13982       2.1479
   13983       2.1728
   13984       2.1890
   13985       2.1466
   13986       2.1641
   13987       2.1600
   13988       2.1638
   13989       2.1268
   13990       2.0849
   13991       2.0999
   13992       2.1263
   13993       2.1043
   13994       2.1194
   13995       2.1311
   13996       2.0595
   13997       2.0080
   13998       2.0257
   13999       2.0642
   14000       2.1242
   14001       2.0892
   14002       2.0851
   14003       2.1293
   14004       2.1415
   14005       2.1833
   14006       2.2021
   14007       2.1746
   14008       2.1700
   14009       2.1048
   14010       2.0657
   14011       2.1655
   14012       2.1354
   14013       2.1386
   14014       2.1479
   14015       2.1621
   14016       2.1400
   14017       2.1606
   14018       2.1902
   14019       2.1434
   14020       2.2258
   14021       2.1842
   14022       2.1769
   14023       2.1100
   14024       2.1211
   14025       2.1789
   14026       2.1921
   14027       2.1994
   14028       2.2864
   14029       2.2228
   14030       2.2517
   14031       2.2758
   14032       2.2189
   14033       2.1817
   14034       2.1561
   14035       2.1367
   14036       2.1059
   14037       2.1165
   14038       2.0706
   14039       2.1220
   14040       2.0936
   14041       2.0371
   14042       2.0937
   14043       2.2088
   14044       2.2782
   14045       2.2151
   14046       2.1659
   14047       2.1468
   14048       2.1722
   14049       2.1692
   14050       2.1194
   14051       2.1686
   14052       2.2063
   14053       2.1974
   14054       2.2106
   14055       2.1953
   14056       2.1209
   14057       2.1812
   14058       2.1463
   14059       2.1160
   14060       2.2250
   14061       2.2282
   14062       2.2001
   14063       2.2019
   14064       2.1302
   14065       2.1065
   14066       2.1764
   14067       2.2044
   14068       2.1618
   14069       2.1504
   14070       2.1061
   14071       2.1773
   14072       2.1104
   14073       2.1292
   14074       2.1983
   14075       2.1255
   14076       2.2097
   14077       2.2597
   14078       2.1814
   14079       2.1116
   14080       2.1760
   14081       2.2248
   14082       2.1407
   14083       2.1241
   14084       2.1705
   14085       2.1633
   14086       2.1241
   14087       2.2228
   14088       2.1297
   14089       2.0696
   14090       2.0841
   14091       2.0728
   14092       2.1479
   14093       2.0836
   14094       2.0338
   14095       1.9928
   14096       2.0778
   14097       2.0819
   14098       2.0243
   14099       1.9879
   14100       2.0241
   14101       2.0063
   14102       2.0757
   14103       2.0840
   14104       2.0578
   14105       2.0718
   14106       2.1359
   14107       2.0277
   14108       2.0589
   14109       2.0429
   14110       2.0860
   14111       2.1030
   14112       2.1381
   14113       2.1099
   14114       2.1093
   14115       2.0814
   14116       2.0933
   14117       2.0967
   14118       2.1111
   14119       2.0916
   14120       2.0730
   14121       2.1999
   14122       2.1447
   14123       2.0646
   14124       2.0671
   14125       2.0281
   14126       1.9996
   14127       1.9825
   14128       2.0421
   14129       2.1165
   14130       2.0871
   14131       2.1338
   14132       2.0819
   14133       2.0826
   14134       2.0526
   14135       2.1268
   14136       2.1115
   14137       2.1063
   14138       2.0247
   14139       2.0302
   14140       1.9775
   14141       2.0193
   14142       1.9980
   14143       1.9880
   14144       2.0468
   14145       2.0180
   14146       2.0057
   14147       1.9493
   14148       1.9551
   14149       1.9911
   14150       1.9431
   14151       1.9611
   14152       1.9209
   14153       1.9774
   14154       1.9797
   14155       1.9609
   14156       1.9780
   14157       2.0764
   14158       2.0102
   14159       2.0266
   14160       2.0436
   14161       2.0281
   14162       2.0089
   14163       2.0393
   14164       2.0837
   14165       2.0006
   14166       2.0064
   14167       1.9753
   14168       1.9877
   14169       1.9797
   14170       2.0126
   14171       2.0529
   14172       2.0622
   14173       1.9536
   14174       1.9207
   14175       1.9849
   14176       2.0145
   14177       1.9965
   14178       1.9718
   14179       1.9863
   14180       2.0104
   14181       2.0396
   14182       2.0126
   14183       2.0644
   14184       1.9396
   14185       2.0396
   14186       2.0148
   14187       1.9932
   14188       2.0005
   14189       1.9834
   14190       1.9576
   14191       1.8974
   14192       1.8836
   14193       1.8894
   14194       1.8558
   14195       1.9042
   14196       1.9122
   14197       1.9445
   14198       1.9397
   14199       1.9684
   14200       1.9496
   14201       1.9440
   14202       1.8906
   14203       1.8871
   14204       1.8569
   14205       1.8555
   14206       1.8499
   14207       1.8987
   14208       1.8876
   14209       1.9457
   14210       1.9447
   14211       1.8752
   14212       1.9926
   14213       2.0238
   14214       1.9503
   14215       2.0191
   14216       2.0422
   14217       2.0961
   14218       2.0784
   14219       2.0476
   14220       2.0490
   14221       2.0602
   14222       2.1000
   14223       2.0297
   14224       2.0207
   14225       2.0940
   14226       2.0259
   14227       1.9701
   14228       2.0323
   14229       2.0316
   14230       2.0522
   14231       2.0278
   14232       2.0420
   14233       2.0663
   14234       1.9868
   14235       2.0314
   14236       2.0239
   14237       2.0274
   14238       2.0258
   14239       2.1040
   14240       2.0169
   14241       2.0247
   14242       1.9699
   14243       1.9833
   14244       1.9207
   14245       2.0180
   14246       1.9859
   14247       2.0253
   14248       2.0219
   14249       2.0610
   14250       2.0584
   14251       1.9932
   14252       2.0020
   14253       2.0591
   14254       2.0748
   14255       2.0069
   14256       2.0364
   14257       2.0693
   14258       2.1462
   14259       2.1540
   14260       2.1710
   14261       2.1450
   14262       2.0948
   14263       2.0849
   14264       2.0717
   14265       2.1117
   14266       2.1136
   14267       2.1352
   14268       2.1676
   14269       2.1229
   14270       2.2018
   14271       2.1838
   14272       2.1601
   14273       2.1770
   14274       2.1213
   14275       2.1222
   14276       2.1481
   14277       2.1523
   14278       2.1441
   14279       2.0569
   14280       2.0631
   14281       2.0845
   14282       2.0516
   14283       2.0511
   14284       2.0508
   14285       1.9815
   14286       2.0054
   14287       2.0815
   14288       2.0730
   14289       2.0483
   14290       2.1258
   14291       2.0871
   14292       2.1008
   14293       2.0636
   14294       2.0734
   14295       2.0807
   14296       2.1805
   14297       2.0897
   14298       2.1143
   14299       2.0850
   14300       2.1084
   14301       2.1184
   14302       2.1407
   14303       2.1413
   14304       2.1281
   14305       2.1904
   14306       2.1778
   14307       2.1835
   14308       2.1506
   14309       2.0973
   14310       2.1283
   14311       2.1379
   14312       2.0928
   14313       2.0996
   14314       2.0927
   14315       1.9921
   14316       2.0452
   14317       2.0902
   14318       2.0649
   14319       2.1541
   14320       2.1527
   14321       2.1332
   14322       2.1212
   14323       2.0715
   14324       2.1513
   14325       2.0690
   14326       2.1042
   14327       2.1151
   14328       2.1179
   14329       2.0991
   14330       2.0595
   14331       2.0362
   14332       2.0312
   14333       2.0488
   14334       2.0834
   14335       2.0436
   14336       2.0412
   14337       1.9998
   14338       2.0337
   14339       2.0322
   14340       2.0370
   14341       1.9927
   14342       2.0145
   14343       2.0336
   14344       2.0319
   14345       2.0824
   14346       2.0392
   14347       2.0662
   14348       2.0333
   14349       2.1089
   14350       2.0813
   14351       2.0568
   14352       2.0537
   14353       2.0694
   14354       2.0746
   14355       2.0958
   14356       2.0614
   14357       2.0666
   14358       2.0569
   14359       2.0286
   14360       2.0604
   14361       2.1153
   14362       2.1007
   14363       2.0293
   14364       2.0625
   14365       2.0955
   14366       2.0853
   14367       2.0690
   14368       2.0738
   14369       2.0698
   14370       2.0660
   14371       2.1007
   14372       2.1161
   14373       2.1401
   14374       2.1426
   14375       2.1359
   14376       2.1321
   14377       2.1033
   14378       2.0627
   14379       2.0600
   14380       2.0802
   14381       2.1283
   14382       2.0900
   14383       2.1964
   14384       2.1602
   14385       2.1356
   14386       2.1430
   14387       2.0817
   14388       2.0280
   14389       2.0117
   14390       1.9923
   14391       2.0437
   14392       2.0222
   14393       2.0062
   14394       2.0706
   14395       2.0712
   14396       2.0887
   14397       2.0270
   14398       2.0015
   14399       2.0212
   14400       2.0490
   14401       1.9243
   14402       1.9572
   14403       2.0117
   14404       2.0578
   14405       1.9803
   14406       1.9799
   14407       1.9555
   14408       1.9680
   14409       1.9716
   14410       1.9759
   14411       2.0094
   14412       1.9290
   14413       1.9710
   14414       1.9428
   14415       1.9700
   14416       1.9793
   14417       1.9841
   14418       1.9584
   14419       2.0471
   14420       1.9307
   14421       1.9322
   14422       1.9607
   14423       1.8989
   14424       1.9801
   14425       1.9944
   14426       2.0133
   14427       2.0034
   14428       1.9335
   14429       1.9877
   14430       2.0171
   14431       2.0409
   14432       2.0075
   14433       2.0514
   14434       1.9713
   14435       1.9691
   14436       1.9754
   14437       1.9868
   14438       1.9969
   14439       2.0641
   14440       2.0548
   14441       1.9613
   14442       1.9656
   14443       2.0080
   14444       2.0145
   14445       1.9716
   14446       2.0086
   14447       2.0186
   14448       2.0757
   14449       2.0107
   14450       2.0090
   14451       2.0445
   14452       2.1280
   14453       2.0896
   14454       2.0854
   14455       2.0391
   14456       2.0731
   14457       2.0594
   14458       2.0236
   14459       2.0918
   14460       2.0767
   14461       2.0553
   14462       1.9894
   14463       1.9637
   14464       1.9515
   14465       1.9986
   14466       1.9892
   14467       1.9221
   14468       1.9628
   14469       1.9701
   14470       1.9722
   14471       1.9234
   14472       2.0013
   14473       1.9956
   14474       2.0166
   14475       2.0278
   14476       2.0547
   14477       2.0095
   14478       2.1136
   14479       1.9977
   14480       1.9480
   14481       1.9533
   14482       1.9224
   14483       1.9150
   14484       1.9233
   14485       1.9377
   14486       1.9279
   14487       1.9435
   14488       1.9037
   14489       1.9226
   14490       1.9847
   14491       1.9960
   14492       1.9919
   14493       1.9378
   14494       1.9562
   14495       1.9287
   14496       1.9666
   14497       1.9941
   14498       2.0389
   14499       1.9560
   14500       1.8977
   14501       1.9132
   14502       1.9535
   14503       1.9150
   14504       1.9710
   14505       1.9681
   14506       2.0075
   14507       2.0129
   14508       2.0055
   14509       2.0614
   14510       2.0286
   14511       2.0173
   14512       2.1054
   14513       2.0888
   14514       2.0337
   14515       2.0079
   14516       2.0073
   14517       2.0484
   14518       2.1069
   14519       2.1003
   14520       2.0469
   14521       2.0744
   14522       2.0687
   14523       2.0259
   14524       2.0156
   14525       2.0548
   14526       2.0899
   14527       2.0419
   14528       2.0547
   14529       2.0919
   14530       2.1175
   14531       2.1338
   14532       2.0992
   14533       2.0625
   14534       2.0848
   14535       2.1133
   14536       2.1055
   14537       2.1264
   14538       2.0852
   14539       2.1209
   14540       2.0971
   14541       2.1420
   14542       2.1227
   14543       2.1590
   14544       2.0750
   14545       2.0674
   14546       2.0946
   14547       2.0425
   14548       2.0975
   14549       2.0945
   14550       2.0705
   14551       2.0801
   14552       2.1230
   14553       2.1412
   14554       2.1666
   14555       2.1882
   14556       2.1367
   14557       2.1762
   14558       2.1287
   14559       2.1330
   14560       2.1513
   14561       2.1502
   14562       2.1780
   14563       2.1630
   14564       2.0692
   14565       2.1226
   14566       2.0531
   14567       2.0700
   14568       2.0296
   14569       2.0708
   14570       2.0236
   14571       2.0471
   14572       2.0943
   14573       2.1027
   14574       2.0765
   14575       2.0542
   14576       1.9925
   14577       1.9845
   14578       2.0065
   14579       2.0315
   14580       2.0761
   14581       2.0721
   14582       2.0180
   14583       1.9863
   14584       1.9914
   14585       2.0100
   14586       2.0810
   14587       2.1105
   14588       2.0882
   14589       2.1043
   14590       2.0275
   14591       1.9837
   14592       2.0175
   14593       2.0716
   14594       2.0716
   14595       1.9926
   14596       2.0309
   14597       2.1020
   14598       2.1093
   14599       2.1095
   14600       2.0317
   14601       2.1109
   14602       2.1301
   14603       2.0704
   14604       2.1030
   14605       2.1114
   14606       2.1329
   14607       2.1024
   14608       2.0469
   14609       2.0907
   14610       2.1146
   14611       2.1843
   14612       2.1494
   14613       2.1678
   14614       2.1547
   14615       2.2168
   14616       2.2065
   14617       2.1780
   14618       2.1371
   14619       2.2638
   14620       2.2337
   14621       2.2444
   14622       2.2099
   14623       2.1884
   14624       2.1339
   14625       2.1102
   14626       2.1064
   14627       2.1473
   14628       2.0879
   14629       2.1568
   14630       2.0244
   14631       1.9968
   14632       1.9979
   14633       1.9729
   14634       2.0091
   14635       1.9620
   14636       1.9541
   14637       1.9413
   14638       1.9663
   14639       1.9597
   14640       2.0544
   14641       2.0214
   14642       1.9787
   14643       2.0804
   14644       2.0650
   14645       2.0824
   14646       2.0101
   14647       2.0503
   14648       2.0229
   14649       1.9948
   14650       2.0451
   14651       1.9996
   14652       2.0251
   14653       2.0091
   14654       2.0039
   14655       2.0575
   14656       2.0276
   14657       2.0032
   14658       2.0401
   14659       2.0557
   14660       2.0674
   14661       2.0439
   14662       2.0313
   14663       2.0163
   14664       1.9866
   14665       2.0185
   14666       2.0424
   14667       2.0275
   14668       2.0493
   14669       2.1350
   14670       2.0767
   14671       2.1039
   14672       2.1207
   14673       2.1265
   14674       2.0839
   14675       2.1133
   14676       2.0627
   14677       2.0905
   14678       2.2014
   14679       2.2452
   14680       2.1757
   14681       2.2414
   14682       2.2082
   14683       2.2030
   14684       2.2068
   14685       2.2072
   14686       2.2046
   14687       2.2830
   14688       2.3271
   14689       2.2926
   14690       2.2655
   14691       2.3527
   14692       2.2630
   14693       2.2471
   14694       2.2510
   14695       2.2603
   14696       2.1724
   14697       2.2014
   14698       2.2528
   14699       2.2504
   14700       2.1482
   14701       2.1618
   14702       2.1229
   14703       2.1458
   14704       2.1667
   14705       2.1148
   14706       2.2208
   14707       2.1968
   14708       2.2110
   14709       2.2108
   14710       2.2334
   14711       2.2011
   14712       2.2060
   14713       2.2733
   14714       2.2267
   14715       2.1976
   14716       2.1624
   14717       2.1785
   14718       2.2387
   14719       2.2823
   14720       2.2378
   14721       2.1567
   14722       2.2503
   14723       2.2622
   14724       2.2042
   14725       2.2519
   14726       2.2646
   14727       2.2412
   14728       2.2838
   14729       2.2888
   14730       2.1829
   14731       2.1943
   14732       2.2183
   14733       2.1488
   14734       2.1354
   14735       2.1063
   14736       2.0795
   14737       2.1484
   14738       2.1465
   14739       2.1194
   14740       2.1069
   14741       2.1453
   14742       2.1581
   14743       2.1579
   14744       2.1610
   14745       2.1862
   14746       2.1779
   14747       2.0975
   14748       2.1169
   14749       2.1959
   14750       2.2307
   14751       2.1788
   14752       2.1490
   14753       2.1780
   14754       2.1481
   14755       2.1259
   14756       2.2185
   14757       2.1831
   14758       2.1915
   14759       2.1810
   14760       2.2183
   14761       2.1834
   14762       2.1435
   14763       2.1028
   14764       2.1927
   14765       2.2340
   14766       2.1645
   14767       2.1953
   14768       2.2501
   14769       2.1974
   14770       2.1899
   14771       2.1079
   14772       2.1416
   14773       2.1295
   14774       2.0735
   14775       2.0942
   14776       2.0675
   14777       2.0448
   14778       2.0538
   14779       2.0656
   14780       2.1082
   14781       2.1230
   14782       2.1720
   14783       2.2639
   14784       2.2301
   14785       2.2170
   14786       2.2341
   14787       2.1896
   14788       2.1603
   14789       2.1880
   14790       2.1630
   14791       2.1692
   14792       2.1868
   14793       2.1551
   14794       2.1850
   14795       2.1741
   14796       2.2024
   14797       2.2411
   14798       2.2743
   14799       2.1944
   14800       2.2034
   14801       2.1952
   14802       2.2245
   14803       2.1887
   14804       2.1653
   14805       2.1735
   14806       2.1580
   14807       2.2376
   14808       2.2214
   14809       2.1513
   14810       2.1716
   14811       2.1129
   14812       2.1133
   14813       2.2697
   14814       2.2041
   14815       2.2244
   14816       2.1495
   14817       2.1667
   14818       2.1312
   14819       2.1468
   14820       2.1875
   14821       2.1553
   14822       2.1612
   14823       2.1984
   14824       2.1775
   14825       2.2103
   14826       2.1769
   14827       2.2797
   14828       2.2819
   14829       2.2367
   14830       2.1760
   14831       2.2920
   14832       2.2546
   14833       2.2838
   14834       2.2271
   14835       2.2735
   14836       2.2784
   14837       2.2702
   14838       2.2580
   14839       2.2100
   14840       2.2079
   14841       2.1839
   14842       2.2482
   14843       2.1837
   14844       2.1843
   14845       2.2037
   14846       2.1912
   14847       2.2219
   14848       2.2032
   14849       2.1896
   14850       2.2296
   14851       2.2038
   14852       2.2947
   14853       2.2899
   14854       2.3270
   14855       2.3115
   14856       2.2258
   14857       2.2495
   14858       2.2894
   14859       2.2808
   14860       2.3186
   14861       2.2517
   14862       2.2863
   14863       2.2516
   14864       2.1968
   14865       2.2193
   14866       2.2855
   14867       2.2604
   14868       2.2318
   14869       2.1546
   14870       2.2133
   14871       2.1587
   14872       2.1222
   14873       2.1363
   14874       2.2219
   14875       2.1621
   14876       2.1274
   14877       2.1067
   14878       2.1015
   14879       2.1574
   14880       2.1990
   14881       2.1793
   14882       2.1240
   14883       2.1198
   14884       2.1989
   14885       2.1551
   14886       2.1122
   14887       2.0917
   14888       2.0808
   14889       2.1656
   14890       2.2282
   14891       2.1998
   14892       2.1297
   14893       2.1318
   14894       2.0964
   14895       2.1293
   14896       2.0931
   14897       2.0489
   14898       2.0231
   14899       2.0301
   14900       2.0797
   14901       2.0647
   14902       2.0285
   14903       2.0408
   14904       2.0547
   14905       2.0409
   14906       2.0492
   14907       2.0698
   14908       2.0260
   14909       1.9666
   14910       2.0167
   14911       2.0448
   14912       2.0951
   14913       2.0779
   14914       2.0651
   14915       2.0377
   14916       2.0426
   14917       2.0560
   14918       2.0207
   14919       2.0569
   14920       2.0794
   14921       2.0728
   14922       2.1437
   14923       2.1651
   14924       2.0676
   14925       2.1129
   14926       2.1102
   14927       2.0841
   14928       2.0687
   14929       2.0229
   14930       2.0554
   14931       2.0338
   14932       2.0929
   14933       2.0426
   14934       2.1023
   14935       2.0641
   14936       2.1336
   14937       2.1269
   14938       2.1695
   14939       2.2721
   14940       2.2227
   14941       2.1955
   14942       2.2693
   14943       2.1512
   14944       2.1226
   14945       2.1376
   14946       2.1090
   14947       2.0689
   14948       2.1427
   14949       2.1535
   14950       2.0824
   14951       2.0929
   14952       2.1253
   14953       2.0912
   14954       2.0854
   14955       2.1109
   14956       2.0821
   14957       2.0538
   14958       2.1188
   14959       2.1398
   14960       2.2086
   14961       2.1585
   14962       2.1371
   14963       2.1618
   14964       2.2333
   14965       2.2359
   14966       2.1997
   14967       2.1230
   14968       2.1008
   14969       2.1291
   14970       2.0327
   14971       2.1251
   14972       2.1360
   14973       2.1664
   14974       2.0918
   14975       2.1295
   14976       2.1168
   14977       2.1968
   14978       2.1955
   14979       2.0864
   14980       2.0929
   14981       2.1222
   14982       2.0888
   14983       2.0761
   14984       2.0501
   14985       2.0856
   14986       2.1271
   14987       2.0943
   14988       2.1246
   14989       2.0267
   14990       2.1080
   14991       2.1804
   14992       2.1949
   14993       2.1576
   14994       2.1607
   14995       2.1464
   14996       2.1501
   14997       2.1403
   14998       2.1222
   14999       2.1708
   15000       2.2087
   15001       2.2402
   15002       2.1480
   15003       2.2749
   15004       2.2519
   15005       2.2326
   15006       2.2095
   15007       2.2469
   15008       2.2417
   15009       2.1867
   15010       2.2475
   15011       2.2355
   15012       2.1846
   15013       2.2284
   15014       2.2629
   15015       2.2668
   15016       2.1876
   15017       2.2491
   15018       2.2584
   15019       2.2999
   15020       2.2067
   15021       2.2378
   15022       2.1821
   15023       2.2162
   15024       2.2621
   15025       2.2113
   15026       2.2177
   15027       2.1801
   15028       2.1613
   15029       2.1497
   15030       2.1688
   15031       2.1713
   15032       2.1501
   15033       2.1491
   15034       2.1867
   15035       2.1436
   15036       2.2515
   15037       2.1999
   15038       2.2115
   15039       2.1617
   15040       2.1498
   15041       2.2088
   15042       2.1676
   15043       2.1481
   15044       2.1147
   15045       2.1101
   15046       2.0736
   15047       2.1095
   15048       2.1139
   15049       2.0564
   15050       2.0917
   15051       2.2010
   15052       2.1378
   15053       2.1051
   15054       2.1628
   15055       2.1499
   15056       2.1044
   15057       2.0906
   15058       2.1459
   15059       2.1655
   15060       2.0803
   15061       2.1748
   15062       2.2077
   15063       2.1489
   15064       2.1992
   15065       2.0886
   15066       2.1820
   15067       2.1891
   15068       2.1965
   15069       2.1813
   15070       2.0796
   15071       2.2166
   15072       2.1515
   15073       2.1569
   15074       2.1303
   15075       2.0899
   15076       2.0533
   15077       2.0771
   15078       2.1071
   15079       2.0965
   15080       2.0575
   15081       2.0723
   15082       2.1010
   15083       2.1337
   15084       2.1159
   15085       2.1014
   15086       2.1298
   15087       2.1301
   15088       2.1165
   15089       2.0851
   15090       2.1022
   15091       2.1608
   15092       2.1594
   15093       2.0954
   15094       2.1071
   15095       2.1087
   15096       2.0405
   15097       2.0266
   15098       2.0700
   15099       2.0649
   15100       2.1423
   15101       2.0968
   15102       2.1707
   15103       2.0981
   15104       2.1240
   15105       2.0879
   15106       2.1138
   15107       2.0730
   15108       2.0832
   15109       2.0758
   15110       2.0709
   15111       2.0062
   15112       2.0236
   15113       2.0646
   15114       2.0187
   15115       2.0640
   15116       2.0714
   15117       2.0082
   15118       2.0477
   15119       2.0441
   15120       2.0263
   15121       2.0002
   15122       2.0711
   15123       2.0367
   15124       1.9268
   15125       2.0264
   15126       2.0758
   15127       2.1335
   15128       2.2021
   15129       2.1910
   15130       2.2218
   15131       2.1242
   15132       2.1558
   15133       2.1578
   15134       2.1394
   15135       2.1475
   15136       2.1859
   15137       2.1760
   15138       2.1862
   15139       2.2426
   15140       2.2636
   15141       2.2260
   15142       2.1897
   15143       2.1479
   15144       2.2270
   15145       2.1840
   15146       2.2353
   15147       2.1759
   15148       2.2102
   15149       2.1809
   15150       2.1861
   15151       2.1158
   15152       2.2040
   15153       2.1706
   15154       2.0985
   15155       2.1401
   15156       2.1603
   15157       2.0785
   15158       2.1253
   15159       2.1814
   15160       2.1925
   15161       2.2275
   15162       2.1908
   15163       2.1451
   15164       2.1214
   15165       2.1702
   15166       2.1547
   15167       2.1349
   15168       2.0622
   15169       2.1354
   15170       2.1686
   15171       2.1729
   15172       2.2219
   15173       2.1466
   15174       2.1500
   15175       2.1529
   15176       2.1897
   15177       2.1363
   15178       2.1442
   15179       2.1923
   15180       2.2099
   15181       2.2165
   15182       2.2218
   15183       2.2357
   15184       2.2454
   15185       2.2129
   15186       2.2346
   15187       2.2076
   15188       2.1808
   15189       2.2352
   15190       2.2107
   15191       2.2531
   15192       2.2185
   15193       2.2138
   15194       2.1837
   15195       2.1727
   15196       2.2162
   15197       2.2113
   15198       2.1860
   15199       2.1896
   15200       2.2280
   15201       2.1165
   15202       2.1736
   15203       2.2032
   15204       2.2180
   15205       2.2075
   15206       2.2226
   15207       2.1840
   15208       2.1756
   15209       2.1078
   15210       2.2234
   15211       2.2348
   15212       2.2363
   15213       2.2085
   15214       2.2304
   15215       2.1860
   15216       2.2686
   15217       2.2730
   15218       2.2307
   15219       2.2197
   15220       2.2226
   15221       2.2307
   15222       2.2320
   15223       2.2467
   15224       2.2054
   15225       2.2566
   15226       2.2889
   15227       2.2910
   15228       2.2515
   15229       2.2497
   15230       2.3654
   15231       2.3425
   15232       2.3410
   15233       2.3222
   15234       2.3528
   15235       2.3069
   15236       2.3034
   15237       2.2086
   15238       2.2194
   15239       2.1867
   15240       2.1762
   15241       2.2444
   15242       2.1950
   15243       2.2672
   15244       2.2140
   15245       2.2426
   15246       2.2372
   15247       2.2844
   15248       2.1835
   15249       2.2348
   15250       2.2541
   15251       2.2160
   15252       2.2001
   15253       2.2106
   15254       2.1541
   15255       2.1749
   15256       2.1716
   15257       2.1300
   15258       2.1591
   15259       2.1544
   15260       2.1632
   15261       2.1347
   15262       2.1541
   15263       2.1301
   15264       2.1339
   15265       2.1570
   15266       2.2135
   15267       2.1905
   15268       2.2006
   15269       2.2246
   15270       2.2142
   15271       2.3032
   15272       2.2140
   15273       2.2025
   15274       2.2478
   15275       2.2664
   15276       2.2327
   15277       2.2213
   15278       2.2436
   15279       2.2527
   15280       2.2852
   15281       2.2319
   15282       2.2563
   15283       2.2479
   15284       2.2316
   15285       2.2711
   15286       2.2389
   15287       2.1693
   15288       2.1743
   15289       2.2326
   15290       2.2087
   15291       2.3080
   15292       2.3196
   15293       2.3015
   15294       2.4092
   15295       2.3226
   15296       2.3351
   15297       2.3478
   15298       2.2449
   15299       2.2701
   15300       2.2554
   15301       2.2902
   15302       2.2745
   15303       2.2939
   15304       2.2623
   15305       2.2849
   15306       2.2346
   15307       2.3095
   15308       2.2822
   15309       2.3090
   15310       2.3163
   15311       2.3329
   15312       2.3249
   15313       2.3411
   15314       2.3200
   15315       2.3052
   15316       2.3023
   15317       2.2880
   15318       2.3114
   15319       2.3182
   15320       2.2697
   15321       2.3505
   15322       2.3141
   15323       2.2658
   15324       2.3154
   15325       2.3302
   15326       2.3220
   15327       2.3014
   15328       2.3216
   15329       2.2979
   15330       2.2518
   15331       2.2879
   15332       2.3452
   15333       2.3176
   15334       2.3021
   15335       2.2266
   15336       2.1986
   15337       2.2261
   15338       2.1740
   15339       2.2271
   15340       2.1326
   15341       2.2006
   15342       2.2536
   15343       2.2181
   15344       2.2467
   15345       2.2264
   15346       2.1180
   15347       2.1668
   15348       2.1700
   15349       2.1992
   15350       2.2043
   15351       2.3099
   15352       2.2685
   15353       2.1752
   15354       2.2411
   15355       2.1921
   15356       2.2012
   15357       2.1760
   15358       2.2143
   15359       2.2052
   15360       2.1984
   15361       2.2637
   15362       2.2285
   15363       2.2391
   15364       2.2397
   15365       2.2648
   15366       2.2554
   15367       2.1976
   15368       2.2273
   15369       2.2438
   15370       2.2710
   15371       2.2343
   15372       2.2521
   15373       2.2171
   15374       2.2704
   15375       2.3036
   15376       2.2433
   15377       2.2575
   15378       2.2486
   15379       2.2439
   15380       2.2361
   15381       2.2849
   15382       2.2880
   15383       2.2440
   15384       2.2124
   15385       2.2685
   15386       2.2032
   15387       2.1929
   15388       2.2755
   15389       2.2941
   15390       2.3435
   15391       2.3416
   15392       2.2949
   15393       2.3395
   15394       2.3067
   15395       2.1992
   15396       2.2875
   15397       2.2873
   15398       2.2509
   15399       2.2413
   15400       2.2538
   15401       2.2238
   15402       2.2521
   15403       2.2954
   15404       2.3023
   15405       2.2444
   15406       2.3274
   15407       2.1877
   15408       2.2380
   15409       2.2411
   15410       2.2490
   15411       2.2517
   15412       2.2023
   15413       2.1315
   15414       2.1369
   15415       2.1877
   15416       2.1149
   15417       2.1478
   15418       2.1413
   15419       2.1753
   15420       2.2228
   15421       2.1590
   15422       2.2225
   15423       2.2141
   15424       2.2110
   15425       2.1835
   15426       2.1944
   15427       2.1457
   15428       2.1719
   15429       2.1900
   15430       2.1598
   15431       2.2189
   15432       2.2339
   15433       2.2292
   15434       2.2311
   15435       2.2629
   15436       2.2004
   15437       2.2190
   15438       2.1715
   15439       2.2011
   15440       2.2466
   15441       2.2801
   15442       2.2568
   15443       2.2866
   15444       2.2797
   15445       2.2309
   15446       2.2806
   15447       2.2737
   15448       2.2035
   15449       2.2733
   15450       2.2660
   15451       2.2544
   15452       2.2483
   15453       2.3132
   15454       2.3071
   15455       2.2884
   15456       2.2457
   15457       2.2284
   15458       2.2781
   15459       2.2281
   15460       2.2718
   15461       2.2650
   15462       2.2099
   15463       2.3642
   15464       2.3129
   15465       2.2557
   15466       2.2795
   15467       2.2936
   15468       2.2745
   15469       2.2834
   15470       2.2634
   15471       2.2946
   15472       2.2847
   15473       2.2568
   15474       2.2301
   15475       2.2559
   15476       2.2963
   15477       2.3007
   15478       2.2800
   15479       2.2538
   15480       2.2042
   15481       2.1889
   15482       2.2269
   15483       2.1297
   15484       2.1473
   15485       2.1997
   15486       2.2163
   15487       2.2330
   15488       2.1740
   15489       2.1975
   15490       2.1599
   15491       2.1919
   15492       2.1875
   15493       2.1804
   15494       2.2001
   15495       2.2308
   15496       2.1852
   15497       2.2055
   15498       2.2330
   15499       2.2489
   15500       2.2302
   15501       2.2286
   15502       2.1863
   15503       2.2373
   15504       2.2552
   15505       2.2636
   15506       2.2737
   15507       2.3055
   15508       2.2962
   15509       2.2620
   15510       2.3399
   15511       2.3212
   15512       2.2914
   15513       2.3147
   15514       2.2795
   15515       2.3063
   15516       2.3608
   15517       2.3349
   15518       2.3266
   15519       2.3244
   15520       2.2820
   15521       2.2913
   15522       2.2468
   15523       2.2050
   15524       2.2604
   15525       2.2355
   15526       2.2825
   15527       2.2107
   15528       2.2024
   15529       2.2117
   15530       2.1887
   15531       2.2003
   15532       2.2468
   15533       2.2541
   15534       2.2153
   15535       2.2111
   15536       2.2268
   15537       2.1960
   15538       2.1867
   15539       2.2816
   15540       2.2972
   15541       2.2531
   15542       2.3045
   15543       2.2372
   15544       2.2385
   15545       2.2147
   15546       2.2267
   15547       2.1957
   15548       2.2907
   15549       2.3121
   15550       2.2848
   15551       2.2742
   15552       2.2621
   15553       2.2894
   15554       2.2752
   15555       2.2829
   15556       2.2457
   15557       2.2797
   15558       2.3217
   15559       2.2633
   15560       2.1889
   15561       2.1260
   15562       2.1132
   15563       2.1510
   15564       2.1451
   15565       2.1098
   15566       2.1297
   15567       2.1483
   15568       2.1712
   15569       2.1419
   15570       2.0875
   15571       2.0761
   15572       2.1387
   15573       2.1533
   15574       2.1208
   15575       2.1255
   15576       2.1169
   15577       2.1419
   15578       2.2135
   15579       2.1885
   15580       2.2295
   15581       2.2419
   15582       2.1888
   15583       2.2155
   15584       2.1899
   15585       2.2335
   15586       2.2166
   15587       2.2514
   15588       2.2008
   15589       2.2566
   15590       2.1882
   15591       2.2151
   15592       2.1711
   15593       2.1779
   15594       2.2161
   15595       2.1804
   15596       2.1852
   15597       2.1662
   15598       2.2055
   15599       2.1730
   15600       2.2137
   15601       2.2660
   15602       2.2485
   15603       2.3388
   15604       2.2110
   15605       2.3010
   15606       2.3544
   15607       2.2659
   15608       2.2375
   15609       2.3053
   15610       2.2595
   15611       2.3133
   15612       2.2748
   15613       2.2695
   15614       2.2572
   15615       2.2704
   15616       2.2745
   15617       2.2817
   15618       2.2639
   15619       2.1940
   15620       2.1729
   15621       2.1462
   15622       2.2279
   15623       2.1952
   15624       2.2873
   15625       2.2339
   15626       2.2385
   15627       2.2274
   15628       2.2018
   15629       2.2606
   15630       2.2008
   15631       2.2326
   15632       2.1467
   15633       2.1180
   15634       2.1812
   15635       2.1443
   15636       2.1330
   15637       2.1733
   15638       2.1827
   15639       2.2518
   15640       2.1965
   15641       2.2021
   15642       2.2013
   15643       2.0459
   15644       2.0215
   15645       2.0875
   15646       2.1496
   15647       2.1389
   15648       2.1084
   15649       2.1163
   15650       2.1164
   15651       2.1753
   15652       2.1657
   15653       2.0941
   15654       2.1804
   15655       2.1623
   15656       2.2172
   15657       2.1334
   15658       2.1469
   15659       2.1388
   15660       2.1200
   15661       2.1277
   15662       2.1192
   15663       2.0703
   15664       2.0706
   15665       2.0950
   15666       2.0775
   15667       2.1222
   15668       2.1608
   15669       2.1036
   15670       2.1650
   15671       2.1419
   15672       2.1768
   15673       2.1673
   15674       2.2078
   15675       2.2211
   15676       2.2415
   15677       2.2014
   15678       2.1104
   15679       2.1830
   15680       2.2514
   15681       2.2100
   15682       2.2256
   15683       2.2622
   15684       2.2204
   15685       2.2451
   15686       2.3032
   15687       2.3041
   15688       2.4207
   15689       2.3991
   15690       2.3937
   15691       2.3023
   15692       2.3281
   15693       2.2590
   15694       2.2470
   15695       2.2587
   15696       2.2726
   15697       2.2741
   15698       2.3073
   15699       2.3979
   15700       2.3479
   15701       2.3372
   15702       2.3448
   15703       2.3814
   15704       2.4158
   15705       2.3997
   15706       2.3595
   15707       2.3298
   15708       2.2787
   15709       2.3415
   15710       2.3123
   15711       2.2626
   15712       2.3337
   15713       2.2825
   15714       2.2583
   15715       2.2915
   15716       2.2879
   15717       2.3334
   15718       2.3475
   15719       2.2826
   15720       2.2598
   15721       2.2603
   15722       2.2386
   15723       2.3167
   15724       2.2454
   15725       2.2166
   15726       2.1993
   15727       2.2356
   15728       2.1964
   15729       2.2502
   15730       2.2200
   15731       2.2723
   15732       2.2657
   15733       2.3037
   15734       2.2638
   15735       2.2628
   15736       2.2719
   15737       2.2201
   15738       2.2269
   15739       2.2776
   15740       2.2140
   15741       2.2264
   15742       2.2211
   15743       2.2761
   15744       2.1741
   15745       2.1851
   15746       2.2348
   15747       2.1364
   15748       2.1146
   15749       2.1193
   15750       2.2961
   15751       2.3308
   15752       2.2757
   15753       2.1932
   15754       2.1240
   15755       2.2012
   15756       2.1242
   15757       2.1842
   15758       2.2465
   15759       2.2106
   15760       2.2130
   15761       2.2105
   15762       2.2083
   15763       2.2137
   15764       2.2688
   15765       2.2386
   15766       2.2776
   15767       2.2292
   15768       2.1956
   15769       2.2344
   15770       2.2670
   15771       2.2091
   15772       2.1883
   15773       2.2288
   15774       2.2421
   15775       2.2128
   15776       2.1940
   15777       2.1739
   15778       2.2130
   15779       2.2054
   15780       2.2460
   15781       2.2847
   15782       2.2990
   15783       2.2633
   15784       2.2797
   15785       2.3261
   15786       2.2727
   15787       2.2610
   15788       2.2430
   15789       2.3283
   15790       2.3260
   15791       2.3407
   15792       2.3297
   15793       2.2837
   15794       2.3179
   15795       2.3420
   15796       2.2812
   15797       2.3255
   15798       2.2288
   15799       2.2089
   15800       2.2032
   15801       2.1972
   15802       2.1848
   15803       2.1753
   15804       2.2120
   15805       2.2379
   15806       2.1893
   15807       2.2238
   15808       2.1948
   15809       2.2225
   15810       2.1763
   15811       2.1213
   15812       2.1906
   15813       2.1545
   15814       2.1254
   15815       2.2754
   15816       2.2121
   15817       2.2022
   15818       2.1690
   15819       2.2233
   15820       2.2784
   15821       2.2775
   15822       2.2322
   15823       2.2562
   15824       2.2997
   15825       2.2692
   15826       2.3581
   15827       2.2984
   15828       2.2953
   15829       2.3521
   15830       2.2948
   15831       2.3447
   15832       2.2927
   15833       2.4096
   15834       2.3413
   15835       2.3519
   15836       2.3583
   15837       2.3031
   15838       2.2505
   15839       2.3166
   15840       2.3006
   15841       2.3260
   15842       2.2737
   15843       2.2337
   15844       2.2350
   15845       2.3062
   15846       2.3293
   15847       2.2764
   15848       2.2889
   15849       2.3261
   15850       2.2078
   15851       2.3210
   15852       2.2538
   15853       2.2868
   15854       2.2730
   15855       2.2183
   15856       2.2157
   15857       2.2686
   15858       2.3231
   15859       2.2342
   15860       2.3170
   15861       2.2262
   15862       2.2527
   15863       2.1954
   15864       2.1659
   15865       2.2066
   15866       2.2293
   15867       2.2577
   15868       2.3255
   15869       2.3296
   15870       2.3292
   15871       2.2309
   15872       2.2967
   15873       2.2600
   15874       2.3155
   15875       2.3100
   15876       2.2904
   15877       2.1927
   15878       2.2367
   15879       2.2556
   15880       2.2885
   15881       2.2849
   15882       2.2504
   15883       2.2163
   15884       2.2750
   15885       2.1609
   15886       2.2153
   15887       2.2598
   15888       2.2744
   15889       2.2313
   15890       2.2624
   15891       2.2606
   15892       2.2104
   15893       2.2887
   15894       2.2218
   15895       2.2480
   15896       2.2857
   15897       2.3163
   15898       2.3028
   15899       2.2442
   15900       2.2113
   15901       2.2051
   15902       2.2085
   15903       2.1502
   15904       2.1500
   15905       2.2573
   15906       2.2251
   15907       2.2636
   15908       2.2618
   15909       2.2414
   15910       2.3211
   15911       2.2308
   15912       2.2752
   15913       2.3090
   15914       2.2849
   15915       2.2274
   15916       2.2446
   15917       2.2723
   15918       2.3123
   15919       2.2985
   15920       2.2460
   15921       2.3032
   15922       2.2820
   15923       2.2707
   15924       2.3195
   15925       2.2864
   15926       2.2845
   15927       2.1862
   15928       2.2277
   15929       2.2663
   15930       2.2583
   15931       2.1899
   15932       2.2095
   15933       2.2900
   15934       2.2058
   15935       2.2531
   15936       2.2515
   15937       2.2941
   15938       2.3045
   15939       2.2637
   15940       2.2384
   15941       2.2465
   15942       2.3058
   15943       2.2612
   15944       2.3015
   15945       2.3188
   15946       2.2843
   15947       2.2771
   15948       2.3845
   15949       2.3917
   15950       2.4074
   15951       2.3576
   15952       2.3757
   15953       2.3352
   15954       2.3053
   15955       2.2957
   15956       2.3306
   15957       2.3185
   15958       2.3113
   15959       2.3204
   15960       2.2874
   15961       2.2897
   15962       2.2735
   15963       2.3599
   15964       2.2928
   15965       2.3623
   15966       2.2948
   15967       2.3078
   15968       2.2889
   15969       2.2772
   15970       2.2533
   15971       2.2439
   15972       2.2843
   15973       2.2994
   15974       2.2989
   15975       2.2290
   15976       2.2532
   15977       2.2492
   15978       2.2756
   15979       2.2627
   15980       2.2857
   15981       2.2629
   15982       2.2335
   15983       2.1983
   15984       2.2476
   15985       2.2608
   15986       2.1873
   15987       2.1742
   15988       2.2254
   15989       2.2285
   15990       2.2154
   15991       2.2788
   15992       2.3058
   15993       2.2199
   15994       2.2252
   15995       2.2237
   15996       2.1889
   15997       2.1164
   15998       2.1226
   15999       2.1770
   16000       2.1962
   16001       2.1802
   16002       2.1337
   16003       2.1940
   16004       2.1727
   16005       2.2358
   16006       2.1401
   16007       2.1690
   16008       2.1858
   16009       2.1843
   16010       2.1967
   16011       2.1863
   16012       2.2112
   16013       2.2643
   16014       2.2584
   16015       2.2344
   16016       2.2485
   16017       2.2423
   16018       2.2678
   16019       2.2409
   16020       2.2878
   16021       2.2180
   16022       2.2259
   16023       2.2092
   16024       2.2796
   16025       2.2228
   16026       2.2206
   16027       2.2367
   16028       2.3154
   16029       2.2343
   16030       2.2240
   16031       2.2423
   16032       2.2835
   16033       2.3175
   16034       2.3113
   16035       2.2828
   16036       2.2118
   16037       2.2576
   16038       2.2432
   16039       2.1683
   16040       2.2021
   16041       2.1799
   16042       2.1599
   16043       2.2333
   16044       2.2203
   16045       2.2404
   16046       2.2244
   16047       2.2265
   16048       2.2466
   16049       2.2722
   16050       2.2396
   16051       2.1703
   16052       2.2065
   16053       2.2121
   16054       2.1934
   16055       2.2023
   16056       2.1600
   16057       2.1159
   16058       2.1842
   16059       2.1133
   16060       2.2035
   16061       2.2121
   16062       2.1981
   16063       2.1754
   16064       2.1623
   16065       2.2178
   16066       2.1633
   16067       2.2077
   16068       2.1506
   16069       2.2383
   16070       2.2043
   16071       2.1786
   16072       2.1945
   16073       2.1908
   16074       2.2728
   16075       2.2918
   16076       2.3352
   16077       2.3039
   16078       2.3182
   16079       2.3096
   16080       2.1946
   16081       2.1800
   16082       2.1785
   16083       2.2182
   16084       2.1996
   16085       2.2299
   16086       2.2032
   16087       2.2439
   16088       2.1993
   16089       2.2257
   16090       2.2215
   16091       2.2057
   16092       2.2274
   16093       2.2214
   16094       2.2731
   16095       2.2553
   16096       2.2783
   16097       2.2431
   16098       2.2197
   16099       2.2734
   16100       2.2246
   16101       2.2509
   16102       2.2880
   16103       2.2640
   16104       2.3027
   16105       2.3005
   16106       2.2789
   16107       2.2421
   16108       2.2426
   16109       2.2456
   16110       2.2211
   16111       2.2252
   16112       2.1315
   16113       2.1742
   16114       2.1699
   16115       2.2323
   16116       2.2169
   16117       2.2531
   16118       2.1786
   16119       2.2241
   16120       2.1976
   16121       2.2008
   16122       2.2029
   16123       2.1940
   16124       2.2105
   16125       2.1852
   16126       2.1767
   16127       2.1817
   16128       2.1847
   16129       2.2092
   16130       2.1449
   16131       2.1522
   16132       2.1468
   16133       2.0778
   16134       2.1593
   16135       2.1939
   16136       2.2210
   16137       2.1823
   16138       2.2907
   16139       2.2739
   16140       2.2886
   16141       2.2642
   16142       2.2398
   16143       2.2620
   16144       2.2300
   16145       2.2553
   16146       2.2431
   16147       2.1690
   16148       2.2502
   16149       2.2620
   16150       2.2246
   16151       2.2656
   16152       2.2722
   16153       2.3148
   16154       2.2487
   16155       2.2505
   16156       2.2771
   16157       2.2495
   16158       2.2720
   16159       2.2684
   16160       2.2799
   16161       2.3021
   16162       2.3187
   16163       2.3059
   16164       2.2742
   16165       2.2418
   16166       2.2171
   16167       2.3105
   16168       2.2787
   16169       2.2937
   16170       2.2325
   16171       2.2253
   16172       2.2283
   16173       2.2096
   16174       2.1533
   16175       2.1840
   16176       2.1774
   16177       2.2648
   16178       2.2645
   16179       2.2638
   16180       2.2096
   16181       2.1973
   16182       2.2212
   16183       2.2467
   16184       2.1550
   16185       2.1592
   16186       2.1974
   16187       2.2369
   16188       2.2180
   16189       2.2677
   16190       2.2540
   16191       2.2412
   16192       2.1735
   16193       2.2507
   16194       2.2930
   16195       2.3058
   16196       2.1951
   16197       2.2148
   16198       2.1322
   16199       2.1673
   16200       2.1684
   16201       2.1617
   16202       2.1693
   16203       2.0733
   16204       2.1566
   16205       2.1892
   16206       2.2162
   16207       2.2116
   16208       2.2054
   16209       2.2111
   16210       2.2105
   16211       2.2697
   16212       2.2281
   16213       2.2517
   16214       2.1976
   16215       2.2526
   16216       2.1663
   16217       2.2127
   16218       2.2494
   16219       2.2091
   16220       2.2360
   16221       2.2136
   16222       2.2091
   16223       2.2059
   16224       2.2379
   16225       2.2495
   16226       2.2587
   16227       2.3036
   16228       2.3075
   16229       2.3069
   16230       2.3108
   16231       2.3464
   16232       2.3303
   16233       2.3518
   16234       2.4585
   16235       2.3664
   16236       2.3730
   16237       2.2936
   16238       2.2928
   16239       2.3503
   16240       2.3294
   16241       2.3680
   16242       2.3582
   16243       2.3593
   16244       2.3870
   16245       2.3345
   16246       2.3099
   16247       2.4054
   16248       2.4124
   16249       2.3127
   16250       2.2936
   16251       2.3164
   16252       2.3110
   16253       2.3642
   16254       2.3320
   16255       2.2928
   16256       2.3831
   16257       2.3851
   16258       2.3219
   16259       2.3228
   16260       2.1794
   16261       2.2121
   16262       2.2182
   16263       2.2213
   16264       2.2011
   16265       2.2367
   16266       2.2409
   16267       2.2749
   16268       2.2355
   16269       2.1958
   16270       2.2288
   16271       2.1990
   16272       2.2122
   16273       2.2208
   16274       2.2123
   16275       2.2727
   16276       2.2642
   16277       2.2456
   16278       2.2099
   16279       2.1970
   16280       2.2141
   16281       2.2506
   16282       2.2566
   16283       2.2481
   16284       2.2498
   16285       2.2564
   16286       2.2709
   16287       2.2613
   16288       2.2387
   16289       2.2583
   16290       2.2954
   16291       2.3047
   16292       2.2762
   16293       2.2434
   16294       2.2061
   16295       2.1908
   16296       2.2714
   16297       2.3024
   16298       2.3136
   16299       2.3775
   16300       2.3526
   16301       2.2455
   16302       2.2969
   16303       2.3545
   16304       2.3844
   16305       2.3698
   16306       2.4141
   16307       2.3819
   16308       2.3242
   16309       2.3664
   16310       2.3009
   16311       2.3362
   16312       2.2577
   16313       2.3470
   16314       2.3214
   16315       2.2893
   16316       2.3222
   16317       2.3672
   16318       2.3262
   16319       2.3655
   16320       2.3646
   16321       2.3496
   16322       2.3385
   16323       2.3530
   16324       2.3733
   16325       2.3040
   16326       2.2809
   16327       2.3197
   16328       2.2848
   16329       2.2713
   16330       2.3198
   16331       2.2947
   16332       2.2895
   16333       2.2636
   16334       2.2693
   16335       2.3561
   16336       2.3343
   16337       2.2928
   16338       2.3374
   16339       2.2909
   16340       2.3041
   16341       2.3622
   16342       2.3244
   16343       2.3225
   16344       2.3245
   16345       2.2992
   16346       2.3214
   16347       2.2573
   16348       2.3441
   16349       2.2939
   16350       2.3504
   16351       2.3523
   16352       2.2902
   16353       2.2666
   16354       2.2089
   16355       2.2534
   16356       2.3107
   16357       2.2189
   16358       2.2246
   16359       2.1794
   16360       2.2088
   16361       2.2401
   16362       2.2766
   16363       2.2249
   16364       2.2551
   16365       2.2362
   16366       2.2036
   16367       2.2063
   16368       2.2097
   16369       2.1781
   16370       2.2008
   16371       2.2287
   16372       2.1496
   16373       2.1935
   16374       2.1484
   16375       2.1798
   16376       2.1925
   16377       2.2025
   16378       2.1796
   16379       2.1497
   16380       2.1953
   16381       2.2063
   16382       2.1530
   16383       2.1376
   16384       2.1851
   16385       2.1529
   16386       2.2268
   16387       2.2106
   16388       2.1928
   16389       2.1848
   16390       2.1015
   16391       2.1260
   16392       2.1475
   16393       2.1486
   16394       2.2280
   16395       2.1969
   16396       2.2283
   16397       2.2316
   16398       2.2467
   16399       2.2177
   16400       2.2679
   16401       2.2457
   16402       2.2309
   16403       2.3113
   16404       2.3004
   16405       2.2542
   16406       2.2282
   16407       2.2405
   16408       2.2571
   16409       2.2723
   16410       2.3102
   16411       2.2651
   16412       2.2396
   16413       2.2187
   16414       2.2410
   16415       2.2398
   16416       2.2652
   16417       2.2713
   16418       2.2162
   16419       2.2668
   16420       2.2083
   16421       2.2611
   16422       2.2752
   16423       2.2172
   16424       2.1722
   16425       2.1070
   16426       2.1485
   16427       2.2080
   16428       2.1315
   16429       2.1773
   16430       2.2421
   16431       2.2716
   16432       2.1702
   16433       2.1990
   16434       2.2145
   16435       2.2221
   16436       2.2975
   16437       2.3145
   16438       2.3858
   16439       2.3398
   16440       2.3569
   16441       2.3468
   16442       2.3350
   16443       2.4227
   16444       2.4635
   16445       2.4081
   16446       2.3643
   16447       2.3205
   16448       2.3638
   16449       2.3787
   16450       2.3686
   16451       2.3673
   16452       2.4070
   16453       2.4008
   16454       2.4324
   16455       2.4267
   16456       2.3597
   16457       2.4050
   16458       2.4228
   16459       2.4641
   16460       2.4044
   16461       2.4487
   16462       2.4082
   16463       2.4873
   16464       2.4352
   16465       2.5321
   16466       2.4649
   16467       2.4319
   16468       2.4766
   16469       2.4338
   16470       2.4729
   16471       2.5017
   16472       2.4808
   16473       2.4463
   16474       2.4944
   16475       2.4149
   16476       2.4292
   16477       2.4814
   16478       2.4259
   16479       2.4721
   16480       2.3991
   16481       2.4378
   16482       2.3822
   16483       2.4364
   16484       2.4058
   16485       2.4402
   16486       2.4271
   16487       2.3842
   16488       2.4027
   16489       2.3924
   16490       2.3961
   16491       2.3757
   16492       2.3559
   16493       2.2586
   16494       2.2962
   16495       2.2649
   16496       2.2832
   16497       2.3252
   16498       2.2861
   16499       2.2487
   16500       2.2166
   16501       2.2179
   16502       2.2216
   16503       2.2873
   16504       2.2963
   16505       2.4161
   16506       2.3991
   16507       2.4722
   16508       2.4469
   16509       2.4760
   16510       2.4835
   16511       2.4669
   16512       2.4839
   16513       2.5098
   16514       2.5389
   16515       2.5788
   16516       2.5458
   16517       2.5444
   16518       2.5340
   16519       2.4917
   16520       2.4724
   16521       2.4251
   16522       2.4861
   16523       2.5168
   16524       2.6053
   16525       2.5211
   16526       2.4952
   16527       2.5134
   16528       2.5589
   16529       2.5430
   16530       2.5166
   16531       2.5075
   16532       2.4876
   16533       2.5107
   16534       2.4941
   16535       2.4397
   16536       2.3932
   16537       2.4384
   16538       2.4003
   16539       2.4178
   16540       2.4216
   16541       2.4800
   16542       2.4669
   16543       2.3893
   16544       2.3872
   16545       2.4077
   16546       2.4186
   16547       2.3763
   16548       2.3954
   16549       2.3756
   16550       2.3680
   16551       2.3815
   16552       2.4903
   16553       2.4663
   16554       2.4150
   16555       2.4692
   16556       2.4102
   16557       2.4050
   16558       2.4217
   16559       2.4713
   16560       2.4240
   16561       2.3954
   16562       2.4304
   16563       2.4293
   16564       2.4514
   16565       2.3825
   16566       2.2773
   16567       2.4093
   16568       2.4243
   16569       2.3529
   16570       2.3885
   16571       2.4125
   16572       2.4806
   16573       2.4068
   16574       2.3871
   16575       2.3664
   16576       2.3687
   16577       2.3559
   16578       2.3513
   16579       2.3352
   16580       2.3151
   16581       2.3293
   16582       2.3463
   16583       2.3296
   16584       2.3289
   16585       2.3245
   16586       2.3252
   16587       2.3781
   16588       2.3405
   16589       2.2923
   16590       2.3387
   16591       2.3577
   16592       2.2581
   16593       2.2962
   16594       2.3359
   16595       2.3427
   16596       2.4136
   16597       2.3295
   16598       2.4514
   16599       2.4341
   16600       2.3927
   16601       2.3835
   16602       2.2906
   16603       2.2521
   16604       2.2662
   16605       2.3215
   16606       2.3389
   16607       2.2985
   16608       2.3710
   16609       2.4236
   16610       2.4431
   16611       2.5319
   16612       2.4772
   16613       2.4480
   16614       2.4882
   16615       2.5388
   16616       2.4427
   16617       2.4581
   16618       2.4795
   16619       2.4101
   16620       2.4733
   16621       2.3395
   16622       2.3868
   16623       2.4540
   16624       2.4582
   16625       2.4572
   16626       2.4161
   16627       2.4568
   16628       2.4759
   16629       2.5172
   16630       2.5294
   16631       2.4629
   16632       2.4684
   16633       2.4842
   16634       2.4841
   16635       2.4464
   16636       2.4939
   16637       2.4786
   16638       2.4985
   16639       2.5214
   16640       2.5029
   16641       2.5549
   16642       2.5757
   16643       2.4905
   16644       2.4024
   16645       2.4606
   16646       2.4803
   16647       2.4757
   16648       2.3815
   16649       2.4115
   16650       2.4397
   16651       2.4338
   16652       2.4369
   16653       2.4389
   16654       2.4168
   16655       2.3889
   16656       2.3486
   16657       2.3470
   16658       2.3716
   16659       2.2885
   16660       2.3573
   16661       2.3559
   16662       2.3759
   16663       2.4014
   16664       2.3974
   16665       2.3186
   16666       2.3757
   16667       2.3735
   16668       2.3638
   16669       2.3612
   16670       2.3327
   16671       2.3148
   16672       2.2897
   16673       2.4118
   16674       2.4270
   16675       2.4479
   16676       2.5499
   16677       2.5138
   16678       2.4949
   16679       2.4057
   16680       2.4593
   16681       2.4632
   16682       2.4300
   16683       2.4924
   16684       2.4939
   16685       2.4892
   16686       2.5093
   16687       2.5085
   16688       2.3926
   16689       2.4074
   16690       2.4404
   16691       2.4022
   16692       2.3378
   16693       2.3285
   16694       2.3277
   16695       2.2664
   16696       2.2884
   16697       2.3675
   16698       2.3908
   16699       2.3091
   16700       2.2781
   16701       2.2406
   16702       2.3766
   16703       2.4057
   16704       2.3903
   16705       2.3915
   16706       2.3849
   16707       2.2835
   16708       2.2934
   16709       2.3255
   16710       2.3579
   16711       2.3632
   16712       2.3629
   16713       2.4001
   16714       2.3845
   16715       2.3782
   16716       2.4079
   16717       2.4412
   16718       2.3736
   16719       2.3483
   16720       2.3304
   16721       2.3861
   16722       2.3725
   16723       2.4292
   16724       2.3849
   16725       2.4414
   16726       2.4253
   16727       2.4607
   16728       2.4417
   16729       2.4770
   16730       2.4090
   16731       2.3512
   16732       2.3892
   16733       2.3794
   16734       2.3761
   16735       2.4629
   16736       2.3345
   16737       2.3355
   16738       2.4341
   16739       2.4000
   16740       2.4325
   16741       2.3514
   16742       2.3424
   16743       2.3122
   16744       2.3644
   16745       2.2804
   16746       2.2659
   16747       2.4130
   16748       2.3582
   16749       2.3895
   16750       2.4012
   16751       2.4112
   16752       2.4644
   16753       2.4052
   16754       2.3893
   16755       2.3763
   16756       2.3953
   16757       2.4181
   16758       2.3506
   16759       2.3254
   16760       2.3351
   16761       2.3766
   16762       2.5121
   16763       2.5018
   16764       2.3959
   16765       2.5124
   16766       2.5065
   16767       2.4591
   16768       2.4067
   16769       2.3639
   16770       2.3089
   16771       2.3172
   16772       2.3517
   16773       2.4384
   16774       2.3601
   16775       2.3470
   16776       2.4414
   16777       2.4979
   16778       2.4061
   16779       2.4304
   16780       2.4045
   16781       2.4306
   16782       2.4248
   16783       2.3986
   16784       2.4441
   16785       2.4243
   16786       2.4267
   16787       2.4201
   16788       2.4667
   16789       2.5796
   16790       2.5090
   16791       2.5087
   16792       2.4715
   16793       2.5398
   16794       2.5716
   16795       2.5241
   16796       2.5200
   16797       2.4906
   16798       2.4810
   16799       2.4457
   16800       2.5093
   16801       2.5379
   16802       2.6714
   16803       2.5351
   16804       2.5550
   16805       2.4958
   16806       2.4829
   16807       2.4729
   16808       2.4213
   16809       2.5246
   16810       2.5033
   16811       2.4359
   16812       2.4296
   16813       2.4436
   16814       2.4680
   16815       2.4454
   16816       2.5255
   16817       2.4672
   16818       2.4967
   16819       2.4698
   16820       2.4798
   16821       2.4171
   16822       2.4177
   16823       2.4367
   16824       2.4281
   16825       2.4163
   16826       2.4310
   16827       2.4715
   16828       2.4571
   16829       2.4743
   16830       2.4615
   16831       2.4769
   16832       2.4071
   16833       2.4507
   16834       2.5071
   16835       2.4926
   16836       2.5335
   16837       2.4376
   16838       2.4420
   16839       2.3889
   16840       2.4942
   16841       2.4315
   16842       2.4494
   16843       2.4632
   16844       2.5568
   16845       2.5719
   16846       2.4930
   16847       2.5510
   16848       2.5116
   16849       2.5171
   16850       2.6148
   16851       2.5196
   16852       2.5238
   16853       2.4946
   16854       2.3820
   16855       2.4176
   16856       2.3662
   16857       2.4605
   16858       2.4783
   16859       2.5445
   16860       2.4246
   16861       2.4416
   16862       2.3967
   16863       2.4407
   16864       2.4197
   16865       2.4042
   16866       2.3586
   16867       2.4283
   16868       2.4120
   16869       2.4166
   16870       2.3853
   16871       2.4071
   16872       2.3954
   16873       2.4380
   16874       2.3827
   16875       2.3763
   16876       2.3471
   16877       2.4268
   16878       2.4441
   16879       2.5304
   16880       2.4629
   16881       2.4283
   16882       2.4644
   16883       2.4626
   16884       2.4378
   16885       2.5201
   16886       2.5090
   16887       2.4991
   16888       2.4804
   16889       2.4782
   16890       2.4604
   16891       2.5140
   16892       2.5234
   16893       2.4990
   16894       2.4609
   16895       2.5460
   16896       2.5082
   16897       2.5611
   16898       2.4937
   16899       2.5023
   16900       2.5188
   16901       2.5455
   16902       2.4938
   16903       2.4299
   16904       2.4341
   16905       2.4282
   16906       2.4324
   16907       2.3880
   16908       2.3852
   16909       2.3754
   16910       2.4578
   16911       2.4735
   16912       2.5359
   16913       2.4896
   16914       2.4560
   16915       2.4501
   16916       2.3927
   16917       2.4240
   16918       2.4655
   16919       2.4276
   16920       2.4379
   16921       2.4375
   16922       2.5174
   16923       2.5553
   16924       2.4989
   16925       2.5055
   16926       2.5279
   16927       2.5282
   16928       2.4492
   16929       2.4888
   16930       2.4696
   16931       2.5398
   16932       2.4887
   16933       2.5312
   16934       2.5240
   16935       2.5496
   16936       2.4919
   16937       2.5678
   16938       2.5148
   16939       2.5767
   16940       2.6025
   16941       2.6425
   16942       2.6852
   16943       2.6605
   16944       2.5821
   16945       2.5399
   16946       2.5679
   16947       2.6107
   16948       2.5748
   16949       2.5486
   16950       2.5154
   16951       2.5665
   16952       2.5799
   16953       2.5441
   16954       2.5191
   16955       2.5078
   16956       2.5298
   16957       2.6220
   16958       2.6021
   16959       2.5902
   16960       2.5986
   16961       2.5545
   16962       2.5787
   16963       2.5897
   16964       2.5854
   16965       2.4861
   16966       2.5147
   16967       2.5086
   16968       2.5048
   16969       2.5188
   16970       2.4886
   16971       2.5028
   16972       2.5585
   16973       2.5156
   16974       2.5425
   16975       2.5306
   16976       2.5339
   16977       2.5279
   16978       2.5381
   16979       2.5363
   16980       2.5694
   16981       2.5051
   16982       2.4646
   16983       2.4992
   16984       2.4394
   16985       2.4837
   16986       2.5414
   16987       2.5934
   16988       2.6488
   16989       2.6776
   16990       2.6939
   16991       2.5950
   16992       2.6577
   16993       2.6713
   16994       2.6508
   16995       2.6648
   16996       2.6522
   16997       2.6202
   16998       2.5401
   16999       2.4983
   17000       2.4976
   17001       2.4457
   17002       2.5206
   17003       2.5642
   17004       2.5215
   17005       2.5378
   17006       2.4942
   17007       2.4879
   17008       2.4716
   17009       2.5381
   17010       2.5629
   17011       2.5362
   17012       2.4714
   17013       2.4883
   17014       2.5047
   17015       2.5102
   17016       2.5861
   17017       2.5179
   17018       2.4377
   17019       2.4841
   17020       2.5500
   17021       2.5626
   17022       2.4723
   17023       2.4835
   17024       2.5242
   17025       2.4852
   17026       2.5179
   17027       2.4927
   17028       2.5797
   17029       2.5538
   17030       2.6140
   17031       2.6095
   17032       2.5192
   17033       2.5797
   17034       2.5271
   17035       2.6071
   17036       2.5832
   17037       2.5605
   17038       2.5311
   17039       2.5310
   17040       2.5669
   17041       2.5143
   17042       2.5892
   17043       2.6203
   17044       2.6452
   17045       2.6005
   17046       2.6187
   17047       2.7287
   17048       2.7175
   17049       2.7263
   17050       2.7688
   17051       2.7637
   17052       2.7292
   17053       2.7631
   17054       2.8053
   17055       2.6570
   17056       2.6801
   17057       2.7031
   17058       2.6539
   17059       2.6678
   17060       2.7237
   17061       2.7051
   17062       2.7726
   17063       2.6958
   17064       2.6967
   17065       2.6925
   17066       2.6262
   17067       2.6191
   17068       2.6691
   17069       2.6506
   17070       2.6559
   17071       2.7166
   17072       2.7047
   17073       2.7058
   17074       2.6744
   17075       2.6730
   17076       2.6468
   17077       2.7549
   17078       2.6665
   17079       2.7176
   17080       2.6715
   17081       2.7088
   17082       2.7024
   17083       2.7690
   17084       2.8032
   17085       2.7170
   17086       2.7885
   17087       2.6646
   17088       2.7422
   17089       2.7613
   17090       2.7362
   17091       2.7830
   17092       2.5918
   17093       2.6596
   17094       2.5812
   17095       2.6207
   17096       2.6633
   17097       2.6354
   17098       2.6345
   17099       2.6075
   17100       2.5132
   17101       2.4768
   17102       2.4301
   17103       2.3587
   17104       2.3724
   17105       2.2813
   17106       2.3427
   17107       2.4107
   17108       2.3604
   17109       2.3098
   17110       2.4206
   17111       2.4793
   17112       2.4423
   17113       2.4438
   17114       2.3345
   17115       2.3256
   17116       2.2769
   17117       2.2867
   17118       2.3300
   17119       2.3565
   17120       2.3215
   17121       2.2809
   17122       2.3488
   17123       2.3470
   17124       2.2959
   17125       2.2158
   17126       2.2587
   17127       2.2252
   17128       2.1876
   17129       2.1433
   17130       2.1575
   17131       2.1352
   17132       2.2053
   17133       2.2816
   17134       2.2765
   17135       2.3437
   17136       2.3004
   17137       2.3089
   17138       2.3628
   17139       2.3250
   17140       2.2471
   17141       2.2021
   17142       2.1645
   17143       2.1779
   17144       2.1992
   17145       2.2747
   17146       2.3290
   17147       2.2941
   17148       2.2292
   17149       2.2316
   17150       2.2941
   17151       2.1849
   17152       2.2240
   17153       2.2316
   17154       2.1496
   17155       2.1880
   17156       2.2582
   17157       2.3193
   17158       2.2957
   17159       2.3335
   17160       2.3190
   17161       2.3204
   17162       2.4309
   17163       2.4921
   17164       2.4823
   17165       2.4446
   17166       2.4118
   17167       2.4611
   17168       2.4488
   17169       2.4530
   17170       2.4393
   17171       2.4419
   17172       2.4345
   17173       2.4131
   17174       2.3859
   17175       2.3973
   17176       2.3299
   17177       2.3776
   17178       2.4012
   17179       2.3591
   17180       2.3479
   17181       2.3639
   17182       2.3576
   17183       2.4270
   17184       2.3753
   17185       2.3809
   17186       2.4098
   17187       2.4320
   17188       2.3681
   17189       2.3831
   17190       2.3307
   17191       2.3306
   17192       2.4006
   17193       2.3662
   17194       2.4094
   17195       2.3668
   17196       2.3787
   17197       2.3899
   17198       2.3521
   17199       2.3943
   17200       2.3667
   17201       2.3912
   17202       2.3824
   17203       2.3631
   17204       2.3806
   17205       2.2936
   17206       2.3455
   17207       2.3118
   17208       2.2424
   17209       2.2665
   17210       2.2662
   17211       2.2931
   17212       2.2434
   17213       2.3669
   17214       2.4582
   17215       2.4290
   17216       2.3815
   17217       2.4274
   17218       2.4044
   17219       2.4022
   17220       2.4227
   17221       2.3318
   17222       2.3316
   17223       2.3420
   17224       2.3560
   17225       2.3661
   17226       2.3264
   17227       2.2990
   17228       2.3038
   17229       2.3016
   17230       2.2898
   17231       2.2335
   17232       2.2708
   17233       2.2598
   17234       2.2724
   17235       2.2739
   17236       2.2513
   17237       2.2563
   17238       2.2431
   17239       2.1670
   17240       2.1445
   17241       2.2398
   17242       2.2291
   17243       2.2574
   17244       2.1525
   17245       2.1224
   17246       2.1803
   17247       2.1389
   17248       2.1773
   17249       2.1955
   17250       2.0701
   17251       2.1063
   17252       2.1612
   17253       2.1569
   17254       2.1494
   17255       2.1944
   17256       2.2605
   17257       2.2990
   17258       2.3291
   17259       2.2453
   17260       2.3174
   17261       2.3593
   17262       2.3400
   17263       2.3377
   17264       2.2900
   17265       2.3276
   17266       2.2664
   17267       2.3325
   17268       2.3030
   17269       2.2754
   17270       2.3232
   17271       2.2855
   17272       2.2258
   17273       2.2097
   17274       2.1817
   17275       2.2133
   17276       2.2248
   17277       2.2915
   17278       2.3003
   17279       2.3230
   17280       2.3775
   17281       2.3644
   17282       2.3590
   17283       2.2976
   17284       2.3375
   17285       2.3219
   17286       2.4133
   17287       2.4045
   17288       2.3887
   17289       2.3968
   17290       2.3922
   17291       2.3839
   17292       2.4153
   17293       2.3683
   17294       2.3466
   17295       2.3240
   17296       2.2865
   17297       2.2879
   17298       2.3136
   17299       2.2628
   17300       2.1674
   17301       2.1446
   17302       2.1473
   17303       2.1320
   17304       2.1727
   17305       2.2454
   17306       2.2049
   17307       2.2258
   17308       2.2002
   17309       2.2340
   17310       2.2313
   17311       2.2403
   17312       2.1284
   17313       2.1676
   17314       2.2395
   17315       2.2422
   17316       2.2426
   17317       2.1843
   17318       2.2004
   17319       2.1996
   17320       2.1771
   17321       2.1354
   17322       2.1673
   17323       2.2676
   17324       2.2079
   17325       2.2843
   17326       2.3386
   17327       2.2816
   17328       2.3099
   17329       2.2919
   17330       2.3184
   17331       2.3287
   17332       2.3195
   17333       2.2649
   17334       2.2841
   17335       2.2421
   17336       2.2305
   17337       2.2725
   17338       2.2469
   17339       2.2953
   17340       2.2332
   17341       2.2418
   17342       2.2387
   17343       2.2565
   17344       2.2570
   17345       2.2507
   17346       2.2559
   17347       2.2022
   17348       2.1221
   17349       2.1419
   17350       2.1755
   17351       2.1690
   17352       2.0599
   17353       2.1153
   17354       2.1218
   17355       2.1237
   17356       2.1068
   17357       2.1375
   17358       2.1713
   17359       2.1354
   17360       2.1184
   17361       2.0785
   17362       2.0521
   17363       2.1257
   17364       2.0614
   17365       2.0706
   17366       2.1271
   17367       2.1097
   17368       2.1362
   17369       2.0923
   17370       2.1848
   17371       2.1366
   17372       2.1469
   17373       2.1722
   17374       2.1518
   17375       2.1408
   17376       2.1233
   17377       2.0819
   17378       2.1175
   17379       2.0967
   17380       2.0225
   17381       2.0536
   17382       2.0480
   17383       2.0994
   17384       2.0963
   17385       2.0694
   17386       2.0074
   17387       2.0563
   17388       2.1249
   17389       2.1263
   17390       2.1718
   17391       2.1529
   17392       2.2171
   17393       2.2014
   17394       2.1635
   17395       2.1424
   17396       2.1588
   17397       2.1824
   17398       2.1276
   17399       2.0876
   17400       2.1336
   17401       2.1765
   17402       2.2588
   17403       2.2506
   17404       2.2516
   17405       2.0950
   17406       2.1368
   17407       2.0469
   17408       2.0324
   17409       2.1030
   17410       2.1285
   17411       2.0943
   17412       2.0793
   17413       2.1327
   17414       2.1296
   17415       2.1505
   17416       2.2442
   17417       2.2339
   17418       2.1853
   17419       2.1803
   17420       2.1644
   17421       2.1489
   17422       2.2378
   17423       2.2172
   17424       2.1672
   17425       2.1733
   17426       2.1656
   17427       2.1609
   17428       2.1855
   17429       2.1198
   17430       2.1500
   17431       2.1067
   17432       2.1278
   17433       2.1391
   17434       2.1167
   17435       2.1678
   17436       2.1308
   17437       2.1251
   17438       2.1167
   17439       2.0396
   17440       2.0674
   17441       2.0512
   17442       2.0938
   17443       2.0857
   17444       2.0827
   17445       2.1338
   17446       2.1710
   17447       2.1899
   17448       2.1306
   17449       2.0994
   17450       2.1509
   17451       2.0588
   17452       2.1074
   17453       2.1450
   17454       2.1522
   17455       2.1564
   17456       2.1509
   17457       2.1253
   17458       2.1710
   17459       2.1950
   17460       2.0717
   17461       2.1594
   17462       2.2320
   17463       2.1859
   17464       2.2555
   17465       2.1876
   17466       2.2133
   17467       2.2708
   17468       2.1600
   17469       2.2039
   17470       2.1378
   17471       2.1650
   17472       2.1719
   17473       2.1369
   17474       2.1746
   17475       2.1891
   17476       2.1809
   17477       2.1605
   17478       2.1122
   17479       2.1357
   17480       2.1826
   17481       2.1887
   17482       2.2147
   17483       2.2411
   17484       2.2204
   17485       2.2263
   17486       2.2571
   17487       2.2178
   17488       2.1876
   17489       2.1790
   17490       2.1975
   17491       2.1696
   17492       2.1610
   17493       2.2171
   17494       2.2529
   17495       2.2600
   17496       2.3638
   17497       2.3349
   17498       2.3071
   17499       2.3354
   17500       2.2946
   17501       2.2521
   17502       2.2987
   17503       2.3213
   17504       2.2539
   17505       2.2863
   17506       2.2958
   17507       2.3117
   17508       2.3021
   17509       2.1529
   17510       2.2206
   17511       2.2732
   17512       2.2602
   17513       2.2545
   17514       2.2583
   17515       2.3726
   17516       2.3041
   17517       2.3465
   17518       2.3213
   17519       2.1731
   17520       2.3052
   17521       2.2708
   17522       2.2751
   17523       2.2250
   17524       2.2536
   17525       2.2422
   17526       2.3365
   17527       2.2586
   17528       2.2807
   17529       2.2868
   17530       2.3524
   17531       2.3750
   17532       2.3789
   17533       2.3020
   17534       2.3425
   17535       2.3217
   17536       2.3823
   17537       2.3012
   17538       2.2656
   17539       2.2447
   17540       2.2445
   17541       2.2347
   17542       2.2454
   17543       2.2539
   17544       2.2545
   17545       2.1890
   17546       2.2550
   17547       2.2591
   17548       2.1881
   17549       2.2485
   17550       2.2731
   17551       2.2276
   17552       2.2036
   17553       2.2796
   17554       2.2389
   17555       2.2376
   17556       2.2841
   17557       2.2928
   17558       2.2392
   17559       2.3325
   17560       2.2726
   17561       2.2428
   17562       2.2631
   17563       2.2294
   17564       2.2002
   17565       2.2637
   17566       2.2743
   17567       2.2805
   17568       2.2342
   17569       2.2582
   17570       2.1830
   17571       2.2208
   17572       2.1955
   17573       2.2297
   17574       2.2308
   17575       2.2032
   17576       2.1851
   17577       2.2064
   17578       2.1815
   17579       2.2007
   17580       2.2659
   17581       2.2517
   17582       2.3098
   17583       2.2593
   17584       2.2690
   17585       2.3025
   17586       2.3284
   17587       2.3144
   17588       2.3233
   17589       2.2823
   17590       2.3010
   17591       2.3657
   17592       2.2479
   17593       2.3024
   17594       2.3199
   17595       2.2342
   17596       2.2935
   17597       2.2975
   17598       2.2929
   17599       2.2361
   17600       2.2720
   17601       2.2871
   17602       2.3153
   17603       2.2647
   17604       2.1985
   17605       2.2371
   17606       2.1732
   17607       2.1673
   17608       2.0630
   17609       2.1313
   17610       2.1235
   17611       2.1269
   17612       2.1802
   17613       2.2090
   17614       2.2005
   17615       2.1374
   17616       2.1370
   17617       2.1353
   17618       2.1574
   17619       2.1885
   17620       2.2612
   17621       2.1802
   17622       2.1764
   17623       2.1999
   17624       2.1852
   17625       2.1988
   17626       2.1144
   17627       2.1193
   17628       2.1493
   17629       2.1262
   17630       2.0694
   17631       2.1532
   17632       2.0874
   17633       2.1343
   17634       2.0791
   17635       2.0000
   17636       2.0547
   17637       2.0213
   17638       1.9834
   17639       2.0557
   17640       2.0507
   17641       2.0049
   17642       2.0327
   17643       2.0502
   17644       2.0375
   17645       1.9777
   17646       1.9592
   17647       1.9166
   17648       1.8956
   17649       1.9563
   17650       1.9312
   17651       1.9293
   17652       2.0036
   17653       1.9724
   17654       2.0221
   17655       1.9582
   17656       1.9788
   17657       1.9564
   17658       1.9683
   17659       1.9232
   17660       1.9463
   17661       1.9348
   17662       2.0576
   17663       2.0712
   17664       2.0808
   17665       2.0086
   17666       2.0902
   17667       2.0892
   17668       2.1310
   17669       2.1164
   17670       2.1260
   17671       2.1985
   17672       2.1814
   17673       2.1640
   17674       2.1689
   17675       2.2064
   17676       2.1327
   17677       2.0377
   17678       2.0799
   17679       2.1839
   17680       2.1512
   17681       2.1641
   17682       2.1444
   17683       2.1810
   17684       2.1868
   17685       2.1713
   17686       2.1734
   17687       2.2397
   17688       2.1670
   17689       2.1609
   17690       2.0755
   17691       2.1174
   17692       2.1783
   17693       2.1329
   17694       2.1531
   17695       2.1647
   17696       2.1743
   17697       2.2051
   17698       2.1555
   17699       2.2012
   17700       2.1649
   17701       2.1099
   17702       2.1337
   17703       2.1309
   17704       2.0894
   17705       2.1122
   17706       2.1438
   17707       2.1046
   17708       2.0839
   17709       2.1111
   17710       2.0353
   17711       2.0795
   17712       2.0700
   17713       2.0359
   17714       2.0262
   17715       2.0438
   17716       2.0010
   17717       2.0439
   17718       2.0889
   17719       2.0028
   17720       2.0086
   17721       2.0574
   17722       1.9967
   17723       2.0581
   17724       2.0999
   17725       2.1340
   17726       2.1322
   17727       2.1180
   17728       2.0912
   17729       2.1107
   17730       2.0910
   17731       2.0456
   17732       1.9512
   17733       1.9844
   17734       2.0209
   17735       2.0143
   17736       2.0415
   17737       2.0684
   17738       2.0587
   17739       2.0712
   17740       2.0938
   17741       2.0842
   17742       2.0487
   17743       2.0828
   17744       2.0651
   17745       2.1662
   17746       2.1927
   17747       2.2195
   17748       2.2276
   17749       2.1224
   17750       2.1610
   17751       2.1546
   17752       2.2290
   17753       2.2820
   17754       2.1979
   17755       2.1645
   17756       2.1427
   17757       2.2106
   17758       2.1267
   17759       2.1842
   17760       2.1834
   17761       2.1262
   17762       2.1555
   17763       2.1441
   17764       2.1326
   17765       2.0971
   17766       2.0715
   17767       2.0640
   17768       2.1135
   17769       2.0383
   17770       2.0140
   17771       2.0689
   17772       2.1241
   17773       2.0456
   17774       2.1181
   17775       2.0249
   17776       2.0367
   17777       2.0878
   17778       2.0222
   17779       2.0722
   17780       2.0073
   17781       2.0008
   17782       2.0140
   17783       1.9838
   17784       2.0335
   17785       1.9780
   17786       1.9810
   17787       2.0185
   17788       1.9947
   17789       2.0681
   17790       2.0352
   17791       2.0580
   17792       2.0716
   17793       2.0392
   17794       2.0696
   17795       2.0519
   17796       2.0559
   17797       2.0264
   17798       2.0283
   17799       2.0687
   17800       2.0076
   17801       2.0514
   17802       2.0041
   17803       2.0006
   17804       1.9873
   17805       2.0094
   17806       2.0238
   17807       2.0304
   17808       2.0160
   17809       2.0427
   17810       2.0321
   17811       2.0182
   17812       2.1017
   17813       2.0359
   17814       2.0628
   17815       2.0774
   17816       2.1205
   17817       2.0844
   17818       2.1025
   17819       2.0727
   17820       2.0241
   17821       2.0727
   17822       1.9983
   17823       2.0308
   17824       2.0653
   17825       2.0090
   17826       2.0482
   17827       2.0438
   17828       2.0575
   17829       2.0340
   17830       2.0121
   17831       2.0470
   17832       2.0130
   17833       2.0004
   17834       2.0317
   17835       1.9388
   17836       1.9738
   17837       2.0859
   17838       2.0353
   17839       1.9976
   17840       2.0726
   17841       2.0554
   17842       2.0422
   17843       2.0448
   17844       2.0217
   17845       1.9786
   17846       1.9670
   17847       1.9547
   17848       1.9617
   17849       1.9133
   17850       1.9270
   17851       1.9566
   17852       1.8547
   17853       1.9467
   17854       2.0234
   17855       1.9553
   17856       1.9509
   17857       1.9362
   17858       1.9692
   17859       1.9621
   17860       1.9715
   17861       1.9625
   17862       1.9552
   17863       1.9798
   17864       1.9709
   17865       1.9594
   17866       1.9676
   17867       1.9291
   17868       1.9269
   17869       1.9008
   17870       1.9454
   17871       2.0015
   17872       1.9379
   17873       1.9535
   17874       1.8943
   17875       1.9067
   17876       1.9301
   17877       1.9289
   17878       1.9472
   17879       1.8744
   17880       1.8791
   17881       1.9338
   17882       1.8842
   17883       1.9282
   17884       1.9470
   17885       1.9587
   17886       1.9238
   17887       1.9305
   17888       1.9466
   17889       1.9721
   17890       1.9924
   17891       1.9079
   17892       1.9712
   17893       2.0094
   17894       2.0822
   17895       1.9995
   17896       2.0384
   17897       2.0351
   17898       2.0207
   17899       2.0205
   17900       2.0811
   17901       2.0459
   17902       2.0224
   17903       2.0513
   17904       2.0191
   17905       2.0484
   17906       1.9899
   17907       2.0381
   17908       2.0611
   17909       2.0368
   17910       2.0108
   17911       1.9675
   17912       1.9042
   17913       1.9674
   17914       2.0198
   17915       1.9830
   17916       1.9907
   17917       2.0595
   17918       2.0085
   17919       2.0086
   17920       1.9959
   17921       1.9745
   17922       1.9742
   17923       1.9333
   17924       1.9526
   17925       1.9327
   17926       1.9095
   17927       1.9053
   17928       1.8917
   17929       1.9372
   17930       1.9505
   17931       1.9638
   17932       1.9719
   17933       1.9680
   17934       2.0406
   17935       2.0198
   17936       2.0420
   17937       2.0174
   17938       1.9688
   17939       1.9736
   17940       2.0666
   17941       1.9857
   17942       2.0217
   17943       1.9530
   17944       2.0048
   17945       2.0101
   17946       2.1220
   17947       2.0799
   17948       2.0673
   17949       1.9511
   17950       1.9450
   17951       1.9554
   17952       1.9248
   17953       2.0064
   17954       1.9482
   17955       1.9577
   17956       1.9735
   17957       1.9433
   17958       2.0237
   17959       2.0572
   17960       2.0717
   17961       2.0227
   17962       2.0570
   17963       1.9967
   17964       1.9696
   17965       2.0162
   17966       1.9794
   17967       1.9561
   17968       1.9484
   17969       1.9727
   17970       2.0075
   17971       2.0326
   17972       2.0234
   17973       2.0108
   17974       2.0420
   17975       2.1086
   17976       2.0294
   17977       1.9844
   17978       2.0402
   17979       2.0039
   17980       1.9976
   17981       1.9925
   17982       2.0572
   17983       2.0662
   17984       2.0036
   17985       2.0878
   17986       2.0696
   17987       2.1113
   17988       2.1758
   17989       2.1238
   17990       2.1883
   17991       2.1902
   17992       2.2158
   17993       2.2096
   17994       2.3193
   17995       2.1733
   17996       2.1387
   17997       2.1234
   17998       2.1183
   17999       2.1365
   18000       2.1632
   18001       2.1272
   18002       2.0888
   18003       2.0817
   18004       2.1069
   18005       2.1565
   18006       2.0509
   18007       2.0794
   18008       2.0172
   18009       1.9855
   18010       2.0410
   18011       2.0766
   18012       2.0686
   18013       2.0029
   18014       1.9942
   18015       1.9667
   18016       2.0406
   18017       2.0280
   18018       2.0427
   18019       2.0993
   18020       2.0911
   18021       2.1217
   18022       2.1270
   18023       2.1253
   18024       2.1390
   18025       2.0986
   18026       2.1258
   18027       2.1974
   18028       2.1017
   18029       2.0696
   18030       2.0935
   18031       2.0947
   18032       2.1403
   18033       2.1271
   18034       2.1441
   18035       2.1042
   18036       2.1104
   18037       2.1802
   18038       2.1462
   18039       2.0998
   18040       2.1930
   18041       2.1865
   18042       2.1999
   18043       2.1241
   18044       2.1897
   18045       2.1590
   18046       2.1364
   18047       2.1391
   18048       2.1509
   18049       2.1547
   18050       2.1930
   18051       2.2080
   18052       2.1372
   18053       2.2181
   18054       2.2113
   18055       2.1177
   18056       2.0784
   18057       2.1028
   18058       2.1015
   18059       2.1443
   18060       2.1383
   18061       2.0996
   18062       2.1373
   18063       2.1111
   18064       2.1706
   18065       2.1434
   18066       2.1958
   18067       2.1666
   18068       2.0843
   18069       2.1254
   18070       2.1646
   18071       2.1358
   18072       2.1680
   18073       2.1072
   18074       2.1129
   18075       2.1137
   18076       2.1699
   18077       2.1505
   18078       2.2156
   18079       2.2048
   18080       2.1186
   18081       2.1486
   18082       2.2317
   18083       2.2152
   18084       2.2193
   18085       2.2102
   18086       2.2728
   18087       2.2249
   18088       2.2142
   18089       2.1698
   18090       2.1815
   18091       2.1992
   18092       2.1557
   18093       2.2177
   18094       2.1463
   18095       2.1406
   18096       2.1273
   18097       2.1221
   18098       2.1332
   18099       2.0584
   18100       2.0626
   18101       2.0522
   18102       2.0968
   18103       2.0917
   18104       2.0335
   18105       2.0074
   18106       2.0416
   18107       2.0599
   18108       2.1051
   18109       2.0083
   18110       2.1250
   18111       2.0969
   18112       2.1384
   18113       2.1984
   18114       2.1745
   18115       2.2063
   18116       2.1983
   18117       2.1211
   18118       2.1012
   18119       2.0752
   18120       2.1063
   18121       2.1336
   18122       2.1334
   18123       2.0752
   18124       2.0404
   18125       1.9888
   18126       2.0387
   18127       2.0800
   18128       2.0763
   18129       2.0236
   18130       2.0552
   18131       1.9834
   18132       1.9767
   18133       2.1069
   18134       2.0956
   18135       2.1630
   18136       2.0756
   18137       2.0950
   18138       2.1246
   18139       2.0917
   18140       2.0614
   18141       2.0981
   18142       2.0828
   18143       2.1087
   18144       2.0851
   18145       2.0936
   18146       2.0656
   18147       2.1188
   18148       2.0644
   18149       2.0412
   18150       2.0460
   18151       2.0706
   18152       2.0773
   18153       2.0404
   18154       2.1140
   18155       2.1252
   18156       2.0991
   18157       2.1191
   18158       2.1853
   18159       2.1530
   18160       2.1155
   18161       2.0912
   18162       2.1137
   18163       2.1013
   18164       2.0967
   18165       2.0356
   18166       2.0395
   18167       2.0500
   18168       2.0944
   18169       2.0076
   18170       1.9553
   18171       2.0110
   18172       1.9605
   18173       1.9038
   18174       1.9244
   18175       1.9455
   18176       1.9747
   18177       2.0230
   18178       1.9805
   18179       2.0481
   18180       1.9629
   18181       1.9336
   18182       2.0084
   18183       1.9729
   18184       1.9672
   18185       1.9907
   18186       2.0222
   18187       1.9782
   18188       1.9431
   18189       1.9583
   18190       1.9911
   18191       1.9239
   18192       1.9436
   18193       1.9577
   18194       1.9716
   18195       1.8962
   18196       1.9332
   18197       1.9280
   18198       1.8947
   18199       1.9370
   18200       1.9347
   18201       1.8925
   18202       1.8970
   18203       1.9683
   18204       1.9526
   18205       1.9575
   18206       1.9431
   18207       1.8397
   18208       1.8332
   18209       1.8865
   18210       1.8610
   18211       1.8647
   18212       1.8629
   18213       1.8996
   18214       1.8466
   18215       1.8610
   18216       1.9212
   18217       1.9296
   18218       1.9033
   18219       1.9453
   18220       1.9488
   18221       1.9447
   18222       1.9649
   18223       1.9313
   18224       1.9462
   18225       1.9460
   18226       1.9404
   18227       2.0153
   18228       1.9742
   18229       1.9429
   18230       1.8643
   18231       1.9750
   18232       1.9730
   18233       1.9568
   18234       1.9502
   18235       2.0046
   18236       1.9915
   18237       1.9618
   18238       1.9556
   18239       1.9761
   18240       2.0062
   18241       2.0098
   18242       1.9548
   18243       2.0247
   18244       1.9780
   18245       1.9650
   18246       1.9908
   18247       1.9820
   18248       2.0178
   18249       2.0631
   18250       2.1235
   18251       2.2025
   18252       2.1344
   18253       2.0936
   18254       2.1001
   18255       2.0843
   18256       2.1214
   18257       2.1586
   18258       2.1166
   18259       2.0942
   18260       2.1086
   18261       2.1120
   18262       2.1183
   18263       2.0906
   18264       2.1170
   18265       2.1843
   18266       2.1144
   18267       2.0855
   18268       2.0609
   18269       2.0843
   18270       2.0712
   18271       2.1487
   18272       2.0974
   18273       2.1067
   18274       2.0461
   18275       2.0455
   18276       2.0884
   18277       2.0916
   18278       2.0410
   18279       2.0729
   18280       2.1413
   18281       2.1413
   18282       2.1325
   18283       2.1311
   18284       2.1444
   18285       2.1480
   18286       2.1544
   18287       2.1818
   18288       2.1912
   18289       2.1450
   18290       2.1446
   18291       2.2266
   18292       2.1969
   18293       2.2130
   18294       2.2685
   18295       2.2858
   18296       2.2254
   18297       2.1591
   18298       2.1420
   18299       2.1322
   18300       2.1523
   18301       2.1618
   18302       2.1956
   18303       2.2050
   18304       2.1796
   18305       2.1519
   18306       2.1041
   18307       2.1445
   18308       2.1744
   18309       2.1505
   18310       2.0553
   18311       2.1015
   18312       2.1525
   18313       2.1453
   18314       2.1875
   18315       2.1961
   18316       2.1272
   18317       2.1066
   18318       2.1202
   18319       2.1437
   18320       2.1247
   18321       2.1606
   18322       2.1773
   18323       2.1367
   18324       2.2250
   18325       2.2297
   18326       2.1960
   18327       2.1791
   18328       2.0786
   18329       2.1490
   18330       2.1044
   18331       2.1449
   18332       2.1942
   18333       2.1840
   18334       2.1557
   18335       2.1540
   18336       2.1591
   18337       2.2249
   18338       2.2495
   18339       2.1705
   18340       2.1903
   18341       2.2272
   18342       2.2132
   18343       2.2115
   18344       2.1668
   18345       2.1237
   18346       2.1388
   18347       2.1971
   18348       2.1611
   18349       2.1554
   18350       2.1846
   18351       2.2025
   18352       2.1406
   18353       2.1311
   18354       2.1241
   18355       2.2131
   18356       2.2256
   18357       2.1986
   18358       2.1447
   18359       2.1559
   18360       2.1964
   18361       2.1139
   18362       2.1678
   18363       2.2043
   18364       2.2271
   18365       2.2095
   18366       2.1592
   18367       2.1116
   18368       2.1128
   18369       2.1504
   18370       2.1602
   18371       2.1639
   18372       2.1083
   18373       2.0861
   18374       2.1467
   18375       2.1336
   18376       2.1927
   18377       2.1525
   18378       2.1485
   18379       2.1674
   18380       2.1222
   18381       2.1164
   18382       2.1368
   18383       2.0090
   18384       2.1317
   18385       2.0599
   18386       2.0677
   18387       2.1184
   18388       2.1068
   18389       2.0734
   18390       2.0712
   18391       2.0585
   18392       2.0686
   18393       2.1031
   18394       2.0956
   18395       2.0527
   18396       2.0460
   18397       2.1003
   18398       2.0672
   18399       2.0065
   18400       2.0546
   18401       2.1186
   18402       2.1139
   18403       2.1283
   18404       2.1677
   18405       2.1350
   18406       2.1807
   18407       2.2049
   18408       2.1927
   18409       2.1757
   18410       2.1755
   18411       2.1515
   18412       2.1025
   18413       2.0964
   18414       2.1071
   18415       2.1279
   18416       2.0917
   18417       2.1339
   18418       2.0978
   18419       2.1271
   18420       2.1856
   18421       2.2043
   18422       2.2225
   18423       2.2775
   18424       2.1711
   18425       2.1947
   18426       2.2451
   18427       2.1908
   18428       2.1238
   18429       2.1431
   18430       2.2330
   18431       2.2062
   18432       2.2493
   18433       2.2840
   18434       2.3319
   18435       2.3260
   18436       2.3211
   18437       2.3018
   18438       2.2785
   18439       2.3170
   18440       2.3217
   18441       2.3643
   18442       2.3529
   18443       2.4193
   18444       2.3665
   18445       2.3899
   18446       2.4503
   18447       2.3288
   18448       2.3166
   18449       2.3188
   18450       2.2029
   18451       2.2698
   18452       2.2178
   18453       2.2838
   18454       2.3102
   18455       2.3149
   18456       2.2707
   18457       2.2582
   18458       2.2696
   18459       2.2663
   18460       2.2774
   18461       2.3214
   18462       2.2487
   18463       2.2610
   18464       2.1997
   18465       2.2900
   18466       2.2912
   18467       2.2735
   18468       2.2233
   18469       2.2410
   18470       2.2101
   18471       2.1733
   18472       2.1742
   18473       2.1955
   18474       2.2258
   18475       2.2919
   18476       2.3132
   18477       2.3210
   18478       2.3223
   18479       2.3105
   18480       2.3009
   18481       2.3784
   18482       2.3394
   18483       2.3110
   18484       2.2774
   18485       2.2614
   18486       2.2468
   18487       2.2415
   18488       2.2729
   18489       2.2718
   18490       2.2354
   18491       2.2565
   18492       2.1863
   18493       2.1806
   18494       2.1523
   18495       2.1968
   18496       2.3102
   18497       2.2622
   18498       2.2258
   18499       2.3129
   18500       2.2621
   18501       2.2439
   18502       2.2706
   18503       2.2744
   18504       2.2737
   18505       2.3095
   18506       2.2578
   18507       2.2375
   18508       2.2187
   18509       2.2363
   18510       2.2326
   18511       2.2851
   18512       2.2565
   18513       2.2513
   18514       2.2557
   18515       2.2389
   18516       2.2111
   18517       2.2494
   18518       2.1449
   18519       2.1723
   18520       2.2461
   18521       2.2458
   18522       2.2807
   18523       2.2506
   18524       2.2384
   18525       2.2370
   18526       2.1889
   18527       2.2081
   18528       2.2224
   18529       2.2332
   18530       2.1790
   18531       2.2204
   18532       2.2225
   18533       2.2439
   18534       2.2534
   18535       2.2300
   18536       2.2951
   18537       2.2096
   18538       2.2313
   18539       2.2889
   18540       2.3029
   18541       2.3009
   18542       2.2471
   18543       2.2207
   18544       2.2034
   18545       2.2619
   18546       2.2358
   18547       2.2658
   18548       2.2374
   18549       2.3194
   18550       2.3367
   18551       2.2958
   18552       2.2878
   18553       2.3483
   18554       2.3558
   18555       2.3665
   18556       2.3192
   18557       2.2760
   18558       2.3040
   18559       2.3215
   18560       2.3059
   18561       2.2988
   18562       2.2795
   18563       2.3084
   18564       2.2643
   18565       2.2862
   18566       2.1581
   18567       2.2706
   18568       2.2840
   18569       2.2864
   18570       2.2841
   18571       2.3039
   18572       2.2678
   18573       2.3483
   18574       2.3883
   18575       2.3372
   18576       2.2611
   18577       2.3476
   18578       2.3977
   18579       2.3615
   18580       2.3263
   18581       2.3309
   18582       2.2639
   18583       2.2676
   18584       2.3441
   18585       2.3459
   18586       2.2919
   18587       2.2989
   18588       2.2747
   18589       2.2907
   18590       2.2771
   18591       2.2459
   18592       2.3021
   18593       2.1886
   18594       2.2935
   18595       2.3491
   18596       2.3828
   18597       2.3454
   18598       2.3629
   18599       2.4001
   18600       2.3234
   18601       2.3499
   18602       2.2901
   18603       2.3604
   18604       2.2962
   18605       2.3065
   18606       2.2995
   18607       2.3262
   18608       2.3001
   18609       2.2826
   18610       2.2661
   18611       2.2904
   18612       2.2785
   18613       2.3667
   18614       2.3608
   18615       2.4356
   18616       2.4634
   18617       2.3672
   18618       2.3502
   18619       2.3411
   18620       2.2994
   18621       2.2676
   18622       2.2414
   18623       2.3175
   18624       2.2977
   18625       2.2678
   18626       2.2388
   18627       2.2491
   18628       2.2393
   18629       2.1731
   18630       2.2048
   18631       2.1965
   18632       2.2197
   18633       2.1764
   18634       2.1518
   18635       2.1433
   18636       2.1131
   18637       2.1208
   18638       2.1473
   18639       2.1243
   18640       2.1755
   18641       2.1369
   18642       2.1380
   18643       2.1226
   18644       2.1037
   18645       2.1420
   18646       2.2263
   18647       2.2777
   18648       2.2967
   18649       2.2953
   18650       2.3394
   18651       2.2997
   18652       2.2883
   18653       2.2354
   18654       2.2253
   18655       2.2745
   18656       2.2907
   18657       2.3423
   18658       2.3192
   18659       2.3114
   18660       2.2646
   18661       2.2253
   18662       2.2476
   18663       2.2463
   18664       2.3339
   18665       2.3142
   18666       2.3330
   18667       2.3848
   18668       2.3310
   18669       2.3689
   18670       2.3510
   18671       2.2560
   18672       2.2194
   18673       2.2499
   18674       2.1461
   18675       2.2176
   18676       2.2202
   18677       2.1966
   18678       2.2071
   18679       2.2817
   18680       2.2562
   18681       2.2870
   18682       2.2675
   18683       2.2379
   18684       2.2788
   18685       2.2390
   18686       2.3209
   18687       2.2604
   18688       2.2869
   18689       2.1688
   18690       2.2831
   18691       2.2470
   18692       2.1712
   18693       2.1789
   18694       2.1176
   18695       2.1149
   18696       2.1242
   18697       2.1516
   18698       2.1775
   18699       2.1589
   18700       2.1949
   18701       2.2365
   18702       2.1911
   18703       2.2296
   18704       2.2484
   18705       2.2543
   18706       2.2704
   18707       2.3213
   18708       2.2259
   18709       2.2073
   18710       2.1955
   18711       2.2276
   18712       2.1555
   18713       2.1292
   18714       2.1505
   18715       2.1263
   18716       2.1180
   18717       2.1646
   18718       2.1127
   18719       2.0799
   18720       2.0646
   18721       2.0936
   18722       2.1874
   18723       2.1716
   18724       2.1973
   18725       2.2279
   18726       2.2441
   18727       2.2058
   18728       2.0904
   18729       2.1459
   18730       2.1423
   18731       2.1254
   18732       2.1232
   18733       2.1678
   18734       2.1712
   18735       2.1703
   18736       2.1333
   18737       2.1389
   18738       2.0800
   18739       2.1103
   18740       2.0927
   18741       2.1447
   18742       2.1735
   18743       2.1626
   18744       2.1719
   18745       2.1638
   18746       2.1943
   18747       2.1243
   18748       2.1795
   18749       2.1394
   18750       2.1497
   18751       2.0990
   18752       2.1249
   18753       2.1130
   18754       2.1912
   18755       2.1124
   18756       2.1831
   18757       2.1383
   18758       2.0590
   18759       2.0926
   18760       2.0517
   18761       2.0852
   18762       2.0836
   18763       2.1025
   18764       2.1183
   18765       2.0919
   18766       2.0891
   18767       2.1167
   18768       2.0148
   18769       2.0204
   18770       2.0501
   18771       2.0343
   18772       2.0105
   18773       2.0415
   18774       1.9840
   18775       1.9864
   18776       2.0695
   18777       2.0371
   18778       2.0489
   18779       1.9978
   18780       2.0263
   18781       2.0079
   18782       1.9592
   18783       2.0067
   18784       1.9849
   18785       1.9832
   18786       2.0480
   18787       2.0217
   18788       2.0258
   18789       2.0411
   18790       2.0493
   18791       1.9889
   18792       2.0915
   18793       2.0428
   18794       1.9662
   18795       2.0333
   18796       2.0454
   18797       2.1182
   18798       2.0092
   18799       2.0819
   18800       1.9885
   18801       1.9826
   18802       1.9935
   18803       1.9781
   18804       1.9644
   18805       2.0665
   18806       2.0070
   18807       2.0107
   18808       2.0202
   18809       2.0369
   18810       2.0710
   18811       2.1382
   18812       2.1589
   18813       2.1509
   18814       2.1529
   18815       2.2206
   18816       2.1413
   18817       2.1562
   18818       2.1590
   18819       2.1304
   18820       2.1693
   18821       2.1163
   18822       2.1681
   18823       2.1711
   18824       2.2041
   18825       2.2109
   18826       2.1570
   18827       2.1721
   18828       2.1624
   18829       2.1768
   18830       2.1855
   18831       2.1379
   18832       2.1472
   18833       2.0885
   18834       2.1653
   18835       2.1497
   18836       2.1386
   18837       2.1732
   18838       2.1616
   18839       2.1261
   18840       2.0824
   18841       2.1027
   18842       2.0613
   18843       2.0824
   18844       2.0616
   18845       2.0313
   18846       2.0695
   18847       2.1194
   18848       2.1519
   18849       2.0215
   18850       2.0817
   18851       2.0956
   18852       2.0519
   18853       2.0889
   18854       2.1166
   18855       2.0511
   18856       2.1393
   18857       2.1089
   18858       2.1523
   18859       2.1156
   18860       2.1131
   18861       2.0658
   18862       2.0519
   18863       2.1016
   18864       2.1016
   18865       2.0490
   18866       2.0697
   18867       2.0603
   18868       2.0954
   18869       2.0411
   18870       2.0505
   18871       2.0102
   18872       1.9858
   18873       2.0145
   18874       2.0705
   18875       2.0943
   18876       2.1081
   18877       2.0780
   18878       2.0758
   18879       2.0861
   18880       2.0988
   18881       2.0663
   18882       2.0993
   18883       2.0863
   18884       2.1078
   18885       2.1187
   18886       2.0420
   18887       2.0996
   18888       2.1657
   18889       2.0806
   18890       2.0744
   18891       2.1174
   18892       2.1248
   18893       2.1579
   18894       2.1028
   18895       2.0997
   18896       2.0924
   18897       2.0899
   18898       2.1009
   18899       2.0799
   18900       2.0660
   18901       2.0285
   18902       2.0174
   18903       2.0640
   18904       2.0901
   18905       2.1300
   18906       2.0834
   18907       2.1185
   18908       2.1216
   18909       2.1231
   18910       2.1222
   18911       2.0910
   18912       2.0851
   18913       2.0848
   18914       2.0893
   18915       2.1215
   18916       2.1599
   18917       2.1211
   18918       2.1183
   18919       2.1321
   18920       2.1094
   18921       2.1625
   18922       2.1192
   18923       2.1229
   18924       2.0581
   18925       2.0773
   18926       2.0692
   18927       2.0349
   18928       2.0374
   18929       2.1010
   18930       2.1498
   18931       2.0804
   18932       2.0930
   18933       2.1025
   18934       2.1607
   18935       2.1471
   18936       2.1688
   18937       2.2285
   18938       2.2360
   18939       2.2380
   18940       2.2054
   18941       2.2008
   18942       2.1928
   18943       2.1911
   18944       2.1949
   18945       2.2071
   18946       2.2839
   18947       2.2575
   18948       2.2633
   18949       2.2398
   18950       2.2517
   18951       2.2707
   18952       2.2397
   18953       2.2256
   18954       2.2083
   18955       2.1600
   18956       2.1791
   18957       2.1576
   18958       2.1832
   18959       2.1497
   18960       2.2275
   18961       2.1607
   18962       2.1564
   18963       2.1649
   18964       2.1888
   18965       2.1626
   18966       2.1522
   18967       2.1345
   18968       2.1008
   18969       2.0688
   18970       2.0803
   18971       2.1178
   18972       2.1243
   18973       2.1282
   18974       2.0903
   18975       2.1092
   18976       2.1030
   18977       2.1388
   18978       2.1051
   18979       2.0660
   18980       2.0531
   18981       2.0417
   18982       2.0175
   18983       2.0281
   18984       2.0423
   18985       2.1438
   18986       2.1160
   18987       2.1123
   18988       2.1436
   18989       2.1535
   18990       2.1114
   18991       2.0986
   18992       2.0850
   18993       2.1648
   18994       2.1096
   18995       2.1953
   18996       2.1251
   18997       2.0706
   18998       2.0849
   18999       2.0859
   19000       2.1369
   19001       2.1189
   19002       2.0924
   19003       2.0552
   19004       2.0420
   19005       2.0804
   19006       1.9961
   19007       2.0560
   19008       1.9959
   19009       2.1297
   19010       2.1071
   19011       2.0972
   19012       2.0704
   19013       2.0433
   19014       1.9905
   19015       2.0910
   19016       2.0044
   19017       2.0947
   19018       2.0652
   19019       1.9969
   19020       2.0045
   19021       2.0402
   19022       1.9966
   19023       2.0688
   19024       2.0397
   19025       2.0707
   19026       2.0750
   19027       2.0101
   19028       2.0173
   19029       2.0362
   19030       2.0621
   19031       2.0579
   19032       2.0631
   19033       2.0762
   19034       2.0228
   19035       2.0564
   19036       2.0370
   19037       2.1157
   19038       2.1240
   19039       2.0654
   19040       2.1613
   19041       2.1139
   19042       2.1205
   19043       2.1952
   19044       2.2297
   19045       2.2067
   19046       2.2178
   19047       2.2517
   19048       2.2015
   19049       2.1545
   19050       2.1645
   19051       2.1530
   19052       2.1102
   19053       2.1448
   19054       2.1802
   19055       2.1901
   19056       2.1700
   19057       2.1146
   19058       2.2144
   19059       2.1887
   19060       2.1558
   19061       2.1621
   19062       2.1702
   19063       2.1953
   19064       2.1815
   19065       2.1776
   19066       2.1839
   19067       2.2221
   19068       2.2367
   19069       2.1600
   19070       2.1934
   19071       2.2300
   19072       2.1616
   19073       2.2063
   19074       2.2114
   19075       2.1779
   19076       2.1047
   19077       2.1827
   19078       2.2056
   19079       2.1870
   19080       2.2295
   19081       2.1223
   19082       2.1297
   19083       2.1051
   19084       2.0806
   19085       2.1853
   19086       2.1021
   19087       2.1237
   19088       2.1044
   19089       2.0553
   19090       2.0485
   19091       1.9639
   19092       2.0818
   19093       2.1011
   19094       2.1165
   19095       2.1533
   19096       2.1679
   19097       2.0631
   19098       2.0696
   19099       2.1366
   19100       2.0804
   19101       2.0920
   19102       2.1097
   19103       2.0413
   19104       2.0656
   19105       2.0967
   19106       2.0349
   19107       2.0100
   19108       2.0530
   19109       2.0652
   19110       2.0216
   19111       2.0819
   19112       2.0881
   19113       2.1274
   19114       2.1426
   19115       2.0918
   19116       2.0690
   19117       2.1289
   19118       2.1128
   19119       2.1106
   19120       2.1211
   19121       2.0387
   19122       2.0848
   19123       2.0919
   19124       2.1118
   19125       2.0931
   19126       2.0708
   19127       2.1166
   19128       2.1210
   19129       2.1079
   19130       2.0658
   19131       2.0552
   19132       2.0811
   19133       2.0012
   19134       2.0583
   19135       2.0639
   19136       2.0573
   19137       2.0751
   19138       2.0215
   19139       2.0659
   19140       2.1226
   19141       2.1425
   19142       2.2149
   19143       2.2790
   19144       2.2730
   19145       2.1995
   19146       2.2331
   19147       2.1529
   19148       2.2478
   19149       2.1216
   19150       2.2075
   19151       2.1826
   19152       2.2090
   19153       2.1964
   19154       2.2327
   19155       2.1983
   19156       2.1993
   19157       2.1469
   19158       2.1868
   19159       2.2157
   19160       2.2339
   19161       2.2114
   19162       2.1814
   19163       2.2303
   19164       2.2114
   19165       2.2047
   19166       2.1915
   19167       2.1320
   19168       2.1032
   19169       2.1576
   19170       2.1988
   19171       2.1340
   19172       2.1445
   19173       2.1485
   19174       2.1904
   19175       2.1471
   19176       2.2155
   19177       2.1704
   19178       2.2667
   19179       2.2191
   19180       2.1984
   19181       2.2467
   19182       2.2164
   19183       2.2231
   19184       2.2014
   19185       2.1905
   19186       2.1788
   19187       2.1968
   19188       2.1761
   19189       2.1773
   19190       2.1501
   19191       2.1101
   19192       2.2149
   19193       2.2286
   19194       2.1746
   19195       2.1864
   19196       2.2003
   19197       2.1953
   19198       2.1508
   19199       2.2185
   19200       2.2013
   19201       2.1819
   19202       2.1616
   19203       2.1866
   19204       2.2205
   19205       2.2338
   19206       2.2637
   19207       2.2348
   19208       2.1979
   19209       2.1916
   19210       2.1600
   19211       2.1910
   19212       2.1976
   19213       2.1633
   19214       2.2642
   19215       2.2234
   19216       2.2590
   19217       2.1735
   19218       2.2426
   19219       2.2567
   19220       2.2443
   19221       2.1625
   19222       2.1889
   19223       2.1796
   19224       2.2055
   19225       2.1899
   19226       2.1791
   19227       2.1670
   19228       2.1469
   19229       2.1930
   19230       2.2213
   19231       2.1914
   19232       2.2163
   19233       2.2032
   19234       2.1931
   19235       2.1237
   19236       2.0825
   19237       2.1966
   19238       2.1601
   19239       2.1521
   19240       2.1315
   19241       2.1434
   19242       2.1354
   19243       2.1741
   19244       2.1196
   19245       2.2206
   19246       2.2154
   19247       2.1604
   19248       2.1701
   19249       2.1472
   19250       2.2083
   19251       2.1676
   19252       2.2020
   19253       2.1415
   19254       2.2170
   19255       2.1805
   19256       2.2513
   19257       2.2203
   19258       2.2576
   19259       2.2123
   19260       2.2002
   19261       2.2504
   19262       2.2213
   19263       2.1315
   19264       2.0918
   19265       2.1009
   19266       2.0672
   19267       2.0506
   19268       2.1182
   19269       2.0946
   19270       2.1512
   19271       2.1226
   19272       2.1663
   19273       2.1500
   19274       2.1462
   19275       2.1365
   19276       2.0853
   19277       2.1466
   19278       2.1156
   19279       2.0928
   19280       2.0760
   19281       2.0464
   19282       2.1129
   19283       2.1165
   19284       2.1179
   19285       2.1452
   19286       2.1273
   19287       2.1165
   19288       2.1636
   19289       2.1683
   19290       2.0914
   19291       2.1089
   19292       2.1571
   19293       2.1732
   19294       2.1222
   19295       2.1169
   19296       2.1315
   19297       2.0816
   19298       2.0495
   19299       2.1055
   19300       2.1415
   19301       2.1250
   19302       2.0833
   19303       2.1422
   19304       2.2026
   19305       2.1952
   19306       2.1987
   19307       2.1149
   19308       2.1078
   19309       2.1527
   19310       2.1670
   19311       2.1828
   19312       2.1310
   19313       2.2570
   19314       2.2541
   19315       2.2606
   19316       2.3308
   19317       2.2621
   19318       2.2576
   19319       2.2114
   19320       2.2353
   19321       2.2367
   19322       2.2409
   19323       2.1891
   19324       2.2048
   19325       2.1686
   19326       2.1782
   19327       2.1682
   19328       2.2022
   19329       2.2045
   19330       2.2310
   19331       2.1804
   19332       2.2541
   19333       2.1865
   19334       2.2151
   19335       2.2317
   19336       2.2027
   19337       2.1628
   19338       2.2697
   19339       2.1902
   19340       2.2372
   19341       2.1963
   19342       2.2023
   19343       2.1906
   19344       2.1399
   19345       2.1478
   19346       2.2000
   19347       2.1756
   19348       2.1189
   19349       2.1519
   19350       2.1781
   19351       2.1996
   19352       2.1573
   19353       2.1567
   19354       2.0967
   19355       2.1046
   19356       2.0499
   19357       2.0548
   19358       2.0478
   19359       2.0674
   19360       2.1016
   19361       2.0636
   19362       2.1220
   19363       2.1386
   19364       2.2004
   19365       2.0833
   19366       2.0834
   19367       2.1247
   19368       2.1330
   19369       2.1968
   19370       2.1052
   19371       2.2170
   19372       2.2330
   19373       2.2556
   19374       2.2966
   19375       2.3416
   19376       2.3825
   19377       2.3019
   19378       2.3826
   19379       2.3462
   19380       2.3810
   19381       2.3409
   19382       2.2794
   19383       2.2300
   19384       2.3319
   19385       2.2648
   19386       2.2827
   19387       2.2444
   19388       2.2486
   19389       2.2575
   19390       2.2383
   19391       2.2303
   19392       2.2523
   19393       2.2627
   19394       2.2173
   19395       2.1974
   19396       2.1369
   19397       2.1644
   19398       2.1207
   19399       2.1783
   19400       2.2038
   19401       2.1719
   19402       2.2027
   19403       2.1901
   19404       2.2561
   19405       2.2090
   19406       2.1460
   19407       2.2066
   19408       2.1966
   19409       2.1480
   19410       2.1547
   19411       2.1676
   19412       2.1260
   19413       2.1731
   19414       2.1549
   19415       2.1440
   19416       2.1529
   19417       2.0849
   19418       2.1450
   19419       2.2346
   19420       2.1347
   19421       2.1585
   19422       2.1167
   19423       2.0421
   19424       2.0892
   19425       2.1748
   19426       2.1967
   19427       2.1880
   19428       2.2517
   19429       2.1022
   19430       2.1764
   19431       2.1734
   19432       2.1530
   19433       2.1627
   19434       2.1814
   19435       2.1717
   19436       2.2213
   19437       2.2838
   19438       2.2683
   19439       2.3026
   19440       2.2968
   19441       2.2636
   19442       2.3104
   19443       2.2663
   19444       2.3058
   19445       2.2496
   19446       2.1876
   19447       2.1928
   19448       2.1285
   19449       2.1798
   19450       2.1473
   19451       2.1088
   19452       2.2102
   19453       2.1764
   19454       2.1731
   19455       2.2275
   19456       2.1952
   19457       2.1735
   19458       2.1601
   19459       2.0761
   19460       2.0895
   19461       2.0700
   19462       2.1525
   19463       2.0547
   19464       2.0535
   19465       2.1029
   19466       2.1632
   19467       2.1524
   19468       2.1146
   19469       2.0707
   19470       2.1207
   19471       2.1127
   19472       2.0814
   19473       2.1631
   19474       2.1369
   19475       2.2013
   19476       2.1664
   19477       2.1552
   19478       2.2259
   19479       2.2169
   19480       2.2621
   19481       2.2794
   19482       2.2437
   19483       2.1965
   19484       2.2063
   19485       2.1972
   19486       2.2220
   19487       2.2127
   19488       2.2336
   19489       2.2273
   19490       2.2692
   19491       2.2908
   19492       2.2474
   19493       2.3204
   19494       2.3342
   19495       2.3060
   19496       2.3119
   19497       2.3400
   19498       2.2745
   19499       2.1760
   19500       2.2733
   19501       2.2579
   19502       2.2442
   19503       2.1957
   19504       2.1437
   19505       2.1751
   19506       2.1866
   19507       2.2153
   19508       2.1839
   19509       2.2013
   19510       2.1670
   19511       2.2299
   19512       2.2352
   19513       2.2674
   19514       2.2167
   19515       2.1697
   19516       2.1583
   19517       2.1779
   19518       2.1668
   19519       2.2191
   19520       2.2056
   19521       2.2089
   19522       2.2222
   19523       2.1513
   19524       2.1830
   19525       2.1784
   19526       2.1652
   19527       2.1894
   19528       2.2087
   19529       2.2469
   19530       2.2092
   19531       2.2001
   19532       2.2732
   19533       2.2495
   19534       2.2563
   19535       2.2389
   19536       2.2653
   19537       2.2484
   19538       2.2729
   19539       2.2067
   19540       2.2189
   19541       2.2271
   19542       2.2906
   19543       2.2800
   19544       2.2781
   19545       2.3414
   19546       2.3614
   19547       2.3472
   19548       2.3140
   19549       2.4225
   19550       2.3602
   19551       2.2997
   19552       2.2274
   19553       2.2562
   19554       2.2277
   19555       2.2464
   19556       2.3187
   19557       2.2498
   19558       2.2472
   19559       2.2370
   19560       2.2509
   19561       2.2788
   19562       2.2426
   19563       2.3198
   19564       2.3141
   19565       2.2505
   19566       2.2074
   19567       2.2230
   19568       2.2496
   19569       2.2220
   19570       2.1793
   19571       2.1466
   19572       2.1557
   19573       2.1824
   19574       2.2213
   19575       2.2635
   19576       2.2193
   19577       2.1875
   19578       2.1366
   19579       2.1040
   19580       2.1951
   19581       2.2217
   19582       2.2557
   19583       2.2010
   19584       2.2814
   19585       2.2991
   19586       2.3034
   19587       2.1777
   19588       2.1515
   19589       2.1679
   19590       2.2194
   19591       2.2252
   19592       2.1779
   19593       2.1887
   19594       2.1817
   19595       2.1920
   19596       2.1615
   19597       2.1577
   19598       2.1512
   19599       2.1533
   19600       2.1586
   19601       2.1369
   19602       2.1631
   19603       2.1824
   19604       2.1759
   19605       2.1747
   19606       2.1525
   19607       2.2164
   19608       2.2384
   19609       2.2349
   19610       2.1536
   19611       2.1915
   19612       2.2374
   19613       2.1896
   19614       2.2333
   19615       2.2414
   19616       2.1635
   19617       2.1892
   19618       2.1768
   19619       2.1671
   19620       2.2164
   19621       2.1957
   19622       2.2386
   19623       2.1400
   19624       2.2244
   19625       2.1471
   19626       2.1892
   19627       2.1582
   19628       2.2423
   19629       2.2068
   19630       2.1712
   19631       2.2081
   19632       2.1812
   19633       2.2084
   19634       2.2028
   19635       2.1889
   19636       2.2546
   19637       2.2106
   19638       2.1794
   19639       2.1498
   19640       2.1423
   19641       2.1645
   19642       2.1513
   19643       2.1343
   19644       2.2324
   19645       2.2389
   19646       2.2383
   19647       2.2588
   19648       2.1890
   19649       2.1949
   19650       2.1659
   19651       2.1269
   19652       2.2138
   19653       2.1570
   19654       2.1884
   19655       2.1778
   19656       2.2606
   19657       2.1761
   19658       2.1546
   19659       2.1934
   19660       2.1606
   19661       2.1151
   19662       2.1799
   19663       2.1983
   19664       2.1878
   19665       2.1623
   19666       2.2207
   19667       2.2278
   19668       2.1334
   19669       2.1803
   19670       2.1991
   19671       2.2130
   19672       2.1907
   19673       2.2567
   19674       2.2570
   19675       2.2660
   19676       2.2609
   19677       2.2272
   19678       2.1978
   19679       2.2004
   19680       2.2250
   19681       2.3161
   19682       2.2545
   19683       2.2483
   19684       2.2054
   19685       2.2203
   19686       2.1909
   19687       2.2538
   19688       2.2125
   19689       2.2457
   19690       2.1794
   19691       2.1608
   19692       2.1717
   19693       2.3085
   19694       2.2474
   19695       2.1885
   19696       2.2110
   19697       2.2426
   19698       2.2498
   19699       2.2805
   19700       2.2984
   19701       2.2190
   19702       2.1865
   19703       2.2284
   19704       2.2027
   19705       2.2641
   19706       2.2251
   19707       2.2071
   19708       2.1750
   19709       2.1035
   19710       2.1646
   19711       2.1167
   19712       2.1281
   19713       2.1785
   19714       2.1837
   19715       2.1615
   19716       2.1969
   19717       2.1656
   19718       2.1270
   19719       2.1537
   19720       2.1628
   19721       2.1495
   19722       2.1951
   19723       2.2185
   19724       2.1655
   19725       2.1553
   19726       2.1178
   19727       2.0631
   19728       2.0832
   19729       2.0537
   19730       2.0918
   19731       2.0687
   19732       2.1408
   19733       2.1578
   19734       2.1577
   19735       2.1621
   19736       2.1892
   19737       2.1323
   19738       2.1457
   19739       2.2015
   19740       2.1923
   19741       2.2072
   19742       2.2352
   19743       2.2538
   19744       2.2475
   19745       2.2055
   19746       2.2067
   19747       2.0629
   19748       2.1111
   19749       2.1963
   19750       2.1875
   19751       2.2446
   19752       2.2134
   19753       2.2083
   19754       2.2019
   19755       2.1424
   19756       2.1996
   19757       2.1396
   19758       2.1280
   19759       2.0979
   19760       2.1263
   19761       2.1318
   19762       2.1076
   19763       2.1035
   19764       2.1332
   19765       2.2134
   19766       2.2432
   19767       2.2146
   19768       2.1588
   19769       2.2122
   19770       2.2288
   19771       2.2577
   19772       2.1399
   19773       2.2689
   19774       2.2310
   19775       2.2581
   19776       2.2954
   19777       2.2744
   19778       2.2140
   19779       2.1728
   19780       2.1941
   19781       2.2345
   19782       2.2570
   19783       2.2019
   19784       2.1977
   19785       2.2198
   19786       2.1621
   19787       2.1941
   19788       2.1674
   19789       2.2034
   19790       2.2285
   19791       2.2698
   19792       2.1969
   19793       2.1544
   19794       2.1855
   19795       2.2133
   19796       2.1808
   19797       2.1984
   19798       2.2016
   19799       2.2196
   19800       2.1594
   19801       2.2034
   19802       2.2324
   19803       2.2693
   19804       2.2241
   19805       2.2156
   19806       2.2139
   19807       2.2408
   19808       2.2470
   19809       2.2423
   19810       2.2522
   19811       2.2429
   19812       2.2048
   19813       2.2487
   19814       2.2195
   19815       2.1673
   19816       2.1976
   19817       2.1998
   19818       2.2619
   19819       2.2425
   19820       2.1642
   19821       2.2016
   19822       2.1763
   19823       2.1838
   19824       2.2322
   19825       2.2383
   19826       2.2278
   19827       2.2848
   19828       2.2182
   19829       2.2002
   19830       2.2108
   19831       2.2893
   19832       2.2102
   19833       2.1873
   19834       2.1766
   19835       2.2279
   19836       2.1893
   19837       2.1545
   19838       2.1324
   19839       2.1495
   19840       2.1994
   19841       2.2217
   19842       2.1898
   19843       2.2295
   19844       2.1820
   19845       2.1985
   19846       2.2432
   19847       2.1546
   19848       2.2196
   19849       2.2875
   19850       2.2770
   19851       2.2393
   19852       2.2134
   19853       2.2105
   19854       2.2560
   19855       2.2756
   19856       2.2954
   19857       2.2436
   19858       2.1747
   19859       2.2264
   19860       2.1443
   19861       2.1839
   19862       2.2164
   19863       2.1914
   19864       2.2062
   19865       2.1980
   19866       2.1979
   19867       2.2513
   19868       2.1859
   19869       2.1682
   19870       2.1850
   19871       2.1674
   19872       2.1624
   19873       2.1746
   19874       2.1651
   19875       2.1669
   19876       2.1138
   19877       2.1693
   19878       2.2404
   19879       2.1439
   19880       2.2311
   19881       2.2157
   19882       2.2432
   19883       2.2474
   19884       2.2753
   19885       2.3079
   19886       2.2862
   19887       2.2354
   19888       2.2748
   19889       2.2658
   19890       2.2451
   19891       2.3027
   19892       2.2927
   19893       2.2721
   19894       2.2441
   19895       2.2454
   19896       2.2030
   19897       2.2296
   19898       2.2447
   19899       2.2382
   19900       2.2783
   19901       2.2780
   19902       2.2357
   19903       2.2660
   19904       2.2836
   19905       2.2834
   19906       2.2032
   19907       2.2246
   19908       2.1932
   19909       2.1873
   19910       2.1290
   19911       2.1110
   19912       2.1055
   19913       2.1659
   19914       2.1189
   19915       2.1603
   19916       2.1204
   19917       2.1035
   19918       2.1293
   19919       2.1337
   19920       2.1214
   19921       2.1865
   19922       2.1962
   19923       2.1389
   19924       2.1915
   19925       2.1962
   19926       2.2043
   19927       2.2375
   19928       2.1802
   19929       2.1764
   19930       2.1782
   19931       2.1358
   19932       2.2000
   19933       2.1758
   19934       2.1879
   19935       2.2407
   19936       2.2069
   19937       2.1626
   19938       2.1533
   19939       2.1585
   19940       2.1824
   19941       2.1935
   19942       2.1426
   19943       2.1584
   19944       2.1877
   19945       2.2028
   19946       2.1718
   19947       2.2155
   19948       2.1950
   19949       2.2065
   19950       2.1887
   19951       2.2080
   19952       2.1744
   19953       2.2407
   19954       2.2555
   19955       2.2467
   19956       2.2819
   19957       2.3038
   19958       2.2582
   19959       2.3132
   19960       2.3229
   19961       2.3118
   19962       2.3054
   19963       2.2332
   19964       2.2622
   19965       2.2427
   19966       2.1726
   19967       2.1672
   19968       2.2106
   19969       2.2142
   19970       2.2449
   19971       2.2366
   19972       2.2635
   19973       2.1919
   19974       2.1368
   19975       2.1609
   19976       2.1587
   19977       2.1146
   19978       2.1121
   19979       2.1486
   19980       2.1955
   19981       2.1333
   19982       2.1897
   19983       2.2126
   19984       2.2039
   19985       2.1748
   19986       2.1033
   19987       2.1330
   19988       2.1704
   19989       2.1711
   19990       2.1815
   19991       2.1120
   19992       2.1400
   19993       2.2242
   19994       2.2338
   19995       2.2096
   19996       2.2455
   19997       2.2491
   19998       2.3081
   19999       2.2598
   20000       2.2909
   20001       2.2252
   20002       2.2089
   20003       2.3433
   20004       2.2659
   20005       2.2362
   20006       2.2560
   20007       2.2324
   20008       2.2225
   20009       2.2370
   20010       2.2162
   20011       2.2317
   20012       2.2092
   20013       2.1978
   20014       2.2065
   20015       2.2449
   20016       2.2040
   20017       2.1565
   20018       2.1677
   20019       2.1378
   20020       2.1444
   20021       2.1608
   20022       2.1194
   20023       2.1442
   20024       2.1382
   20025       2.1167
   20026       2.1413
   20027       2.1959
   20028       2.2310
   20029       2.1950
   20030       2.2892
   20031       2.2678
   20032       2.2269
   20033       2.2357
   20034       2.2691
   20035       2.1498
   20036       2.2132
   20037       2.2038
   20038       2.2554
   20039       2.2550
   20040       2.2219
   20041       2.2343
   20042       2.1823
   20043       2.2372
   20044       2.2100
   20045       2.1613
   20046       2.1756
   20047       2.1535
   20048       2.2127
   20049       2.1688
   20050       2.1891
   20051       2.1387
   20052       2.2457
   20053       2.1168
   20054       2.0998
   20055       2.1046
   20056       2.1661
   20057       2.1719
   20058       2.2052
   20059       2.2492
   20060       2.2248
   20061       2.1813
   20062       2.1740
   20063       2.1412
   20064       2.2026
   20065       2.1804
   20066       2.1864
   20067       2.1574
   20068       2.1459
   20069       2.1377
   20070       2.1805
   20071       2.1972
   20072       2.2703
   20073       2.2725
   20074       2.2626
   20075       2.2630
   20076       2.2716
   20077       2.2477
   20078       2.2625
   20079       2.1972
   20080       2.1780
   20081       2.1457
   20082       2.1501
   20083       2.1316
   20084       2.2449
   20085       2.1593
   20086       2.1986
   20087       2.2156
   20088       2.1778
   20089       2.2276
   20090       2.2396
   20091       2.2366
   20092       2.2584
   20093       2.2029
   20094       2.2670
   20095       2.2663
   20096       2.2174
   20097       2.1868
   20098       2.2362
   20099       2.2198
   20100       2.2131
   20101       2.2543
   20102       2.2293
   20103       2.2118
   20104       2.3302
   20105       2.2826
   20106       2.2757
   20107       2.2490
   20108       2.2108
   20109       2.1948
   20110       2.2604
   20111       2.2076
   20112       2.1880
   20113       2.2989
   20114       2.3268
   20115       2.3202
   20116       2.3121
   20117       2.3633
   20118       2.3357
   20119       2.3780
   20120       2.3261
   20121       2.2563
   20122       2.2816
   20123       2.1511
   20124       2.1906
   20125       2.2820
   20126       2.2072
   20127       2.2605
   20128       2.3297
   20129       2.2825
   20130       2.2953
   20131       2.3882
   20132       2.3903
   20133       2.3043
   20134       2.3111
   20135       2.3419
   20136       2.3124
   20137       2.3136
   20138       2.3516
   20139       2.3219
   20140       2.4001
   20141       2.3601
   20142       2.3631
   20143       2.3518
   20144       2.3947
   20145       2.3657
   20146       2.3259
   20147       2.2726
   20148       2.3007
   20149       2.2515
   20150       2.2888
   20151       2.3288
   20152       2.3075
   20153       2.2380
   20154       2.2064
   20155       2.2692
   20156       2.2698
   20157       2.2189
   20158       2.2027
   20159       2.2531
   20160       2.2415
   20161       2.1801
   20162       2.1975
   20163       2.2725
   20164       2.2078
   20165       2.1745
   20166       2.1690
   20167       2.1824
   20168       2.2066
   20169       2.1679
   20170       2.1765
   20171       2.1666
   20172       2.1562
   20173       2.1707
   20174       2.1755
   20175       2.1784
   20176       2.2047
   20177       2.1264
   20178       2.1310
   20179       2.1510
   20180       2.1172
   20181       2.1421
   20182       2.0801
   20183       2.1385
   20184       2.1511
   20185       2.1844
   20186       2.1839
   20187       2.2682
   20188       2.2106
   20189       2.1625
   20190       2.2185
   20191       2.1562
   20192       2.1988
   20193       2.1913
   20194       2.2174
   20195       2.3180
   20196       2.2830
   20197       2.2479
   20198       2.2618
   20199       2.2294
   20200       2.1484
   20201       2.2816
   20202       2.1809
   20203       2.2228
   20204       2.2309
   20205       2.2167
   20206       2.2094
   20207       2.1995
   20208       2.2558
   20209       2.2287
   20210       2.2212
   20211       2.2653
   20212       2.1777
   20213       2.1781
   20214       2.2403
   20215       2.2453
   20216       2.2650
   20217       2.2565
   20218       2.2716
   20219       2.2437
   20220       2.3087
   20221       2.2564
   20222       2.1935
   20223       2.2889
   20224       2.2460
   20225       2.2586
   20226       2.2390
   20227       2.2427
   20228       2.2261
   20229       2.2195
   20230       2.1469
   20231       2.1767
   20232       2.1934
   20233       2.2106
   20234       2.2765
   20235       2.2713
   20236       2.1790
   20237       2.2833
   20238       2.2477
   20239       2.2226
   20240       2.2499
   20241       2.2888
   20242       2.2281
   20243       2.2190
   20244       2.2771
   20245       2.2198
   20246       2.2135
   20247       2.2307
   20248       2.3070
   20249       2.2877
   20250       2.2890
   20251       2.2830
   20252       2.2542
   20253       2.2254
   20254       2.2100
   20255       2.2472
   20256       2.2924
   20257       2.2555
   20258       2.2670
   20259       2.1728
   20260       2.2189
   20261       2.2159
   20262       2.1244
   20263       2.1520
   20264       2.1786
   20265       2.1336
   20266       2.1528
   20267       2.1881
   20268       2.2073
   20269       2.2689
   20270       2.2034
   20271       2.1707
   20272       2.1909
   20273       2.2026
   20274       2.1761
   20275       2.1240
   20276       2.1868
   20277       2.1585
   20278       2.1062
   20279       2.0887
   20280       2.0692
   20281       2.1086
   20282       2.1670
   20283       2.1376
   20284       2.1700
   20285       2.1033
   20286       2.1644
   20287       2.1734
   20288       2.1798
   20289       2.1003
   20290       2.0742
   20291       2.1334
   20292       2.1437
   20293       2.1843
   20294       2.1594
   20295       2.1292
   20296       2.1586
   20297       2.1395
   20298       2.0950
   20299       2.0608
   20300       2.0846
   20301       2.0205
   20302       2.0584
   20303       2.0705
   20304       2.0619
   20305       2.0670
   20306       2.1297
   20307       2.1473
   20308       2.1162
   20309       2.1199
   20310       2.2085
   20311       2.1666
   20312       2.0890
   20313       2.2093
   20314       2.1869
   20315       2.1899
   20316       2.2317
   20317       2.2159
   20318       2.2019
   20319       2.1542
   20320       2.1371
   20321       2.1918
   20322       2.2152
   20323       2.1470
   20324       2.1764
   20325       2.1807
   20326       2.2188
   20327       2.2516
   20328       2.2819
   20329       2.2968
   20330       2.2585
   20331       2.3221
   20332       2.2620
   20333       2.2735
   20334       2.2737
   20335       2.2508
   20336       2.2185
   20337       2.2901
   20338       2.2647
   20339       2.2658
   20340       2.2174
   20341       2.2739
   20342       2.2949
   20343       2.3039
   20344       2.2702
   20345       2.2374
   20346       2.2831
   20347       2.2940
   20348       2.3666
   20349       2.3305
   20350       2.2719
   20351       2.3026
   20352       2.2871
   20353       2.2215
   20354       2.2228
   20355       2.1694
   20356       2.2084
   20357       2.1916
   20358       2.2053
   20359       2.1647
   20360       2.1819
   20361       2.1131
   20362       2.1006
   20363       2.1100
   20364       2.0592
   20365       2.1317
   20366       2.0704
   20367       2.1077
   20368       2.0701
   20369       2.1052
   20370       2.1439
   20371       2.1170
   20372       2.1719
   20373       2.2472
   20374       2.2425
   20375       2.2609
   20376       2.2165
   20377       2.2646
   20378       2.2168
   20379       2.2587
   20380       2.1894
   20381       2.2230
   20382       2.2479
   20383       2.2369
   20384       2.2613
   20385       2.2789
   20386       2.1844
   20387       2.1637
   20388       2.1870
   20389       2.1413
   20390       2.1907
   20391       2.2698
   20392       2.2695
   20393       2.2729
   20394       2.1581
   20395       2.2594
   20396       2.1708
   20397       2.1717
   20398       2.2097
   20399       2.2348
   20400       2.1748
   20401       2.2134
   20402       2.2216
   20403       2.1149
   20404       2.1229
   20405       2.1429
   20406       2.1684
   20407       2.1332
   20408       2.1029
   20409       2.1198
   20410       2.1830
   20411       2.1396
   20412       2.1778
   20413       2.1755
   20414       2.2031
   20415       2.2258
   20416       2.2614
   20417       2.2910
   20418       2.2444
   20419       2.2739
   20420       2.2240
   20421       2.2185
   20422       2.0977
   20423       2.1972
   20424       2.2070
   20425       2.2307
   20426       2.2315
   20427       2.2282
   20428       2.1678
   20429       2.1785
   20430       2.1520
   20431       2.2492
   20432       2.3046
   20433       2.2996
   20434       2.3293
   20435       2.3736
   20436       2.2883
   20437       2.2832
   20438       2.2508
   20439       2.3061
   20440       2.2828
   20441       2.3082
   20442       2.2944
   20443       2.2768
   20444       2.2949
   20445       2.3196
   20446       2.2652
   20447       2.2703
   20448       2.3286
   20449       2.2843
   20450       2.3493
   20451       2.4019
   20452       2.3933
   20453       2.3676
   20454       2.3396
   20455       2.3034
   20456       2.3534
   20457       2.3656
   20458       2.3517
   20459       2.4183
   20460       2.4395
   20461       2.3631
   20462       2.3976
   20463       2.3185
   20464       2.2888
   20465       2.2403
   20466       2.3100
   20467       2.2794
   20468       2.3271
   20469       2.2687
   20470       2.2826
   20471       2.3103
   20472       2.3269
   20473       2.3145
   20474       2.3529
   20475       2.4180
   20476       2.3637
   20477       2.3619
   20478       2.3601
   20479       2.4047
   20480       2.3815
   20481       2.3052
   20482       2.3851
   20483       2.3716
   20484       2.3322
   20485       2.3767
   20486       2.3902
   20487       2.3783
   20488       2.3287
   20489       2.3228
   20490       2.3688
   20491       2.3604
   20492       2.4186
   20493       2.4350
   20494       2.5199
   20495       2.5074
   20496       2.4937
   20497       2.5255
   20498       2.5029
   20499       2.5210
   20500       2.5041
   20501       2.4781
   20502       2.5513
   20503       2.4656
   20504       2.4422
   20505       2.3971
   20506       2.3555
   20507       2.3757
   20508       2.4110
   20509       2.4163
   20510       2.3105
   20511       2.3027
   20512       2.3726
   20513       2.3268
   20514       2.4075
   20515       2.2826
   20516       2.2812
   20517       2.2985
   20518       2.2739
   20519       2.2443
   20520       2.3070
   20521       2.3002
   20522       2.3830
   20523       2.3202
   20524       2.3242
   20525       2.2898
   20526       2.2748
   20527       2.2406
   20528       2.2534
   20529       2.2813
   20530       2.2794
   20531       2.2112
   20532       2.2351
   20533       2.2265
   20534       2.2414
   20535       2.2173
   20536       2.2216
   20537       2.1701
   20538       2.2573
   20539       2.3118
   20540       2.2595
   20541       2.2748
   20542       2.2601
   20543       2.2452
   20544       2.3117
   20545       2.1154
   20546       2.1841
   20547       2.1327
   20548       2.1669
   20549       2.2176
   20550       2.2318
   20551       2.2278
   20552       2.2403
   20553       2.3161
   20554       2.2500
   20555       2.2264
   20556       2.2565
   20557       2.2222
   20558       2.2197
   20559       2.2502
   20560       2.2617
   20561       2.2289
   20562       2.2638
   20563       2.2740
   20564       2.3085
   20565       2.2932
   20566       2.2551
   20567       2.2991
   20568       2.2902
   20569       2.2953
   20570       2.2786
   20571       2.2010
   20572       2.2474
   20573       2.2593
   20574       2.2567
   20575       2.2599
   20576       2.2148
   20577       2.2638
   20578       2.1954
   20579       2.1661
   20580       2.1718
   20581       2.2203
   20582       2.1639
   20583       2.2087
   20584       2.2217
   20585       2.2517
   20586       2.2125
   20587       2.1737
   20588       2.1502
   20589       2.2135
   20590       2.2917
   20591       2.3300
   20592       2.2911
   20593       2.2795
   20594       2.2833
   20595       2.2094
   20596       2.1782
   20597       2.2119
   20598       2.2323
   20599       2.1932
   20600       2.2256
   20601       2.2485
   20602       2.2224
   20603       2.2570
   20604       2.2138
   20605       2.2428
   20606       2.2213
   20607       2.2167
   20608       2.1859
   20609       2.1548
   20610       2.1184
   20611       2.1746
   20612       2.1376
   20613       2.1879
   20614       2.2247
   20615       2.2037
   20616       2.2579
   20617       2.2691
   20618       2.2430
   20619       2.2694
   20620       2.2695
   20621       2.3529
   20622       2.3252
   20623       2.3075
   20624       2.3063
   20625       2.2969
   20626       2.2746
   20627       2.2667
   20628       2.2271
   20629       2.2627
   20630       2.2613
   20631       2.2471
   20632       2.2865
   20633       2.2971
   20634       2.2830
   20635       2.3495
   20636       2.3438
   20637       2.3786
   20638       2.3781
   20639       2.3679
   20640       2.3582
   20641       2.3053
   20642       2.2537
   20643       2.3232
   20644       2.2795
   20645       2.3333
   20646       2.3850
   20647       2.3279
   20648       2.4301
   20649       2.3957
   20650       2.3335
   20651       2.3800
   20652       2.3939
   20653       2.2853
   20654       2.2742
   20655       2.2760
   20656       2.2596
   20657       2.2382
   20658       2.2274
   20659       2.2342
   20660       2.2176
   20661       2.2492
   20662       2.2865
   20663       2.2848
   20664       2.2352
   20665       2.2742
   20666       2.2330
   20667       2.2220
   20668       2.2661
   20669       2.2505
   20670       2.2829
   20671       2.3112
   20672       2.3226
   20673       2.2833
   20674       2.2060
   20675       2.2561
   20676       2.2783
   20677       2.2877
   20678       2.2176
   20679       2.1910
   20680       2.2233
   20681       2.1896
   20682       2.1906
   20683       2.1920
   20684       2.1734
   20685       2.2771
   20686       2.3270
   20687       2.2621
   20688       2.2625
   20689       2.2564
   20690       2.2938
   20691       2.2901
   20692       2.3195
   20693       2.2810
   20694       2.2512
   20695       2.3241
   20696       2.2960
   20697       2.3395
   20698       2.3346
   20699       2.2741
   20700       2.2474
   20701       2.2850
   20702       2.2970
   20703       2.2791
   20704       2.2237
   20705       2.2333
   20706       2.2744
   20707       2.2629
   20708       2.3087
   20709       2.2149
   20710       2.1666
   20711       2.1917
   20712       2.1159
   20713       2.0846
   20714       2.1008
   20715       2.1153
   20716       2.1618
   20717       2.2354
   20718       2.2284
   20719       2.1975
   20720       2.2559
   20721       2.1981
   20722       2.2223
   20723       2.2538
   20724       2.2568
   20725       2.2256
   20726       2.2910
   20727       2.1900
   20728       2.1310
   20729       2.0678
   20730       2.0612
   20731       2.0584
   20732       2.1674
   20733       2.1786
   20734       2.1443
   20735       2.1671
   20736       2.2185
   20737       2.2093
   20738       2.1654
   20739       2.2194
   20740       2.1733
   20741       2.2045
   20742       2.1851
   20743       2.1769
   20744       2.1797
   20745       2.1479
   20746       2.2165
   20747       2.1238
   20748       2.1895
   20749       2.1987
   20750       2.2149
   20751       2.2120
   20752       2.1975
   20753       2.1708
   20754       2.1886
   20755       2.2422
   20756       2.1711
   20757       2.2040
   20758       2.2612
   20759       2.2188
   20760       2.2670
   20761       2.2570
   20762       2.2700
   20763       2.2822
   20764       2.2548
   20765       2.2272
   20766       2.2015
   20767       2.2932
   20768       2.2549
   20769       2.2418
   20770       2.2554
   20771       2.2568
   20772       2.1802
   20773       2.1269
   20774       2.1332
   20775       2.1563
   20776       2.1489
   20777       2.1817
   20778       2.0385
   20779       2.0752
   20780       2.0772
   20781       2.0557
   20782       2.1290
   20783       2.0969
   20784       2.0825
   20785       2.1514
   20786       2.1284
   20787       2.1067
   20788       2.0676
   20789       1.9887
   20790       2.0083
   20791       1.9880
   20792       2.0227
   20793       2.0304
   20794       1.9895
   20795       2.0460
   20796       1.9306
   20797       1.9367
   20798       1.9860
   20799       1.8797
   20800       1.9681
   20801       1.8959
   20802       1.9312
   20803       1.9319
   20804       1.9572
   20805       2.0223
   20806       2.0010
   20807       1.9468
   20808       1.9356
   20809       1.8981
   20810       1.9082
   20811       1.9225
   20812       1.9188
   20813       1.9239
   20814       1.9486
   20815       1.9310
   20816       1.9778
   20817       1.9924
   20818       1.9387
   20819       1.9596
   20820       1.9950
   20821       1.9378
   20822       2.0040
   20823       1.9669
   20824       2.0227
   20825       1.9717
   20826       1.9960
   20827       1.9894
   20828       1.9546
   20829       1.9807
   20830       1.9515
   20831       1.9759
   20832       1.9547
   20833       1.9877
   20834       1.9468
   20835       1.9507
   20836       1.9606
   20837       1.9448
   20838       1.9644
   20839       1.9495
   20840       1.9717
   20841       1.9729
   20842       2.0242
   20843       2.0481
   20844       1.9870
   20845       2.0358
   20846       2.0101
   20847       2.0038
   20848       2.0447
   20849       2.0200
   20850       1.9660
   20851       2.0552
   20852       1.9947
   20853       2.0182
   20854       1.9640
   20855       2.0095
   20856       2.0434
   20857       1.9835
   20858       1.9665
   20859       1.9486
   20860       1.9422
   20861       2.0742
   20862       2.0397
   20863       2.0885
   20864       2.1230
   20865       2.0968
   20866       2.0117
   20867       2.0513
   20868       2.0656
   20869       2.0403
   20870       1.9891
   20871       2.0292
   20872       2.0622
   20873       2.0161
   20874       1.9867
   20875       1.9940
   20876       2.0286
   20877       2.0044
   20878       1.9573
   20879       1.9577
   20880       1.9656
   20881       2.0225
   20882       1.9587
   20883       2.0526
   20884       2.0718
   20885       2.1121
   20886       2.0835
   20887       2.0829
   20888       1.9426
   20889       1.9875
   20890       1.9891
   20891       1.9296
   20892       1.8473
   20893       1.9054
   20894       1.8798
   20895       1.8825
   20896       1.9098
   20897       1.9107
   20898       1.9633
   20899       1.9501
   20900       2.0123
   20901       1.9922
   20902       1.9865
   20903       2.0103
   20904       2.0088
   20905       2.0214
   20906       1.9919
   20907       2.0857
   20908       2.0640
   20909       2.0900
   20910       2.1311
   20911       2.1251
   20912       2.0681
   20913       2.0837
   20914       2.1953
   20915       2.1501
   20916       2.0955
   20917       2.0422
   20918       2.0694
   20919       2.0864
   20920       2.1319
   20921       2.1242
   20922       2.1903
   20923       2.0868
   20924       2.0809
   20925       2.1495
   20926       2.1270
   20927       2.1186
   20928       2.1334
   20929       2.1273
   20930       2.1453
   20931       2.1137
   20932       2.0516
   20933       2.0230
   20934       2.0347
   20935       2.0494
   20936       2.0638
   20937       2.1105
   20938       2.0496
   20939       2.0878
   20940       2.1376
   20941       2.1508
   20942       2.2059
   20943       2.1845
   20944       2.1167
   20945       2.1398
   20946       2.1863
   20947       2.1199
   20948       2.0972
   20949       2.1201
   20950       2.1125
   20951       2.1223
   20952       2.1323
   20953       2.2231
   20954       2.2022
   20955       2.1298
   20956       2.1462
   20957       2.2164
   20958       2.1965
   20959       2.1507
   20960       2.2005
   20961       2.1596
   20962       2.2053
   20963       2.2448
   20964       2.2531
   20965       2.1953
   20966       2.2240
   20967       2.2173
   20968       2.1770
   20969       2.1669
   20970       2.2428
   20971       2.1777
   20972       2.1835
   20973       2.1605
   20974       2.2586
   20975       2.1892
   20976       2.1762
   20977       2.1686
   20978       2.1914
   20979       2.2275
   20980       2.1784
   20981       2.2011
   20982       2.1516
   20983       2.2144
   20984       2.2440
   20985       2.2786
   20986       2.2550
   20987       2.1951
   20988       2.2362
   20989       2.1803
   20990       2.2589
   20991       2.2868
   20992       2.2911
   20993       2.3057
   20994       2.3026
   20995       2.2575
   20996       2.2167
   20997       2.1440
   20998       2.1274
   20999       2.1809
   21000       2.1924
   21001       2.1249
   21002       2.1857
   21003       2.1378
   21004       2.1636
   21005       2.1914
   21006       2.2052
   21007       2.2493
   21008       2.1637
   21009       2.2062
   21010       2.1996
   21011       2.2016
   21012       2.1580
   21013       2.1820
   21014       2.1812
   21015       2.2322
   21016       2.2287
   21017       2.1852
   21018       2.2482
   21019       2.2686
   21020       2.3565
   21021       2.3137
   21022       2.2945
   21023       2.2644
   21024       2.3055
   21025       2.2990
   21026       2.2941
   21027       2.2972
   21028       2.3145
   21029       2.2342
   21030       2.3083
   21031       2.2337
   21032       2.3414
   21033       2.3132
   21034       2.3904
   21035       2.3538
   21036       2.3734
   21037       2.2990
   21038       2.2842
   21039       2.3343
   21040       2.4171
   21041       2.4271
   21042       2.3502
   21043       2.4247
   21044       2.2634
   21045       2.3326
   21046       2.4057
   21047       2.3849
   21048       2.4341
   21049       2.3943
   21050       2.4030
   21051       2.4733
   21052       2.4264
   21053       2.3463
   21054       2.4065
   21055       2.4026
   21056       2.3067
   21057       2.3355
   21058       2.3807
   21059       2.3210
   21060       2.2758
   21061       2.2962
   21062       2.3563
   21063       2.3352
   21064       2.1994
   21065       2.2387
   21066       2.1678
   21067       2.2082
   21068       2.2307
   21069       2.2443
   21070       2.2056
   21071       2.1936
   21072       2.2440
   21073       2.1996
   21074       2.2336
   21075       2.2325
   21076       2.1970
   21077       2.1475
   21078       2.1745
   21079       2.1775
   21080       2.1239
   21081       2.1302
   21082       2.1219
   21083       2.1435
   21084       2.2182
   21085       2.1933
   21086       2.2273
   21087       2.1369
   21088       2.1409
   21089       2.1461
   21090       2.1030
   21091       2.1613
   21092       2.1506
   21093       2.1346
   21094       2.1860
   21095       2.1904
   21096       2.2048
   21097       2.2093
   21098       2.2387
   21099       2.1232
   21100       2.1916
   21101       2.1533
   21102       2.2235
   21103       2.1680
   21104       2.1395
   21105       2.1691
   21106       2.1883
   21107       2.2223
   21108       2.1410
   21109       2.1433
   21110       2.0725
   21111       2.0291
   21112       2.0552
   21113       2.1773
   21114       2.1797
   21115       2.1242
   21116       2.0730
   21117       2.0919
   21118       2.1204
   21119       2.0792
   21120       2.1076
   21121       2.1288
   21122       2.1598
   21123       2.0961
   21124       2.0647
   21125       2.1081
   21126       2.0761
   21127       2.0639
   21128       2.1219
   21129       2.0994
   21130       2.0713
   21131       2.0461
   21132       2.0433
   21133       2.0334
   21134       2.0565
   21135       2.0659
   21136       2.0722
   21137       2.0257
   21138       2.0625
   21139       2.0246
   21140       2.1268
   21141       2.0637
   21142       2.1015
   21143       2.0429
   21144       2.1167
   21145       2.1307
   21146       2.1184
   21147       2.0825
   21148       2.1140
   21149       2.0216
   21150       2.0254
   21151       2.0023
   21152       2.0613
   21153       2.0847
   21154       2.0569
   21155       2.0962
   21156       2.0490
   21157       2.0314
   21158       2.1074
   21159       2.0913
   21160       2.0829
   21161       2.1564
   21162       2.0804
   21163       2.0501
   21164       2.1360
   21165       2.1139
   21166       2.0754
   21167       2.1473
   21168       2.0758
   21169       2.0280
   21170       2.0770
   21171       2.0029
   21172       2.0522
   21173       2.0836
   21174       2.0454
   21175       2.0296
   21176       2.0435
   21177       2.0706
   21178       2.0388
   21179       1.9947
   21180       2.0007
   21181       2.0125
   21182       2.0217
   21183       2.0074
   21184       2.0553
   21185       2.0729
   21186       1.9329
   21187       1.9530
   21188       1.9690
   21189       1.9713
   21190       1.9746
   21191       1.9230
   21192       1.9221
   21193       1.9387
   21194       1.9089
   21195       1.9820
   21196       1.8859
   21197       1.8991
   21198       1.9233
   21199       1.9606
   21200       1.9818
   21201       1.9238
   21202       1.8844
   21203       1.8986
   21204       1.8372
   21205       1.9148
   21206       1.9733
   21207       1.9622
   21208       1.9272
   21209       1.9392
   21210       1.9771
   21211       1.9909
   21212       1.9272
   21213       1.9913
   21214       2.0440
   21215       1.8999
   21216       1.9587
   21217       1.9585
   21218       1.9317
   21219       1.9617
   21220       1.9800
   21221       1.9982
   21222       1.9755
   21223       1.9829
   21224       2.0362
   21225       1.9842
   21226       1.9482
   21227       1.9566
   21228       1.9484
   21229       1.9421
   21230       1.9722
   21231       1.9460
   21232       1.9657
   21233       1.9324
   21234       1.9201
   21235       1.8943
   21236       1.9173
   21237       1.9161
   21238       1.9749
   21239       2.0407
   21240       2.0243
   21241       2.0489
   21242       2.0238
   21243       2.0787
   21244       2.0185
   21245       2.0325
   21246       2.0197
   21247       2.0264
   21248       1.9917
   21249       1.9631
   21250       1.9543
   21251       1.9001
   21252       1.8826
   21253       1.8969
   21254       1.8508
   21255       1.8572
   21256       1.8187
   21257       1.8354
   21258       1.8301
   21259       1.8314
   21260       1.8763
   21261       1.9241
   21262       1.8774
   21263       1.8320
   21264       1.8825
   21265       1.9296
   21266       1.9685
   21267       1.9912
   21268       1.9790
   21269       2.0064
   21270       1.9668
   21271       1.9763
   21272       1.9397
   21273       1.9108
   21274       1.9277
   21275       1.9482
   21276       1.9292
   21277       1.9476
   21278       2.0015
   21279       1.9813
   21280       2.0048
   21281       1.9558
   21282       2.0225
   21283       1.9975
   21284       1.9553
   21285       1.9928
   21286       2.0244
   21287       2.0340
   21288       2.0080
   21289       1.9914
   21290       2.0019
   21291       1.9289
   21292       1.9270
   21293       2.0118
   21294       1.9765
   21295       2.0292
   21296       2.0501
   21297       1.9581
   21298       1.9230
   21299       1.9500
   21300       1.9623
   21301       1.9645
   21302       1.9648
   21303       1.9597
   21304       1.9665
   21305       2.0247
   21306       1.9623
   21307       2.0058
   21308       2.0222
   21309       2.0574
   21310       2.0654
   21311       2.0705
   21312       2.1081
   21313       2.1136
   21314       2.1303
   21315       2.1097
   21316       2.0709
   21317       2.0466
   21318       2.0525
   21319       2.1193
   21320       2.1026
   21321       2.0819
   21322       2.1153
   21323       2.0627
   21324       2.0441
   21325       2.0955
   21326       2.0954
   21327       2.0512
   21328       2.0184
   21329       2.0805
   21330       2.1124
   21331       2.0127
   21332       2.0729
   21333       2.0190
   21334       2.0076
   21335       2.0022
   21336       1.9871
   21337       2.1000
   21338       2.1365
   21339       2.0602
   21340       2.0534
   21341       1.9951
   21342       2.1028
   21343       2.0664
   21344       2.1360
   21345       2.1008
   21346       2.1444
   21347       2.1736
   21348       2.0707
   21349       2.1473
   21350       2.1557
   21351       2.0875
   21352       2.1219
   21353       2.1152
   21354       2.1542
   21355       2.1740
   21356       2.1106
   21357       2.1442
   21358       2.2170
   21359       2.1367
   21360       2.1710
   21361       2.2071
   21362       2.2326
   21363       2.2464
   21364       2.2835
   21365       2.2313
   21366       2.1474
   21367       2.1406
   21368       2.2136
   21369       2.0723
   21370       2.1636
   21371       2.1375
   21372       2.1018
   21373       2.1649
   21374       2.0875
   21375       2.1943
   21376       2.1368
   21377       2.1084
   21378       2.1399
   21379       2.0756
   21380       2.1480
   21381       2.1485
   21382       2.0906
   21383       2.0933
   21384       2.0204
   21385       2.0792
   21386       2.0523
   21387       2.0972
   21388       2.1239
   21389       2.1059
   21390       2.1128
   21391       2.0581
   21392       2.0697
   21393       2.0208
   21394       2.0517
   21395       2.1062
   21396       2.0880
   21397       2.0929
   21398       2.1951
   21399       2.1819
   21400       2.1026
   21401       2.1876
   21402       2.2020
   21403       2.1202
   21404       2.1138
   21405       2.1511
   21406       2.0747
   21407       2.1076
   21408       2.1233
   21409       2.0646
   21410       2.0963
   21411       2.0684
   21412       2.0304
   21413       2.0932
   21414       2.0208
   21415       2.0912
   21416       2.0302
   21417       1.9855
   21418       2.0284
   21419       2.0865
   21420       2.0861
   21421       2.0515
   21422       2.0549
   21423       2.0550
   21424       2.0774
   21425       2.0418
   21426       2.0249
   21427       2.0672
   21428       2.0486
   21429       2.0534
   21430       2.0706
   21431       2.1243
   21432       2.0586
   21433       2.0911
   21434       2.0904
   21435       2.1501
   21436       2.1709
   21437       2.1495
   21438       2.2081
   21439       2.1562
   21440       2.1837
   21441       2.1755
   21442       2.1938
   21443       2.2388
   21444       2.2531
   21445       2.1851
   21446       2.2038
   21447       2.2614
   21448       2.1891
   21449       2.1583
   21450       2.1734
   21451       2.0743
   21452       2.1342
   21453       2.1103
   21454       2.1066
   21455       2.1113
   21456       2.0695
   21457       2.0697
   21458       2.1335
   21459       2.1943
   21460       2.1870
   21461       2.2212
   21462       2.1861
   21463       2.1352
   21464       2.1633
   21465       2.2009
   21466       2.2186
   21467       2.1949
   21468       2.1385
   21469       2.1942
   21470       2.1797
   21471       2.1306
   21472       2.1042
   21473       2.1586
   21474       2.1354
   21475       2.0807
   21476       2.0631
   21477       2.1582
   21478       2.1341
   21479       2.0699
   21480       2.1267
   21481       2.0845
   21482       2.1786
   21483       2.1578
   21484       2.1603
   21485       2.1504
   21486       2.2022
   21487       2.1807
   21488       2.0613
   21489       2.1033
   21490       2.1076
   21491       2.0607
   21492       2.0997
   21493       2.1103
   21494       2.0537
   21495       2.1416
   21496       2.1644
   21497       2.1579
   21498       2.1394
   21499       2.1045
   21500       2.1391
   21501       2.1507
   21502       2.0938
   21503       2.1275
   21504       2.1055
   21505       2.1107
   21506       2.0854
   21507       2.0891
   21508       2.0694
   21509       2.0328
   21510       2.1129
   21511       2.1136
   21512       2.0816
   21513       2.0437
   21514       2.0817
   21515       2.0047
   21516       2.0723
   21517       2.0729
   21518       2.0665
   21519       2.1106
   21520       2.1332
   21521       2.1021
   21522       2.0984
   21523       2.1226
   21524       2.1017
   21525       2.1418
   21526       2.2009
   21527       2.1274
   21528       2.1819
   21529       2.1724
   21530       2.1328
   21531       2.1629
   21532       2.1788
   21533       2.1427
   21534       2.0654
   21535       2.0811
   21536       2.0841
   21537       2.0587
   21538       2.0932
   21539       2.0915
   21540       2.0481
   21541       2.0773
   21542       2.1017
   21543       2.0975
   21544       2.1686
   21545       2.1109
   21546       2.1815
   21547       2.1224
   21548       2.0928
   21549       2.0857
   21550       2.0886
   21551       2.1540
   21552       2.1559
   21553       2.1900
   21554       2.1307
   21555       2.1230
   21556       2.2117
   21557       2.2071
   21558       2.1015
   21559       2.0904
   21560       2.0938
   21561       2.1088
   21562       2.0896
   21563       2.0224
   21564       2.0631
   21565       2.0788
   21566       2.0657
   21567       2.0498
   21568       2.0993
   21569       2.0560
   21570       2.0896
   21571       2.1042
   21572       2.1133
   21573       2.1014
   21574       2.0859
   21575       2.0342
   21576       2.0353
   21577       2.0491
   21578       2.1321
   21579       2.0913
   21580       2.0187
   21581       2.0359
   21582       1.9742
   21583       1.9599
   21584       1.9872
   21585       2.0147
   21586       1.9907
   21587       2.0314
   21588       2.0763
   21589       2.0909
   21590       1.9910
   21591       2.0263
   21592       2.0451
   21593       2.0582
   21594       2.0253
   21595       2.0349
   21596       2.0166
   21597       2.0918
   21598       1.9971
   21599       1.9570
   21600       2.0344
   21601       2.0576
   21602       2.0273
   21603       2.0262
   21604       2.0533
   21605       2.0010
   21606       1.9949
   21607       2.0402
   21608       2.0032
   21609       2.0425
   21610       2.0059
   21611       2.0334
   21612       2.0404
   21613       2.0321
   21614       2.0035
   21615       2.0117
   21616       2.0471
   21617       2.0037
   21618       2.0085
   21619       2.0293
   21620       2.0072
   21621       2.0088
   21622       2.0383
   21623       2.0940
   21624       1.9675
   21625       2.0112
   21626       2.0365
   21627       2.0339
   21628       2.0388
   21629       2.0316
   21630       1.9349
   21631       1.9747
   21632       2.0741
   21633       2.0055
   21634       1.9868
   21635       2.0421
   21636       2.0452
   21637       2.0169
   21638       2.0798
   21639       2.1522
   21640       2.1216
   21641       2.1179
   21642       2.1454
   21643       2.0838
   21644       2.0245
   21645       2.0499
   21646       2.0535
   21647       2.0433
   21648       2.1004
   21649       2.0580
   21650       2.1105
   21651       2.0310
   21652       2.0391
   21653       2.0625
   21654       2.0267
   21655       2.0756
   21656       2.0925
   21657       2.1067
   21658       2.1626
   21659       2.0691
   21660       2.0542
   21661       2.0929
   21662       2.0565
   21663       2.0106
   21664       2.0224
   21665       2.0457
   21666       2.0083
   21667       1.9942
   21668       1.9876
   21669       2.0651
   21670       1.9931
   21671       1.9849
   21672       1.9977
   21673       2.0242
   21674       1.9973
   21675       1.9889
   21676       2.0161
   21677       1.9980
   21678       2.0787
   21679       2.1217
   21680       2.0684
   21681       2.0676
   21682       2.1047
   21683       2.0923
   21684       2.0315
   21685       2.0891
   21686       2.1222
   21687       2.0585
   21688       2.0686
   21689       2.0928
   21690       2.0446
   21691       2.0145
   21692       2.0298
   21693       1.9962
   21694       2.0413
   21695       1.9238
   21696       1.8818
   21697       1.9014
   21698       1.8896
   21699       1.9831
   21700       1.9792
   21701       1.9570
   21702       1.9349
   21703       1.8910
   21704       1.8404
   21705       1.8756
   21706       1.9522
   21707       1.9393
   21708       1.9501
   21709       1.9569
   21710       1.9833
   21711       1.9739
   21712       1.9291
   21713       1.9116
   21714       1.9876
   21715       2.0376
   21716       1.9686
   21717       2.0050
   21718       1.9643
   21719       1.9252
   21720       1.8485
   21721       1.8861
   21722       1.9430
   21723       1.9091
   21724       1.9729
   21725       1.9724
   21726       1.9847
   21727       1.9660
   21728       2.0060
   21729       2.0208
   21730       1.9394
   21731       1.9865
   21732       2.0113
   21733       2.0312
   21734       2.0298
   21735       1.9393
   21736       1.9725
   21737       2.0139
   21738       1.9573
   21739       1.9448
   21740       1.9034
   21741       1.9627
   21742       1.9437
   21743       1.9018
   21744       1.9016
   21745       1.8476
   21746       1.9103
   21747       1.8726
   21748       1.9072
   21749       1.9363
   21750       1.8905
   21751       1.9822
   21752       1.9429
   21753       2.0128
   21754       1.9930
   21755       2.0036
   21756       1.9796
   21757       1.9497
   21758       1.9236
   21759       1.9137
   21760       1.9281
   21761       1.8389
   21762       1.9320
   21763       1.9192
   21764       1.9296
   21765       1.9878
   21766       2.0106
   21767       1.9955
   21768       2.0027
   21769       2.0012
   21770       2.0366
   21771       2.0299
   21772       2.0511
   21773       2.0241
   21774       2.0129
   21775       2.0141
   21776       2.0375
   21777       2.0383
   21778       2.1157
   21779       2.0290
   21780       2.1305
   21781       2.0461
   21782       1.9809
   21783       1.9922
   21784       2.0213
   21785       2.0010
   21786       2.0179
   21787       2.0026
   21788       2.0315
   21789       2.1181
   21790       2.0530
   21791       2.0075
   21792       2.0559
   21793       2.1269
   21794       2.0756
   21795       2.0162
   21796       2.0714
   21797       2.0414
   21798       2.0994
   21799       2.1250
   21800       2.0683
   21801       2.0938
   21802       2.1379
   21803       2.1390
   21804       2.0754
   21805       2.0883
   21806       2.0290
   21807       2.0418
   21808       2.0391
   21809       2.1502
   21810       2.1853
   21811       2.1482
   21812       2.1197
   21813       2.0848
   21814       2.0632
   21815       2.0616
   21816       2.0805
   21817       2.0658
   21818       2.1342
   21819       2.1043
   21820       2.1565
   21821       2.0858
   21822       2.1168
   21823       2.1336
   21824       2.1113
   21825       2.1615
   21826       2.1030
   21827       2.1183
   21828       2.0779
   21829       2.0721
   21830       2.0992
   21831       2.0547
   21832       2.0933
   21833       2.0702
   21834       2.1338
   21835       2.2395
   21836       2.2093
   21837       2.1534
   21838       2.1518
   21839       2.0940
   21840       2.0620
   21841       2.1190
   21842       2.0976
   21843       2.0370
   21844       2.0950
   21845       2.0487
   21846       2.0180
   21847       1.9961
   21848       1.9781
   21849       2.0579
   21850       2.0812
   21851       2.0809
   21852       2.0837
   21853       2.0190
   21854       2.0528
   21855       2.1000
   21856       2.1161
   21857       2.1508
   21858       2.0967
   21859       2.1375
   21860       2.0156
   21861       2.0834
   21862       2.0757
   21863       2.0018
   21864       2.0176
   21865       2.0839
   21866       2.0769
   21867       2.0007
   21868       1.9265
   21869       1.9704
   21870       1.9963
   21871       1.9779
   21872       1.9852
   21873       1.9842
   21874       1.9686
   21875       1.9025
   21876       1.9522
   21877       1.9724
   21878       1.9781
   21879       2.0549
   21880       2.0767
   21881       2.0708
   21882       2.0158
   21883       1.9998
   21884       2.0843
   21885       1.9861
   21886       2.0674
   21887       2.0152
   21888       2.0269
   21889       2.0474
   21890       2.0868
   21891       2.0749
   21892       2.0223
   21893       2.0457
   21894       2.0427
   21895       2.0971
   21896       2.0705
   21897       2.0219
   21898       1.9970
   21899       1.9421
   21900       2.0487
   21901       2.0089
   21902       1.9511
   21903       1.9699
   21904       2.0061
   21905       2.0413
   21906       2.0475
   21907       1.9529
   21908       1.9502
   21909       1.9782
   21910       1.9345
   21911       1.9990
   21912       2.0075
   21913       2.0328
   21914       1.9940
   21915       1.9879
   21916       2.0225
   21917       1.9977
   21918       1.9840
   21919       1.9997
   21920       1.9987
   21921       1.9911
   21922       2.0158
   21923       2.0411
   21924       2.0545
   21925       2.0297
   21926       1.9617
   21927       1.9383
   21928       1.9811
   21929       2.0128
   21930       1.9728
   21931       1.9616
   21932       1.9971
   21933       1.9982
   21934       1.9365
   21935       1.9874
   21936       2.0403
   21937       2.0368
   21938       2.0917
   21939       2.0762
   21940       2.0251
   21941       2.0914
   21942       2.1358
   21943       2.1607
   21944       2.1290
   21945       2.1458
   21946       2.1465
   21947       2.0545
   21948       2.1033
   21949       2.0863
   21950       2.0774
   21951       2.1097
   21952       2.1061
   21953       2.0205
   21954       2.0867
   21955       2.0056
   21956       2.0391
   21957       2.0661
   21958       1.9643
   21959       2.0114
   21960       1.9816
   21961       2.0492
   21962       1.9875
   21963       1.9592
   21964       1.9566
   21965       1.9695
   21966       1.9028
   21967       1.9842
   21968       1.9336
   21969       1.9375
   21970       1.9957
   21971       1.9280
   21972       1.9658
   21973       1.9804
   21974       1.9708
   21975       2.0007
   21976       2.0898
   21977       2.0205
   21978       2.0307
   21979       2.0515
   21980       2.0994
   21981       2.1311
   21982       2.0989
   21983       2.0278
   21984       2.0981
   21985       2.0481
   21986       2.0862
   21987       2.0772
   21988       2.0723
   21989       2.0890
   21990       2.0818
   21991       2.0393
   21992       2.0484
   21993       2.0490
   21994       1.9966
   21995       1.9929
   21996       2.0660
   21997       2.0510
   21998       2.0252
   21999       2.0063
   22000       1.9880
   22001       1.9965
   22002       1.9885
   22003       1.9976
   22004       2.0108
   22005       1.9991
   22006       1.9954
   22007       2.0116
   22008       1.9682
   22009       2.0139
   22010       2.0507
   22011       2.0500
   22012       2.0474
   22013       2.0109
   22014       1.9795
   22015       1.9619
   22016       2.0275
   22017       2.0444
   22018       1.9178
   22019       1.9479
   22020       1.9626
   22021       1.9323
   22022       1.9502
   22023       1.9788
   22024       1.9443
   22025       1.9843
   22026       1.9803
   22027       2.0376
   22028       2.0947
   22029       2.0176
   22030       2.0808
   22031       2.0770
   22032       2.0084
   22033       2.0407
   22034       2.1245
   22035       2.1924
   22036       2.0778
   22037       2.0322
   22038       2.0668
   22039       2.1229
   22040       2.1194
   22041       2.0843
   22042       2.1154
   22043       2.1091
   22044       2.0925
   22045       2.1507
   22046       2.0918
   22047       2.0723
   22048       2.1267
   22049       2.0869
   22050       2.0746
   22051       2.0488
   22052       2.0077
   22053       2.0785
   22054       2.0408
   22055       2.0523
   22056       2.0067
   22057       2.0414
   22058       2.0253
   22059       1.9903
   22060       1.9920
   22061       2.0113
   22062       2.0054
   22063       2.0470
   22064       1.9523
   22065       1.9648
   22066       1.8472
   22067       1.9728
   22068       1.9977
   22069       2.0044
   22070       1.9662
   22071       1.9959
   22072       2.0277
   22073       2.0012
   22074       2.0091
   22075       1.9702
   22076       1.9584
   22077       1.9678
   22078       1.9663
   22079       1.9993
   22080       1.9621
   22081       1.9774
   22082       1.8925
   22083       1.9368
   22084       1.8961
   22085       1.8461
   22086       1.8568
   22087       1.9987
   22088       2.0056
   22089       1.9180
   22090       1.9978
   22091       2.0633
   22092       2.0938
   22093       2.0819
   22094       2.1023
   22095       2.0070
   22096       2.0662
   22097       1.9852
   22098       2.0209
   22099       2.0325
   22100       2.1185
   22101       2.0460
   22102       2.0636
   22103       2.0579
   22104       2.0394
   22105       2.0789
   22106       2.0798
   22107       2.0596
   22108       2.0451
   22109       2.0697
   22110       2.0257
   22111       2.1084
   22112       2.0692
   22113       2.0953
   22114       2.0804
   22115       2.1093
   22116       2.0759
   22117       2.1126
   22118       2.1396
   22119       2.1724
   22120       2.0832
   22121       2.1410
   22122       2.1289
   22123       2.1724
   22124       2.0887
   22125       2.2235
   22126       2.2112
   22127       2.2024
   22128       2.2566
   22129       2.1460
   22130       2.1418
   22131       2.1445
   22132       2.1093
   22133       2.0760
   22134       2.1235
   22135       2.1403
   22136       2.0982
   22137       2.0640
   22138       2.0352
   22139       2.0777
   22140       2.0284
   22141       2.0654
   22142       2.0987
   22143       2.1225
   22144       2.0914
   22145       2.1320
   22146       2.1265
   22147       2.0991
   22148       2.1080
   22149       2.0553
   22150       2.0279
   22151       2.0197
   22152       2.0528
   22153       2.0881
   22154       2.1121
   22155       2.0971
   22156       2.0334
   22157       2.1282
   22158       2.0480
   22159       2.0102
   22160       2.0630
   22161       2.0601
   22162       2.0649
   22163       2.0392
   22164       2.1421
   22165       2.1316
   22166       2.1636
   22167       2.2234
   22168       2.1890
   22169       2.1929
   22170       2.1497
   22171       2.1796
   22172       2.1270
   22173       2.1681
   22174       2.1705
   22175       2.1445
   22176       2.1909
   22177       2.2887
   22178       2.2674
   22179       2.3335
   22180       2.2894
   22181       2.2232
   22182       2.2709
   22183       2.2728
   22184       2.2209
   22185       2.2787
   22186       2.3459
   22187       2.3117
   22188       2.2811
   22189       2.2339
   22190       2.2259
   22191       2.1769
   22192       2.2700
   22193       2.2194
   22194       2.2400
   22195       2.2872
   22196       2.2682
   22197       2.2259
   22198       2.2532
   22199       2.2544
   22200       2.2609
   22201       2.2841
   22202       2.2952
   22203       2.2832
   22204       2.2881
   22205       2.2725
   22206       2.3113
   22207       2.4012
   22208       2.3830
   22209       2.3773
   22210       2.4252
   22211       2.2969
   22212       2.3004
   22213       2.3818
   22214       2.3211
   22215       2.3012
   22216       2.2687
   22217       2.2638
   22218       2.2812
   22219       2.3186
   22220       2.2237
   22221       2.2538
   22222       2.2325
   22223       2.1890
   22224       2.1958
   22225       2.2196
   22226       2.1643
   22227       2.1819
   22228       2.0979
   22229       2.0910
   22230       2.1064
   22231       2.1440
   22232       2.1865
   22233       2.1507
   22234       2.1391
   22235       2.0496
   22236       1.9978
   22237       2.0502
   22238       2.0084
   22239       2.0596
   22240       2.0981
   22241       2.0717
   22242       2.1068
   22243       2.1160
   22244       2.0798
   22245       2.0745
   22246       2.0752
   22247       2.0661
   22248       2.0545
   22249       2.0508
   22250       2.0256
   22251       1.9744
   22252       1.9830
   22253       2.0550
   22254       2.0377
   22255       2.0722
   22256       2.0068
   22257       2.0659
   22258       2.0661
   22259       2.0764
   22260       2.0930
   22261       2.0467
   22262       2.0008
   22263       2.0396
   22264       2.0375
   22265       2.0302
   22266       2.0552
   22267       2.0658
   22268       2.0691
   22269       2.0298
   22270       2.0008
   22271       2.0454
   22272       2.0016
   22273       2.0237
   22274       2.0001
   22275       2.0387
   22276       2.0465
   22277       2.0070
   22278       2.0209
   22279       2.0405
   22280       1.9994
   22281       1.9261
   22282       2.0065
   22283       1.9454
   22284       1.9443
   22285       1.9351
   22286       1.9196
   22287       1.9795
   22288       1.9565
   22289       1.9574
   22290       1.9684
   22291       1.9967
   22292       1.9064
   22293       1.8924
   22294       1.9544
   22295       1.9812
   22296       2.0491
   22297       2.0231
   22298       1.9752
   22299       2.0245
   22300       1.9721
   22301       1.9464
   22302       1.9573
   22303       1.8858
   22304       1.9274
   22305       1.9763
   22306       1.9571
   22307       2.0020
   22308       1.9984
   22309       2.0679
   22310       2.0261
   22311       1.9719
   22312       1.9629
   22313       2.0388
   22314       2.0400
   22315       2.0034
   22316       2.0202
   22317       2.0248
   22318       2.0143
   22319       1.9983
   22320       2.0223
   22321       1.9889
   22322       2.0277
   22323       1.9436
   22324       1.9922
   22325       1.9585
   22326       1.9827
   22327       1.9997
   22328       2.0529
   22329       2.0763
   22330       2.0137
   22331       2.0498
   22332       1.9889
   22333       1.9361
   22334       2.0402
   22335       1.9932
   22336       1.9316
   22337       1.9694
   22338       1.9422
   22339       2.0015
   22340       2.0520
   22341       2.0381
   22342       2.0024
   22343       2.0479
   22344       1.9852
   22345       2.0702
   22346       2.0646
   22347       2.1060
   22348       2.0345
   22349       2.0265
   22350       2.0394
   22351       2.0743
   22352       2.0784
   22353       2.0728
   22354       2.0939
   22355       2.1083
   22356       2.1040
   22357       2.0718
   22358       2.1480
   22359       2.1888
   22360       2.1495
   22361       2.1393
   22362       2.1177
   22363       2.0762
   22364       2.1003
   22365       2.0717
   22366       2.0330
   22367       2.0250
   22368       2.0473
   22369       2.0693
   22370       2.0519
   22371       2.0615
   22372       2.0735
   22373       2.0529
   22374       2.0627
   22375       2.0167
   22376       2.0326
   22377       2.0086
   22378       2.0639
   22379       2.0296
   22380       2.0836
   22381       2.0368
   22382       2.0553
   22383       2.0779
   22384       2.0448
   22385       2.1205
   22386       2.1093
   22387       2.0819
   22388       2.0878
   22389       2.0356
   22390       2.0775
   22391       2.0333
   22392       2.0580
   22393       2.1300
   22394       2.1115
   22395       2.1298
   22396       2.1205
   22397       2.1335
   22398       2.0729
   22399       2.0777
   22400       2.1163
   22401       2.1000
   22402       2.1661
   22403       2.1158
   22404       2.1099
   22405       2.0827
   22406       2.0945
   22407       2.1240
   22408       2.1215
   22409       2.1121
   22410       2.0956
   22411       2.0654
   22412       2.1016
   22413       2.1981
   22414       2.2104
   22415       2.1698
   22416       2.1313
   22417       2.1208
   22418       2.1185
   22419       2.2078
   22420       2.1255
   22421       2.1307
   22422       2.1310
   22423       2.1591
   22424       2.1267
   22425       2.1078
   22426       2.1389
   22427       2.1556
   22428       2.1757
   22429       2.1520
   22430       2.1863
   22431       2.2256
   22432       2.2207
   22433       2.2504
   22434       2.2531
   22435       2.1815
   22436       2.2057
   22437       2.2018
   22438       2.1605
   22439       2.1007
   22440       2.1788
   22441       2.2750
   22442       2.2045
   22443       2.1264
   22444       2.1250
   22445       2.1436
   22446       2.1381
   22447       2.0676
   22448       2.0210
   22449       2.0869
   22450       2.1152
   22451       2.1381
   22452       2.1410
   22453       2.0990
   22454       2.1312
   22455       2.1794
   22456       2.2107
   22457       2.1868
   22458       2.1506
   22459       2.1775
   22460       2.1292
   22461       2.1787
   22462       2.1993
   22463       2.1630
   22464       2.1535
   22465       2.1388
   22466       2.1318
   22467       2.0709
   22468       2.0773
   22469       2.1331
   22470       2.1532
   22471       2.1640
   22472       2.1697
   22473       2.1338
   22474       2.1415
   22475       2.1578
   22476       2.2007
   22477       2.1651
   22478       2.1899
   22479       2.2249
   22480       2.1914
   22481       2.1758
   22482       2.2117
   22483       2.1868
   22484       2.1100
   22485       2.1565
   22486       2.1463
   22487       2.1893
   22488       2.1757
   22489       2.2100
   22490       2.1987
   22491       2.1413
   22492       2.1260
   22493       2.1824
   22494       2.1750
   22495       2.1658
   22496       2.1361
   22497       2.1372
   22498       2.1492
   22499       2.1636
   22500       2.2130
   22501       2.1735
   22502       2.1771
   22503       2.1196
   22504       2.1428
   22505       2.1313
   22506       2.1533
   22507       2.1610
   22508       2.1351
   22509       2.1441
   22510       2.0994
   22511       2.1291
   22512       2.1516
   22513       2.1026
   22514       2.1352
   22515       2.1223
   22516       2.1904
   22517       2.1384
   22518       2.1236
   22519       2.1734
   22520       2.1592
   22521       2.1688
   22522       2.1454
   22523       2.2140
   22524       2.1619
   22525       2.1521
   22526       2.1447
   22527       2.1549
   22528       2.2110
   22529       2.1504
   22530       2.2042
   22531       2.2404
   22532       2.2154
   22533       2.1913
   22534       2.1668
   22535       2.1834
   22536       2.1813
   22537       2.2753
   22538       2.2427
   22539       2.1932
   22540       2.2973
   22541       2.2627
   22542       2.2896
   22543       2.2752
   22544       2.2870
   22545       2.3108
   22546       2.2762
   22547       2.3057
   22548       2.2487
   22549       2.1965
   22550       2.2868
   22551       2.2523
   22552       2.2855
   22553       2.2463
   22554       2.2666
   22555       2.2924
   22556       2.2419
   22557       2.2821
   22558       2.3051
   22559       2.4046
   22560       2.4113
   22561       2.3794
   22562       2.4286
   22563       2.3717
   22564       2.4715
   22565       2.4820
   22566       2.4901
   22567       2.4296
   22568       2.4499
   22569       2.3695
   22570       2.3665
   22571       2.3645
   22572       2.4504
   22573       2.4277
   22574       2.3951
   22575       2.4238
   22576       2.4356
   22577       2.3812
   22578       2.4072
   22579       2.4413
   22580       2.4164
   22581       2.4640
   22582       2.3150
   22583       2.3402
   22584       2.3757
   22585       2.3930
   22586       2.3541
   22587       2.3065
   22588       2.3486
   22589       2.3710
   22590       2.3952
   22591       2.3460
   22592       2.4535
   22593       2.4470
   22594       2.4106
   22595       2.3552
   22596       2.4004
   22597       2.3050
   22598       2.3490
   22599       2.4244
   22600       2.3930
   22601       2.3791
   22602       2.3751
   22603       2.3227
   22604       2.3938
   22605       2.3773
   22606       2.4483
   22607       2.4688
   22608       2.4653
   22609       2.5387
   22610       2.5265
   22611       2.4758
   22612       2.4664
   22613       2.4843
   22614       2.5344
   22615       2.5472
   22616       2.5755
   22617       2.5417
   22618       2.5093
   22619       2.5213
   22620       2.5167
   22621       2.5708
   22622       2.5561
   22623       2.5242
   22624       2.4905
   22625       2.4524
   22626       2.5096
   22627       2.4810
   22628       2.4886
   22629       2.4844
   22630       2.5172
   22631       2.5089
   22632       2.5070
   22633       2.5038
   22634       2.4826
   22635       2.4958
   22636       2.4863
   22637       2.5957
   22638       2.5286
   22639       2.5367
   22640       2.5479
   22641       2.5234
   22642       2.4703
   22643       2.5185
   22644       2.5230
   22645       2.4861
   22646       2.5770
   22647       2.5573
   22648       2.5551
   22649       2.6410
   22650       2.6129
   22651       2.5724
   22652       2.6197
   22653       2.6802
   22654       2.6064
   22655       2.6470
   22656       2.6147
   22657       2.6547
   22658       2.6518
   22659       2.7088
   22660       2.6842
   22661       2.6659
   22662       2.6121
   22663       2.7629
   22664       2.6953
   22665       2.7029
   22666       2.7453
   22667       2.7387
   22668       2.7477
   22669       2.6851
   22670       2.6723
   22671       2.6307
   22672       2.7036
   22673       2.7243
   22674       2.7049
   22675       2.6179
   22676       2.6103
   22677       2.6568
   22678       2.5931
   22679       2.5926
   22680       2.6032
   22681       2.5431
   22682       2.5091
   22683       2.4884
   22684       2.5378
   22685       2.5613
   22686       2.4681
   22687       2.5490
   22688       2.5425
   22689       2.5845
   22690       2.6041
   22691       2.6136
   22692       2.5694
   22693       2.5790
   22694       2.5581
   22695       2.5185
   22696       2.5661
   22697       2.5491
   22698       2.5531
   22699       2.5328
   22700       2.5439
   22701       2.5371
   22702       2.5062
   22703       2.4663
   22704       2.4490
   22705       2.4598
   22706       2.4286
   22707       2.4354
   22708       2.3800
   22709       2.3858
   22710       2.3468
   22711       2.3783
   22712       2.3545
   22713       2.3510
   22714       2.3643
   22715       2.2985
   22716       2.3362
   22717       2.2695
   22718       2.2966
   22719       2.3050
   22720       2.3327
   22721       2.3510
   22722       2.3406
   22723       2.3907
   22724       2.3700
   22725       2.3771
   22726       2.4050
   22727       2.4553
   22728       2.3826
   22729       2.3653
   22730       2.3682
   22731       2.4352
   22732       2.4192
   22733       2.4843
   22734       2.4924
   22735       2.4828
   22736       2.4312
   22737       2.5069
   22738       2.4651
   22739       2.4361
   22740       2.4144
   22741       2.4319
   22742       2.3962
   22743       2.5137
   22744       2.4710
   22745       2.4475
   22746       2.4809
   22747       2.5705
   22748       2.4590
   22749       2.5078
   22750       2.4176
   22751       2.4102
   22752       2.3743
   22753       2.3368
   22754       2.3836
   22755       2.3711
   22756       2.3976
   22757       2.4001
   22758       2.4037
   22759       2.4827
   22760       2.4785
   22761       2.4072
   22762       2.4454
   22763       2.4817
   22764       2.4540
   22765       2.4394
   22766       2.4728
   22767       2.4733
   22768       2.4756
   22769       2.4723
   22770       2.5071
   22771       2.4653
   22772       2.4046
   22773       2.4266
   22774       2.4074
   22775       2.4289
   22776       2.4097
   22777       2.4106
   22778       2.4383
   22779       2.4302
   22780       2.4870
   22781       2.4906
   22782       2.4879
   22783       2.4939
   22784       2.5461
   22785       2.5401
   22786       2.5066
   22787       2.4904
   22788       2.4534
   22789       2.4407
   22790       2.4478
   22791       2.4812
   22792       2.4591
   22793       2.4237
   22794       2.4661
   22795       2.4459
   22796       2.4856
   22797       2.5052
   22798       2.4540
   22799       2.4823
   22800       2.5207
   22801       2.5035
   22802       2.5071
   22803       2.4647
   22804       2.5137
   22805       2.4972
   22806       2.5012
   22807       2.5555
   22808       2.5282
   22809       2.5428
   22810       2.5353
   22811       2.5190
   22812       2.6395
   22813       2.5499
   22814       2.5182
   22815       2.5026
   22816       2.5766
   22817       2.5862
   22818       2.5692
   22819       2.5243
   22820       2.4819
   22821       2.5906
   22822       2.5226
   22823       2.5387
   22824       2.5291
   22825       2.5366
   22826       2.5595
   22827       2.6349
   22828       2.5242
   22829       2.5555
   22830       2.5120
   22831       2.4976
   22832       2.5363
   22833       2.5418
   22834       2.5363
   22835       2.5168
   22836       2.5595
   22837       2.5347
   22838       2.5728
   22839       2.5703
   22840       2.5396
   22841       2.5355
   22842       2.6186
   22843       2.6131
   22844       2.5861
   22845       2.5893
   22846       2.6402
   22847       2.6633
   22848       2.7058
   22849       2.7120
   22850       2.6642
   22851       2.6841
   22852       2.6441
   22853       2.6006
   22854       2.6267
   22855       2.5869
   22856       2.5660
   22857       2.5673
   22858       2.5756
   22859       2.5977
   22860       2.6058
   22861       2.5634
   22862       2.5008
   22863       2.5705
   22864       2.5328
   22865       2.5975
   22866       2.5199
   22867       2.5330
   22868       2.5028
   22869       2.4224
   22870       2.4387
   22871       2.4199
   22872       2.4787
   22873       2.5018
   22874       2.4836
   22875       2.4410
   22876       2.5042
   22877       2.5036
   22878       2.4662
   22879       2.4232
   22880       2.4014
   22881       2.4278
   22882       2.4778
   22883       2.4945
   22884       2.5238
   22885       2.4475
   22886       2.4919
   22887       2.5021
   22888       2.4896
   22889       2.5491
   22890       2.4451
   22891       2.5299
   22892       2.5119
   22893       2.5486
   22894       2.4664
   22895       2.4722
   22896       2.4200
   22897       2.4400
   22898       2.4652
   22899       2.3971
   22900       2.3356
   22901       2.3509
   22902       2.4134
   22903       2.3906
   22904       2.3981
   22905       2.3328
   22906       2.3505
   22907       2.3512
   22908       2.3681
   22909       2.3046
   22910       2.3075
   22911       2.3316
   22912       2.2836
   22913       2.3146
   22914       2.3530
   22915       2.3739
   22916       2.3704
   22917       2.4336
   22918       2.4173
   22919       2.3700
   22920       2.3209
   22921       2.3165
   22922       2.3697
   22923       2.3577
   22924       2.3893
   22925       2.4598
   22926       2.3802
   22927       2.4281
   22928       2.4201
   22929       2.4556
   22930       2.4680
   22931       2.3736
   22932       2.4043
   22933       2.4495
   22934       2.4102
   22935       2.4083
   22936       2.4387
   22937       2.4397
   22938       2.3868
   22939       2.3744
   22940       2.3887
   22941       2.3625
   22942       2.3956
   22943       2.3773
   22944       2.4305
   22945       2.4183
   22946       2.4141
   22947       2.4593
   22948       2.3769
   22949       2.3828
   22950       2.3785
   22951       2.3341
   22952       2.3315
   22953       2.3001
   22954       2.2882
   22955       2.2975
   22956       2.2639
   22957       2.3114
   22958       2.4383
   22959       2.3678
   22960       2.4048
   22961       2.4479
   22962       2.5354
   22963       2.4848
   22964       2.4773
   22965       2.4081
   22966       2.4154
   22967       2.3535
   22968       2.3159
   22969       2.3538
   22970       2.3573
   22971       2.3994
   22972       2.3889
   22973       2.3741
   22974       2.3628
   22975       2.4422
   22976       2.3534
   22977       2.3415
   22978       2.2763
   22979       2.2638
   22980       2.2519
   22981       2.2851
   22982       2.2585
   22983       2.3468
   22984       2.2484
   22985       2.2198
   22986       2.2412
   22987       2.2186
   22988       2.2490
   22989       2.2564
   22990       2.2843
   22991       2.2136
   22992       2.2784
   22993       2.2745
   22994       2.2478
   22995       2.2836
   22996       2.3074
   22997       2.3766
   22998       2.3047
   22999       2.2502
   23000       2.2628
   23001       2.2342
   23002       2.2253
   23003       2.2164
   23004       2.2494
   23005       2.2726
   23006       2.3122
   23007       2.2901
   23008       2.3089
   23009       2.2842
   23010       2.2668
   23011       2.2749
   23012       2.2536
   23013       2.2027
   23014       2.1724
   23015       2.1717
   23016       2.1407
   23017       2.1549
   23018       2.2387
   23019       2.2495
   23020       2.2016
   23021       2.2422
   23022       2.2923
   23023       2.1794
   23024       2.2235
   23025       2.2473
   23026       2.2291
   23027       2.1596
   23028       2.2030
   23029       2.2101
   23030       2.1981
   23031       2.2807
   23032       2.2735
   23033       2.2883
   23034       2.2895
   23035       2.3943
   23036       2.3185
   23037       2.3999
   23038       2.2973
   23039       2.3192
   23040       2.2667
   23041       2.3168
   23042       2.3384
   23043       2.3487
   23044       2.4438
   23045       2.4083
   23046       2.4482
   23047       2.4708
   23048       2.4709
   23049       2.5135
   23050       2.4020
   23051       2.3601
   23052       2.3542
   23053       2.3991
   23054       2.2912
   23055       2.3384
   23056       2.4628
   23057       2.4890
   23058       2.4879
   23059       2.5328
   23060       2.5515
   23061       2.5651
   23062       2.5450
   23063       2.3885
   23064       2.4039
   23065       2.4443
   23066       2.4449
   23067       2.4175
   23068       2.4642
   23069       2.4639
   23070       2.3963
   23071       2.4590
   23072       2.4282
   23073       2.4446
   23074       2.5251
   23075       2.5593
   23076       2.5505
   23077       2.4574
   23078       2.4037
   23079       2.4845
   23080       2.4664
   23081       2.4911
   23082       2.5324
   23083       2.5358
   23084       2.5293
   23085       2.5144
   23086       2.4887
   23087       2.5040
   23088       2.5396
   23089       2.4672
   23090       2.4327
   23091       2.4225
   23092       2.4305
   23093       2.5319
   23094       2.4825
   23095       2.4065
   23096       2.3737
   23097       2.3339
   23098       2.3573
   23099       2.3703
   23100       2.4141
   23101       2.3737
   23102       2.3556
   23103       2.3826
   23104       2.3084
   23105       2.3078
   23106       2.2915
   23107       2.2232
   23108       2.2273
   23109       2.2801
   23110       2.2469
   23111       2.2274
   23112       2.2111
   23113       2.2355
   23114       2.1952
   23115       2.2186
   23116       2.1775
   23117       2.2357
   23118       2.2311
   23119       2.2852
   23120       2.2371
   23121       2.2828
   23122       2.2457
   23123       2.2346
   23124       2.2510
   23125       2.2850
   23126       2.2474
   23127       2.2814
   23128       2.2414
   23129       2.2139
   23130       2.3040
   23131       2.3051
   23132       2.2555
   23133       2.2775
   23134       2.1811
   23135       2.2761
   23136       2.2758
   23137       2.2212
   23138       2.2225
   23139       2.2724
   23140       2.2994
   23141       2.2819
   23142       2.2529
   23143       2.2003
   23144       2.2554
   23145       2.2658
   23146       2.2181
   23147       2.2696
   23148       2.2396
   23149       2.1967
   23150       2.3069
   23151       2.1774
   23152       2.2537
   23153       2.2659
   23154       2.1777
   23155       2.1923
   23156       2.2424
   23157       2.1680
   23158       2.1466
   23159       2.2226
   23160       2.1873
   23161       2.2288
   23162       2.2471
   23163       2.2492
   23164       2.2385
   23165       2.1710
   23166       2.1731
   23167       2.1975
   23168       2.1445
   23169       2.0788
   23170       2.0398
   23171       2.0352
   23172       2.0165
   23173       2.0593
   23174       2.0471
   23175       2.0469
   23176       2.0493
   23177       2.0662
   23178       2.0435
   23179       2.0026
   23180       2.0387
   23181       2.0208
   23182       2.0429
   23183       2.1007
   23184       2.0288
   23185       2.1046
   23186       2.1352
   23187       2.1388
   23188       2.1118
   23189       2.1366
   23190       2.0924
   23191       2.1136
   23192       2.1753
   23193       2.1823
   23194       2.1909
   23195       2.1639
   23196       2.1344
   23197       2.1027
   23198       2.0897
   23199       2.0371
   23200       2.0808
   23201       2.1539
   23202       2.1747
   23203       2.1627
   23204       2.0966
   23205       2.1262
   23206       2.1652
   23207       2.2015
   23208       2.1654
   23209       2.1450
   23210       2.2074
   23211       2.2512
   23212       2.2446
   23213       2.1969
   23214       2.3191
   23215       2.2394
   23216       2.2946
   23217       2.2022
   23218       2.2713
   23219       2.3002
   23220       2.2806
   23221       2.2822
   23222       2.2407
   23223       2.1950
   23224       2.1956
   23225       2.1921
   23226       2.2454
   23227       2.2784
   23228       2.3478
   23229       2.2670
   23230       2.2966
   23231       2.2929
   23232       2.3373
   23233       2.3150
   23234       2.2325
   23235       2.2723
   23236       2.2640
   23237       2.2391
   23238       2.2967
   23239       2.2962
   23240       2.3112
   23241       2.3158
   23242       2.3256
   23243       2.3454
   23244       2.3312
   23245       2.3213
   23246       2.3275
   23247       2.3562
   23248       2.3288
   23249       2.4057
   23250       2.3397
   23251       2.3077
   23252       2.3321
   23253       2.4338
   23254       2.4104
   23255       2.2808
   23256       2.4104
   23257       2.3452
   23258       2.3460
   23259       2.4275
   23260       2.4267
   23261       2.4344
   23262       2.3886
   23263       2.3432
   23264       2.3128
   23265       2.3549
   23266       2.3365
   23267       2.2827
   23268       2.3518
   23269       2.3736
   23270       2.3372
   23271       2.2827
   23272       2.3445
   23273       2.3277
   23274       2.3466
   23275       2.3285
   23276       2.3140
   23277       2.1945
   23278       2.2402
   23279       2.2707
   23280       2.3054
   23281       2.3275
   23282       2.2739
   23283       2.2288
   23284       2.2158
   23285       2.2339
   23286       2.2414
   23287       2.2105
   23288       2.2360
   23289       2.2851
   23290       2.2546
   23291       2.3091
   23292       2.2441
   23293       2.2449
   23294       2.2847
   23295       2.3018
   23296       2.3012
   23297       2.2799
   23298       2.3103
   23299       2.3231
   23300       2.2479
   23301       2.3557
   23302       2.4098
   23303       2.3354
   23304       2.3905
   23305       2.4025
   23306       2.4146
   23307       2.4137
   23308       2.3379
   23309       2.3116
   23310       2.2670
   23311       2.2892
   23312       2.3734
   23313       2.3216
   23314       2.3345
   23315       2.3504
   23316       2.2956
   23317       2.3529
   23318       2.3616
   23319       2.3121
   23320       2.2546
   23321       2.2527
   23322       2.2039
   23323       2.1487
   23324       2.1801
   23325       2.1627
   23326       2.1399
   23327       2.2218
   23328       2.2469
   23329       2.2402
   23330       2.1982
   23331       2.2663
   23332       2.2501
   23333       2.2173
   23334       2.2752
   23335       2.1855
   23336       2.2579
   23337       2.2524
   23338       2.2630
   23339       2.2995
   23340       2.3362
   23341       2.2305
   23342       2.1974
   23343       2.1969
   23344       2.2038
   23345       2.3148
   23346       2.2558
   23347       2.3004
   23348       2.2170
   23349       2.2609
   23350       2.2158
   23351       2.1979
   23352       2.2680
   23353       2.3219
   23354       2.4113
   23355       2.4116
   23356       2.4430
   23357       2.4340
   23358       2.4459
   23359       2.3846
   23360       2.5044
   23361       2.4844
   23362       2.4816
   23363       2.4100
   23364       2.4869
   23365       2.4070
   23366       2.4416
   23367       2.4461
   23368       2.3865
   23369       2.3916
   23370       2.3077
   23371       2.3179
   23372       2.3545
   23373       2.4199
   23374       2.3774
   23375       2.3432
   23376       2.3962
   23377       2.3064
   23378       2.3429
   23379       2.4140
   23380       2.4152
   23381       2.4142
   23382       2.3487
   23383       2.2820
   23384       2.2296
   23385       2.3185
   23386       2.2801
   23387       2.2767
   23388       2.3132
   23389       2.3166
   23390       2.3065
   23391       2.3389
   23392       2.3164
   23393       2.3106
   23394       2.2502
   23395       2.2677
   23396       2.2936
   23397       2.3561
   23398       2.3923
   23399       2.3581
   23400       2.3332
   23401       2.2444
   23402       2.2900
   23403       2.3429
   23404       2.3264
   23405       2.2819
   23406       2.3075
   23407       2.2354
   23408       2.1885
   23409       2.2246
   23410       2.2626
   23411       2.2570
   23412       2.3224
   23413       2.2858
   23414       2.2772
   23415       2.2572
   23416       2.2431
   23417       2.2180
   23418       2.2260
   23419       2.2306
   23420       2.2574
   23421       2.3060
   23422       2.2828
   23423       2.1966
   23424       2.1466
   23425       2.1228
   23426       2.1463
   23427       2.1710
   23428       2.1496
   23429       2.1664
   23430       2.1350
   23431       2.1811
   23432       2.1168
   23433       2.2303
   23434       2.1977
   23435       2.1796
   23436       2.1747
   23437       2.1508
   23438       2.1587
   23439       2.1433
   23440       2.1489
   23441       2.1413
   23442       2.1120
   23443       2.1355
   23444       2.1238
   23445       2.0604
   23446       2.1006
   23447       2.1449
   23448       2.1049
   23449       2.1137
   23450       2.1388
   23451       2.0913
   23452       2.1129
   23453       2.0802
   23454       2.0393
   23455       2.0362
   23456       2.0700
   23457       1.9973
   23458       2.0431
   23459       2.1232
   23460       2.0973
   23461       2.0938
   23462       2.0442
   23463       2.0438
   23464       2.0549
   23465       2.0713
   23466       2.1225
   23467       2.0651
   23468       2.0843
   23469       2.0830
   23470       2.1123
   23471       2.1782
   23472       2.1969
   23473       2.2687
   23474       2.2403
   23475       2.2576
   23476       2.2781
   23477       2.3256
   23478       2.2975
   23479       2.2451
   23480       2.2676
   23481       2.2925
   23482       2.2699
   23483       2.2307
   23484       2.2229
   23485       2.2086
   23486       2.2479
   23487       2.2467
   23488       2.3234
   23489       2.2551
   23490       2.2740
   23491       2.2443
   23492       2.2286
   23493       2.2475
   23494       2.2505
   23495       2.2723
   23496       2.2377
   23497       2.2540
   23498       2.3411
   23499       2.2830
   23500       2.3008
   23501       2.2871
   23502       2.3345
   23503       2.2475
   23504       2.2872
   23505       2.1721
   23506       2.1866
   23507       2.1672
   23508       2.2060
   23509       2.1304
   23510       2.1965
   23511       2.2229
   23512       2.2241
   23513       2.2681
   23514       2.2417
   23515       2.2157
   23516       2.2107
   23517       2.2594
   23518       2.2753
   23519       2.2336
   23520       2.2613
   23521       2.2157
   23522       2.2240
   23523       2.3251
   23524       2.3021
   23525       2.3080
   23526       2.2946
   23527       2.3243
   23528       2.2411
   23529       2.2201
   23530       2.2306
   23531       2.2177
   23532       2.2667
   23533       2.2284
   23534       2.2557
   23535       2.2019
   23536       2.1911
   23537       2.2346
   23538       2.2100
   23539       2.2441
   23540       2.1981
   23541       2.2274
   23542       2.2164
   23543       2.1807
   23544       2.2248
   23545       2.2141
   23546       2.1905
   23547       2.2743
   23548       2.2738
   23549       2.2419
   23550       2.2678
   23551       2.2154
   23552       2.2493
   23553       2.3620
   23554       2.2656
   23555       2.2593
   23556       2.2470
   23557       2.2444
   23558       2.3409
   23559       2.3467
   23560       2.2864
   23561       2.3006
   23562       2.3458
   23563       2.3119
   23564       2.3386
   23565       2.2875
   23566       2.2565
   23567       2.2097
   23568       2.2079
   23569       2.2611
   23570       2.2592
   23571       2.3106
   23572       2.3360
   23573       2.2576
   23574       2.2060
   23575       2.3114
   23576       2.2879
   23577       2.3577
   23578       2.2646
   23579       2.2823
   23580       2.2474
   23581       2.2952
   23582       2.2102
   23583       2.2621
   23584       2.2743
   23585       2.2748
   23586       2.2431
   23587       2.2081
   23588       2.1567
   23589       2.1068
   23590       2.1522
   23591       2.1972
   23592       2.2708
   23593       2.2488
   23594       2.1979
   23595       2.1943
   23596       2.2132
   23597       2.1982
   23598       2.2093
   23599       2.2176
   23600       2.2384
   23601       2.2310
   23602       2.2210
   23603       2.2117
   23604       2.1980
   23605       2.1531
   23606       2.2384
   23607       2.1802
   23608       2.3006
   23609       2.2388
   23610       2.2510
   23611       2.2081
   23612       2.2153
   23613       2.1744
   23614       2.1885
   23615       2.3086
   23616       2.3583
   23617       2.3280
   23618       2.3490
   23619       2.3646
   23620       2.4224
   23621       2.3545
   23622       2.3885
   23623       2.3976
   23624       2.3490
   23625       2.4495
   23626       2.3514
   23627       2.3573
   23628       2.4257
   23629       2.3617
   23630       2.3852
   23631       2.2548
   23632       2.2993
   23633       2.2996
   23634       2.3575
   23635       2.3534
   23636       2.3220
   23637       2.3054
   23638       2.3483
   23639       2.3361
   23640       2.2975
   23641       2.3075
   23642       2.3023
   23643       2.3354
   23644       2.3837
   23645       2.3975
   23646       2.3625
   23647       2.4089
   23648       2.3080
   23649       2.3494
   23650       2.3612
   23651       2.3655
   23652       2.3787
   23653       2.3474
   23654       2.3960
   23655       2.3635
   23656       2.3425
   23657       2.3594
   23658       2.3657
   23659       2.4317
   23660       2.3377
   23661       2.4755
   23662       2.4768
   23663       2.5231
   23664       2.4669
   23665       2.5472
   23666       2.5408
   23667       2.5097
   23668       2.4060
   23669       2.3809
   23670       2.3218
   23671       2.3261
   23672       2.4050
   23673       2.4480
   23674       2.3914
   23675       2.4536
   23676       2.3689
   23677       2.3683
   23678       2.3435
   23679       2.3226
   23680       2.3181
   23681       2.3357
   23682       2.3975
   23683       2.3875
   23684       2.4253
   23685       2.4321
   23686       2.4022
   23687       2.3132
   23688       2.3454
   23689       2.3970
   23690       2.3356
   23691       2.3180
   23692       2.3734
   23693       2.4242
   23694       2.4198
   23695       2.4174
   23696       2.4484
   23697       2.4319
   23698       2.4661
   23699       2.3908
   23700       2.3122
   23701       2.3604
   23702       2.2426
   23703       2.3511
   23704       2.3858
   23705       2.4097
   23706       2.4428
   23707       2.3821
   23708       2.4197
   23709       2.3991
   23710       2.3899
   23711       2.3560
   23712       2.3592
   23713       2.3896
   23714       2.4508
   23715       2.4671
   23716       2.4674
   23717       2.4787
   23718       2.4468
   23719       2.5461
   23720       2.4583
   23721       2.5056
   23722       2.4769
   23723       2.4802
   23724       2.4600
   23725       2.5157
   23726       2.4819
   23727       2.5006
   23728       2.4648
   23729       2.4972
   23730       2.5587
   23731       2.6198
   23732       2.5684
   23733       2.5138
   23734       2.5550
   23735       2.5689
   23736       2.5455
   23737       2.5967
   23738       2.4844
   23739       2.5524
   23740       2.4821
   23741       2.5712
   23742       2.5361
   23743       2.5450
   23744       2.5247
   23745       2.6322
   23746       2.6969
   23747       2.6650
   23748       2.7343
   23749       2.6967
   23750       2.6477
   23751       2.5971
   23752       2.6681
   23753       2.6260
   23754       2.5368
   23755       2.5255
   23756       2.4615
   23757       2.4557
   23758       2.4795
   23759       2.5075
   23760       2.5361
   23761       2.5358
   23762       2.5542
   23763       2.4895
   23764       2.5047
   23765       2.4907
   23766       2.4558
   23767       2.4394
   23768       2.4370
   23769       2.3677
   23770       2.4325
   23771       2.4648
   23772       2.3909
   23773       2.4663
   23774       2.4699
   23775       2.5069
   23776       2.5298
   23777       2.4993
   23778       2.4464
   23779       2.4985
   23780       2.5537
   23781       2.5451
   23782       2.5336
   23783       2.5709
   23784       2.5791
   23785       2.5925
   23786       2.5401
   23787       2.6463
   23788       2.5798
   23789       2.6255
   23790       2.6279
   23791       2.6113
   23792       2.6119
   23793       2.5738
   23794       2.5692
   23795       2.5255
   23796       2.5198
   23797       2.5674
   23798       2.5329
   23799       2.5630
   23800       2.5701
   23801       2.5314
   23802       2.4745
   23803       2.4942
   23804       2.5543
   23805       2.5349
   23806       2.4720
   23807       2.5643
   23808       2.4901
   23809       2.5368
   23810       2.4849
   23811       2.4364
   23812       2.4420
   23813       2.4448
   23814       2.4737
   23815       2.4830
   23816       2.4652
   23817       2.4787
   23818       2.5065
   23819       2.5043
   23820       2.4887
   23821       2.4705
   23822       2.4705
   23823       2.4527
   23824       2.4160
   23825       2.4501
   23826       2.4970
   23827       2.6160
   23828       2.5468
   23829       2.5381
   23830       2.5702
   23831       2.5506
   23832       2.4702
   23833       2.5489
   23834       2.4472
   23835       2.5182
   23836       2.5232
   23837       2.5018
   23838       2.4736
   23839       2.4729
   23840       2.5383
   23841       2.5616
   23842       2.6522
   23843       2.6030
   23844       2.6244
   23845       2.6229
   23846       2.6375
   23847       2.5215
   23848       2.5911
   23849       2.5431
   23850       2.6545
   23851       2.5774
   23852       2.6047
   23853       2.6148
   23854       2.6365
   23855       2.6785
   23856       2.6805
   23857       2.6285
   23858       2.6359
   23859       2.5643
   23860       2.5610
   23861       2.5328
   23862       2.5259
   23863       2.5822
   23864       2.5769
   23865       2.6280
   23866       2.6261
   23867       2.6659
   23868       2.5875
   23869       2.6370
   23870       2.5754
   23871       2.5878
   23872       2.6619
   23873       2.6148
   23874       2.6670
   23875       2.6420
   23876       2.6143
   23877       2.6357
   23878       2.5751
   23879       2.6068
   23880       2.6404
   23881       2.7430
   23882       2.7458
   23883       2.6753
   23884       2.7129
   23885       2.7144
   23886       2.6756
   23887       2.6706
   23888       2.6361
   23889       2.5545
   23890       2.6144
   23891       2.5402
   23892       2.5832
   23893       2.5688
   23894       2.5534
   23895       2.5549
   23896       2.4841
   23897       2.5983
   23898       2.5499
   23899       2.5858
   23900       2.4788
   23901       2.3991
   23902       2.4284
   23903       2.4172
   23904       2.4339
   23905       2.4273
   23906       2.3846
   23907       2.3062
   23908       2.4052
   23909       2.3760
   23910       2.3870
   23911       2.3833
   23912       2.3627
   23913       2.4337
   23914       2.5417
   23915       2.5348
   23916       2.4943
   23917       2.4945
   23918       2.4621
   23919       2.4417
   23920       2.4600
   23921       2.3520
   23922       2.4477
   23923       2.3982
   23924       2.4412
   23925       2.3704
   23926       2.4184
   23927       2.4600
   23928       2.4703
   23929       2.5246
   23930       2.5366
   23931       2.5362
   23932       2.5801
   23933       2.5112
   23934       2.5291
   23935       2.4469
   23936       2.4371
   23937       2.3538
   23938       2.3690
   23939       2.4339
   23940       2.4244
   23941       2.4829
   23942       2.4993
   23943       2.5641
   23944       2.4826
   23945       2.5359
   23946       2.4523
   23947       2.5066
   23948       2.4198
   23949       2.4992
   23950       2.4573
   23951       2.4936
   23952       2.5195
   23953       2.5417
   23954       2.5605
   23955       2.5246
   23956       2.4501
   23957       2.4930
   23958       2.4304
   23959       2.4316
   23960       2.5280
   23961       2.5107
   23962       2.5063
   23963       2.5486
   23964       2.5404
   23965       2.5320
   23966       2.6029
   23967       2.5352
   23968       2.4855
   23969       2.5298
   23970       2.5034
   23971       2.5679
   23972       2.5210
   23973       2.5071
   23974       2.5579
   23975       2.5771
   23976       2.4659
   23977       2.4971
   23978       2.5129
   23979       2.5823
   23980       2.5650
   23981       2.5195
   23982       2.5707
   23983       2.5378
   23984       2.5529
   23985       2.5309
   23986       2.5973
   23987       2.5938
   23988       2.5297
   23989       2.5171
   23990       2.5494
   23991       2.5574
   23992       2.5137
   23993       2.5393
   23994       2.5590
   23995       2.4942
   23996       2.5253
   23997       2.5595
   23998       2.4750
   23999       2.4938
   24000       2.5173
   24001       2.4900
   24002       2.5197
   24003       2.5646
   24004       2.6331
   24005       2.6622
   24006       2.6217
   24007       2.6353
   24008       2.5527
   24009       2.5386
   24010       2.5150
   24011       2.5792
   24012       2.5349
   24013       2.5738
   24014       2.5913
   24015       2.5760
   24016       2.5391
   24017       2.5199
   24018       2.5013
   24019       2.5282
   24020       2.5132
   24021       2.5635
   24022       2.5777
   24023       2.5039
   24024       2.5483
   24025       2.5837
   24026       2.6122
   24027       2.6039
   24028       2.6255
   24029       2.5888
   24030       2.5820
   24031       2.5784
   24032       2.5862
   24033       2.6608
   24034       2.6025
   24035       2.5871
   24036       2.5734
   24037       2.6018
   24038       2.6774
   24039       2.6990
   24040       2.6128
   24041       2.6550
   24042       2.7210
   24043       2.6698
   24044       2.6666
   24045       2.7674
   24046       2.7327
   24047       2.6658
   24048       2.6842
   24049       2.7462
   24050       2.7673
   24051       2.7565
   24052       2.7032
   24053       2.7789
   24054       2.7151
   24055       2.7004
   24056       2.7271
   24057       2.7766
   24058       2.7129
   24059       2.7319
   24060       2.7360
   24061       2.6352
   24062       2.5973
   24063       2.6186
   24064       2.6007
   24065       2.5789
   24066       2.6587
   24067       2.6379
   24068       2.6234
   24069       2.6264
   24070       2.6172
   24071       2.5953
   24072       2.5824
   24073       2.5496
   24074       2.5836
   24075       2.6237
   24076       2.6047
   24077       2.7348
   24078       2.7778
   24079       2.7539
   24080       2.7466
   24081       2.7753
   24082       2.8347
   24083       2.7886
   24084       2.7919
   24085       2.7420
   24086       2.8481
   24087       2.8182
   24088       2.7672
   24089       2.8236
   24090       2.7675
   24091       2.6907
   24092       2.7400
   24093       2.7060
   24094       2.6552
   24095       2.6154
   24096       2.6974
   24097       2.6311
   24098       2.6384
   24099       2.6964
   24100       2.6638
   24101       2.6801
   24102       2.6855
   24103       2.6672
   24104       2.6012
   24105       2.6454
   24106       2.7133
   24107       2.6213
   24108       2.6492
   24109       2.6885
   24110       2.6931
   24111       2.6450
   24112       2.6295
   24113       2.5710
   24114       2.6553
   24115       2.5854
   24116       2.6304
   24117       2.6001
   24118       2.6656
   24119       2.5317
   24120       2.5579
   24121       2.5718
   24122       2.5657
   24123       2.5793
   24124       2.5650
   24125       2.6489
   24126       2.6407
   24127       2.7023
   24128       2.6749
   24129       2.6917
   24130       2.7568
   24131       2.7100
   24132       2.6785
   24133       2.6885
   24134       2.7218
   24135       2.6971
   24136       2.6866
   24137       2.6475
   24138       2.7511
   24139       2.7893
   24140       2.7729
   24141       2.7260
   24142       2.7121
   24143       2.7020
   24144       2.7709
   24145       2.7200
   24146       2.6766
   24147       2.6614
   24148       2.6705
   24149       2.7085
   24150       2.6616
   24151       2.6293
   24152       2.5857
   24153       2.6205
   24154       2.6346
   24155       2.6928
   24156       2.7404
   24157       2.6737
   24158       2.7224
   24159       2.7046
   24160       2.7608
   24161       2.8018
   24162       2.8104
   24163       2.7356
   24164       2.6590
   24165       2.6668
   24166       2.6847
   24167       2.6339
   24168       2.6693
   24169       2.6194
   24170       2.6316
   24171       2.6040
   24172       2.6725
   24173       2.5646
   24174       2.6527
   24175       2.6595
   24176       2.7651
   24177       2.6794
   24178       2.7431
   24179       2.6575
   24180       2.6330
   24181       2.6283
   24182       2.5625
   24183       2.5247
   24184       2.5164
   24185       2.5211
   24186       2.5182
   24187       2.5709
   24188       2.5765
   24189       2.5717
   24190       2.5664
   24191       2.5395
   24192       2.5587
   24193       2.5871
   24194       2.5642
   24195       2.5403
   24196       2.5838
   24197       2.6221
   24198       2.6398
   24199       2.6774
   24200       2.6190
   24201       2.5928
   24202       2.5861
   24203       2.6051
   24204       2.5938
   24205       2.6351
   24206       2.6331
   24207       2.6817
   24208       2.6912
   24209       2.6309
   24210       2.5997
   24211       2.5621
   24212       2.4681
   24213       2.5820
   24214       2.6487
   24215       2.6584
   24216       2.6960
   24217       2.6692
   24218       2.6326
   24219       2.6388
   24220       2.6707
   24221       2.5787
   24222       2.6366
   24223       2.6663
   24224       2.6986
   24225       2.7841
   24226       2.8711
   24227       2.9309
   24228       2.9223
   24229       2.9889
   24230       2.9140
   24231       2.9701
   24232       2.9713
   24233       2.8702
   24234       2.8739
   24235       2.8735
   24236       2.8325
   24237       2.8654
   24238       2.7994
   24239       2.8018
   24240       2.7690
   24241       2.7774
   24242       2.7395
   24243       2.7804
   24244       2.7233
   24245       2.7815
   24246       2.7616
   24247       2.7007
   24248       2.6229
   24249       2.6574
   24250       2.6930
   24251       2.6983
   24252       2.7220
   24253       2.6828
   24254       2.6612
   24255       2.6695
   24256       2.7069
   24257       2.7504
   24258       2.6393
   24259       2.7178
   24260       2.6956
   24261       2.6167
   24262       2.5604
   24263       2.5556
   24264       2.6087
   24265       2.5894
   24266       2.6538
   24267       2.7053
   24268       2.6342
   24269       2.5952
   24270       2.6551
   24271       2.5614
   24272       2.5471
   24273       2.4576
   24274       2.4531
   24275       2.3962
   24276       2.4269
   24277       2.4142
   24278       2.3960
   24279       2.3581
   24280       2.4514
   24281       2.3913
   24282       2.4513
   24283       2.4459
   24284       2.4181
   24285       2.4417
   24286       2.4865
   24287       2.4775
   24288       2.5084
   24289       2.3911
   24290       2.4663
   24291       2.4753
   24292       2.4270
   24293       2.4536
   24294       2.4776
   24295       2.5220
   24296       2.4448
   24297       2.4569
   24298       2.3866
   24299       2.3964
   24300       2.4494
   24301       2.4352
   24302       2.3999
   24303       2.4203
   24304       2.4619
   24305       2.4810
   24306       2.4189
   24307       2.4123
   24308       2.4299
   24309       2.4266
   24310       2.4936
   24311       2.5179
   24312       2.4757
   24313       2.4771
   24314       2.4738
   24315       2.4548
   24316       2.4188
   24317       2.5500
   24318       2.5102
   24319       2.6547
   24320       2.6321
   24321       2.6497
   24322       2.5864
   24323       2.5097
   24324       2.4728
   24325       2.4766
   24326       2.4096
   24327       2.4589
   24328       2.4006
   24329       2.3841
   24330       2.4265
   24331       2.4240
   24332       2.4778
   24333       2.4292
   24334       2.3903
   24335       2.4451
   24336       2.4915
   24337       2.4807
   24338       2.5348
   24339       2.4713
   24340       2.4986
   24341       2.4595
   24342       2.4621
   24343       2.5116
   24344       2.5245
   24345       2.4691
   24346       2.4146
   24347       2.4225
   24348       2.4017
   24349       2.3533
   24350       2.3857
   24351       2.3135
   24352       2.3160
   24353       2.3357
   24354       2.4625
   24355       2.4577
   24356       2.4708
   24357       2.5849
   24358       2.5380
   24359       2.6008
   24360       2.5895
   24361       2.5482
   24362       2.5913
   24363       2.5180
   24364       2.5173
   24365       2.4995
   24366       2.5495
   24367       2.5264
   24368       2.5315
   24369       2.4804
   24370       2.5787
   24371       2.4632
   24372       2.5051
   24373       2.4876
   24374       2.5195
   24375       2.5063
   24376       2.5198
   24377       2.5236
   24378       2.4214
   24379       2.3867
   24380       2.3034
   24381       2.3681
   24382       2.3845
   24383       2.3842
   24384       2.3716
   24385       2.4582
   24386       2.4522
   24387       2.4087
   24388       2.4536
   24389       2.4679
   24390       2.4449
   24391       2.4323
   24392       2.4964
   24393       2.4851
   24394       2.4543
   24395       2.4026
   24396       2.4852
   24397       2.4560
   24398       2.4063
   24399       2.3725
   24400       2.4546
   24401       2.3233
   24402       2.3102
   24403       2.3725
   24404       2.4607
   24405       2.4010
   24406       2.3965
   24407       2.3924
   24408       2.3430
   24409       2.4885
   24410       2.3598
   24411       2.2848
   24412       2.3211
   24413       2.3216
   24414       2.3033
   24415       2.3227
   24416       2.4234
   24417       2.3497
   24418       2.3298
   24419       2.3534
   24420       2.3322
   24421       2.3518
   24422       2.3257
   24423       2.3225
   24424       2.3688
   24425       2.4572
   24426       2.4107
   24427       2.3057
   24428       2.3436
   24429       2.2979
   24430       2.3268
   24431       2.3315
   24432       2.3300
   24433       2.3527
   24434       2.3484
   24435       2.3441
   24436       2.3316
   24437       2.3412
   24438       2.3364
   24439       2.3498
   24440       2.2849
   24441       2.3722
   24442       2.3805
   24443       2.3591
   24444       2.3088
   24445       2.2989
   24446       2.2744
   24447       2.3027
   24448       2.3525
   24449       2.3092
   24450       2.3312
   24451       2.2226
   24452       2.2505
   24453       2.2782
   24454       2.2585
   24455       2.2745
   24456       2.3389
   24457       2.2697
   24458       2.3578
   24459       2.4319
   24460       2.3685
   24461       2.3353
   24462       2.3571
   24463       2.3485
   24464       2.2934
   24465       2.3227
   24466       2.3495
   24467       2.4453
   24468       2.3920
   24469       2.3721
   24470       2.3453
   24471       2.3087
   24472       2.3331
   24473       2.3194
   24474       2.3075
   24475       2.3133
   24476       2.4565
   24477       2.4282
   24478       2.2946
   24479       2.3481
   24480       2.3703
   24481       2.3554
   24482       2.4087
   24483       2.4161
   24484       2.3257
   24485       2.3992
   24486       2.2996
   24487       2.3470
   24488       2.3772
   24489       2.3330
   24490       2.3742
   24491       2.3600
   24492       2.2818
   24493       2.2872
   24494       2.2657
   24495       2.2255
   24496       2.2101
   24497       2.2740
   24498       2.2923
   24499       2.2235
   24500       2.1881
   24501       2.1707
   24502       2.1133
   24503       2.1179
   24504       2.1013
   24505       2.0564
   24506       2.2211
   24507       2.1970
   24508       2.2202
   24509       2.2342
   24510       2.2427
   24511       2.2659
   24512       2.3209
   24513       2.2937
   24514       2.3142
   24515       2.2856
   24516       2.3062
   24517       2.2798
   24518       2.3063
   24519       2.2643
   24520       2.3427
   24521       2.3134
   24522       2.3373
   24523       2.3215
   24524       2.2874
   24525       2.2579
   24526       2.3104
   24527       2.3195
   24528       2.2286
   24529       2.1852
   24530       2.2225
   24531       2.2059
   24532       2.2131
   24533       2.2521
   24534       2.2894
   24535       2.2585
   24536       2.3087
   24537       2.3697
   24538       2.3807
   24539       2.4209
   24540       2.4659
   24541       2.4819
   24542       2.4248
   24543       2.3222
   24544       2.3443
   24545       2.3156
   24546       2.3507
   24547       2.3436
   24548       2.3831
   24549       2.4009
   24550       2.3917
   24551       2.3846
   24552       2.4596
   24553       2.4184
   24554       2.3036
   24555       2.4384
   24556       2.4195
   24557       2.4552
   24558       2.4242
   24559       2.4717
   24560       2.3770
   24561       2.4115
   24562       2.3893
   24563       2.4271
   24564       2.3361
   24565       2.3417
   24566       2.3443
   24567       2.3429
   24568       2.3881
   24569       2.4436
   24570       2.4010
   24571       2.3273
   24572       2.3501
   24573       2.3335
   24574       2.3441
   24575       2.3180
   24576       2.2706
   24577       2.2256
   24578       2.2410
   24579       2.2893
   24580       2.2500
   24581       2.2519
   24582       2.2425
   24583       2.2429
   24584       2.2639
   24585       2.2868
   24586       2.2679
   24587       2.2360
   24588       2.2443
   24589       2.2391
   24590       2.2910
   24591       2.3627
   24592       2.3550
   24593       2.3149
   24594       2.3230
   24595       2.3896
   24596       2.3325
   24597       2.3837
   24598       2.3401
   24599       2.4147
   24600       2.3361
   24601       2.3899
   24602       2.3066
   24603       2.4176
   24604       2.4756
   24605       2.4645
   24606       2.4521
   24607       2.4733
   24608       2.3826
   24609       2.4061
   24610       2.3757
   24611       2.4128
   24612       2.3885
   24613       2.3968
   24614       2.4353
   24615       2.4087
   24616       2.4354
   24617       2.4848
   24618       2.4367
   24619       2.4371
   24620       2.4605
   24621       2.4995
   24622       2.4547
   24623       2.4202
   24624       2.3716
   24625       2.3438
   24626       2.3800
   24627       2.4471
   24628       2.4041
   24629       2.3858
   24630       2.3987
   24631       2.3493
   24632       2.3323
   24633       2.2378
   24634       2.2670
   24635       2.2507
   24636       2.2877
   24637       2.3196
   24638       2.3728
   24639       2.3928
   24640       2.3849
   24641       2.4553
   24642       2.3604
   24643       2.4199
   24644       2.3932
   24645       2.4163
   24646       2.3998
   24647       2.4308
   24648       2.4152
   24649       2.3462
   24650       2.3540
   24651       2.3382
   24652       2.3316
   24653       2.3417
   24654       2.4290
   24655       2.3780
   24656       2.4199
   24657       2.3965
   24658       2.3771
   24659       2.3703
   24660       2.3968
   24661       2.3752
   24662       2.3263
   24663       2.3685
   24664       2.2848
   24665       2.2425
   24666       2.2845
   24667       2.3315
   24668       2.3502
   24669       2.2730
   24670       2.2743
   24671       2.2268
   24672       2.2515
   24673       2.3360
   24674       2.3647
   24675       2.2731
   24676       2.2143
   24677       2.3068
   24678       2.3200
   24679       2.3312
   24680       2.3257
   24681       2.4226
   24682       2.4227
   24683       2.3926
   24684       2.4510
   24685       2.4830
   24686       2.4760
   24687       2.4957
   24688       2.5399
   24689       2.5556
   24690       2.4825
   24691       2.4333
   24692       2.4588
   24693       2.4891
   24694       2.4504
   24695       2.4404
   24696       2.4019
   24697       2.3725
   24698       2.3909
   24699       2.3803
   24700       2.3169
   24701       2.3206
   24702       2.3422
   24703       2.3137
   24704       2.3090
   24705       2.3530
   24706       2.2602
   24707       2.2645
   24708       2.2470
   24709       2.3147
   24710       2.3033
   24711       2.3289
   24712       2.3757
   24713       2.3181
   24714       2.3245
   24715       2.2522
   24716       2.2863
   24717       2.3027
   24718       2.3427
   24719       2.3028
   24720       2.2986
   24721       2.2818
   24722       2.3351
   24723       2.2937
   24724       2.3008
   24725       2.2889
   24726       2.2925
   24727       2.2151
   24728       2.2745
   24729       2.2211
   24730       2.2333
   24731       2.3298
   24732       2.2847
   24733       2.2433
   24734       2.2629
   24735       2.2856
   24736       2.2716
   24737       2.1982
   24738       2.2056
   24739       2.2025
   24740       2.2220
   24741       2.2175
   24742       2.1843
   24743       2.1403
   24744       2.1539
   24745       2.1844
   24746       2.1781
   24747       2.1450
   24748       2.2014
   24749       2.1614
   24750       2.2119
   24751       2.2461
   24752       2.2234
   24753       2.2178
   24754       2.2336
   24755       2.1973
   24756       2.2348
   24757       2.2267
   24758       2.2176
   24759       2.1937
   24760       2.1843
   24761       2.1768
   24762       2.2758
   24763       2.2760
   24764       2.3336
   24765       2.3133
   24766       2.2823
   24767       2.3631
   24768       2.3296
   24769       2.3330
   24770       2.3116
   24771       2.3137
   24772       2.3332
   24773       2.3306
   24774       2.3534
   24775       2.3714
   24776       2.3253
   24777       2.3532
   24778       2.3062
   24779       2.3099
   24780       2.3454
   24781       2.3505
   24782       2.3645
   24783       2.3568
   24784       2.3531
   24785       2.2697
   24786       2.2561
   24787       2.2991
   24788       2.2818
   24789       2.3993
   24790       2.3550
   24791       2.3126
   24792       2.3440
   24793       2.3274
   24794       2.3832
   24795       2.3271
   24796       2.3415
   24797       2.4131
   24798       2.4648
   24799       2.4852
   24800       2.3891
   24801       2.4141
   24802       2.3668
   24803       2.3092
   24804       2.3277
   24805       2.2927
   24806       2.3909
   24807       2.3685
   24808       2.3184
   24809       2.3607
   24810       2.3328
   24811       2.3011
   24812       2.2382
   24813       2.2389
   24814       2.2813
   24815       2.2125
   24816       2.3208
   24817       2.2988
   24818       2.3457
   24819       2.2671
   24820       2.3065
   24821       2.3113
   24822       2.3127
   24823       2.3634
   24824       2.3817
   24825       2.4029
   24826       2.3484
   24827       2.2708
   24828       2.3688
   24829       2.3391
   24830       2.3559
   24831       2.3326
   24832       2.3578
   24833       2.4123
   24834       2.3940
   24835       2.3776
   24836       2.3747
   24837       2.4001
   24838       2.3978
   24839       2.3747
   24840       2.4253
   24841       2.4528
   24842       2.4069
   24843       2.5414
   24844       2.4674
   24845       2.5195
   24846       2.5239
   24847       2.5670
   24848       2.5566
   24849       2.4234
   24850       2.4420
   24851       2.4439
   24852       2.4774
   24853       2.4456
   24854       2.4138
   24855       2.4254
   24856       2.4526
   24857       2.5005
   24858       2.4669
   24859       2.4609
   24860       2.5185
   24861       2.4191
   24862       2.4757
   24863       2.4432
   24864       2.4251
   24865       2.4551
   24866       2.4278
   24867       2.3305
   24868       2.4318
   24869       2.4534
   24870       2.4685
   24871       2.4442
   24872       2.4784
   24873       2.3962
   24874       2.4279
   24875       2.4715
   24876       2.4328
   24877       2.4420
   24878       2.4342
   24879       2.3724
   24880       2.2800
   24881       2.4101
   24882       2.3661
   24883       2.4269
   24884       2.4352
   24885       2.3954
   24886       2.4563
   24887       2.4329
   24888       2.4141
   24889       2.4353
   24890       2.4233
   24891       2.4042
   24892       2.3780
   24893       2.3958
   24894       2.4510
   24895       2.4448
   24896       2.4436
   24897       2.4048
   24898       2.4032
   24899       2.4066
   24900       2.5080
   24901       2.5039
   24902       2.5379
   24903       2.5136
   24904       2.4331
   24905       2.4431
   24906       2.4654
   24907       2.4355
   24908       2.4341
   24909       2.4688
   24910       2.5261
   24911       2.4653
   24912       2.4580
   24913       2.3925
   24914       2.3926
   24915       2.4628
   24916       2.3884
   24917       2.4767
   24918       2.4413
   24919       2.4601
   24920       2.5067
   24921       2.5075
   24922       2.4580
   24923       2.4191
   24924       2.4848
   24925       2.4213
   24926       2.4369
   24927       2.5074
   24928       2.4593
   24929       2.4369
   24930       2.5166
   24931       2.5035
   24932       2.4554
   24933       2.5471
   24934       2.5565
   24935       2.5354
   24936       2.5668
   24937       2.6402
   24938       2.6185
   24939       2.6508
   24940       2.5929
   24941       2.5732
   24942       2.5337
   24943       2.5397
   24944       2.5961
   24945       2.5415
   24946       2.5631
   24947       2.5227
   24948       2.5319
   24949       2.4757
   24950       2.4616
   24951       2.4620
   24952       2.5242
   24953       2.5207
   24954       2.4781
   24955       2.5258
   24956       2.4644
   24957       2.4856
   24958       2.4964
   24959       2.5362
   24960       2.5453
   24961       2.6127
   24962       2.5978
   24963       2.5494
   24964       2.5415
   24965       2.5056
   24966       2.5495
   24967       2.5012
   24968       2.5810
   24969       2.5290
   24970       2.6139
   24971       2.5526
   24972       2.5924
   24973       2.5955
   24974       2.5252
   24975       2.5808
   24976       2.6433
   24977       2.6256
   24978       2.6122
   24979       2.5588
   24980       2.5562
   24981       2.5401
   24982       2.5082
   24983       2.4846
   24984       2.4205
   24985       2.5349
   24986       2.5495
   24987       2.4714
   24988       2.5246
   24989       2.5229
   24990       2.5483
   24991       2.5714
   24992       2.5326
   24993       2.5547
   24994       2.6389
   24995       2.5971
   24996       2.5542
   24997       2.5194
   24998       2.5528
   24999       2.4642
   25000       2.5197
   25001       2.5216
   25002       2.5953
   25003       2.6072
   25004       2.5522
   25005       2.6658
   25006       2.6115
   25007       2.6383
   25008       2.7148
   25009       2.6297
   25010       2.6744
   25011       2.7012
   25012       2.6820
   25013       2.5926
   25014       2.5992
   25015       2.6242
   25016       2.6997
   25017       2.6906
   25018       2.7513
   25019       2.7829
   25020       2.7985
   25021       2.7539
   25022       2.6695
   25023       2.5977
   25024       2.6078
   25025       2.6320
   25026       2.5955
   25027       2.6951
   25028       2.5924
   25029       2.6020
   25030       2.5323
   25031       2.5007
   25032       2.4640
   25033       2.5179
   25034       2.4878
   25035       2.6266
   25036       2.6446
   25037       2.6665
   25038       2.6491
   25039       2.6638
   25040       2.6481
   25041       2.6975
   25042       2.7136
   25043       2.7444
   25044       2.6827
   25045       2.6945
   25046       2.6595
   25047       2.6363
   25048       2.6229
   25049       2.6810
   25050       2.6702
   25051       2.6167
   25052       2.6268
   25053       2.6763
   25054       2.6793
   25055       2.7155
   25056       2.7357
   25057       2.7397
   25058       2.8121
   25059       2.7340
   25060       2.6977
   25061       2.7344
   25062       2.7103
   25063       2.7101
   25064       2.6973
   25065       2.6704
   25066       2.6899
   25067       2.6771
   25068       2.6794
   25069       2.6619
   25070       2.6863
   25071       2.7107
   25072       2.6186
   25073       2.5800
   25074       2.6677
   25075       2.5537
   25076       2.5561
   25077       2.6066
   25078       2.6478
   25079       2.6806
   25080       2.5941
   25081       2.6733
   25082       2.7749
   25083       2.7091
   25084       2.6959
   25085       2.5784
   25086       2.5819
   25087       2.5686
   25088       2.5523
   25089       2.5529
   25090       2.5739
   25091       2.6327
   25092       2.5706
   25093       2.6252
   25094       2.6177
   25095       2.5636
   25096       2.5535
   25097       2.4698
   25098       2.4941
   25099       2.4450
   25100       2.4857
   25101       2.5284
   25102       2.4920
   25103       2.5842
   25104       2.5569
   25105       2.5199
   25106       2.4397
   25107       2.4644
   25108       2.4635
   25109       2.5301
   25110       2.5659
   25111       2.5662
   25112       2.5452
   25113       2.5979
   25114       2.6532
   25115       2.5805
   25116       2.6134
   25117       2.6007
   25118       2.5318
   25119       2.4584
   25120       2.4439
   25121       2.4706
   25122       2.4522
   25123       2.5239
   25124       2.5745
   25125       2.5881
   25126       2.5835
   25127       2.6103
   25128       2.5726
   25129       2.5328
   25130       2.5815
   25131       2.5968
   25132       2.6424
   25133       2.5859
   25134       2.6189
   25135       2.6813
   25136       2.6120
   25137       2.6555
   25138       2.6412
   25139       2.6292
   25140       2.5863
   25141       2.5498
   25142       2.5402
   25143       2.5837
   25144       2.6127
   25145       2.5822
   25146       2.5774
   25147       2.6844
   25148       2.6154
   25149       2.6093
   25150       2.6819
   25151       2.6624
   25152       2.6746
   25153       2.6518
   25154       2.6623
   25155       2.6260
   25156       2.5748
   25157       2.5779
   25158       2.5545
   25159       2.6409
   25160       2.6069
   25161       2.6579
   25162       2.6588
   25163       2.6177
   25164       2.5869
   25165       2.6455
   25166       2.6379
   25167       2.5238
   25168       2.5139
   25169       2.5602
   25170       2.5894
   25171       2.4933
   25172       2.5333
   25173       2.5526
   25174       2.6317
   25175       2.5421
   25176       2.5707
   25177       2.5799
   25178       2.5920
   25179       2.6370
   25180       2.5980
   25181       2.6249
   25182       2.6876
   25183       2.6602
   25184       2.6217
   25185       2.6225
   25186       2.5944
   25187       2.6158
   25188       2.5909
   25189       2.6786
   25190       2.6243
   25191       2.6174
   25192       2.5850
   25193       2.6157
   25194       2.6299
   25195       2.5607
   25196       2.5968
   25197       2.6242
   25198       2.5688
   25199       2.5816
   25200       2.5818
   25201       2.6065
   25202       2.5766
   25203       2.6417
   25204       2.6199
   25205       2.6561
   25206       2.6569
   25207       2.6665
   25208       2.6369
   25209       2.7628
   25210       2.7478
   25211       2.8050
   25212       2.8051
   25213       2.7024
   25214       2.7349
   25215       2.6946
   25216       2.6947
   25217       2.7346
   25218       2.6718
   25219       2.6856
   25220       2.7053
   25221       2.6873
   25222       2.7401
   25223       2.7702
   25224       2.7968
   25225       2.7851
   25226       2.7185
   25227       2.7410
   25228       2.6801
   25229       2.7975
   25230       2.7917
   25231       2.7878
   25232       2.7705
   25233       2.6986
   25234       2.7219
   25235       2.7414
   25236       2.7699
   25237       2.7592
   25238       2.8047
   25239       2.7305
   25240       2.7525
   25241       2.7806
   25242       2.7831
   25243       2.7921
   25244       2.7937
   25245       2.7544
   25246       2.6925
   25247       2.6966
   25248       2.7506
   25249       2.7861
   25250       2.7732
   25251       2.7599
   25252       2.7733
   25253       2.8367
   25254       2.7631
   25255       2.7693
   25256       2.8207
   25257       2.9106
   25258       2.8709
   25259       2.8980
   25260       2.8451
   25261       2.8911
   25262       2.8811
   25263       2.8102
   25264       2.8719
   25265       2.8174
   25266       2.8074
   25267       2.8256
   25268       2.8328
   25269       2.8563
   25270       2.8969
   25271       2.8486
   25272       2.8380
   25273       2.8224
   25274       2.8057
   25275       2.8535
   25276       2.8464
   25277       2.8316
   25278       2.8166
   25279       2.7842
   25280       2.8483
   25281       2.7824
   25282       2.8300
   25283       2.8311
   25284       2.8258
   25285       2.8761
   25286       2.9175
   25287       2.9082
   25288       2.9414
   25289       2.9171
   25290       2.8901
   25291       2.9352
   25292       2.9715
   25293       2.9069
   25294       2.9368
   25295       2.9212
   25296       2.9346
   25297       2.9179
   25298       2.9169
   25299       2.9168
   25300       2.9736
   25301       2.9944
   25302       3.0227
   25303       2.9917
   25304       2.9906
   25305       3.0313
   25306       2.9216
   25307       2.9603
   25308       2.9224
   25309       2.9534
   25310       2.9381
   25311       2.9561
   25312       2.9795
   25313       2.8792
   25314       3.0204
   25315       2.9455
   25316       2.9700
   25317       2.9360
   25318       2.9785
   25319       3.0287
   25320       2.9167
   25321       2.9681
   25322       2.9597
   25323       2.9175
   25324       2.9435
   25325       2.9800
   25326       2.8934
   25327       2.8956
   25328       2.9637
   25329       2.9012
   25330       2.8585
   25331       2.9475
   25332       3.0206
   25333       2.9740
   25334       2.9821
   25335       3.0070
   25336       2.9019
   25337       2.9664
   25338       2.9396
   25339       2.9501
   25340       2.9875
   25341       2.9477
   25342       3.0258
   25343       2.9508
   25344       2.9333
   25345       2.9968
   25346       3.0782
   25347       3.0252
   25348       2.9884
   25349       3.0096
   25350       2.9568
   25351       2.9822
   25352       3.0471
   25353       3.0057
   25354       2.9304
   25355       3.0097
   25356       2.9807
   25357       2.9363
   25358       3.0074
   25359       2.9951
   25360       2.9950
   25361       2.9967
   25362       2.9970
   25363       3.0286
   25364       2.9547
   25365       3.0221
   25366       2.9780
   25367       2.9830
   25368       2.9457
   25369       3.0204
   25370       2.9734
   25371       3.0010
   25372       2.9858
   25373       2.9129
   25374       2.8682
   25375       2.8982
   25376       2.8606
   25377       2.9163
   25378       2.8902
   25379       2.8267
   25380       2.8176
   25381       2.8746
   25382       2.8892
   25383       2.9055
   25384       2.8548
   25385       2.9536
   25386       2.9424
   25387       2.9462
   25388       2.9138
   25389       2.9070
   25390       2.8896
   25391       2.8798
   25392       2.8626
   25393       2.8287
   25394       2.8489
   25395       2.8683
   25396       2.8898
   25397       2.8152
   25398       2.8659
   25399       2.8761
   25400       2.8910
   25401       2.9558
   25402       2.9313
   25403       2.9892
   25404       2.9591
   25405       2.9047
   25406       2.9165
   25407       2.8836
   25408       2.9442
   25409       2.9961
   25410       2.9186
   25411       2.9127
   25412       2.9026
   25413       2.8962
   25414       2.9518
   25415       2.9698
   25416       2.9964
   25417       2.9509
   25418       2.9670
   25419       2.8900
   25420       2.9424
   25421       2.8974
   25422       2.9345
   25423       2.9369
   25424       2.9026
   25425       2.9205
   25426       2.9741
   25427       2.9357
   25428       2.9095
   25429       2.9419
   25430       2.9819
   25431       2.9670
   25432       2.9704
   25433       3.0044
   25434       3.0025
   25435       3.0268
   25436       3.0586
   25437       3.0701
   25438       3.0891
   25439       3.0598
   25440       2.9926
   25441       3.0136
   25442       2.8875
   25443       2.8793
   25444       2.9697
   25445       2.8597
   25446       2.8643
   25447       2.8326
   25448       2.8187
   25449       2.8167
   25450       2.8463
   25451       2.8150
   25452       2.8355
   25453       2.7948
   25454       2.9017
   25455       2.8727
   25456       2.9122
   25457       2.8749
   25458       2.8565
   25459       2.8651
   25460       2.8569
   25461       2.8878
   25462       2.9271
   25463       2.8810
   25464       2.8486
   25465       2.8435
   25466       2.8050
   25467       2.8175
   25468       2.8159
   25469       2.8322
   25470       2.8368
   25471       2.8417
   25472       2.8358
   25473       2.9089
   25474       2.8826
   25475       2.8706
   25476       2.8007
   25477       2.7388
   25478       2.7284
   25479       2.6848
   25480       2.6709
   25481       2.6815
   25482       2.6958
   25483       2.6435
   25484       2.6197
   25485       2.6503
   25486       2.7030
   25487       2.6816
   25488       2.7161
   25489       2.6556
   25490       2.7269
   25491       2.7061
   25492       2.7114
   25493       2.7324
   25494       2.6706
   25495       2.6825
   25496       2.7485
   25497       2.8169
   25498       2.7863
   25499       2.7737
   25500       2.7546
   25501       2.8191
   25502       2.7889
   25503       2.7682
   25504       2.7163
   25505       2.7516
   25506       2.7770
   25507       2.7944
   25508       2.7635
   25509       2.7581
   25510       2.7104
   25511       2.7493
   25512       2.6772
   25513       2.7067
   25514       2.7049
   25515       2.7705
   25516       2.7449
   25517       2.7495
   25518       2.7607
   25519       2.6849
   25520       2.7212
   25521       2.6707
   25522       2.7198
   25523       2.7252
   25524       2.6786
   25525       2.7201
   25526       2.6950
   25527       2.7503
   25528       2.8148
   25529       2.8388
   25530       2.8339
   25531       2.8755
   25532       2.7885
   25533       2.7630
   25534       2.6551
   25535       2.7150
   25536       2.6132
   25537       2.6101
   25538       2.6444
   25539       2.6101
   25540       2.6250
   25541       2.6480
   25542       2.6906
   25543       2.7217
   25544       2.6116
   25545       2.6503
   25546       2.6806
   25547       2.7436
   25548       2.7195
   25549       2.7564
   25550       2.7754
   25551       2.8287
   25552       2.8220
   25553       2.8031
   25554       2.7488
   25555       2.7122
   25556       2.7245
   25557       2.7266
   25558       2.7172
   25559       2.7070
   25560       2.7426
   25561       2.6812
   25562       2.6611
   25563       2.7288
   25564       2.6953
   25565       2.7484
   25566       2.6810
   25567       2.6741
   25568       2.7083
   25569       2.7624
   25570       2.7306
   25571       2.7386
   25572       2.7463
   25573       2.7007
   25574       2.7131
   25575       2.7100
   25576       2.7015
   25577       2.7207
   25578       2.6781
   25579       2.6472
   25580       2.7107
   25581       2.6919
   25582       2.6927
   25583       2.6302
   25584       2.6269
   25585       2.5713
   25586       2.7033
   25587       2.6502
   25588       2.7049
   25589       2.6707
   25590       2.6922
   25591       2.6774
   25592       2.7496
   25593       2.7426
   25594       2.7474
   25595       2.7564
   25596       2.6878
   25597       2.7890
   25598       2.7758
   25599       2.8662
   25600       2.8294
   25601       2.8940
   25602       2.8717
   25603       2.7883
   25604       2.6989
   25605       2.7162
   25606       2.7375
   25607       2.7564
   25608       2.7281
   25609       2.7321
   25610       2.7411
   25611       2.8189
   25612       2.7072
   25613       2.7934
   25614       2.7629
   25615       2.6873
   25616       2.7668
   25617       2.7315
   25618       2.7290
   25619       2.7636
   25620       2.6643
   25621       2.7359
   25622       2.8649
   25623       2.7888
   25624       2.7910
   25625       2.7671
   25626       2.7104
   25627       2.6987
   25628       2.6790
   25629       2.6768
   25630       2.7130
   25631       2.6676
   25632       2.7441
   25633       2.7188
   25634       2.7869
   25635       2.7332
   25636       2.7290
   25637       2.7881
   25638       2.7182
   25639       2.7238
   25640       2.7610
   25641       2.7075
   25642       2.7738
   25643       2.7081
   25644       2.7180
   25645       2.7884
   25646       2.7679
   25647       2.6909
   25648       2.7116
   25649       2.7710
   25650       2.6386
   25651       2.7059
   25652       2.7797
   25653       2.7051
   25654       2.6363
   25655       2.5865
   25656       2.5215
   25657       2.6384
   25658       2.6155
   25659       2.5815
   25660       2.5796
   25661       2.6598
   25662       2.6872
   25663       2.5996
   25664       2.5467
   25665       2.6411
   25666       2.5779
   25667       2.4785
   25668       2.4957
   25669       2.4960
   25670       2.4838
   25671       2.4830
   25672       2.4382
   25673       2.4942
   25674       2.4949
   25675       2.5258
   25676       2.5533
   25677       2.4961
   25678       2.4851
   25679       2.5254
   25680       2.6422
   25681       2.5332
   25682       2.5574
   25683       2.5388
   25684       2.5171
   25685       2.5424
   25686       2.5357
   25687       2.5462
   25688       2.5794
   25689       2.5937
   25690       2.6213
   25691       2.5422
   25692       2.5098
   25693       2.4618
   25694       2.5046
   25695       2.5253
   25696       2.4796
   25697       2.4776
   25698       2.4670
   25699       2.4297
   25700       2.4019
   25701       2.3512
   25702       2.4294
   25703       2.3439
   25704       2.4053
   25705       2.4841
   25706       2.4196
   25707       2.5047
   25708       2.4493
   25709       2.4351
   25710       2.4831
   25711       2.4717
   25712       2.4371
   25713       2.4572
   25714       2.4717
   25715       2.5482
   25716       2.5109
   25717       2.4905
   25718       2.4430
   25719       2.4531
   25720       2.4830
   25721       2.4499
   25722       2.4413
   25723       2.4591
   25724       2.5357
   25725       2.5481
   25726       2.5399
   25727       2.4765
   25728       2.4837
   25729       2.5801
   25730       2.5695
   25731       2.5500
   25732       2.5891
   25733       2.5581
   25734       2.5540
   25735       2.5097
   25736       2.4739
   25737       2.5455
   25738       2.5174
   25739       2.5447
   25740       2.5834
   25741       2.5583
   25742       2.5030
   25743       2.4707
   25744       2.5226
   25745       2.4797
   25746       2.4774
   25747       2.4714
   25748       2.3780
   25749       2.4558
   25750       2.4984
   25751       2.5146
   25752       2.4546
   25753       2.4948
   25754       2.4830
   25755       2.4338
   25756       2.4373
   25757       2.5198
   25758       2.4953
   25759       2.4731
   25760       2.5581
   25761       2.5450
   25762       2.5453
   25763       2.5895
   25764       2.6215
   25765       2.6451
   25766       2.6269
   25767       2.6518
   25768       2.6759
   25769       2.6268
   25770       2.5633
   25771       2.5262
   25772       2.4899
   25773       2.4259
   25774       2.3407
   25775       2.3630
   25776       2.4248
   25777       2.4136
   25778       2.4840
   25779       2.4820
   25780       2.4701
   25781       2.5544
   25782       2.4912
   25783       2.5070
   25784       2.5253
   25785       2.5929
   25786       2.6348
   25787       2.6635
   25788       2.6707
   25789       2.7055
   25790       2.7016
   25791       2.7327
   25792       2.6343
   25793       2.7104
   25794       2.6807
   25795       2.6713
   25796       2.6751
   25797       2.6914
   25798       2.6989
   25799       2.7333
   25800       2.7093
   25801       2.7279
   25802       2.6392
   25803       2.6084
   25804       2.6488
   25805       2.7088
   25806       2.6266
   25807       2.6885
   25808       2.7049
   25809       2.6164
   25810       2.5683
   25811       2.5726
   25812       2.5428
   25813       2.5932
   25814       2.5724
   25815       2.5822
   25816       2.4931
   25817       2.5955
   25818       2.5652
   25819       2.5803
   25820       2.6326
   25821       2.6719
   25822       2.6772
   25823       2.6363
   25824       2.6700
   25825       2.6937
   25826       2.6484
   25827       2.5673
   25828       2.5346
   25829       2.5507
   25830       2.6089
   25831       2.5979
   25832       2.5364
   25833       2.5849
   25834       2.5240
   25835       2.6369
   25836       2.5871
   25837       2.6250
   25838       2.6675
   25839       2.5657
   25840       2.5357
   25841       2.5022
   25842       2.5240
   25843       2.5201
   25844       2.5570
   25845       2.5257
   25846       2.5413
   25847       2.5280
   25848       2.5547
   25849       2.5071
   25850       2.5760
   25851       2.5276
   25852       2.5603
   25853       2.5666
   25854       2.5552
   25855       2.5302
   25856       2.5714
   25857       2.5655
   25858       2.5975
   25859       2.5675
   25860       2.4964
   25861       2.5052
   25862       2.5721
   25863       2.5569
   25864       2.5726
   25865       2.5672
   25866       2.5400
   25867       2.5410
   25868       2.5739
   25869       2.6211
   25870       2.6626
   25871       2.6775
   25872       2.6672
   25873       2.5798
   25874       2.6240
   25875       2.5734
   25876       2.6257
   25877       2.6576
   25878       2.6330
   25879       2.7036
   25880       2.6129
   25881       2.5907
   25882       2.6436
   25883       2.6313
   25884       2.6196
   25885       2.5941
   25886       2.6093
   25887       2.6378
   25888       2.5934
   25889       2.5866
   25890       2.6215
   25891       2.5710
   25892       2.6129
   25893       2.6133
   25894       2.6542
   25895       2.6697
   25896       2.5920
   25897       2.6185
   25898       2.5849
   25899       2.5782
   25900       2.6153
   25901       2.6491
   25902       2.7009
   25903       2.6532
   25904       2.7317
   25905       2.8017
   25906       2.7692
   25907       2.7276
   25908       2.6958
   25909       2.6599
   25910       2.6650
   25911       2.6843
   25912       2.6568
   25913       2.6722
   25914       2.7424
   25915       2.7426
   25916       2.7612
   25917       2.7667
   25918       2.8247
   25919       2.7813
   25920       2.8136
   25921       2.7918
   25922       2.8354
   25923       2.8148
   25924       2.7696
   25925       2.8073
   25926       2.7656
   25927       2.7453
   25928       2.8417
   25929       2.7679
   25930       2.7025
   25931       2.6315
   25932       2.6733
   25933       2.6011
   25934       2.6123
   25935       2.5370
   25936       2.5613
   25937       2.5137
   25938       2.5123
   25939       2.5415
   25940       2.5946
   25941       2.6567
   25942       2.6979
   25943       2.7207
   25944       2.7122
   25945       2.7016
   25946       2.6693
   25947       2.7396
   25948       2.7456
   25949       2.7581
   25950       2.7895
   25951       2.7775
   25952       2.7704
   25953       2.7816
   25954       2.7737
   25955       2.8324
   25956       2.8655
   25957       2.7946
   25958       2.7473
   25959       2.8162
   25960       2.7737
   25961       2.7880
   25962       2.7927
   25963       2.6930
   25964       2.7127
   25965       2.6709
   25966       2.7282
   25967       2.7448
   25968       2.8020
   25969       2.7516
   25970       2.7402
   25971       2.7911
   25972       2.7578
   25973       2.8543
   25974       2.8096
   25975       2.8032
   25976       2.7259
   25977       2.7063
   25978       2.6976
   25979       2.7453
   25980       2.7080
   25981       2.7621
   25982       2.7525
   25983       2.7444
   25984       2.7113
   25985       2.7231
   25986       2.7342
   25987       2.6890
   25988       2.7174
   25989       2.7307
   25990       2.7472
   25991       2.6999
   25992       2.6366
   25993       2.6788
   25994       2.7043
   25995       2.7125
   25996       2.8181
   25997       2.7325
   25998       2.7807
   25999       2.7883
   26000       2.8917
   26001       2.8686
   26002       2.9460
   26003       2.9738
   26004       2.9084
   26005       2.8967
   26006       2.8731
   26007       2.8605
   26008       2.8373
   26009       2.8459
   26010       2.9497
   26011       2.8732
   26012       2.8923
   26013       2.9022
   26014       2.9233
   26015       2.8651
   26016       2.9073
   26017       2.8823
   26018       2.8523
   26019       2.7267
   26020       2.7776
   26021       2.8227
   26022       2.8324
   26023       2.8540
   26024       2.7993
   26025       2.8172
   26026       2.7964
   26027       2.7629
   26028       2.7374
   26029       2.7955
   26030       2.7303
   26031       2.7396
   26032       2.8229
   26033       2.7574
   26034       2.7742
   26035       2.7682
   26036       2.8082
   26037       2.7474
   26038       2.7110
   26039       2.7605
   26040       2.7649
   26041       2.7030
   26042       2.7420
   26043       2.7435
   26044       2.7635
   26045       2.7299
   26046       2.7826
   26047       2.7329
   26048       2.7140
   26049       2.8213
   26050       2.8383
   26051       2.8612
   26052       2.8870
   26053       2.9135
   26054       2.9262
   26055       2.8218
   26056       2.7526
   26057       2.8506
   26058       2.8569
   26059       2.9066
   26060       2.8857
   26061       2.8698
   26062       2.7688
   26063       2.7578
   26064       2.7460
   26065       2.8418
   26066       2.8246
   26067       2.8448
   26068       2.8728
   26069       2.8142
   26070       2.7943
   26071       2.8137
   26072       2.8056
   26073       2.7802
   26074       2.8099
   26075       2.8624
   26076       2.8586
   26077       2.8499
   26078       2.7619
   26079       2.8364
   26080       2.7700
   26081       2.8443
   26082       2.8103
   26083       2.8113
   26084       2.8010
   26085       2.8907
   26086       2.8923
   26087       2.8340
   26088       2.8155
   26089       2.8183
   26090       2.7778
   26091       2.8146
   26092       2.8020
   26093       2.8437
   26094       2.8495
   26095       2.8790
   26096       2.8274
   26097       2.8031
   26098       2.8538
   26099       2.8742
   26100       2.8963
   26101       2.9006
   26102       2.8858
   26103       2.8469
   26104       2.8502
   26105       2.8090
   26106       2.8164
   26107       2.8432
   26108       2.8093
   26109       2.7993
   26110       2.7436
   26111       2.8118
   26112       2.8037
   26113       2.8247
   26114       2.8229
   26115       2.7942
   26116       2.8488
   26117       2.8138
   26118       2.8437
   26119       2.8271
   26120       2.8702
   26121       2.8535
   26122       2.8556
   26123       2.9138
   26124       2.9189
   26125       2.8933
   26126       2.9656
   26127       2.8397
   26128       2.7471
   26129       2.7967
   26130       2.7649
   26131       2.8199
   26132       2.8970
   26133       2.9627
   26134       3.0236
   26135       2.9830
   26136       2.9591
   26137       2.9187
   26138       2.9052
   26139       2.8222
   26140       2.8787
   26141       2.8227
   26142       2.8374
   26143       2.7874
   26144       2.7728
   26145       2.6787
   26146       2.7423
   26147       2.7358
   26148       2.7681
   26149       2.7476
   26150       2.8221
   26151       2.8371
   26152       2.9056
   26153       2.8202
   26154       2.8057
   26155       2.8069
   26156       2.8389
   26157       2.8255
   26158       2.7563
   26159       2.7337
   26160       2.7461
   26161       2.7669
   26162       2.7314
   26163       2.7109
   26164       2.7713
   26165       2.7782
   26166       2.7957
   26167       2.7959
   26168       2.7791
   26169       2.7695
   26170       2.7530
   26171       2.7390
   26172       2.7616
   26173       2.8161
   26174       2.7900
   26175       2.8018
   26176       2.8589
   26177       2.8273
   26178       2.9261
   26179       2.9041
   26180       2.8647
   26181       2.8771
   26182       2.7575
   26183       2.8224
   26184       2.7546
   26185       2.7311
   26186       2.7679
   26187       2.7378
   26188       2.6811
   26189       2.7848
   26190       2.8157
   26191       2.8193
   26192       2.8315
   26193       2.8525
   26194       2.8736
   26195       2.8774
   26196       2.8738
   26197       2.8997
   26198       2.9077
   26199       2.8488
   26200       2.8831
   26201       2.8617
   26202       2.8671
   26203       2.8950
   26204       2.8971
   26205       2.8825
   26206       2.9124
   26207       2.8813
   26208       2.8480
   26209       2.8269
   26210       2.8613
   26211       2.8161
   26212       2.8955
   26213       2.8794
   26214       2.9233
   26215       2.9051
   26216       2.8793
   26217       2.8573
   26218       2.8319
   26219       2.8403
   26220       2.8657
   26221       2.8486
   26222       2.8967
   26223       2.8448
   26224       2.9006
   26225       2.8779
   26226       2.8569
   26227       2.8392
   26228       2.8163
   26229       2.8746
   26230       2.7958
   26231       2.7831
   26232       2.8479
   26233       2.7662
   26234       2.7163
   26235       2.6296
   26236       2.6798
   26237       2.7106
   26238       2.7463
   26239       2.7364
   26240       2.7128
   26241       2.6803
   26242       2.7403
   26243       2.7890
   26244       2.7354
   26245       2.7583
   26246       2.7155
   26247       2.7605
   26248       2.7392
   26249       2.7571
   26250       2.7260
   26251       2.7752
   26252       2.8488
   26253       2.8403
   26254       2.8735
   26255       2.8044
   26256       2.8538
   26257       2.8541
   26258       2.8746
   26259       2.8560
   26260       2.8157
   26261       2.8963
   26262       2.7810
   26263       2.7530
   26264       2.7833
   26265       2.8565
   26266       2.8804
   26267       2.9168
   26268       2.7928
   26269       2.7344
   26270       2.7041
   26271       2.7084
   26272       2.6999
   26273       2.7112
   26274       2.7919
   26275       2.7292
   26276       2.6262
   26277       2.7325
   26278       2.7364
   26279       2.7611
   26280       2.7471
   26281       2.7663
   26282       2.7289
   26283       2.7400
   26284       2.7581
   26285       2.7247
   26286       2.7422
   26287       2.7907
   26288       2.8397
   26289       2.8092
   26290       2.7613
   26291       2.6378
   26292       2.6982
   26293       2.6879
   26294       2.7254
   26295       2.7300
   26296       2.7363
   26297       2.8094
   26298       2.8130
   26299       2.7418
   26300       2.7801
   26301       2.7251
   26302       2.7070
   26303       2.7590
   26304       2.6972
   26305       2.6841
   26306       2.7544
   26307       2.7728
   26308       2.7793
   26309       2.7781
   26310       2.7852
   26311       2.7017
   26312       2.6512
   26313       2.7949
   26314       2.7986
   26315       2.7911
   26316       2.7100
   26317       2.7527
   26318       2.7495
   26319       2.7333
   26320       2.7264
   26321       2.7810
   26322       2.7274
   26323       2.7561
   26324       2.7146
   26325       2.7406
   26326       2.7810
   26327       2.7264
   26328       2.7532
   26329       2.7226
   26330       2.7069
   26331       2.7113
   26332       2.6699
   26333       2.6720
   26334       2.7040
   26335       2.7008
   26336       2.7250
   26337       2.7591
   26338       2.7472
   26339       2.7394
   26340       2.7530
   26341       2.7849
   26342       2.7417
   26343       2.7390
   26344       2.7263
   26345       2.6778
   26346       2.6645
   26347       2.6215
   26348       2.6676
   26349       2.6123
   26350       2.6445
   26351       2.6800
   26352       2.6687
   26353       2.5909
   26354       2.6519
   26355       2.5710
   26356       2.6911
   26357       2.7435
   26358       2.7855
   26359       2.7526
   26360       2.7611
   26361       2.7101
   26362       2.7783
   26363       2.7935
   26364       2.7371
   26365       2.7307
   26366       2.7541
   26367       2.7618
   26368       2.7730
   26369       2.6940
   26370       2.7169
   26371       2.6496
   26372       2.6569
   26373       2.5612
   26374       2.6490
   26375       2.6772
   26376       2.6492
   26377       2.6880
   26378       2.7417
   26379       2.7290
   26380       2.8108
   26381       2.7510
   26382       2.8273
   26383       2.8193
   26384       2.8473
   26385       2.8251
   26386       2.7482
   26387       2.7710
   26388       2.8109
   26389       2.7584
   26390       2.7491
   26391       2.8132
   26392       2.8295
   26393       2.7399
   26394       2.7207
   26395       2.7128
   26396       2.6929
   26397       2.7673
   26398       2.6546
   26399       2.6854
   26400       2.7229
   26401       2.7195
   26402       2.7411
   26403       2.7684
   26404       2.7153
   26405       2.7421
   26406       2.7831
   26407       2.7037
   26408       2.7401
   26409       2.7410
   26410       2.7178
   26411       2.7265
   26412       2.7817
   26413       2.6969
   26414       2.7302
   26415       2.7561
   26416       2.6877
   26417       2.6579
   26418       2.7480
   26419       2.7124
   26420       2.7772
   26421       2.6575
   26422       2.7321
   26423       2.7308
   26424       2.7053
   26425       2.7435
   26426       2.7779
   26427       2.7482
   26428       2.7114
   26429       2.7317
   26430       2.7901
   26431       2.6503
   26432       2.7015
   26433       2.7263
   26434       2.7021
   26435       2.6755
   26436       2.6804
   26437       2.6839
   26438       2.7083
   26439       2.7159
   26440       2.6809
   26441       2.6949
   26442       2.7186
   26443       2.7334
   26444       2.7820
   26445       2.6151
   26446       2.6047
   26447       2.5566
   26448       2.5428
   26449       2.5870
   26450       2.4898
   26451       2.4084
   26452       2.3748
   26453       2.4489
   26454       2.4770
   26455       2.4651
   26456       2.4849
   26457       2.4979
   26458       2.5105
   26459       2.4887
   26460       2.4302
   26461       2.3411
   26462       2.3659
   26463       2.3397
   26464       2.3802
   26465       2.3006
   26466       2.2853
   26467       2.3151
   26468       2.3348
   26469       2.3577
   26470       2.4249
   26471       2.4458
   26472       2.4186
   26473       2.3808
   26474       2.4310
   26475       2.4689
   26476       2.4498
   26477       2.5081
   26478       2.3651
   26479       2.3390
   26480       2.3548
   26481       2.3798
   26482       2.3636
   26483       2.3557
   26484       2.3330
   26485       2.4057
   26486       2.3898
   26487       2.3635
   26488       2.2930
   26489       2.2863
   26490       2.3711
   26491       2.3555
   26492       2.4009
   26493       2.3230
   26494       2.3827
   26495       2.4146
   26496       2.3758
   26497       2.4148
   26498       2.3982
   26499       2.4407
   26500       2.4704
   26501       2.4986
   26502       2.5133
   26503       2.4765
   26504       2.5139
   26505       2.4677
   26506       2.4559
   26507       2.3717
   26508       2.3918
   26509       2.4753
   26510       2.4269
   26511       2.4192
   26512       2.4543
   26513       2.3627
   26514       2.4770
   26515       2.5559
   26516       2.5519
   26517       2.5546
   26518       2.6123
   26519       2.5840
   26520       2.5638
   26521       2.5964
   26522       2.5861
   26523       2.5574
   26524       2.5019
   26525       2.5106
   26526       2.4235
   26527       2.4001
   26528       2.4864
   26529       2.4340
   26530       2.4224
   26531       2.4027
   26532       2.3988
   26533       2.4007
   26534       2.3052
   26535       2.3078
   26536       2.3398
   26537       2.3510
   26538       2.3942
   26539       2.4338
   26540       2.4523
   26541       2.3908
   26542       2.3644
   26543       2.3863
   26544       2.3473
   26545       2.3421
   26546       2.2912
   26547       2.3793
   26548       2.4025
   26549       2.3528
   26550       2.3307
   26551       2.3109
   26552       2.2487
   26553       2.2631
   26554       2.3243
   26555       2.3783
   26556       2.3343
   26557       2.4005
   26558       2.4097
   26559       2.3456
   26560       2.4185
   26561       2.3634
   26562       2.3594
   26563       2.3448
   26564       2.3909
   26565       2.4015
   26566       2.2978
   26567       2.3392
   26568       2.4021
   26569       2.3417
   26570       2.3283
   26571       2.3115
   26572       2.3162
   26573       2.3748
   26574       2.2989
   26575       2.3297
   26576       2.3029
   26577       2.2893
   26578       2.2894
   26579       2.2777
   26580       2.2588
   26581       2.2224
   26582       2.1997
   26583       2.2341
   26584       2.3034
   26585       2.3086
   26586       2.2267
   26587       2.2030
   26588       2.2012
   26589       2.2002
   26590       2.1957
   26591       2.1636
   26592       2.2171
   26593       2.1854
   26594       2.1346
   26595       2.1484
   26596       2.2185
   26597       2.1920
   26598       2.1655
   26599       2.2165
   26600       2.2326
   26601       2.2652
   26602       2.2244
   26603       2.2385
   26604       2.1726
   26605       2.2192
   26606       2.2639
   26607       2.2773
   26608       2.2962
   26609       2.3195
   26610       2.3287
   26611       2.3844
   26612       2.4561
   26613       2.4958
   26614       2.4736
   26615       2.4915
   26616       2.4849
   26617       2.4688
   26618       2.4378
   26619       2.3915
   26620       2.3620
   26621       2.4513
   26622       2.3746
   26623       2.3725
   26624       2.4222
   26625       2.3855
   26626       2.4254
   26627       2.3830
   26628       2.3510
   26629       2.3676
   26630       2.2926
   26631       2.3562
   26632       2.3798
   26633       2.2761
   26634       2.2644
   26635       2.2388
   26636       2.1813
   26637       2.2448
   26638       2.2492
   26639       2.3419
   26640       2.3338
   26641       2.3912
   26642       2.3731
   26643       2.3564
   26644       2.3257
   26645       2.3814
   26646       2.3315
   26647       2.4362
   26648       2.3069
   26649       2.3061
   26650       2.3672
   26651       2.3920
   26652       2.4599
   26653       2.5035
   26654       2.5259
   26655       2.5394
   26656       2.5240
   26657       2.4922
   26658       2.4602
   26659       2.4796
   26660       2.4864
   26661       2.5688
   26662       2.6058
   26663       2.5023
   26664       2.4032
   26665       2.4225
   26666       2.4973
   26667       2.5738
   26668       2.5581
   26669       2.5446
   26670       2.6338
   26671       2.6376
   26672       2.6080
   26673       2.5141
   26674       2.5740
   26675       2.5508
   26676       2.6491
   26677       2.5365
   26678       2.5292
   26679       2.5515
   26680       2.5712
   26681       2.4966
   26682       2.4673
   26683       2.5040
   26684       2.4711
   26685       2.5594
   26686       2.5491
   26687       2.5482
   26688       2.5754
   26689       2.6384
   26690       2.5195
   26691       2.5381
   26692       2.4685
   26693       2.5275
   26694       2.5682
   26695       2.5166
   26696       2.5684
   26697       2.5505
   26698       2.4834
   26699       2.5086
   26700       2.5334
   26701       2.5427
   26702       2.5092
   26703       2.4450
   26704       2.4960
   26705       2.5157
   26706       2.4847
   26707       2.5732
   26708       2.4937
   26709       2.4879
   26710       2.4752
   26711       2.5094
   26712       2.5075
   26713       2.4395
   26714       2.4239
   26715       2.4411
   26716       2.4838
   26717       2.5084
   26718       2.5035
   26719       2.4812
   26720       2.4581
   26721       2.5437
   26722       2.5610
   26723       2.4962
   26724       2.5833
   26725       2.4598
   26726       2.4767
   26727       2.4175
   26728       2.3900
   26729       2.3225
   26730       2.4041
   26731       2.3711
   26732       2.3975
   26733       2.3899
   26734       2.3968
   26735       2.3584
   26736       2.3243
   26737       2.2610
   26738       2.2778
   26739       2.3228
   26740       2.2994
   26741       2.3613
   26742       2.3793
   26743       2.3954
   26744       2.3729
   26745       2.3119
   26746       2.3300
   26747       2.4134
   26748       2.3644
   26749       2.4569
   26750       2.4401
   26751       2.3563
   26752       2.3454
   26753       2.3668
   26754       2.3208
   26755       2.3227
   26756       2.3516
   26757       2.3546
   26758       2.3438
   26759       2.3136
   26760       2.3898
   26761       2.3061
   26762       2.3382
   26763       2.1961
   26764       2.2890
   26765       2.3266
   26766       2.3737
   26767       2.4037
   26768       2.4082
   26769       2.4211
   26770       2.4397
   26771       2.4636
   26772       2.5027
   26773       2.4991
   26774       2.4947
   26775       2.3632
   26776       2.3358
   26777       2.3684
   26778       2.3480
   26779       2.3199
   26780       2.2787
   26781       2.3441
   26782       2.2898
   26783       2.2649
   26784       2.2936
   26785       2.3279
   26786       2.2943
   26787       2.2805
   26788       2.2308
   26789       2.3026
   26790       2.2715
   26791       2.2307
   26792       2.2640
   26793       2.2642
   26794       2.2911
   26795       2.2642
   26796       2.3294
   26797       2.2599
   26798       2.2751
   26799       2.3322
   26800       2.3508
   26801       2.3349
   26802       2.3218
   26803       2.3188
   26804       2.2834
   26805       2.2825
   26806       2.3845
   26807       2.3403
   26808       2.2970
   26809       2.3398
   26810       2.4087
   26811       2.3774
   26812       2.3408
   26813       2.3672
   26814       2.3023
   26815       2.3529
   26816       2.3122
   26817       2.3868
   26818       2.3299
   26819       2.3327
   26820       2.3397
   26821       2.3808
   26822       2.3726
   26823       2.3307
   26824       2.3256
   26825       2.2342
   26826       2.2662
   26827       2.3416
   26828       2.2867
   26829       2.2839
   26830       2.3422
   26831       2.2853
   26832       2.3357
   26833       2.3361
   26834       2.3023
   26835       2.2922
   26836       2.3002
   26837       2.3794
   26838       2.3048
   26839       2.3109
   26840       2.3771
   26841       2.4163
   26842       2.3163
   26843       2.3098
   26844       2.3283
   26845       2.3581
   26846       2.3497
   26847       2.3438
   26848       2.3156
   26849       2.3476
   26850       2.3314
   26851       2.3271
   26852       2.3537
   26853       2.4957
   26854       2.3579
   26855       2.4101
   26856       2.4519
   26857       2.3607
   26858       2.3523
   26859       2.3120
   26860       2.3516
   26861       2.3744
   26862       2.3659
   26863       2.3995
   26864       2.4088
   26865       2.3108
   26866       2.3869
   26867       2.3792
   26868       2.4201
   26869       2.3686
   26870       2.3870
   26871       2.3876
   26872       2.3693
   26873       2.3514
   26874       2.3641
   26875       2.4396
   26876       2.5895
   26877       2.4793
   26878       2.4173
   26879       2.3194
   26880       2.3967
   26881       2.3770
   26882       2.3889
   26883       2.3847
   26884       2.3922
   26885       2.3244
   26886       2.3485
   26887       2.3246
   26888       2.3202
   26889       2.3443
   26890       2.3479
   26891       2.4323
   26892       2.3693
   26893       2.3800
   26894       2.3508
   26895       2.3519
   26896       2.3103
   26897       2.3700
   26898       2.3179
   26899       2.2934
   26900       2.3372
   26901       2.3202
   26902       2.3201
   26903       2.3652
   26904       2.3264
   26905       2.3282
   26906       2.3539
   26907       2.3359
   26908       2.3159
   26909       2.2608
   26910       2.2369
   26911       2.2245
   26912       2.2927
   26913       2.2645
   26914       2.2788
   26915       2.2102
   26916       2.2462
   26917       2.1939
   26918       2.2078
   26919       2.3076
   26920       2.2168
   26921       2.2058
   26922       2.1420
   26923       2.1062
   26924       2.1029
   26925       2.0623
   26926       2.0432
   26927       2.0920
   26928       2.0119
   26929       2.0641
   26930       2.0748
   26931       2.0804
   26932       2.0665
   26933       2.1116
   26934       2.0765
   26935       2.0607
   26936       2.0455
   26937       2.1667
   26938       2.1766
   26939       2.1998
   26940       2.2329
   26941       2.2012
   26942       2.1289
   26943       2.1083
   26944       2.2485
   26945       2.2104
   26946       2.1774
   26947       2.1379
   26948       2.1710
   26949       2.1991
   26950       2.1312
   26951       2.2180
   26952       2.2393
   26953       2.2637
   26954       2.2443
   26955       2.2186
   26956       2.1791
   26957       2.2355
   26958       2.2352
   26959       2.3236
   26960       2.3523
   26961       2.3078
   26962       2.2500
   26963       2.2599
   26964       2.3003
   26965       2.2851
   26966       2.3035
   26967       2.2949
   26968       2.2194
   26969       2.3085
   26970       2.3566
   26971       2.3347
   26972       2.3810
   26973       2.3472
   26974       2.3940
   26975       2.3815
   26976       2.2994
   26977       2.3068
   26978       2.3029
   26979       2.2096
   26980       2.1930
   26981       2.1762
   26982       2.1892
   26983       2.2591
   26984       2.2649
   26985       2.2790
   26986       2.2235
   26987       2.2397
   26988       2.3252
   26989       2.3481
   26990       2.2833
   26991       2.2715
   26992       2.2731
   26993       2.2635
   26994       2.3115
   26995       2.3268
   26996       2.3573
   26997       2.3857
   26998       2.3966
   26999       2.3346
   27000       2.3743
   27001       2.4374
   27002       2.3671
   27003       2.3196
   27004       2.3363
   27005       2.3423
   27006       2.4280
   27007       2.4250
   27008       2.3758
   27009       2.3906
   27010       2.4263
   27011       2.4054
   27012       2.4677
   27013       2.4918
   27014       2.5454
   27015       2.5391
   27016       2.5691
   27017       2.5959
   27018       2.5403
   27019       2.5992
   27020       2.5542
   27021       2.5085
   27022       2.4682
   27023       2.5735
   27024       2.6211
   27025       2.5894
   27026       2.5413
   27027       2.6192
   27028       2.6171
   27029       2.5590
   27030       2.6237
   27031       2.6865
   27032       2.6565
   27033       2.6595
   27034       2.6809
   27035       2.6190
   27036       2.6240
   27037       2.6031
   27038       2.5613
   27039       2.6427
   27040       2.6650
   27041       2.6741
   27042       2.6269
   27043       2.6167
   27044       2.5676
   27045       2.6805
   27046       2.5799
   27047       2.5778
   27048       2.5562
   27049       2.5120
   27050       2.5265
   27051       2.4906
   27052       2.4908
   27053       2.4813
   27054       2.5324
   27055       2.5279
   27056       2.5195
   27057       2.6045
   27058       2.5345
   27059       2.5043
   27060       2.4917
   27061       2.4913
   27062       2.5318
   27063       2.5578
   27064       2.5614
   27065       2.5322
   27066       2.4935
   27067       2.3967
   27068       2.4487
   27069       2.4124
   27070       2.3823
   27071       2.4246
   27072       2.4422
   27073       2.3558
   27074       2.3735
   27075       2.3886
   27076       2.3670
   27077       2.3903
   27078       2.3826
   27079       2.3424
   27080       2.3584
   27081       2.2913
   27082       2.3516
   27083       2.3479
   27084       2.3848
   27085       2.3261
   27086       2.3091
   27087       2.3944
   27088       2.3551
