#Frame        chain_A
       1       0.0000
       2       0.4426
       3       0.4616
       4       0.5350
       5       0.4646
       6       0.4942
       7       0.5830
       8       0.5424
       9       0.4844
      10       0.6105
      11       0.5391
      12       0.5777
      13       0.5112
      14       0.5135
      15       0.5249
      16       0.5267
      17       0.6391
      18       0.5498
      19       0.5547
      20       0.5444
      21       0.5998
      22       0.5884
      23       0.5983
      24       0.5763
      25       0.5294
      26       0.5161
      27       0.6754
      28       0.5988
      29       0.6318
      30       0.6074
      31       0.6387
      32       0.6186
      33       0.6069
      34       0.6604
      35       0.6035
      36       0.6410
      37       0.6673
      38       0.6374
      39       0.5781
      40       0.5473
      41       0.5468
      42       0.5273
      43       0.4961
      44       0.5171
      45       0.5119
      46       0.5587
      47       0.5750
      48       0.5797
      49       0.5520
      50       0.5424
      51       0.7574
      52       0.6930
      53       0.6850
      54       0.5211
      55       0.5059
      56       0.6632
      57       0.6719
      58       0.6437
      59       0.6227
      60       0.6101
      61       0.6287
      62       0.6739
      63       0.6353
      64       0.4878
      65       0.5593
      66       0.5541
      67       0.6067
      68       0.5804
      69       0.6225
      70       0.6087
      71       0.6578
      72       0.5578
      73       0.6414
      74       0.6095
      75       0.5949
      76       0.6800
      77       0.5857
      78       0.6268
      79       0.6680
      80       0.7619
      81       0.7191
      82       0.6405
      83       0.5983
      84       0.6130
      85       0.6298
      86       0.6458
      87       0.6459
      88       0.6280
      89       0.6224
      90       0.6218
      91       0.6409
      92       0.6222
      93       0.6531
      94       0.6741
      95       0.6696
      96       0.6841
      97       0.6284
      98       0.6396
      99       0.6559
     100       0.5661
     101       0.6857
     102       0.5792
     103       0.7125
     104       0.6238
     105       0.6192
     106       0.5779
     107       0.6718
     108       0.6700
     109       0.6676
     110       0.6290
     111       0.6475
     112       0.6114
     113       0.6204
     114       0.6431
     115       0.6106
     116       0.6058
     117       0.5852
     118       0.6436
     119       0.6174
     120       0.6704
     121       0.6559
     122       0.6053
     123       0.6523
     124       0.6999
     125       0.6922
     126       0.7316
     127       0.6798
     128       0.6956
     129       0.7259
     130       0.7060
     131       0.7318
     132       0.6287
     133       0.6115
     134       0.7556
     135       0.7503
     136       0.6625
     137       0.6078
     138       0.7241
     139       0.7369
     140       0.7039
     141       0.7377
     142       0.7835
     143       0.6830
     144       0.7759
     145       0.8984
     146       0.8116
     147       0.7469
     148       0.6639
     149       0.6106
     150       0.5494
     151       0.6136
     152       0.6206
     153       0.6321
     154       0.6796
     155       0.7671
     156       0.7116
     157       0.7305
     158       0.7753
     159       0.7793
     160       0.6988
     161       0.7423
     162       0.6520
     163       0.7263
     164       0.6968
     165       0.7237
     166       0.6374
     167       0.6667
     168       0.6423
     169       0.6554
     170       0.6019
     171       0.6703
     172       0.5814
     173       0.6592
     174       0.6681
     175       0.7778
     176       0.8317
     177       0.7524
     178       0.7355
     179       0.7874
     180       0.8485
     181       0.7727
     182       0.7749
     183       0.8447
     184       0.8483
     185       0.8567
     186       0.8288
     187       0.7745
     188       0.7694
     189       0.6929
     190       0.7876
     191       0.7826
     192       0.7808
     193       0.8814
     194       0.8418
     195       0.8596
     196       0.8426
     197       0.8435
     198       0.8709
     199       0.8817
     200       0.9572
     201       0.8769
     202       0.8817
     203       0.8537
     204       0.9087
     205       0.9584
     206       0.9306
     207       0.8868
     208       0.9209
     209       0.8589
     210       0.8116
     211       0.8723
     212       0.9346
     213       0.8718
     214       0.9495
     215       0.8807
     216       0.8401
     217       0.9329
     218       0.9181
     219       0.8263
     220       0.8239
     221       0.8119
     222       0.8006
     223       0.8450
     224       0.7730
     225       0.8342
     226       0.9655
     227       0.9384
     228       0.9784
     229       0.8895
     230       0.8655
     231       0.8501
     232       1.0038
     233       0.8688
     234       0.8648
     235       0.8670
     236       0.8197
     237       0.9985
     238       0.7896
     239       0.7961
     240       0.7766
     241       0.7853
     242       0.7947
     243       0.7105
     244       0.7647
     245       0.8111
     246       0.7176
     247       0.7350
     248       0.6942
     249       0.6412
     250       0.7046
     251       0.7823
     252       0.7253
     253       0.8081
     254       0.7890
     255       0.7938
     256       0.7625
     257       0.7903
     258       0.8463
     259       0.7708
     260       0.7234
     261       0.7190
     262       0.7206
     263       0.7173
     264       0.7685
     265       0.7073
     266       0.7535
     267       0.7962
     268       0.8554
     269       0.6403
     270       0.7201
     271       0.6926
     272       0.7544
     273       0.6781
     274       0.7581
     275       0.7772
     276       0.7323
     277       0.6370
     278       0.9111
     279       0.8265
     280       0.7510
     281       0.9164
     282       0.8633
     283       0.8855
     284       0.9470
     285       0.9336
     286       1.0409
     287       0.8194
     288       0.7912
     289       0.8170
     290       0.7547
     291       0.9341
     292       0.9007
     293       0.8457
     294       0.9767
     295       0.9975
     296       0.8527
     297       0.8422
     298       0.7908
     299       0.7259
     300       0.7237
     301       0.7997
     302       0.7937
     303       0.8393
     304       0.8160
     305       0.7589
     306       0.7419
     307       0.7152
     308       0.6959
     309       0.7441
     310       0.7622
     311       0.8028
     312       0.8375
     313       0.7459
     314       0.7707
     315       0.8409
     316       0.8481
     317       0.8189
     318       0.7630
     319       0.8063
     320       0.8062
     321       0.7220
     322       0.8073
     323       0.8224
     324       0.7835
     325       0.7738
     326       0.8605
     327       0.8809
     328       0.7983
     329       0.7710
     330       0.8201
     331       0.8693
     332       0.9738
     333       0.9097
     334       0.9070
     335       0.8988
     336       0.9135
     337       0.8681
     338       0.9161
     339       0.8959
     340       0.8022
     341       0.6855
     342       0.6557
     343       0.8267
     344       0.7316
     345       0.7799
     346       0.8719
     347       0.7706
     348       0.7731
     349       0.7136
     350       0.6810
     351       0.8035
     352       0.8366
     353       0.8071
     354       0.7273
     355       0.7051
     356       0.7728
     357       0.9004
     358       0.7748
     359       0.8986
     360       0.8397
     361       0.8029
     362       0.8707
     363       0.7438
     364       0.6803
     365       0.7657
     366       0.8281
     367       0.9010
     368       0.7619
     369       0.7442
     370       0.5614
     371       0.6690
     372       0.6890
     373       0.7346
     374       0.8738
     375       0.7533
     376       0.6808
     377       0.7290
     378       0.6942
     379       0.7433
     380       0.8384
     381       0.8372
     382       0.7678
     383       0.9799
     384       0.8834
     385       0.9685
     386       0.8801
     387       0.9285
     388       0.8848
     389       0.9866
     390       0.9536
     391       0.8748
     392       0.9719
     393       0.9827
     394       0.8248
     395       0.8492
     396       0.8179
     397       0.8860
     398       0.8609
     399       0.9624
     400       0.9085
     401       0.9813
     402       0.8651
     403       0.9174
     404       0.7934
     405       0.7598
     406       0.8343
     407       0.9424
     408       0.8693
     409       0.8665
     410       1.0023
     411       0.9242
     412       0.8882
     413       0.9764
     414       0.8615
     415       1.0093
     416       0.9757
     417       0.9335
     418       0.9669
     419       1.0717
     420       1.0829
     421       0.9918
     422       0.9693
     423       1.0842
     424       0.9018
     425       1.0692
     426       0.9466
     427       0.9864
     428       0.9230
     429       0.9291
     430       0.9607
     431       0.9215
     432       1.0374
     433       1.0354
     434       1.0026
     435       1.1060
     436       0.9896
     437       0.9989
     438       0.9492
     439       0.8818
     440       0.9649
     441       0.9651
     442       0.8585
     443       0.8078
     444       0.8093
     445       0.7307
     446       0.7227
     447       0.8680
     448       0.8311
     449       0.8228
     450       0.9264
     451       0.8618
     452       0.8809
     453       0.8887
     454       0.8679
     455       0.7550
     456       0.7610
     457       0.7188
     458       0.8656
     459       0.8874
     460       0.9421
     461       0.8915
     462       0.7748
     463       1.0510
     464       0.9285
     465       0.8727
     466       0.8348
     467       0.8580
     468       0.9177
     469       1.0026
     470       0.8949
     471       0.8890
     472       0.8489
     473       0.7641
     474       0.8463
     475       1.0262
     476       1.0320
     477       0.8851
     478       0.8725
     479       0.9383
     480       0.8637
     481       1.1352
     482       0.9814
     483       1.0121
     484       0.9656
     485       0.9412
     486       0.9322
     487       0.9256
     488       0.9978
     489       0.9594
     490       0.9760
     491       0.9821
     492       0.8758
     493       0.9407
     494       0.9519
     495       1.0326
     496       0.8636
     497       0.9584
     498       0.9992
     499       0.8852
     500       0.9518
     501       0.9046
     502       0.9888
     503       0.8794
     504       1.0030
     505       1.0487
     506       1.1411
     507       0.9603
     508       0.9461
     509       0.9794
     510       1.1467
     511       1.1572
     512       0.9572
     513       0.9611
     514       0.9449
     515       0.8889
     516       1.0352
     517       0.9990
     518       1.0177
     519       0.9931
     520       1.0057
     521       1.0558
     522       1.0180
     523       1.0148
     524       0.9234
     525       0.9511
     526       1.0120
     527       1.0177
     528       0.9336
     529       1.0065
     530       1.0738
     531       1.0768
     532       0.9825
     533       0.9412
     534       1.1515
     535       1.0743
     536       1.0124
     537       1.0726
     538       0.9943
     539       0.9261
     540       0.8485
     541       0.8304
     542       0.8691
     543       0.9860
     544       0.8679
     545       0.8477
     546       0.8251
     547       0.8964
     548       0.9155
     549       0.9294
     550       1.0407
     551       1.0129
     552       1.0619
     553       1.0008
     554       1.1315
     555       1.0445
     556       0.9830
     557       1.0078
     558       1.0143
     559       1.0249
     560       1.0349
     561       1.0565
     562       1.1626
     563       1.1265
     564       1.1112
     565       1.2022
     566       1.2200
     567       1.1384
     568       1.1706
     569       1.0440
     570       1.1182
     571       1.0272
     572       1.0380
     573       1.0202
     574       1.0621
     575       1.0231
     576       0.9848
     577       0.9456
     578       1.0332
     579       1.1107
     580       1.1024
     581       1.0465
     582       1.1058
     583       1.1063
     584       1.0938
     585       1.0367
     586       1.0926
     587       0.9440
     588       1.0114
     589       0.9529
     590       1.1851
     591       1.1536
     592       1.1369
     593       1.1808
     594       1.0958
     595       0.9022
     596       1.0116
     597       1.0434
     598       1.0061
     599       1.0198
     600       1.1225
     601       1.0041
     602       1.0343
     603       1.0681
     604       1.0349
     605       1.1151
     606       0.9784
     607       1.2423
     608       1.0868
     609       1.0152
     610       1.0758
     611       1.1217
     612       1.0589
     613       0.9755
     614       1.1030
     615       1.0737
     616       0.8237
     617       0.9037
     618       0.8901
     619       0.9358
     620       0.9609
     621       0.9634
     622       1.0746
     623       0.9762
     624       1.1324
     625       1.0469
     626       1.0212
     627       1.0191
     628       0.9750
     629       0.9530
     630       0.9658
     631       0.9046
     632       0.9796
     633       1.0993
     634       0.9982
     635       0.9678
     636       0.9051
     637       0.8946
     638       1.0892
     639       0.9670
     640       1.0476
     641       0.9506
     642       0.8810
     643       0.9587
     644       0.8449
     645       0.9766
     646       0.9565
     647       1.0137
     648       1.0162
     649       1.0473
     650       1.0016
     651       1.1054
     652       1.1059
     653       1.0343
     654       1.1201
     655       1.0802
     656       1.0287
     657       1.0649
     658       0.9883
     659       1.0719
     660       0.9496
     661       1.0678
     662       1.0169
     663       0.9637
     664       1.0246
     665       1.0360
     666       1.0694
     667       1.0839
     668       1.1287
     669       0.9624
     670       1.0463
     671       1.0232
     672       0.9023
     673       0.9461
     674       1.0761
     675       0.9299
     676       0.9082
     677       0.9619
     678       0.9466
     679       0.9227
     680       1.0503
     681       1.0335
     682       1.0620
     683       0.9732
     684       1.0526
     685       0.9779
     686       1.0316
     687       0.9925
     688       0.9545
     689       0.9358
     690       1.0441
     691       0.9637
     692       0.8976
     693       0.9031
     694       0.9231
     695       1.0244
     696       0.9614
     697       0.8625
     698       0.8834
     699       0.9580
     700       1.0368
     701       0.9363
     702       0.9383
     703       0.9438
     704       1.0138
     705       0.9433
     706       0.9467
     707       0.9965
     708       1.0970
     709       1.0159
     710       1.0281
     711       1.0190
     712       0.9003
     713       0.9344
     714       1.0359
     715       1.0232
     716       1.0487
     717       0.9190
     718       0.9479
     719       0.9641
     720       1.0009
     721       0.9788
     722       1.0485
     723       1.0080
     724       1.0191
     725       1.0407
     726       1.1089
     727       1.1878
     728       1.1144
     729       1.1983
     730       1.1338
     731       1.0124
     732       1.0992
     733       1.0862
     734       1.0022
     735       1.0625
     736       1.1085
     737       1.0563
     738       0.9741
     739       0.9501
     740       1.1276
     741       1.0462
     742       0.9884
     743       0.9584
     744       0.9715
     745       1.0744
     746       1.0340
     747       0.9229
     748       0.8671
     749       0.9480
     750       0.9225
     751       0.9758
     752       0.9454
     753       1.0102
     754       0.9879
     755       1.0169
     756       0.9442
     757       0.9225
     758       0.9647
     759       0.9172
     760       0.9687
     761       0.9955
     762       1.0787
     763       1.0379
     764       1.0700
     765       0.9620
     766       0.9936
     767       1.0672
     768       1.0975
     769       1.2017
     770       1.0584
     771       1.0417
     772       0.9900
     773       0.9462
     774       1.0132
     775       1.1755
     776       1.0546
     777       1.1606
     778       1.2198
     779       1.1076
     780       1.1788
     781       1.0952
     782       0.9941
     783       1.0267
     784       1.0215
     785       1.0486
     786       1.0385
     787       1.0565
     788       1.0152
     789       1.0125
     790       0.9930
     791       0.8780
     792       0.9897
     793       1.0414
     794       0.9398
     795       0.9607
     796       1.0001
     797       0.8896
     798       0.9881
     799       0.9887
     800       1.0205
     801       0.9357
     802       0.9299
     803       1.0721
     804       0.9227
     805       0.9906
     806       1.0006
     807       0.9209
     808       0.8875
     809       0.8784
     810       0.9523
     811       0.9959
     812       0.9803
     813       0.9462
     814       0.9386
     815       0.9921
     816       1.0445
     817       0.8777
     818       1.0801
     819       0.9299
     820       0.9934
     821       0.9991
     822       0.9561
     823       0.8982
     824       1.0059
     825       0.9640
     826       0.9375
     827       1.0863
     828       1.0288
     829       1.0790
     830       0.9524
     831       0.9766
     832       0.8976
     833       0.9444
     834       0.9947
     835       1.0321
     836       0.8832
     837       0.8903
     838       0.9958
     839       0.9602
     840       1.0115
     841       1.0452
     842       0.9392
     843       1.0359
     844       1.0130
     845       0.9834
     846       0.9360
     847       1.0237
     848       1.1046
     849       0.9384
     850       0.9544
     851       0.9316
     852       0.9287
     853       0.9047
     854       0.8091
     855       0.9028
     856       0.8736
     857       0.9426
     858       0.8193
     859       0.9355
     860       0.8917
     861       0.9031
     862       0.8317
     863       0.9469
     864       0.9345
     865       0.8268
     866       0.7875
     867       0.9364
     868       0.9405
     869       0.8672
     870       0.8363
     871       0.9226
     872       0.9186
     873       0.9890
     874       0.9262
     875       0.9878
     876       0.8541
     877       0.8851
     878       0.9161
     879       0.9860
     880       0.8676
     881       0.9272
     882       0.9275
     883       0.8737
     884       1.0527
     885       1.1034
     886       1.0087
     887       1.0347
     888       1.1073
     889       1.0820
     890       1.0034
     891       0.9531
     892       1.1108
     893       0.9507
     894       0.9334
     895       0.9855
     896       1.0214
     897       1.1946
     898       1.1169
     899       1.1393
     900       1.2421
     901       1.0789
     902       1.0991
     903       1.1150
     904       1.0336
     905       1.0608
     906       1.0565
     907       1.0202
     908       0.9720
     909       1.0367
     910       0.9515
     911       0.9634
     912       1.0098
     913       1.0803
     914       1.1762
     915       1.1698
     916       1.1013
     917       1.0072
     918       1.1065
     919       0.9941
     920       1.0521
     921       1.1247
     922       1.1840
     923       1.0828
     924       1.1045
     925       1.1033
     926       0.9374
     927       1.0831
     928       0.9275
     929       0.9874
     930       0.9650
     931       0.9532
     932       1.0372
     933       0.9796
     934       1.0119
     935       0.9349
     936       0.9159
     937       0.9837
     938       0.8485
     939       0.8272
     940       0.9851
     941       0.9811
     942       1.1253
     943       1.0284
     944       0.9932
     945       0.8888
     946       0.9353
     947       0.9102
     948       1.0085
     949       0.9147
     950       0.9574
     951       0.9946
     952       1.1321
     953       1.0959
     954       1.0203
     955       1.0072
     956       1.0691
     957       1.0383
     958       0.9895
     959       0.8882
     960       0.9485
     961       0.9262
     962       0.9929
     963       1.0397
     964       1.0707
     965       0.9600
     966       0.9886
     967       1.0602
     968       1.0480
     969       1.0943
     970       1.0056
     971       0.9746
     972       0.9759
     973       1.0259
     974       1.0254
     975       0.9487
     976       0.8563
     977       0.9049
     978       0.9976
     979       0.8684
     980       0.9646
     981       0.9468
     982       0.9687
     983       1.0456
     984       1.1149
     985       1.0200
     986       1.0867
     987       1.0077
     988       1.0441
     989       0.9610
     990       0.9576
     991       0.9597
     992       0.9525
     993       0.8578
     994       0.9765
     995       0.9340
     996       0.9968
     997       0.8587
     998       0.9378
     999       1.0101
    1000       1.0261
    1001       0.9668
    1002       0.8833
    1003       0.9414
    1004       0.9679
    1005       0.9596
    1006       0.9099
    1007       0.9542
    1008       0.9056
    1009       0.8923
    1010       0.9015
    1011       0.9296
    1012       0.8943
    1013       1.0351
    1014       0.9419
    1015       0.9883
    1016       0.8516
    1017       1.0106
    1018       0.9954
    1019       0.9625
    1020       1.0023
    1021       1.0175
    1022       0.9588
    1023       0.9703
    1024       0.9917
    1025       0.9074
    1026       0.9813
    1027       0.8904
    1028       1.0174
    1029       0.9495
    1030       1.0122
    1031       0.9056
    1032       0.8871
    1033       0.8600
    1034       1.0535
    1035       1.0001
    1036       0.8912
    1037       0.9342
    1038       0.9168
    1039       0.9533
    1040       0.9025
    1041       0.8808
    1042       0.8624
    1043       0.9450
    1044       0.9852
    1045       0.8461
    1046       0.9464
    1047       0.8561
    1048       0.9784
    1049       0.9381
    1050       1.0516
    1051       1.0314
    1052       1.1175
    1053       1.0592
    1054       1.0201
    1055       1.0056
    1056       0.9284
    1057       1.0333
    1058       0.9458
    1059       0.9972
    1060       1.0303
    1061       1.1343
    1062       1.0477
    1063       1.0693
    1064       1.0213
    1065       1.0549
    1066       1.1704
    1067       1.0409
    1068       0.9468
    1069       1.0344
    1070       0.9553
    1071       0.9743
    1072       0.9434
    1073       0.9230
    1074       0.9591
    1075       1.0300
    1076       1.0828
    1077       1.0527
    1078       1.0869
    1079       0.9857
    1080       0.9257
    1081       1.0052
    1082       0.9681
    1083       1.0317
    1084       0.9398
    1085       0.9663
    1086       1.0262
    1087       0.9657
    1088       1.0311
    1089       1.0814
    1090       1.0188
    1091       0.9538
    1092       0.9525
    1093       1.0093
    1094       0.9229
    1095       0.9838
    1096       1.0660
    1097       1.0332
    1098       1.0517
    1099       1.0072
    1100       0.8919
    1101       1.1014
    1102       0.9985
    1103       0.9588
    1104       0.9619
    1105       0.9046
    1106       0.9636
    1107       0.9382
    1108       0.9913
    1109       1.0583
    1110       0.8835
    1111       0.9738
    1112       1.0308
    1113       0.9540
    1114       0.9079
    1115       0.9151
    1116       0.9918
    1117       1.0351
    1118       1.0029
    1119       1.0627
    1120       1.0550
    1121       1.1089
    1122       0.9475
    1123       0.9929
    1124       0.9756
    1125       0.9135
    1126       0.9946
    1127       1.0688
    1128       1.0200
    1129       0.9805
    1130       0.9098
    1131       0.8486
    1132       0.8559
    1133       0.9696
    1134       1.0246
    1135       1.0545
    1136       1.0535
    1137       0.9454
    1138       0.9846
    1139       0.8824
    1140       0.9719
    1141       0.9574
    1142       0.8652
    1143       0.9654
    1144       0.9511
    1145       1.0306
    1146       1.0242
    1147       1.0096
    1148       0.9396
    1149       0.9790
    1150       0.8769
    1151       0.8724
    1152       0.8862
    1153       1.0337
    1154       0.9639
    1155       0.8916
    1156       0.9771
    1157       0.8310
    1158       1.0096
    1159       1.0043
    1160       1.0965
    1161       0.9994
    1162       0.8490
    1163       0.8728
    1164       0.9024
    1165       0.9969
    1166       0.8794
    1167       1.0497
    1168       1.0269
    1169       1.0206
    1170       1.0728
    1171       1.0173
    1172       1.0140
    1173       1.0188
    1174       0.9660
    1175       0.9701
    1176       0.9444
    1177       1.1262
    1178       1.0470
    1179       0.9858
    1180       0.9275
    1181       1.0225
    1182       1.0171
    1183       1.0353
    1184       1.0548
    1185       1.0024
    1186       0.9714
    1187       1.0669
    1188       1.0039
    1189       1.0938
    1190       1.1456
    1191       1.1462
    1192       1.0441
    1193       1.0210
    1194       1.1099
    1195       1.0418
    1196       1.1570
    1197       1.0869
    1198       0.9773
    1199       1.1362
    1200       1.0108
    1201       1.0017
    1202       1.1004
    1203       1.0971
    1204       1.0989
    1205       1.0603
    1206       0.9863
    1207       0.9764
    1208       0.9500
    1209       0.9586
    1210       0.9849
    1211       0.9874
    1212       1.0673
    1213       1.0974
    1214       1.0214
    1215       0.9671
    1216       1.0184
    1217       1.0059
    1218       1.0107
    1219       0.9417
    1220       0.9470
    1221       0.9923
    1222       0.9792
    1223       1.0016
    1224       0.9649
    1225       0.9961
    1226       0.9783
    1227       1.0140
    1228       1.0383
    1229       1.0124
    1230       1.0602
    1231       1.0164
    1232       0.9686
    1233       1.1428
    1234       1.0595
    1235       1.1987
    1236       1.0316
    1237       1.1001
    1238       1.1795
    1239       1.1649
    1240       1.0092
    1241       1.0951
    1242       1.0763
    1243       1.0776
    1244       0.9491
    1245       0.9639
    1246       0.9727
    1247       1.0767
    1248       1.0651
    1249       1.0268
    1250       0.9481
    1251       0.8895
    1252       0.9850
    1253       0.9560
    1254       1.0616
    1255       0.9386
    1256       0.9915
    1257       0.9447
    1258       1.0470
    1259       1.0256
    1260       0.9955
    1261       1.1031
    1262       1.0407
    1263       1.0037
    1264       0.9166
    1265       1.0154
    1266       1.0219
    1267       1.0638
    1268       0.9967
    1269       0.9503
    1270       0.9491
    1271       1.0557
    1272       1.0158
    1273       1.0516
    1274       1.0415
    1275       1.1719
    1276       1.0981
    1277       1.0803
    1278       1.0698
    1279       1.1325
    1280       1.0412
    1281       1.0736
    1282       1.0434
    1283       1.0801
    1284       0.9225
    1285       0.9227
    1286       0.9615
    1287       0.9937
    1288       0.9713
    1289       0.9449
    1290       1.0378
    1291       0.9894
    1292       0.8685
    1293       0.8303
    1294       0.9984
    1295       1.0077
    1296       1.1318
    1297       1.0803
    1298       1.0084
    1299       1.0459
    1300       1.0468
    1301       0.9578
    1302       0.9479
    1303       1.0479
    1304       0.9205
    1305       0.9664
    1306       1.0445
    1307       0.9962
    1308       1.1897
    1309       1.1135
    1310       1.0236
    1311       1.0966
    1312       1.0929
    1313       1.0021
    1314       0.9616
    1315       0.9940
    1316       1.1578
    1317       1.0285
    1318       1.0284
    1319       1.1056
    1320       1.0781
    1321       1.1066
    1322       1.1309
    1323       0.9996
    1324       1.0225
    1325       1.1353
    1326       1.0043
    1327       1.0082
    1328       0.9491
    1329       1.0184
    1330       0.9274
    1331       0.9544
    1332       1.0319
    1333       1.0296
    1334       1.0122
    1335       0.9908
    1336       1.1440
    1337       1.1227
    1338       1.0403
    1339       1.0346
    1340       1.1031
    1341       1.0131
    1342       1.0797
    1343       1.0570
    1344       1.0193
    1345       0.9496
    1346       1.1595
    1347       1.1629
    1348       1.1131
    1349       1.1395
    1350       1.0814
    1351       1.0857
    1352       1.1074
    1353       1.0878
    1354       1.1394
    1355       1.0947
    1356       1.0685
    1357       1.1310
    1358       1.0213
    1359       0.9961
    1360       0.9869
    1361       1.0409
    1362       1.0117
    1363       0.9868
    1364       1.0761
    1365       0.9554
    1366       1.0756
    1367       1.0257
    1368       1.0714
    1369       1.1223
    1370       1.1362
    1371       1.1790
    1372       1.0989
    1373       1.0191
    1374       1.0244
    1375       0.9363
    1376       1.1264
    1377       1.0007
    1378       1.0059
    1379       1.0759
    1380       1.0202
    1381       0.9234
    1382       1.0511
    1383       0.8893
    1384       0.9338
    1385       1.0157
    1386       0.9875
    1387       1.0629
    1388       0.9350
    1389       0.9553
    1390       1.0396
    1391       1.1458
    1392       1.0332
    1393       1.1161
    1394       1.0472
    1395       0.9978
    1396       1.0369
    1397       1.0059
    1398       0.9868
    1399       0.9644
    1400       0.9276
    1401       1.0473
    1402       1.0095
    1403       1.0368
    1404       1.0017
    1405       1.0445
    1406       1.0485
    1407       0.9978
    1408       1.0745
    1409       1.0044
    1410       1.1605
    1411       1.1824
    1412       1.1209
    1413       1.0895
    1414       0.9560
    1415       1.0529
    1416       1.2175
    1417       1.1440
    1418       1.1956
    1419       1.0643
    1420       1.1366
    1421       1.2473
    1422       1.1511
    1423       1.0290
    1424       0.9830
    1425       1.0662
    1426       1.0931
    1427       1.0938
    1428       1.0572
    1429       0.9596
    1430       1.0637
    1431       1.0129
    1432       1.0776
    1433       1.1585
    1434       1.1546
    1435       1.0672
    1436       1.1068
    1437       0.9359
    1438       1.1397
    1439       1.2074
    1440       1.1417
    1441       1.1012
    1442       1.0676
    1443       1.1334
    1444       1.0678
    1445       1.0059
    1446       1.0124
    1447       0.9977
    1448       0.9030
    1449       1.0000
    1450       1.0924
    1451       1.0502
    1452       1.0891
    1453       1.0356
    1454       1.0038
    1455       0.9718
    1456       0.9411
    1457       0.9788
    1458       1.0525
    1459       0.9215
    1460       0.8490
    1461       0.8751
    1462       0.8617
    1463       0.9045
    1464       0.8685
    1465       0.9322
    1466       1.0690
    1467       0.9618
    1468       1.0130
    1469       1.0529
    1470       0.9799
    1471       0.9931
    1472       0.9310
    1473       0.9930
    1474       1.0299
    1475       1.0461
    1476       1.0316
    1477       1.1072
    1478       1.0689
    1479       1.0128
    1480       1.1050
    1481       1.1153
    1482       1.0835
    1483       1.0150
    1484       1.0316
    1485       1.0113
    1486       1.1443
    1487       1.0570
    1488       1.1078
    1489       1.0400
    1490       0.9954
    1491       0.9767
    1492       1.0265
    1493       1.0187
    1494       1.0024
    1495       0.9722
    1496       0.9425
    1497       1.0275
    1498       1.0075
    1499       0.9793
    1500       0.9916
    1501       1.0027
    1502       0.9935
    1503       0.9025
    1504       1.0710
    1505       1.0282
    1506       0.9937
    1507       0.9509
    1508       0.9649
    1509       0.8737
    1510       0.9731
    1511       0.9496
    1512       1.0396
    1513       1.0161
    1514       0.9611
    1515       1.0341
    1516       0.9475
    1517       0.9701
    1518       1.0254
    1519       0.9984
    1520       1.0359
    1521       1.1083
    1522       1.1258
    1523       1.0229
    1524       0.9495
    1525       1.0447
    1526       1.0451
    1527       0.9198
    1528       0.9979
    1529       0.9580
    1530       0.8735
    1531       0.9721
    1532       0.9013
    1533       0.8570
    1534       0.7956
    1535       0.9382
    1536       1.0101
    1537       0.9989
    1538       0.9239
    1539       1.0141
    1540       1.1299
    1541       1.0731
    1542       1.0484
    1543       1.0258
    1544       0.9580
    1545       0.9032
    1546       0.9949
    1547       0.9815
    1548       0.9885
    1549       0.9586
    1550       1.0403
    1551       1.0039
    1552       1.1040
    1553       1.0516
    1554       0.9520
    1555       0.9412
    1556       1.0376
    1557       1.1164
    1558       0.9530
    1559       0.9695
    1560       1.0094
    1561       0.8844
    1562       0.8576
    1563       1.0091
    1564       0.9803
    1565       1.0964
    1566       1.1562
    1567       1.0072
    1568       1.0108
    1569       0.9108
    1570       0.9418
    1571       0.9894
    1572       0.9847
    1573       1.0418
    1574       1.0469
    1575       1.0363
    1576       1.0286
    1577       1.1515
    1578       1.0996
    1579       1.1642
    1580       1.1519
    1581       0.9872
    1582       0.9296
    1583       1.0080
    1584       0.9597
    1585       0.9868
    1586       1.0056
    1587       1.0144
    1588       1.0827
    1589       1.0771
    1590       1.2380
    1591       1.1129
    1592       1.0820
    1593       1.0652
    1594       0.9962
    1595       1.0929
    1596       0.9608
    1597       1.1443
    1598       1.0681
    1599       1.0462
    1600       0.9890
    1601       0.9228
    1602       1.0250
    1603       0.9464
    1604       0.9509
    1605       1.0427
    1606       1.0025
    1607       0.9060
    1608       0.9961
    1609       0.8473
    1610       0.9408
    1611       0.9306
    1612       0.8780
    1613       0.9330
    1614       0.9252
    1615       0.9612
    1616       0.8629
    1617       0.8156
    1618       0.8489
    1619       0.9512
    1620       0.9242
    1621       0.9910
    1622       1.0750
    1623       0.9834
    1624       1.0502
    1625       0.9998
    1626       0.9765
    1627       1.1179
    1628       0.9905
    1629       0.9785
    1630       1.1276
    1631       1.1137
    1632       0.9773
    1633       1.0079
    1634       1.0148
    1635       0.9334
    1636       1.0599
    1637       1.0151
    1638       1.0509
    1639       0.9066
    1640       1.0063
    1641       0.9592
    1642       0.9882
    1643       0.9653
    1644       0.9500
    1645       0.8964
    1646       1.0864
    1647       0.9261
    1648       0.9506
    1649       0.9991
    1650       1.0739
    1651       1.0305
    1652       1.1285
    1653       1.1221
    1654       1.0810
    1655       1.1760
    1656       1.0532
    1657       1.1088
    1658       1.1255
    1659       1.0977
    1660       1.1316
    1661       1.0404
    1662       1.2048
    1663       1.0807
    1664       1.1637
    1665       1.1648
    1666       1.1867
    1667       1.2486
    1668       1.2444
    1669       1.1205
    1670       1.0844
    1671       1.1428
    1672       1.1308
    1673       1.3000
    1674       1.1957
    1675       1.2022
    1676       1.1212
    1677       1.1146
    1678       1.1081
    1679       1.1038
    1680       1.0925
    1681       1.1607
    1682       1.1107
    1683       1.1894
    1684       1.1728
    1685       1.1309
    1686       1.3602
    1687       1.2293
    1688       1.1886
    1689       1.2374
    1690       1.1664
    1691       1.2094
    1692       1.1460
    1693       1.2317
    1694       1.1708
    1695       1.1543
    1696       1.0918
    1697       1.1443
    1698       1.1033
    1699       1.2640
    1700       1.1887
    1701       1.0678
    1702       1.1281
    1703       1.1110
    1704       1.1006
    1705       1.1729
    1706       1.1207
    1707       1.1165
    1708       1.0508
    1709       1.0411
    1710       1.1260
    1711       1.1945
    1712       1.1826
    1713       1.1277
    1714       1.1420
    1715       1.1430
    1716       1.1310
    1717       1.0812
    1718       1.1680
    1719       1.2101
    1720       1.2139
    1721       1.1201
    1722       1.2040
    1723       1.0383
    1724       0.9600
    1725       1.1574
    1726       0.9937
    1727       1.0377
    1728       1.0153
    1729       1.2199
    1730       1.1260
    1731       1.1168
    1732       1.0900
    1733       1.0855
    1734       1.0067
    1735       1.0175
    1736       0.9593
    1737       1.0732
    1738       1.0625
    1739       1.0022
    1740       0.9271
    1741       0.9487
    1742       1.0583
    1743       0.9604
    1744       1.0091
    1745       1.0150
    1746       1.0063
    1747       1.0600
    1748       0.9715
    1749       0.9145
    1750       1.0581
    1751       1.0149
    1752       0.9964
    1753       1.1671
    1754       1.0621
    1755       1.0214
    1756       1.0634
    1757       0.9663
    1758       0.9022
    1759       0.9664
    1760       1.0043
    1761       1.1309
    1762       1.0952
    1763       1.1280
    1764       1.1329
    1765       1.0865
    1766       1.0663
    1767       1.1584
    1768       1.0916
    1769       1.1091
    1770       1.1738
    1771       1.0409
    1772       1.0098
    1773       1.0333
    1774       1.0702
    1775       0.9347
    1776       1.0655
    1777       1.0597
    1778       1.0277
    1779       1.0268
    1780       1.0008
    1781       0.9707
    1782       1.0604
    1783       1.1216
    1784       1.1068
    1785       1.0035
    1786       1.0023
    1787       1.0609
    1788       1.0678
    1789       1.0151
    1790       1.1384
    1791       1.0529
    1792       1.0132
    1793       1.0379
    1794       1.1014
    1795       1.0842
    1796       1.1658
    1797       1.1655
    1798       1.1051
    1799       1.1441
    1800       1.1412
    1801       1.1479
    1802       1.0789
    1803       1.0185
    1804       1.0753
    1805       0.9989
    1806       1.1743
    1807       1.0812
    1808       0.9490
    1809       1.0757
    1810       1.0593
    1811       1.1168
    1812       1.0808
    1813       1.0487
    1814       1.1760
    1815       1.1885
    1816       1.1322
    1817       1.1387
    1818       1.1375
    1819       1.0526
    1820       1.1729
    1821       1.0555
    1822       1.1250
    1823       1.1986
    1824       1.2446
    1825       1.1571
    1826       1.1461
    1827       1.0804
    1828       1.1951
    1829       1.0164
    1830       1.0817
    1831       1.0481
    1832       1.1928
    1833       1.2306
    1834       1.0418
    1835       1.0766
    1836       1.1187
    1837       1.2010
    1838       1.1460
    1839       0.9914
    1840       0.9837
    1841       1.0794
    1842       1.1241
    1843       1.1386
    1844       1.1381
    1845       1.0956
    1846       1.1471
    1847       1.0744
    1848       1.0401
    1849       1.0814
    1850       1.0408
    1851       0.9891
    1852       1.1027
    1853       1.1242
    1854       1.0809
    1855       1.0580
    1856       1.0443
    1857       1.0841
    1858       1.0816
    1859       1.2200
    1860       1.1836
    1861       1.1488
    1862       1.1860
    1863       1.1609
    1864       1.1171
    1865       1.0998
    1866       1.1202
    1867       1.0850
    1868       1.1732
    1869       1.1584
    1870       1.2437
    1871       1.2564
    1872       1.1867
    1873       1.1074
    1874       1.0930
    1875       1.0296
    1876       1.0180
    1877       1.0772
    1878       1.0691
    1879       1.0612
    1880       1.0837
    1881       1.0413
    1882       1.0639
    1883       0.9617
    1884       1.1257
    1885       1.1697
    1886       1.0166
    1887       1.0966
    1888       1.1111
    1889       1.1287
    1890       1.1218
    1891       1.1252
    1892       1.0910
    1893       1.0998
    1894       1.1831
    1895       1.1750
    1896       1.1387
    1897       1.0489
    1898       1.0491
    1899       1.0682
    1900       1.1159
    1901       1.1532
    1902       0.9501
    1903       1.0824
    1904       1.0665
    1905       1.0703
    1906       0.9586
    1907       1.0590
    1908       1.0099
    1909       1.0600
    1910       1.0502
    1911       1.0710
    1912       1.0151
    1913       1.0983
    1914       0.9608
    1915       1.0636
    1916       1.0702
    1917       1.0936
    1918       1.1392
    1919       1.0682
    1920       1.1407
    1921       1.0889
    1922       1.0791
    1923       1.1461
    1924       1.0975
    1925       1.0129
    1926       1.1452
    1927       1.1448
    1928       1.1022
    1929       1.1827
    1930       1.1161
    1931       1.1648
    1932       1.1568
    1933       1.2202
    1934       1.1701
    1935       1.1274
    1936       1.0511
    1937       1.0801
    1938       1.1466
    1939       1.1160
    1940       1.0946
    1941       1.0514
    1942       1.0874
    1943       1.0662
    1944       1.1080
    1945       1.0317
    1946       1.0516
    1947       1.0860
    1948       1.1004
    1949       1.1414
    1950       1.2085
    1951       1.1798
    1952       1.1189
    1953       1.1270
    1954       1.1744
    1955       1.1151
    1956       1.0706
    1957       1.0813
    1958       1.0408
    1959       1.0341
    1960       1.0496
    1961       0.9756
    1962       0.9936
    1963       1.0027
    1964       1.0230
    1965       0.9930
    1966       1.0547
    1967       1.0743
    1968       0.9281
    1969       0.9778
    1970       0.9942
    1971       0.9097
    1972       1.0802
    1973       0.9014
    1974       0.9476
    1975       0.8785
    1976       0.8440
    1977       0.9902
    1978       0.8697
    1979       0.9501
    1980       1.0252
    1981       0.8440
    1982       0.8461
    1983       0.9898
    1984       1.0295
    1985       0.9399
    1986       1.0569
    1987       0.9373
    1988       0.8915
    1989       0.9989
    1990       0.9444
    1991       0.9393
    1992       1.0165
    1993       0.9868
    1994       1.0353
    1995       1.0864
    1996       0.9568
    1997       0.9928
    1998       1.0215
    1999       0.9261
    2000       0.9554
    2001       1.0223
    2002       1.0079
    2003       1.0658
    2004       0.9934
    2005       0.9388
    2006       0.9677
    2007       0.9740
    2008       1.0156
    2009       0.9552
    2010       0.9921
    2011       1.0152
    2012       1.0397
    2013       0.9476
    2014       0.9521
    2015       0.9678
    2016       1.0121
    2017       1.1740
    2018       1.1787
    2019       1.0911
    2020       1.1204
    2021       1.1177
    2022       1.1335
    2023       1.1321
    2024       0.9762
    2025       1.0337
    2026       0.9938
    2027       1.1354
    2028       1.0492
    2029       1.1114
    2030       1.0265
    2031       0.9012
    2032       1.0061
    2033       1.0299
    2034       0.9035
    2035       0.8707
    2036       0.9642
    2037       0.9752
    2038       1.0422
    2039       1.0597
    2040       1.1355
    2041       1.1372
    2042       0.9998
    2043       1.0898
    2044       0.9717
    2045       1.0412
    2046       0.9017
    2047       0.9673
    2048       1.0516
    2049       1.0733
    2050       1.1095
    2051       1.0363
    2052       1.0024
    2053       0.9733
    2054       1.0834
    2055       1.0854
    2056       1.0538
    2057       1.0805
    2058       1.1330
    2059       1.2351
    2060       1.2380
    2061       1.2549
    2062       1.1736
    2063       1.0793
    2064       1.1313
    2065       1.1012
    2066       1.1043
    2067       1.1087
    2068       0.9893
    2069       1.0811
    2070       1.1300
    2071       1.0397
    2072       1.1038
    2073       0.9917
    2074       1.1336
    2075       0.9816
    2076       1.1592
    2077       1.0074
    2078       1.0649
    2079       1.0053
    2080       0.9375
    2081       1.0143
    2082       1.1269
    2083       1.0160
    2084       1.1025
    2085       1.1021
    2086       1.0752
    2087       1.1343
    2088       1.1539
    2089       1.0441
    2090       1.1606
    2091       1.0903
    2092       1.1351
    2093       1.2004
    2094       0.9727
    2095       0.9856
    2096       1.0846
    2097       1.0560
    2098       1.0773
    2099       1.0675
    2100       1.1040
    2101       1.0915
    2102       1.1118
    2103       0.9898
    2104       1.0193
    2105       0.9664
    2106       1.1285
    2107       1.0215
    2108       1.0596
    2109       1.0561
    2110       1.0525
    2111       1.1196
    2112       1.1583
    2113       1.0179
    2114       1.1888
    2115       0.9924
    2116       0.9008
    2117       0.9129
    2118       1.0341
    2119       0.9967
    2120       1.1309
    2121       1.0228
    2122       1.0862
    2123       1.2467
    2124       1.0329
    2125       0.9650
    2126       1.1044
    2127       1.0407
    2128       0.9495
    2129       1.0432
    2130       0.9902
    2131       1.0125
    2132       1.0047
    2133       1.0031
    2134       1.0428
    2135       0.9894
    2136       0.9784
    2137       1.0422
    2138       1.0214
    2139       1.1942
    2140       1.0852
    2141       1.1222
    2142       1.1189
    2143       1.0512
    2144       1.0832
    2145       1.0647
    2146       1.0544
    2147       1.0751
    2148       1.0829
    2149       1.0142
    2150       1.0790
    2151       1.1324
    2152       1.1354
    2153       1.0914
    2154       1.1829
    2155       1.1648
    2156       1.1670
    2157       1.3239
    2158       1.2107
    2159       1.1694
    2160       1.1097
    2161       1.2386
    2162       1.1626
    2163       1.2577
    2164       1.2089
    2165       1.2026
    2166       1.2914
    2167       1.3344
    2168       1.3658
    2169       1.3265
    2170       1.3180
    2171       1.2596
    2172       1.3162
    2173       1.3031
    2174       1.2855
    2175       1.3020
    2176       1.3935
    2177       1.2801
    2178       1.2660
    2179       1.3419
    2180       1.3700
    2181       1.3576
    2182       1.2698
    2183       1.2450
    2184       1.1996
    2185       1.1053
    2186       1.2010
    2187       1.1151
    2188       1.1958
    2189       1.2479
    2190       1.4087
    2191       1.3274
    2192       1.3635
    2193       1.2047
    2194       1.1565
    2195       1.1831
    2196       1.2111
    2197       1.2025
    2198       1.1743
    2199       1.2261
    2200       1.1530
    2201       1.1129
    2202       1.0701
    2203       1.1140
    2204       1.1193
    2205       1.1013
    2206       1.1635
    2207       1.3170
    2208       1.1491
    2209       1.1554
    2210       1.1151
    2211       1.1905
    2212       1.1939
    2213       1.2880
    2214       1.3682
    2215       1.4017
    2216       1.5207
    2217       1.5108
    2218       1.4457
    2219       1.4243
    2220       1.5170
    2221       1.3455
    2222       1.3618
    2223       1.2616
    2224       1.2548
    2225       1.3209
    2226       1.3240
    2227       1.1176
    2228       1.2040
    2229       1.2425
    2230       1.2368
    2231       1.2825
    2232       1.2271
    2233       1.1386
    2234       1.1925
    2235       1.2529
    2236       1.2101
    2237       1.3818
    2238       1.2560
    2239       1.2689
    2240       1.1965
    2241       1.3740
    2242       1.2274
    2243       1.2364
    2244       1.1677
    2245       1.0990
    2246       1.0167
    2247       1.0602
    2248       1.2479
    2249       1.1338
    2250       1.0526
    2251       1.1033
    2252       1.1312
    2253       1.1213
    2254       1.0588
    2255       1.0806
    2256       1.0926
    2257       1.1994
    2258       1.1759
    2259       1.1130
    2260       1.0428
    2261       1.1308
    2262       1.1421
    2263       1.1973
    2264       1.0785
    2265       1.0738
    2266       1.1249
    2267       1.1236
    2268       1.0287
    2269       1.0900
    2270       1.0644
    2271       1.1315
    2272       1.1256
    2273       1.0868
    2274       1.0989
    2275       1.1533
    2276       1.1553
    2277       1.0239
    2278       1.0635
    2279       1.1190
    2280       1.1736
    2281       1.1485
    2282       1.1422
    2283       1.0498
    2284       1.0719
    2285       1.2081
    2286       1.1692
    2287       1.0679
    2288       1.0715
    2289       1.0509
    2290       1.0608
    2291       1.0423
    2292       1.0243
    2293       1.0864
    2294       0.8650
    2295       1.0287
    2296       0.9414
    2297       0.8974
    2298       0.9491
    2299       1.0455
    2300       1.2833
    2301       1.0861
    2302       1.0415
    2303       1.1722
    2304       1.1772
    2305       1.1244
    2306       1.2699
    2307       1.2033
    2308       1.1777
    2309       1.0250
    2310       1.1231
    2311       1.1119
    2312       1.1027
    2313       1.1450
    2314       1.0430
    2315       1.0422
    2316       1.0280
    2317       1.0424
    2318       1.0208
    2319       1.1273
    2320       1.0261
    2321       1.0703
    2322       1.1255
    2323       1.0380
    2324       1.0944
    2325       1.0609
    2326       1.0740
    2327       1.0408
    2328       1.0529
    2329       1.0856
    2330       1.1555
    2331       1.0546
    2332       1.0673
    2333       1.0794
    2334       1.0061
    2335       1.0778
    2336       1.1150
    2337       1.1781
    2338       1.0624
    2339       1.1810
    2340       1.1100
    2341       1.1244
    2342       1.1813
    2343       1.0572
    2344       1.0455
    2345       1.1668
    2346       1.0754
    2347       1.1218
    2348       1.0167
    2349       1.0718
    2350       1.1249
    2351       1.1069
    2352       1.0534
    2353       1.0362
    2354       1.2493
    2355       1.1143
    2356       1.0845
    2357       1.1354
    2358       1.0392
    2359       0.9961
    2360       1.0935
    2361       1.0830
    2362       1.2293
    2363       1.2090
    2364       1.2143
    2365       1.2991
    2366       1.3429
    2367       1.2616
    2368       1.3428
    2369       1.1216
    2370       1.2421
    2371       1.2431
    2372       1.1795
    2373       1.1865
    2374       1.1660
    2375       1.1860
    2376       1.2510
    2377       1.2138
    2378       1.1117
    2379       1.1679
    2380       1.1715
    2381       1.0861
    2382       1.2022
    2383       1.2403
    2384       1.1670
    2385       1.1507
    2386       1.1509
    2387       1.2851
    2388       1.2467
    2389       1.3025
    2390       1.2872
    2391       1.2706
    2392       1.2605
    2393       1.1352
    2394       1.1292
    2395       1.1622
    2396       1.0710
    2397       1.1481
    2398       1.0934
    2399       1.1371
    2400       1.0597
    2401       0.9982
    2402       1.0632
    2403       1.1293
    2404       1.1254
    2405       1.0964
    2406       1.1455
    2407       1.1205
    2408       1.1047
    2409       1.0475
    2410       1.1141
    2411       1.1029
    2412       1.0836
    2413       1.0734
    2414       0.9775
    2415       1.2203
    2416       1.1534
    2417       1.0418
    2418       1.0188
    2419       1.1078
    2420       1.1070
    2421       1.2450
    2422       1.1754
    2423       1.1184
    2424       1.2181
    2425       1.2407
    2426       1.1030
    2427       1.0765
    2428       1.1429
    2429       1.1031
    2430       0.9614
    2431       0.9997
    2432       1.1381
    2433       1.0331
    2434       1.1766
    2435       1.1239
    2436       1.1736
    2437       1.0998
    2438       1.1696
    2439       1.2332
    2440       1.1337
    2441       1.1774
    2442       1.0340
    2443       1.1405
    2444       1.0924
    2445       1.2109
    2446       1.2140
    2447       1.2535
    2448       1.1735
    2449       1.1899
    2450       1.0257
    2451       1.0815
    2452       1.1398
    2453       1.0821
    2454       1.1232
    2455       1.1696
    2456       1.3136
    2457       1.1313
    2458       1.2876
    2459       1.1858
    2460       1.1185
    2461       1.1622
    2462       1.2584
    2463       1.1954
    2464       1.2485
    2465       1.2260
    2466       1.3415
    2467       1.2629
    2468       1.2096
    2469       1.2989
    2470       1.1702
    2471       1.1807
    2472       1.1474
    2473       1.0960
    2474       1.1605
    2475       1.3746
    2476       1.3549
    2477       1.2980
    2478       1.1902
    2479       1.3306
    2480       1.3062
    2481       1.2501
    2482       1.2843
    2483       1.1219
    2484       1.1579
    2485       1.3018
    2486       1.1828
    2487       1.2343
    2488       1.1720
    2489       1.1735
    2490       1.0967
    2491       1.2091
    2492       1.1169
    2493       1.2057
    2494       1.2243
    2495       1.1345
    2496       1.0717
    2497       1.1593
    2498       1.0665
    2499       1.1602
    2500       1.0536
    2501       1.1541
    2502       1.0336
    2503       1.1734
    2504       1.1823
    2505       1.1702
    2506       1.2960
    2507       1.3086
    2508       1.1172
    2509       1.2629
    2510       1.2106
    2511       1.1651
    2512       1.0458
    2513       1.1379
    2514       1.1102
    2515       1.1546
    2516       1.1025
    2517       1.1519
    2518       1.2007
    2519       1.2002
    2520       1.1219
    2521       1.0477
    2522       1.0979
    2523       1.0371
    2524       1.0858
    2525       1.0958
    2526       1.1538
    2527       1.1018
    2528       1.2199
    2529       1.2099
    2530       1.2344
    2531       1.1181
    2532       1.1874
    2533       1.2185
    2534       1.1582
    2535       1.1924
    2536       1.1318
    2537       1.1040
    2538       1.2160
    2539       1.1403
    2540       1.1235
    2541       1.0828
    2542       1.1010
    2543       1.0938
    2544       1.1257
    2545       1.0714
    2546       1.0716
    2547       1.1208
    2548       1.0450
    2549       1.0418
    2550       1.0905
    2551       1.0811
    2552       1.1758
    2553       1.1301
    2554       1.1998
    2555       1.2240
    2556       1.1663
    2557       1.0120
    2558       1.1829
    2559       1.0940
    2560       1.0806
    2561       1.1091
    2562       1.1537
    2563       1.1570
    2564       1.1021
    2565       1.0579
    2566       1.1035
    2567       1.0991
    2568       1.1921
    2569       1.0998
    2570       1.1470
    2571       1.1507
    2572       1.0838
    2573       1.0696
    2574       1.0754
    2575       1.1553
    2576       1.2368
    2577       1.2729
    2578       1.2413
    2579       1.1660
    2580       1.1834
    2581       1.2320
    2582       1.2021
    2583       1.3496
    2584       1.2788
    2585       1.2055
    2586       1.0999
    2587       1.2385
    2588       1.2610
    2589       1.1916
    2590       1.1831
    2591       1.1850
    2592       1.1417
    2593       1.1183
    2594       1.1016
    2595       1.2901
    2596       1.2875
    2597       1.2719
    2598       1.2422
    2599       1.1856
    2600       1.1470
    2601       1.1793
    2602       1.1980
    2603       1.1745
    2604       1.1392
    2605       1.2396
    2606       1.1380
    2607       1.2759
    2608       1.2293
    2609       1.2157
    2610       1.1408
    2611       1.0731
    2612       1.0863
    2613       1.1118
    2614       1.3002
    2615       1.1653
    2616       1.1973
    2617       1.1694
    2618       1.1964
    2619       1.2371
    2620       1.1851
    2621       1.1959
    2622       1.1252
    2623       1.2124
    2624       1.1594
    2625       1.1791
    2626       1.1947
    2627       1.2176
    2628       1.1514
    2629       1.3165
    2630       1.1457
    2631       1.1664
    2632       1.0530
    2633       1.1512
    2634       1.3001
    2635       1.2211
    2636       1.1752
    2637       1.2477
    2638       1.3871
    2639       1.2067
    2640       1.2833
    2641       1.3171
    2642       1.2294
    2643       1.1669
    2644       1.2536
    2645       1.3110
    2646       1.2824
    2647       1.3647
    2648       1.2635
    2649       1.1622
    2650       1.1908
    2651       1.0697
    2652       1.0089
    2653       1.1069
    2654       1.0726
    2655       1.0970
    2656       1.0956
    2657       1.0729
    2658       1.2153
    2659       1.1782
    2660       1.1288
    2661       1.1680
    2662       1.1454
    2663       1.1215
    2664       1.0926
    2665       1.1012
    2666       1.0657
    2667       1.1702
    2668       1.1816
    2669       1.0231
    2670       1.1525
    2671       1.2154
    2672       1.0989
    2673       1.2211
    2674       1.2331
    2675       1.2540
    2676       1.1894
    2677       1.1760
    2678       1.2537
    2679       1.2470
    2680       1.3225
    2681       1.2509
    2682       1.1960
    2683       1.3514
    2684       1.3498
    2685       1.1902
    2686       1.2257
    2687       1.1112
    2688       1.2162
    2689       1.1714
    2690       1.1537
    2691       1.3670
    2692       1.1768
    2693       1.1944
    2694       1.2320
    2695       1.1776
    2696       1.1853
    2697       1.0910
    2698       1.0953
    2699       1.1690
    2700       1.1280
    2701       1.2370
    2702       1.1041
    2703       1.1722
    2704       1.0936
    2705       1.1137
    2706       1.1586
    2707       1.1673
    2708       1.2011
    2709       1.0479
    2710       0.9988
    2711       1.0564
    2712       1.1517
    2713       1.1192
    2714       1.1661
    2715       1.1805
    2716       1.2463
    2717       1.1554
    2718       1.2296
    2719       1.1596
    2720       1.2370
    2721       1.1737
    2722       1.2325
    2723       1.3229
    2724       1.2701
    2725       1.1408
    2726       1.0964
    2727       1.1443
    2728       1.1128
    2729       1.1846
    2730       1.1484
    2731       1.1545
    2732       1.0883
    2733       1.1860
    2734       1.1126
    2735       1.0635
    2736       1.1653
    2737       1.0610
    2738       1.2002
    2739       1.1210
    2740       1.1564
    2741       1.1856
    2742       1.0826
    2743       1.0622
    2744       1.0959
    2745       1.1383
    2746       1.2317
    2747       1.0980
    2748       1.1418
    2749       1.0636
    2750       1.1023
    2751       1.0812
    2752       1.0433
    2753       1.0437
    2754       1.0959
    2755       1.0556
    2756       1.0952
    2757       1.0920
    2758       1.1077
    2759       1.1340
    2760       1.0542
    2761       1.0976
    2762       1.1018
    2763       1.1924
    2764       1.1622
    2765       1.1665
    2766       1.2424
    2767       1.1450
    2768       1.1309
    2769       1.1073
    2770       1.1273
    2771       1.0337
    2772       1.2142
    2773       1.1050
    2774       0.9964
    2775       1.0342
    2776       1.2559
    2777       1.1259
    2778       0.9610
    2779       1.0179
    2780       1.0518
    2781       1.0102
    2782       0.9902
    2783       1.0807
    2784       0.9663
    2785       0.9576
    2786       0.9736
    2787       1.0318
    2788       1.0759
    2789       1.0737
    2790       1.1171
    2791       1.0644
    2792       1.1470
    2793       1.1547
    2794       1.1066
    2795       1.0739
    2796       1.1825
    2797       1.1532
    2798       1.1866
    2799       1.0210
    2800       1.0879
    2801       1.1356
    2802       1.2384
    2803       1.2057
    2804       1.2220
    2805       1.0339
    2806       1.1182
    2807       1.1584
    2808       1.1082
    2809       1.1009
    2810       1.0653
    2811       1.1283
    2812       1.1741
    2813       1.0704
    2814       1.0950
    2815       1.0003
    2816       1.0331
    2817       1.0894
    2818       1.0531
    2819       1.0076
    2820       1.0338
    2821       1.0374
    2822       1.1067
    2823       1.0331
    2824       1.0265
    2825       1.0008
    2826       1.0274
    2827       1.0484
    2828       1.0566
    2829       1.0245
    2830       1.0364
    2831       1.0048
    2832       0.8896
    2833       1.1041
    2834       1.0879
    2835       1.1277
    2836       1.0768
    2837       0.9221
    2838       1.0518
    2839       1.0581
    2840       1.0882
    2841       1.2327
    2842       1.0520
    2843       1.0891
    2844       1.0876
    2845       1.0454
    2846       1.0970
    2847       1.0005
    2848       0.9924
    2849       0.9959
    2850       0.9256
    2851       0.9873
    2852       0.8860
    2853       1.0466
    2854       1.1063
    2855       1.1004
    2856       1.0711
    2857       1.0811
    2858       1.0286
    2859       1.0231
    2860       1.1093
    2861       1.1455
    2862       1.1358
    2863       1.1601
    2864       1.1752
    2865       1.0910
    2866       1.2052
    2867       1.1308
    2868       1.1269
    2869       0.9662
    2870       1.0512
    2871       1.1059
    2872       1.2233
    2873       1.1626
    2874       1.2895
    2875       1.2415
    2876       1.2460
    2877       1.2439
    2878       1.1979
    2879       1.1503
    2880       1.1453
    2881       1.1192
    2882       1.1840
    2883       1.1409
    2884       1.2680
    2885       1.1755
    2886       1.1936
    2887       1.2039
    2888       1.1658
    2889       1.1382
    2890       1.2143
    2891       1.1176
    2892       1.1476
    2893       1.1669
    2894       1.0820
    2895       1.0304
    2896       1.0560
    2897       1.1024
    2898       1.0856
    2899       1.1126
    2900       1.2792
    2901       1.1711
    2902       1.1490
    2903       1.1187
    2904       1.1382
    2905       1.1240
    2906       1.0075
    2907       1.0187
    2908       1.1810
    2909       1.1580
    2910       1.1585
    2911       1.1259
    2912       1.1090
    2913       1.1304
    2914       1.1653
    2915       1.2063
    2916       1.1525
    2917       1.0524
    2918       1.1401
    2919       1.0816
    2920       1.1889
    2921       1.1220
    2922       1.0896
    2923       1.1582
    2924       1.0910
    2925       1.0542
    2926       1.1201
    2927       1.2327
    2928       1.2122
    2929       1.1509
    2930       1.1753
    2931       1.1289
    2932       1.1848
    2933       1.1518
    2934       1.0536
    2935       1.1818
    2936       1.1537
    2937       1.1467
    2938       1.2259
    2939       1.1292
    2940       1.1119
    2941       1.0394
    2942       1.1196
    2943       1.1544
    2944       1.1068
    2945       1.0095
    2946       1.1136
    2947       1.1222
    2948       1.1173
    2949       1.1077
    2950       1.0466
    2951       1.0710
    2952       1.1797
    2953       1.0687
    2954       1.0440
    2955       1.0767
    2956       1.0946
    2957       1.1225
    2958       1.2053
    2959       1.1673
    2960       1.1398
    2961       1.2111
    2962       1.1778
    2963       1.1713
    2964       1.1861
    2965       1.1588
    2966       1.2839
    2967       1.2901
    2968       1.1415
    2969       1.2807
    2970       1.2310
    2971       1.3011
    2972       1.2532
    2973       1.3505
    2974       1.1822
    2975       1.2656
    2976       1.2682
    2977       1.2949
    2978       1.2538
    2979       1.3586
    2980       1.3779
    2981       1.2593
    2982       1.1745
    2983       1.2135
    2984       1.1661
    2985       1.2138
    2986       1.3008
    2987       1.3406
    2988       1.3546
    2989       1.3049
    2990       1.2184
    2991       1.2352
    2992       1.1676
    2993       1.1058
    2994       1.1635
    2995       1.0726
    2996       1.1761
    2997       1.3126
    2998       1.1953
    2999       1.1970
    3000       1.1642
    3001       1.1756
    3002       1.2113
    3003       1.2440
    3004       1.1489
    3005       1.1459
    3006       1.1268
    3007       1.1723
    3008       1.0842
    3009       1.0407
    3010       1.0889
    3011       1.1420
    3012       1.0510
    3013       1.1334
    3014       1.1642
    3015       1.1348
    3016       1.3214
    3017       1.2365
    3018       1.1639
    3019       1.1852
    3020       1.0872
    3021       1.1115
    3022       1.0772
    3023       1.0761
    3024       1.0506
    3025       1.1766
    3026       1.1205
    3027       1.1369
    3028       1.1607
    3029       1.1314
    3030       1.3137
    3031       1.2503
    3032       1.2124
    3033       1.2354
    3034       1.1483
    3035       1.1630
    3036       1.0545
    3037       1.0252
    3038       1.0918
    3039       1.0788
    3040       1.1023
    3041       1.0208
    3042       1.0953
    3043       1.0274
    3044       1.1053
    3045       1.1625
    3046       1.2518
    3047       1.1037
    3048       1.1518
    3049       1.1294
    3050       1.1716
    3051       1.1529
    3052       1.0811
    3053       1.2077
    3054       1.0145
    3055       0.9444
    3056       1.0310
    3057       1.0593
    3058       1.1062
    3059       1.0456
    3060       1.0536
    3061       1.1063
    3062       1.0403
    3063       1.0471
    3064       1.0185
    3065       1.0707
    3066       1.0579
    3067       1.0376
    3068       0.9760
    3069       1.0904
    3070       0.9959
    3071       1.0298
    3072       0.9012
    3073       0.8641
    3074       1.0396
    3075       0.9385
    3076       0.9577
    3077       1.0984
    3078       1.1532
    3079       1.0152
    3080       1.0768
    3081       1.0718
    3082       1.0326
    3083       1.0766
    3084       1.0632
    3085       1.0127
    3086       1.0513
    3087       1.0286
    3088       1.1217
    3089       1.1281
    3090       1.0695
    3091       1.0512
    3092       1.1225
    3093       0.9997
    3094       1.0302
    3095       1.2033
    3096       1.0707
    3097       1.1923
    3098       1.1760
    3099       1.1860
    3100       1.0955
    3101       1.1284
    3102       1.1157
    3103       1.0586
    3104       1.1125
    3105       1.1198
    3106       1.1515
    3107       1.0939
    3108       1.1119
    3109       1.2116
    3110       1.1024
    3111       1.1656
    3112       1.1712
    3113       1.1565
    3114       1.1168
    3115       1.0579
    3116       1.0500
    3117       1.1987
    3118       1.1761
    3119       1.2153
    3120       1.1696
    3121       1.0825
    3122       1.1283
    3123       1.1596
    3124       1.1011
    3125       1.0780
    3126       1.2893
    3127       1.0863
    3128       1.2082
    3129       1.1149
    3130       1.2602
    3131       1.2066
    3132       1.1644
    3133       1.2354
    3134       1.2328
    3135       1.1793
    3136       1.1108
    3137       1.2014
    3138       1.2147
    3139       1.1400
    3140       1.1506
    3141       1.1080
    3142       1.2887
    3143       1.1628
    3144       1.0494
    3145       1.1376
    3146       1.1098
    3147       1.1194
    3148       1.1558
    3149       1.1975
    3150       1.1529
    3151       1.1662
    3152       1.1982
    3153       1.1612
    3154       1.1992
    3155       1.0848
    3156       1.1898
    3157       1.0937
    3158       1.1845
    3159       1.2099
    3160       1.1925
    3161       1.2558
    3162       1.1995
    3163       1.2630
    3164       1.1539
    3165       1.1223
    3166       1.1247
    3167       1.0513
    3168       1.0361
    3169       1.0666
    3170       1.1527
    3171       1.1722
    3172       1.1255
    3173       1.0858
    3174       1.0885
    3175       1.1316
    3176       1.0920
    3177       1.0424
    3178       1.0205
    3179       0.9522
    3180       1.0721
    3181       1.0572
    3182       1.1239
    3183       1.1008
    3184       1.0408
    3185       1.1902
    3186       1.2642
    3187       1.1961
    3188       1.2724
    3189       1.2863
    3190       1.0793
    3191       1.0028
    3192       1.0441
    3193       1.0312
    3194       1.1233
    3195       1.0889
    3196       1.0428
    3197       0.9585
    3198       0.9934
    3199       1.0065
    3200       0.9767
    3201       1.0432
    3202       1.0989
    3203       1.0961
    3204       1.0091
    3205       1.0611
    3206       0.9842
    3207       1.0159
    3208       1.1883
    3209       1.1697
    3210       1.2020
    3211       1.1759
    3212       1.2388
    3213       1.0359
    3214       1.0575
    3215       1.1167
    3216       1.2002
    3217       1.2484
    3218       1.2274
    3219       1.1659
    3220       1.2341
    3221       1.1731
    3222       1.2725
    3223       1.2562
    3224       1.0357
    3225       1.0866
    3226       1.1103
    3227       1.1578
    3228       1.0837
    3229       1.0512
    3230       1.0461
    3231       1.1775
    3232       1.1718
    3233       1.1342
    3234       1.2526
    3235       1.2850
    3236       1.2365
    3237       1.2130
    3238       1.1238
    3239       1.1896
    3240       1.2393
    3241       1.2334
    3242       1.1506
    3243       1.1613
    3244       1.0813
    3245       1.0069
    3246       1.1517
    3247       1.1078
    3248       1.1050
    3249       1.0827
    3250       1.0252
    3251       0.9950
    3252       0.9641
    3253       1.0742
    3254       1.0886
    3255       1.0159
    3256       1.1292
    3257       1.1715
    3258       1.1230
    3259       1.0614
    3260       1.1385
    3261       1.1509
    3262       1.1045
    3263       1.2156
    3264       1.1299
    3265       1.2428
    3266       1.1900
    3267       1.0550
    3268       1.1608
    3269       1.0986
    3270       1.1558
    3271       1.0867
    3272       1.0921
    3273       1.0838
    3274       1.1081
    3275       1.1758
    3276       1.1787
    3277       1.2034
    3278       1.2247
    3279       1.1085
    3280       1.1275
    3281       1.1247
    3282       1.1157
    3283       1.2088
    3284       1.2408
    3285       1.1222
    3286       1.2574
    3287       1.1043
    3288       1.2386
    3289       1.1289
    3290       1.2725
    3291       1.1739
    3292       1.1986
    3293       1.1778
    3294       1.1198
    3295       1.1285
    3296       1.0541
    3297       0.9992
    3298       1.1149
    3299       1.0308
    3300       1.1668
    3301       1.1364
    3302       1.0484
    3303       1.0968
    3304       1.0835
    3305       1.1293
    3306       1.1691
    3307       1.1576
    3308       1.1227
    3309       1.2803
    3310       1.1700
    3311       1.1416
    3312       1.0758
    3313       1.0607
    3314       1.0699
    3315       1.0553
    3316       1.0089
    3317       1.2224
    3318       1.1563
    3319       1.1340
    3320       1.1487
    3321       1.1307
    3322       1.1224
    3323       1.0789
    3324       1.1225
    3325       1.1240
    3326       1.1611
    3327       1.0971
    3328       1.1997
    3329       1.1528
    3330       1.1196
    3331       1.0605
    3332       1.2173
    3333       1.1171
    3334       1.1382
    3335       1.0813
    3336       1.1348
    3337       1.0457
    3338       1.1086
    3339       1.0982
    3340       1.1071
    3341       1.2350
    3342       1.1771
    3343       1.2158
    3344       1.1459
    3345       1.0801
    3346       1.0962
    3347       0.9687
    3348       1.0421
    3349       0.9969
    3350       0.9813
    3351       1.0624
    3352       1.0785
    3353       1.0536
    3354       1.0823
    3355       1.1149
    3356       1.0966
    3357       1.1529
    3358       1.1390
    3359       1.0566
    3360       1.1166
    3361       1.0627
    3362       1.0780
    3363       1.0535
    3364       1.1910
    3365       1.1764
    3366       1.2184
    3367       1.0087
    3368       1.0398
    3369       1.0225
    3370       1.0972
    3371       1.1494
    3372       1.1501
    3373       1.2045
    3374       1.2330
    3375       1.1594
    3376       1.2254
    3377       1.0216
    3378       1.1377
    3379       1.0732
    3380       1.1471
    3381       1.0713
    3382       1.0664
    3383       1.0908
    3384       1.1515
    3385       1.2558
    3386       1.1924
    3387       1.2148
    3388       1.2304
    3389       1.0874
    3390       1.2991
    3391       1.1438
    3392       1.0793
    3393       1.1461
    3394       1.1093
    3395       1.0578
    3396       1.0796
    3397       1.1335
    3398       1.0924
    3399       1.1335
    3400       1.1487
    3401       1.1795
    3402       1.2444
    3403       1.2294
    3404       1.3052
    3405       1.2641
    3406       1.2617
    3407       1.3118
    3408       1.2045
    3409       1.3588
    3410       1.2461
    3411       1.2182
    3412       1.3232
    3413       1.3621
    3414       1.1530
    3415       1.1414
    3416       1.1067
    3417       1.1707
    3418       1.2084
    3419       1.2678
    3420       1.1916
    3421       1.3626
    3422       1.2437
    3423       1.1722
    3424       1.1462
    3425       1.1708
    3426       1.2047
    3427       1.1401
    3428       1.1204
    3429       1.1755
    3430       1.2067
    3431       1.2525
    3432       1.2098
    3433       1.1461
    3434       1.0572
    3435       1.1313
    3436       1.0687
    3437       0.9982
    3438       1.1803
    3439       1.0078
    3440       1.1781
    3441       1.0142
    3442       1.0514
    3443       1.0033
    3444       1.0900
    3445       1.1429
    3446       1.1828
    3447       1.0704
    3448       1.1248
    3449       1.1393
    3450       1.1901
    3451       1.1014
    3452       1.0832
    3453       1.0704
    3454       1.0066
    3455       1.0986
    3456       1.1433
    3457       1.1955
    3458       1.0847
    3459       1.0978
    3460       1.2140
    3461       1.0590
    3462       1.0358
    3463       1.0872
    3464       1.0328
    3465       1.0084
    3466       1.0281
    3467       1.0655
    3468       1.0370
    3469       1.0988
    3470       0.9555
    3471       0.9973
    3472       1.1648
    3473       1.0770
    3474       1.0655
    3475       1.0665
    3476       1.0271
    3477       1.0201
    3478       1.0723
    3479       1.0299
    3480       1.1060
    3481       1.0883
    3482       1.0389
    3483       0.9990
    3484       1.1679
    3485       1.1444
    3486       1.2155
    3487       1.1256
    3488       1.1650
    3489       1.2195
    3490       1.1079
    3491       1.0598
    3492       1.0081
    3493       1.1277
    3494       0.9344
    3495       1.0517
    3496       1.0192
    3497       1.0236
    3498       1.0130
    3499       1.0998
    3500       1.0929
    3501       1.0929
    3502       1.0527
    3503       0.9436
    3504       1.0000
    3505       1.0071
    3506       1.0146
    3507       1.0101
    3508       1.0280
    3509       1.0893
    3510       1.0561
    3511       1.0534
    3512       0.9614
    3513       0.9499
    3514       1.0202
    3515       1.0605
    3516       1.0063
    3517       1.0582
    3518       1.0561
    3519       1.0718
    3520       1.0836
    3521       0.9823
    3522       1.0851
    3523       1.0966
    3524       1.1035
    3525       1.0790
    3526       1.1521
    3527       1.0927
    3528       0.9990
    3529       1.0552
    3530       1.0362
    3531       1.0765
    3532       1.1013
    3533       1.2077
    3534       1.1017
    3535       1.0811
    3536       1.1256
    3537       1.0662
    3538       1.0711
    3539       0.9297
    3540       0.9765
    3541       1.0406
    3542       1.1942
    3543       1.0180
    3544       1.0337
    3545       1.0431
    3546       1.0464
    3547       1.1140
    3548       1.0323
    3549       1.1894
    3550       1.0890
    3551       1.0247
    3552       1.0987
    3553       1.1349
    3554       1.1140
    3555       1.0538
    3556       1.1067
    3557       1.1781
    3558       1.2100
    3559       1.2247
    3560       1.1689
    3561       1.0121
    3562       1.1213
    3563       1.1149
    3564       1.0470
    3565       0.9088
    3566       1.0967
    3567       0.9508
    3568       0.9563
    3569       0.9979
    3570       0.8887
    3571       0.9924
    3572       0.9496
    3573       0.9444
    3574       1.0916
    3575       1.1151
    3576       0.9114
    3577       0.9950
    3578       1.1055
    3579       0.9544
    3580       1.0300
    3581       1.0105
    3582       0.9912
    3583       0.9585
    3584       1.0304
    3585       1.0314
    3586       0.9904
    3587       1.0199
    3588       1.0775
    3589       1.0253
    3590       1.0645
    3591       1.1766
    3592       1.0898
    3593       1.0337
    3594       1.2791
    3595       1.1364
    3596       1.0784
    3597       1.0960
    3598       1.1351
    3599       1.0408
    3600       1.0558
    3601       0.9851
    3602       0.8979
    3603       0.9704
    3604       0.9883
    3605       1.0476
    3606       1.1245
    3607       1.0723
    3608       1.0264
    3609       1.0409
    3610       0.9767
    3611       1.0343
    3612       1.1098
    3613       0.9416
    3614       1.0013
    3615       0.9414
    3616       0.8884
    3617       0.9261
    3618       0.9862
    3619       1.0045
    3620       1.0430
    3621       0.9421
    3622       0.8975
    3623       0.9163
    3624       1.0358
    3625       0.9584
    3626       1.0850
    3627       1.0429
    3628       1.0856
    3629       0.9179
    3630       0.9818
    3631       0.9860
    3632       1.0504
    3633       1.0444
    3634       1.0680
    3635       1.1008
    3636       1.0650
    3637       1.2245
    3638       1.0979
    3639       1.1410
    3640       0.9823
    3641       1.1554
    3642       1.1962
    3643       1.1062
    3644       1.0909
    3645       1.0939
    3646       1.1322
    3647       1.0892
    3648       1.1589
    3649       1.1821
    3650       1.0397
    3651       1.1213
    3652       1.1916
    3653       1.1368
    3654       1.1854
    3655       1.0776
    3656       1.0757
    3657       1.1806
    3658       1.2065
    3659       1.2014
    3660       1.1372
    3661       0.9456
    3662       1.1595
    3663       1.0104
    3664       0.9951
    3665       0.9595
    3666       1.0106
    3667       1.1157
    3668       1.1024
    3669       0.9301
    3670       0.9776
    3671       0.8789
    3672       0.8553
    3673       0.9221
    3674       1.0577
    3675       1.0519
    3676       0.9913
    3677       0.9531
    3678       1.0711
    3679       0.9795
    3680       1.0854
    3681       1.0335
    3682       1.0342
    3683       1.0725
    3684       1.1068
    3685       1.0630
    3686       1.0480
    3687       0.9773
    3688       1.0205
    3689       0.9771
    3690       0.8821
    3691       0.8129
    3692       0.9324
    3693       0.9914
    3694       0.9790
    3695       1.0028
    3696       0.9424
    3697       1.0547
    3698       0.9877
    3699       1.0505
    3700       0.9929
    3701       0.9949
    3702       0.8860
    3703       0.9984
    3704       1.0887
    3705       1.0774
    3706       1.0469
    3707       0.9978
    3708       1.0168
    3709       1.2752
    3710       1.0396
    3711       1.0557
    3712       0.9825
    3713       0.9316
    3714       1.0065
    3715       0.9923
    3716       1.0217
    3717       0.9593
    3718       0.9577
    3719       1.0248
    3720       1.0187
    3721       0.9734
    3722       0.9957
    3723       0.9885
    3724       1.0093
    3725       1.0187
    3726       0.9743
    3727       1.0105
    3728       1.0646
    3729       1.0488
    3730       1.0874
    3731       1.1440
    3732       1.1391
    3733       1.0976
    3734       1.0629
    3735       1.1014
    3736       1.1710
    3737       1.1601
    3738       1.1381
    3739       1.0785
    3740       1.0652
    3741       1.0550
    3742       1.0456
    3743       1.0682
    3744       1.0603
    3745       1.1358
    3746       1.1502
    3747       0.9509
    3748       1.1170
    3749       1.2265
    3750       1.2136
    3751       1.2898
    3752       1.1631
    3753       1.1965
    3754       1.1394
    3755       1.0764
    3756       1.0938
    3757       1.0138
    3758       1.0079
    3759       1.0464
    3760       1.0472
    3761       1.0465
    3762       1.1022
    3763       1.0647
    3764       1.0115
    3765       1.1059
    3766       0.9853
    3767       1.1304
    3768       1.0472
    3769       0.9959
    3770       1.0437
    3771       1.2057
    3772       1.0636
    3773       1.1416
    3774       1.2094
    3775       1.0213
    3776       1.0505
    3777       1.0802
    3778       1.0466
    3779       1.0211
    3780       1.0053
    3781       0.9517
    3782       1.1178
    3783       1.0107
    3784       0.9823
    3785       0.9954
    3786       1.0297
    3787       0.9542
    3788       1.0070
    3789       1.0310
    3790       0.9015
    3791       1.1225
    3792       1.1146
    3793       1.1466
    3794       1.0828
    3795       1.1209
    3796       1.1727
    3797       1.0647
    3798       1.0820
    3799       1.0856
    3800       0.9770
    3801       1.0892
    3802       1.0829
    3803       0.9306
    3804       1.0323
    3805       1.0554
    3806       1.1038
    3807       1.0158
    3808       0.9785
    3809       0.9667
    3810       1.0434
    3811       0.9827
    3812       1.0141
    3813       1.1014
    3814       1.0514
    3815       1.0634
    3816       1.0777
    3817       1.1328
    3818       1.1228
    3819       0.9838
    3820       1.0148
    3821       1.0539
    3822       0.9439
    3823       0.9775
    3824       0.9527
    3825       0.9769
    3826       0.9960
    3827       0.9733
    3828       1.0820
    3829       1.0997
    3830       1.0099
    3831       1.0424
    3832       1.1148
    3833       1.0922
    3834       1.0397
    3835       0.9463
    3836       0.9195
    3837       0.8416
    3838       0.9543
    3839       0.9803
    3840       0.9475
    3841       0.9549
    3842       0.9255
    3843       0.8617
    3844       0.8745
    3845       0.8482
    3846       0.9067
    3847       0.8702
    3848       0.9638
    3849       0.8710
    3850       0.9431
    3851       0.8963
    3852       1.0486
    3853       0.9971
    3854       1.0215
    3855       0.9701
    3856       0.9605
    3857       0.9777
    3858       0.9780
    3859       1.0266
    3860       1.0617
    3861       1.0335
    3862       0.9914
    3863       1.1171
    3864       1.1239
    3865       1.0858
    3866       1.0622
    3867       1.0858
    3868       1.0601
    3869       1.0472
    3870       1.0626
    3871       1.1367
    3872       1.1417
    3873       0.9988
    3874       1.0289
    3875       1.0453
    3876       1.0322
    3877       1.0548
    3878       1.0121
    3879       1.0648
    3880       1.0391
    3881       1.0405
    3882       0.9392
    3883       0.9868
    3884       1.2060
    3885       1.1690
    3886       1.0728
    3887       1.0862
    3888       1.1422
    3889       1.0424
    3890       1.1118
    3891       1.1638
    3892       1.0011
    3893       1.0165
    3894       1.0435
    3895       1.0784
    3896       1.0163
    3897       1.1643
    3898       1.0858
    3899       1.0457
    3900       1.1958
    3901       1.1820
    3902       1.0594
    3903       1.1339
    3904       1.1686
    3905       1.1302
    3906       1.1202
    3907       1.1790
    3908       1.0873
    3909       1.0725
    3910       1.1783
    3911       1.1542
    3912       1.1366
    3913       1.1815
    3914       1.0338
    3915       1.1542
    3916       1.1609
    3917       1.1479
    3918       1.1744
    3919       1.0309
    3920       1.1663
    3921       0.8985
    3922       0.9519
    3923       0.9522
    3924       0.9938
    3925       0.9935
    3926       0.9920
    3927       1.0595
    3928       1.0631
    3929       1.0609
    3930       1.1270
    3931       1.1303
    3932       1.0750
    3933       1.1010
    3934       1.1137
    3935       1.0240
    3936       1.0206
    3937       0.9230
    3938       0.8307
    3939       0.9865
    3940       0.9293
    3941       1.0440
    3942       0.9794
    3943       1.0505
    3944       1.0440
    3945       1.0492
    3946       0.9255
    3947       0.9324
    3948       1.0449
    3949       1.1420
    3950       0.9908
    3951       1.0828
    3952       0.9617
    3953       0.9884
    3954       0.9286
    3955       0.9521
    3956       0.9862
    3957       0.9791
    3958       0.9536
    3959       0.9044
    3960       0.9986
    3961       1.0602
    3962       1.0998
    3963       1.0855
    3964       1.0450
    3965       1.0556
    3966       1.0355
    3967       1.1886
    3968       1.1114
    3969       1.1856
    3970       1.1134
    3971       1.0724
    3972       1.1335
    3973       1.0827
    3974       1.1889
    3975       1.0853
    3976       1.1800
    3977       1.1569
    3978       1.1165
    3979       1.1423
    3980       1.1394
    3981       1.0937
    3982       1.0187
    3983       1.1813
    3984       1.0856
    3985       1.0594
    3986       1.0573
    3987       1.0582
    3988       0.9541
    3989       0.9960
    3990       1.0570
    3991       0.9532
    3992       1.0188
    3993       0.9886
    3994       0.9416
    3995       0.9988
    3996       1.0188
    3997       1.0227
    3998       1.1076
    3999       1.0503
    4000       1.0467
    4001       0.9806
    4002       0.9444
    4003       1.0265
    4004       1.0293
    4005       1.0818
    4006       1.1098
    4007       1.0828
    4008       1.0976
    4009       1.0762
    4010       1.1085
    4011       1.1831
    4012       1.2604
    4013       1.2405
    4014       1.2172
    4015       1.1858
    4016       1.0606
    4017       1.3120
    4018       1.1082
    4019       1.1498
    4020       1.0472
    4021       1.0355
    4022       1.1528
    4023       1.1232
    4024       0.9676
    4025       1.0603
    4026       1.1734
    4027       1.1233
    4028       1.1098
    4029       1.0410
    4030       1.0883
    4031       1.1019
    4032       1.1307
    4033       1.0587
    4034       1.0828
    4035       1.1449
    4036       1.1220
    4037       1.1072
    4038       1.2042
    4039       1.1321
    4040       1.0317
    4041       0.9938
    4042       1.1604
    4043       1.0525
    4044       1.1079
    4045       1.0667
    4046       1.1351
    4047       1.0388
    4048       1.1270
    4049       1.0719
    4050       1.1108
    4051       1.1147
    4052       1.0998
    4053       1.1050
    4054       1.0131
    4055       1.0673
    4056       1.0500
    4057       1.0589
    4058       1.0200
    4059       1.0588
    4060       1.0828
    4061       1.1493
    4062       1.1156
    4063       1.2258
    4064       1.2634
    4065       1.1231
    4066       1.0486
    4067       1.1717
    4068       1.1561
    4069       1.1621
    4070       1.1337
    4071       1.1279
    4072       1.2462
    4073       1.2526
    4074       1.1747
    4075       1.2101
    4076       1.1903
    4077       1.1537
    4078       1.1802
    4079       1.1745
    4080       1.2349
    4081       1.1682
    4082       1.1067
    4083       1.2087
    4084       1.1920
    4085       1.1113
    4086       1.2008
    4087       1.2154
    4088       1.1650
    4089       1.0845
    4090       1.0888
    4091       1.0754
    4092       1.0570
    4093       0.9782
    4094       1.1726
    4095       1.1993
    4096       1.1120
    4097       1.2443
    4098       1.1300
    4099       1.0653
    4100       1.1128
    4101       1.2061
    4102       1.1654
    4103       1.1701
    4104       1.0172
    4105       1.0285
    4106       1.1130
    4107       1.0422
    4108       1.0128
    4109       1.0497
    4110       1.0865
    4111       1.0178
    4112       1.1184
    4113       1.2491
    4114       1.1759
    4115       1.1078
    4116       1.2295
    4117       1.0331
    4118       1.1666
    4119       1.1467
    4120       1.2383
    4121       1.1647
    4122       1.3020
    4123       1.3254
    4124       1.2861
    4125       1.2185
    4126       1.2850
    4127       1.1780
    4128       1.2213
    4129       1.0881
    4130       1.1215
    4131       1.1957
    4132       1.1844
    4133       1.2335
    4134       1.2315
    4135       1.2115
    4136       1.1722
    4137       1.1942
    4138       1.1357
    4139       1.1568
    4140       1.1147
    4141       1.0814
    4142       1.2183
    4143       1.1562
    4144       1.1207
    4145       1.2110
    4146       1.1567
    4147       1.2082
    4148       1.1454
    4149       1.0957
    4150       1.1117
    4151       1.1061
    4152       1.1973
    4153       1.0545
    4154       1.1545
    4155       1.2388
    4156       1.0906
    4157       1.1586
    4158       1.0950
    4159       1.1101
    4160       1.1956
    4161       1.1602
    4162       1.0912
    4163       1.1643
    4164       1.1781
    4165       1.1495
    4166       1.1175
    4167       1.0353
    4168       1.0417
    4169       0.9944
    4170       0.9276
    4171       1.0240
    4172       0.9877
    4173       1.0887
    4174       1.0924
    4175       1.0265
    4176       1.1061
    4177       0.9960
    4178       1.0327
    4179       1.0128
    4180       1.0464
    4181       1.0704
    4182       1.0269
    4183       1.1114
    4184       1.1629
    4185       1.0927
    4186       1.1269
    4187       1.0916
    4188       1.0802
    4189       1.1103
    4190       1.1788
    4191       1.1590
    4192       1.1655
    4193       1.1783
    4194       1.1417
    4195       1.1727
    4196       1.1909
    4197       1.1594
    4198       1.1269
    4199       1.0945
    4200       1.1081
    4201       1.2836
    4202       1.1087
    4203       1.2301
    4204       1.2123
    4205       1.2201
    4206       1.0773
    4207       1.1112
    4208       1.0499
    4209       1.1980
    4210       1.1795
    4211       1.1170
    4212       1.0706
    4213       1.1228
    4214       1.1027
    4215       1.0072
    4216       1.0738
    4217       1.1504
    4218       1.1227
    4219       1.0843
    4220       1.0021
    4221       1.0195
    4222       1.0947
    4223       1.0448
    4224       1.0701
    4225       1.1031
    4226       1.0190
    4227       1.0495
    4228       1.0375
    4229       0.9179
    4230       1.0318
    4231       1.0822
    4232       1.0497
    4233       1.0716
    4234       1.0307
    4235       0.9611
    4236       0.9405
    4237       0.9843
    4238       0.9493
    4239       0.9441
    4240       1.1006
    4241       1.0339
    4242       1.0233
    4243       1.1097
    4244       1.0991
    4245       1.1186
    4246       1.1264
    4247       1.1835
    4248       1.0928
    4249       1.0563
    4250       1.1312
    4251       1.1025
    4252       1.0384
    4253       1.0118
    4254       0.9772
    4255       1.1046
    4256       1.0375
    4257       0.9616
    4258       1.0424
    4259       1.0001
    4260       0.9305
    4261       0.9456
    4262       0.9614
    4263       1.0985
    4264       0.9453
    4265       1.1364
    4266       1.0530
    4267       1.1796
    4268       1.1727
    4269       1.1273
    4270       1.0473
    4271       0.9877
    4272       0.9339
    4273       0.9540
    4274       1.0198
    4275       1.0726
    4276       1.0745
    4277       1.0450
    4278       1.0518
    4279       1.1381
    4280       1.2187
    4281       1.1771
    4282       1.0847
    4283       0.9900
    4284       1.1079
    4285       1.0391
    4286       1.0887
    4287       1.1638
    4288       1.0455
    4289       1.1278
    4290       1.1645
    4291       1.1331
    4292       0.9763
    4293       1.0594
    4294       1.0379
    4295       1.0633
    4296       1.1068
    4297       1.0442
    4298       0.9616
    4299       1.0096
    4300       1.0590
    4301       1.0891
    4302       1.0378
    4303       1.1640
    4304       1.0568
    4305       1.1610
    4306       1.0437
    4307       1.0623
    4308       1.1284
    4309       1.0846
    4310       0.9577
    4311       0.9773
    4312       0.9691
    4313       0.9316
    4314       1.0190
    4315       1.0628
    4316       1.1352
    4317       1.0047
    4318       0.9414
    4319       1.0369
    4320       1.0228
    4321       0.9734
    4322       1.0105
    4323       0.9609
    4324       1.0109
    4325       1.0405
    4326       1.0317
    4327       1.1090
    4328       1.0833
    4329       1.1674
    4330       1.0076
    4331       1.0098
    4332       0.9604
    4333       0.9265
    4334       0.9869
    4335       1.0994
    4336       1.0460
    4337       1.2276
    4338       1.0715
    4339       1.0732
    4340       1.0620
    4341       1.0220
    4342       0.9391
    4343       1.0146
    4344       1.1017
    4345       1.1353
    4346       1.1486
    4347       1.0870
    4348       1.1093
    4349       1.1054
    4350       1.1220
    4351       1.0304
    4352       1.1233
    4353       1.1595
    4354       1.0355
    4355       1.1362
    4356       1.2266
    4357       1.1808
    4358       1.1911
    4359       1.2237
    4360       0.9535
    4361       0.9617
    4362       1.0956
    4363       0.9866
    4364       1.0169
    4365       1.0277
    4366       1.0122
    4367       0.9719
    4368       0.9527
    4369       1.0790
    4370       1.0666
    4371       1.0687
    4372       1.0344
    4373       0.9566
    4374       0.9676
    4375       0.9720
    4376       0.9463
    4377       0.9832
    4378       0.9813
    4379       1.0107
    4380       0.9966
    4381       1.0398
    4382       1.0428
    4383       1.0152
    4384       1.1086
    4385       1.0905
    4386       1.0313
    4387       1.0536
    4388       1.0248
    4389       1.0658
    4390       0.9075
    4391       0.9356
    4392       0.9026
    4393       1.0111
    4394       1.0478
    4395       1.0423
    4396       1.0144
    4397       1.0860
    4398       0.9987
    4399       0.9652
    4400       0.9345
    4401       1.0934
    4402       1.0198
    4403       1.0298
    4404       1.0663
    4405       0.9707
    4406       1.0210
    4407       0.9289
    4408       1.0458
    4409       0.9885
    4410       0.9408
    4411       0.9913
    4412       0.9563
    4413       0.9761
    4414       1.1047
    4415       1.0115
    4416       1.0771
    4417       1.1874
    4418       1.0005
    4419       1.1257
    4420       1.1177
    4421       0.9881
    4422       1.0377
    4423       1.1096
    4424       1.1548
    4425       1.0934
    4426       1.1867
    4427       1.2410
    4428       1.0919
    4429       1.1450
    4430       1.0071
    4431       1.1105
    4432       1.0085
    4433       1.1286
    4434       1.0838
    4435       1.1444
    4436       1.1175
    4437       1.1337
    4438       1.0672
    4439       1.1295
    4440       1.0302
    4441       1.0892
    4442       1.0907
    4443       1.1869
    4444       1.1938
    4445       1.2479
    4446       1.1598
    4447       1.2319
    4448       1.1145
    4449       1.0648
    4450       1.0840
    4451       1.0710
    4452       1.1059
    4453       1.1305
    4454       1.1877
    4455       1.0479
    4456       1.0921
    4457       1.0784
    4458       1.0604
    4459       1.1868
    4460       1.2162
    4461       1.2157
    4462       1.1641
    4463       1.1757
    4464       1.1630
    4465       1.2155
    4466       1.0978
    4467       1.0944
    4468       1.0570
    4469       1.0385
    4470       1.0484
    4471       1.0649
    4472       0.9524
    4473       1.0532
    4474       1.1046
    4475       1.0355
    4476       1.0453
    4477       1.0694
    4478       1.1711
    4479       1.1621
    4480       1.2558
    4481       1.2056
    4482       1.2045
    4483       1.1961
    4484       1.1145
    4485       1.1632
    4486       1.1125
    4487       1.1490
    4488       1.1405
    4489       1.1260
    4490       1.1897
    4491       1.1103
    4492       1.1397
    4493       1.0022
    4494       1.1891
    4495       1.2388
    4496       1.1420
    4497       1.2678
    4498       1.0681
    4499       1.0642
    4500       1.0689
    4501       1.0610
    4502       1.0382
    4503       1.0314
    4504       1.1074
    4505       1.0412
    4506       1.0745
    4507       1.0935
    4508       1.0294
    4509       1.1350
    4510       1.1308
    4511       1.0722
    4512       1.1726
    4513       1.0814
    4514       1.0173
    4515       1.1527
    4516       1.0919
    4517       1.0887
    4518       1.0620
    4519       1.0905
    4520       1.1673
    4521       1.1672
    4522       0.9430
    4523       1.1474
    4524       1.1585
    4525       1.2318
    4526       1.2330
    4527       1.3218
    4528       1.1943
    4529       1.2244
    4530       1.3077
    4531       1.1579
    4532       1.2367
    4533       1.2019
    4534       1.2166
    4535       1.2157
    4536       1.1681
    4537       1.0710
    4538       1.1148
    4539       1.0602
    4540       1.0691
    4541       1.0293
    4542       1.0710
    4543       1.1160
    4544       1.0899
    4545       1.0826
    4546       1.1293
    4547       1.2267
    4548       1.2123
    4549       1.1276
    4550       1.0886
    4551       1.0994
    4552       1.1487
    4553       1.0392
    4554       1.0784
    4555       1.1048
    4556       1.0095
    4557       0.9743
    4558       1.0437
    4559       1.0376
    4560       1.1072
    4561       0.9301
    4562       0.9716
    4563       0.9794
    4564       1.0747
    4565       0.9384
    4566       1.0507
    4567       1.0089
    4568       0.9439
    4569       0.9946
    4570       1.0855
    4571       0.9971
    4572       1.1296
    4573       0.9716
    4574       0.8913
    4575       0.9439
    4576       0.9849
    4577       1.0716
    4578       1.0106
    4579       1.0047
    4580       1.0198
    4581       1.1102
    4582       1.0060
    4583       1.0475
    4584       0.9577
    4585       0.9400
    4586       1.0679
    4587       1.0356
    4588       1.0072
    4589       1.0678
    4590       1.1032
    4591       1.0320
    4592       1.0461
    4593       1.1403
    4594       1.0971
    4595       1.1295
    4596       1.1406
    4597       1.0921
    4598       1.1704
    4599       0.9890
    4600       1.1616
    4601       1.1453
    4602       1.1813
    4603       1.1513
    4604       1.2466
    4605       1.0670
    4606       0.9725
    4607       1.0489
    4608       0.9984
    4609       1.1036
    4610       0.9718
    4611       1.0914
    4612       1.1327
    4613       1.0887
    4614       1.1175
    4615       1.2271
    4616       1.2095
    4617       1.1033
    4618       1.3063
    4619       1.2214
    4620       1.2236
    4621       1.1898
    4622       1.1758
    4623       1.1008
    4624       1.1624
    4625       1.2044
    4626       1.1061
    4627       1.0446
    4628       1.0943
    4629       1.0351
    4630       1.0097
    4631       1.0792
    4632       1.1680
    4633       1.2183
    4634       1.1400
    4635       1.1358
    4636       1.0755
    4637       1.0059
    4638       1.0290
    4639       1.0381
    4640       1.0669
    4641       1.0731
    4642       1.1166
    4643       1.1401
    4644       1.0636
    4645       1.1447
    4646       1.1891
    4647       1.1227
    4648       1.0567
    4649       0.9899
    4650       1.0245
    4651       1.0914
    4652       1.0027
    4653       0.9847
    4654       0.9732
    4655       1.0376
    4656       0.9870
    4657       1.0026
    4658       1.0189
    4659       1.0250
    4660       1.0494
    4661       0.9941
    4662       1.0894
    4663       1.1248
    4664       1.2188
    4665       1.1430
    4666       1.0769
    4667       1.0929
    4668       0.9717
    4669       1.1274
    4670       1.1506
    4671       1.1221
    4672       1.1390
    4673       1.0086
    4674       1.2368
    4675       1.1118
    4676       1.2503
    4677       1.2028
    4678       1.1202
    4679       1.1360
    4680       1.1155
    4681       1.0942
    4682       1.0721
    4683       1.2025
    4684       1.0716
    4685       1.0777
    4686       1.1215
    4687       1.1013
    4688       1.0004
    4689       1.1500
    4690       1.0888
    4691       1.2622
    4692       1.3121
    4693       1.2008
    4694       1.0932
    4695       1.0674
    4696       1.1306
    4697       1.0638
    4698       1.1187
    4699       1.0894
    4700       1.1513
    4701       1.1543
    4702       1.1393
    4703       1.1941
    4704       1.1547
    4705       1.1231
    4706       1.1548
    4707       1.0513
    4708       1.0429
    4709       1.1383
    4710       1.1678
    4711       1.1920
    4712       1.1079
    4713       0.8648
    4714       0.9558
    4715       1.1436
    4716       1.0915
    4717       1.0301
    4718       1.0180
    4719       0.9917
    4720       1.0448
    4721       1.0396
    4722       1.0766
    4723       1.0829
    4724       1.0898
    4725       1.0139
    4726       1.0320
    4727       1.0628
    4728       1.1121
    4729       1.0474
    4730       1.0605
    4731       1.0439
    4732       1.1126
    4733       1.1383
    4734       1.1646
    4735       1.0610
    4736       1.1805
    4737       1.0739
    4738       1.0234
    4739       1.0142
    4740       1.1227
    4741       0.9371
    4742       1.0681
    4743       1.0667
    4744       1.0978
    4745       1.0728
    4746       1.1435
    4747       1.1602
    4748       1.1422
    4749       1.0311
    4750       0.9897
    4751       1.1382
    4752       1.0362
    4753       0.9829
    4754       1.0692
    4755       1.0933
    4756       0.9827
    4757       0.9848
    4758       1.0529
    4759       1.1493
    4760       1.1705
    4761       1.0655
    4762       1.1532
    4763       1.0110
    4764       1.0869
    4765       1.1110
    4766       1.0978
    4767       1.0864
    4768       1.0039
    4769       0.9731
    4770       1.0839
    4771       1.1033
    4772       1.1761
    4773       1.1210
    4774       1.0837
    4775       1.0820
    4776       1.0369
    4777       1.0288
    4778       1.0135
    4779       1.1608
    4780       1.0314
    4781       1.1023
    4782       1.1009
    4783       1.1339
    4784       1.0764
    4785       1.1481
    4786       1.1005
    4787       1.1809
    4788       1.2111
    4789       1.1246
    4790       1.0460
    4791       1.1382
    4792       1.1649
    4793       1.0614
    4794       1.1090
    4795       1.1156
    4796       1.0808
    4797       1.0140
    4798       1.0732
    4799       0.9976
    4800       1.0656
    4801       1.0332
    4802       1.1104
    4803       1.0353
    4804       1.1249
    4805       1.0531
    4806       1.2256
    4807       1.1892
    4808       1.2726
    4809       1.2251
    4810       1.2098
    4811       1.1287
    4812       0.9974
    4813       1.0294
    4814       1.0794
    4815       1.0626
    4816       1.1052
    4817       1.1481
    4818       1.0975
    4819       1.0790
    4820       1.0094
    4821       1.2567
    4822       1.1295
    4823       1.0815
    4824       1.1363
    4825       1.1380
    4826       1.1900
    4827       1.2020
    4828       1.1087
    4829       1.2332
    4830       1.2115
    4831       1.2561
    4832       1.1753
    4833       1.1131
    4834       1.1182
    4835       1.0206
    4836       1.1479
    4837       1.1153
    4838       1.0458
    4839       1.0443
    4840       0.9860
    4841       1.0738
    4842       1.1155
    4843       1.1057
    4844       1.1402
    4845       1.0071
    4846       1.0929
    4847       0.9961
    4848       1.1444
    4849       0.9925
    4850       1.0467
    4851       0.9306
    4852       0.9918
    4853       1.0034
    4854       0.9546
    4855       0.9476
    4856       0.9984
    4857       0.9533
    4858       0.9356
    4859       0.9248
    4860       0.9891
    4861       0.9992
    4862       1.0396
    4863       1.1603
    4864       1.0447
    4865       1.0836
    4866       1.0269
    4867       0.9726
    4868       1.0830
    4869       1.0906
    4870       1.1310
    4871       1.1251
    4872       1.0794
    4873       0.9935
    4874       1.0816
    4875       1.0344
    4876       1.0561
    4877       1.1704
    4878       1.1155
    4879       1.0229
    4880       0.9927
    4881       0.9860
    4882       1.0156
    4883       1.0154
    4884       1.1372
    4885       0.9903
    4886       1.0152
    4887       0.9445
    4888       1.1666
    4889       1.0746
    4890       0.9724
    4891       1.0353
    4892       1.0457
    4893       1.0985
    4894       1.0760
    4895       1.0496
    4896       1.0916
    4897       1.2187
    4898       0.9997
    4899       1.0919
    4900       1.0632
    4901       1.0128
    4902       0.9061
    4903       0.8651
    4904       0.9803
    4905       0.9689
    4906       0.9675
    4907       0.8938
    4908       0.9494
    4909       1.0390
    4910       1.0733
    4911       1.1050
    4912       1.0142
    4913       1.0251
    4914       0.9618
    4915       0.9623
    4916       0.8998
    4917       0.9097
    4918       0.9391
    4919       0.9292
    4920       1.0911
    4921       1.0068
    4922       1.0130
    4923       1.0762
    4924       1.1823
    4925       1.0941
    4926       1.0587
    4927       0.9868
    4928       1.0099
    4929       0.9963
    4930       0.9724
    4931       0.9661
    4932       0.9319
    4933       0.8606
    4934       0.9212
    4935       0.8553
    4936       1.0388
    4937       1.0761
    4938       0.9505
    4939       0.9435
    4940       0.9102
    4941       0.9683
    4942       0.9028
    4943       0.8924
    4944       0.9252
    4945       0.9431
    4946       0.9649
    4947       1.0091
    4948       0.9861
    4949       0.8433
    4950       0.8533
    4951       0.8843
    4952       0.7697
    4953       0.9006
    4954       0.9248
    4955       0.9039
    4956       0.9367
    4957       0.9718
    4958       0.9109
    4959       0.9709
    4960       0.8178
    4961       0.9580
    4962       0.9996
    4963       1.0068
    4964       0.9910
    4965       0.9604
    4966       0.9044
    4967       1.0104
    4968       1.1023
    4969       1.1025
    4970       1.0445
    4971       1.0262
    4972       1.0752
    4973       1.0331
    4974       1.0518
    4975       1.0703
    4976       1.0459
    4977       1.0265
    4978       0.9140
    4979       1.0688
    4980       1.1099
    4981       1.0091
    4982       1.1059
    4983       1.1175
    4984       1.1335
    4985       1.0583
    4986       1.1563
    4987       1.1082
    4988       1.0562
    4989       0.9446
    4990       1.0142
    4991       1.0207
    4992       0.9519
    4993       0.9392
    4994       1.1496
    4995       0.9380
    4996       1.0842
    4997       0.9126
    4998       0.9234
    4999       0.9988
    5000       1.1528
    5001       1.1021
    5002       1.1255
    5003       1.1633
    5004       0.9969
    5005       1.0706
    5006       1.2498
    5007       1.1799
    5008       1.0746
    5009       1.0492
    5010       1.0389
    5011       1.0174
    5012       1.0797
    5013       1.1020
    5014       1.0653
    5015       1.0776
    5016       1.0413
    5017       1.1848
    5018       1.0158
    5019       1.0827
    5020       1.1649
    5021       1.1723
    5022       1.0903
    5023       1.1469
    5024       1.0841
    5025       1.2100
    5026       1.1517
    5027       1.2711
    5028       1.0240
    5029       1.0777
    5030       1.1969
    5031       1.1192
    5032       1.2042
    5033       1.0855
    5034       1.0780
    5035       1.1076
    5036       1.0986
    5037       1.0493
    5038       1.1438
    5039       1.2212
    5040       1.1466
    5041       1.0852
    5042       1.2069
    5043       1.2767
    5044       1.3518
    5045       1.2987
    5046       1.2937
    5047       1.2595
    5048       1.1975
    5049       1.2736
    5050       1.2153
    5051       1.3030
    5052       1.3095
    5053       1.2438
    5054       1.3155
    5055       1.3603
    5056       1.2371
    5057       1.2597
    5058       1.2371
    5059       1.3859
    5060       1.2468
    5061       1.3023
    5062       1.2922
    5063       1.3249
    5064       1.3140
    5065       1.2401
    5066       1.3340
    5067       1.4029
    5068       1.3026
    5069       1.3175
    5070       1.2855
    5071       1.3182
    5072       1.5379
    5073       1.4610
    5074       1.4055
    5075       1.2630
    5076       1.2863
    5077       1.2769
    5078       1.2296
    5079       1.2011
    5080       1.1799
    5081       1.1461
    5082       1.1814
    5083       1.1981
    5084       1.1393
    5085       1.1653
    5086       1.2735
    5087       1.0943
    5088       1.0940
    5089       1.1390
    5090       1.2022
    5091       1.1420
    5092       1.2334
    5093       1.2279
    5094       1.1392
    5095       1.1853
    5096       1.1746
    5097       1.2289
    5098       1.3356
    5099       1.2873
    5100       1.2437
    5101       1.2149
    5102       1.1280
    5103       1.2341
    5104       1.1315
    5105       1.2308
    5106       1.1172
    5107       1.1770
    5108       1.2462
    5109       1.1786
    5110       1.1348
    5111       1.1857
    5112       1.2319
    5113       1.3122
    5114       1.2103
    5115       1.2439
    5116       1.1333
    5117       1.1936
    5118       1.1896
    5119       1.2652
    5120       1.2250
    5121       1.2020
    5122       1.2206
    5123       1.1210
    5124       1.1648
    5125       1.1845
    5126       1.1159
    5127       1.1925
    5128       1.0996
    5129       1.1580
    5130       1.2305
    5131       1.2010
    5132       1.1380
    5133       1.1248
    5134       1.1668
    5135       1.2194
    5136       1.2113
    5137       1.1032
    5138       1.1159
    5139       1.2656
    5140       1.3076
    5141       1.4333
    5142       1.2550
    5143       1.2086
    5144       1.1800
    5145       1.1424
    5146       1.2760
    5147       1.2407
    5148       1.2033
    5149       1.1403
    5150       1.1957
    5151       1.1583
    5152       1.2315
    5153       1.2011
    5154       1.1639
    5155       1.1197
    5156       1.0756
    5157       1.1098
    5158       1.1106
    5159       1.0521
    5160       1.2547
    5161       1.0894
    5162       1.1664
    5163       1.0364
    5164       1.1745
    5165       1.1301
    5166       1.2045
    5167       1.1959
    5168       1.1312
    5169       1.1631
    5170       1.1898
    5171       1.1073
    5172       1.1730
    5173       1.0776
    5174       1.0709
    5175       1.0970
    5176       1.0937
    5177       1.0449
    5178       1.0924
    5179       1.0725
    5180       1.2058
    5181       1.0276
    5182       0.9925
    5183       0.9739
    5184       1.1044
    5185       1.1745
    5186       1.0834
    5187       1.1229
    5188       1.1426
    5189       1.0314
    5190       0.9600
    5191       0.9937
    5192       0.9918
    5193       1.1549
    5194       1.1569
    5195       1.0736
    5196       1.1579
    5197       1.1632
    5198       1.0993
    5199       1.1785
    5200       1.0909
    5201       1.1796
    5202       1.1484
    5203       1.2493
    5204       1.2015
    5205       1.1628
    5206       1.2595
    5207       1.0750
    5208       1.0149
    5209       1.1795
    5210       1.0648
    5211       1.1505
    5212       1.1463
    5213       1.1046
    5214       1.0839
    5215       1.0793
    5216       1.0480
    5217       1.1229
    5218       1.0267
    5219       1.1348
    5220       1.1035
    5221       1.1014
    5222       1.1394
    5223       1.2229
    5224       1.1760
    5225       1.1508
    5226       1.1239
    5227       1.2025
    5228       1.1395
    5229       1.0839
    5230       1.0345
    5231       1.1170
    5232       1.2088
    5233       1.1306
    5234       1.1368
    5235       1.2061
    5236       1.2627
    5237       1.2352
    5238       1.2251
    5239       1.2418
    5240       1.3179
    5241       1.1707
    5242       1.2051
    5243       1.1880
    5244       1.1504
    5245       1.2543
    5246       1.1214
    5247       1.1404
    5248       1.1035
    5249       1.1216
    5250       1.1814
    5251       1.1988
    5252       1.1748
    5253       1.2628
    5254       1.1322
    5255       1.0908
    5256       1.1746
    5257       1.1927
    5258       1.0990
    5259       1.0960
    5260       1.1450
    5261       1.0990
    5262       1.1140
    5263       1.1461
    5264       1.1385
    5265       1.2263
    5266       1.1867
    5267       1.2571
    5268       1.1227
    5269       1.1220
    5270       1.1264
    5271       1.2091
    5272       1.0749
    5273       1.1167
    5274       1.1599
    5275       1.1083
    5276       1.1044
    5277       1.0577
    5278       0.9642
    5279       0.9625
    5280       0.9940
    5281       1.0677
    5282       1.0983
    5283       1.0412
    5284       0.9699
    5285       1.0640
    5286       1.1969
    5287       1.0427
    5288       1.0512
    5289       1.1488
    5290       1.1487
    5291       1.1916
    5292       1.1605
    5293       1.2129
    5294       1.1025
    5295       1.0462
    5296       1.2254
    5297       1.0472
    5298       1.1428
    5299       1.1106
    5300       1.0751
    5301       1.1654
    5302       1.0680
    5303       1.1939
    5304       1.1210
    5305       1.1868
    5306       1.2353
    5307       1.2056
    5308       1.1177
    5309       1.1802
    5310       1.2135
    5311       1.1783
    5312       1.1861
    5313       1.1204
    5314       1.1881
    5315       1.1455
    5316       1.0995
    5317       1.0613
    5318       1.1362
    5319       1.0637
    5320       1.0146
    5321       1.1487
    5322       1.0726
    5323       1.1443
    5324       1.1063
    5325       1.1661
    5326       1.2002
    5327       1.1973
    5328       1.2433
    5329       1.1185
    5330       1.2325
    5331       1.2029
    5332       1.1012
    5333       1.1462
    5334       1.0552
    5335       1.0560
    5336       1.1509
    5337       1.1223
    5338       1.1720
    5339       1.0375
    5340       1.0148
    5341       1.0286
    5342       1.1153
    5343       1.1476
    5344       1.1184
    5345       1.2761
    5346       1.0558
    5347       1.0730
    5348       1.0502
    5349       1.0304
    5350       1.0904
    5351       1.1849
    5352       1.1558
    5353       1.0098
    5354       1.1770
    5355       1.0755
    5356       1.0653
    5357       1.0517
    5358       1.0746
    5359       1.0817
    5360       1.1268
    5361       1.1025
    5362       1.1558
    5363       1.2517
    5364       1.1805
    5365       1.1682
    5366       1.3310
    5367       1.1334
    5368       1.1585
    5369       1.1882
    5370       1.2206
    5371       1.1687
    5372       1.0433
    5373       1.1961
    5374       1.0226
    5375       1.0338
    5376       1.0857
    5377       1.1518
    5378       1.1989
    5379       1.0183
    5380       1.0363
    5381       1.0429
    5382       1.1574
    5383       1.1564
    5384       1.2038
    5385       1.1748
    5386       1.1405
    5387       1.1707
    5388       1.1650
    5389       1.0901
    5390       1.0646
    5391       1.1275
    5392       1.0644
    5393       1.1412
    5394       1.1426
    5395       1.1300
    5396       1.2133
    5397       1.1118
    5398       1.0610
    5399       1.0622
    5400       1.0569
    5401       1.1200
    5402       1.0695
    5403       1.1480
    5404       1.1018
    5405       1.0386
    5406       1.0326
    5407       1.0918
    5408       1.0594
    5409       1.1643
    5410       0.9850
    5411       1.0435
    5412       1.0917
    5413       1.1036
    5414       1.0524
    5415       1.0829
    5416       1.0646
    5417       1.0736
    5418       1.1674
    5419       1.1619
    5420       1.1467
    5421       1.1080
    5422       1.1919
    5423       1.1564
    5424       1.1539
    5425       1.2078
    5426       1.2426
    5427       1.0492
    5428       1.1154
    5429       1.1754
    5430       1.1371
    5431       1.0549
    5432       1.0361
    5433       0.9956
    5434       1.1135
    5435       1.2756
    5436       1.0159
    5437       0.9929
    5438       1.0100
    5439       0.9861
    5440       1.0165
    5441       1.0532
    5442       1.1175
    5443       1.1391
    5444       1.2580
    5445       1.1661
    5446       1.0915
    5447       1.0904
    5448       1.0696
    5449       1.1561
    5450       1.1583
    5451       1.0133
    5452       1.0171
    5453       1.0742
    5454       1.0796
    5455       1.0423
    5456       1.0296
    5457       1.0564
    5458       1.0825
    5459       1.1362
    5460       1.0017
    5461       1.1319
    5462       1.0422
    5463       0.9952
    5464       0.9556
    5465       0.9749
    5466       1.0819
    5467       1.0236
    5468       1.0576
    5469       1.0532
    5470       1.0024
    5471       1.0267
    5472       1.0945
    5473       0.9800
    5474       1.0288
    5475       1.0344
    5476       1.0942
    5477       1.1231
    5478       1.0541
    5479       0.9952
    5480       1.1368
    5481       0.9804
    5482       1.0254
    5483       1.1149
    5484       1.0545
    5485       1.1207
    5486       1.0456
    5487       0.9697
    5488       1.0498
    5489       1.0408
    5490       1.1574
    5491       1.1208
    5492       1.0406
    5493       1.0024
    5494       1.1247
    5495       0.9904
    5496       1.0178
    5497       1.1303
    5498       1.0588
    5499       1.0564
    5500       1.0246
    5501       1.0012
    5502       0.9813
    5503       0.9856
    5504       0.9980
    5505       0.9032
    5506       0.9353
    5507       0.9081
    5508       1.0211
    5509       0.9816
    5510       1.0155
    5511       0.9682
    5512       0.9316
    5513       0.9345
    5514       1.0252
    5515       0.9410
    5516       1.0092
    5517       1.0897
    5518       1.0360
    5519       1.0964
    5520       1.2172
    5521       1.1633
    5522       1.2207
    5523       1.0599
    5524       1.0448
    5525       1.0284
    5526       1.0326
    5527       1.1746
    5528       1.2160
    5529       1.1609
    5530       1.2367
    5531       1.1210
    5532       1.1666
    5533       1.0914
    5534       1.0938
    5535       1.1243
    5536       1.2042
    5537       1.1821
    5538       1.2008
    5539       1.2382
    5540       1.1851
    5541       1.1742
    5542       1.1580
    5543       1.1679
    5544       1.2124
    5545       1.1394
    5546       1.2218
    5547       1.2062
    5548       1.1570
    5549       1.1398
    5550       1.1615
    5551       1.1933
    5552       1.1418
    5553       1.0824
    5554       1.1679
    5555       1.2004
    5556       1.0918
    5557       1.2420
    5558       1.0805
    5559       1.0764
    5560       1.1030
    5561       1.1276
    5562       1.2292
    5563       1.2025
    5564       1.2452
    5565       1.3002
    5566       1.1878
    5567       1.1763
    5568       1.1467
    5569       1.2494
    5570       1.1982
    5571       1.2745
    5572       1.0929
    5573       1.1298
    5574       1.2947
    5575       1.2201
    5576       1.0850
    5577       1.0856
    5578       1.1485
    5579       1.1678
    5580       1.1485
    5581       1.2118
    5582       1.0755
    5583       1.2203
    5584       1.1425
    5585       1.0096
    5586       1.1237
    5587       1.0880
    5588       1.1664
    5589       1.2745
    5590       1.1037
    5591       1.2826
    5592       1.2237
    5593       1.1255
    5594       1.2413
    5595       1.2805
    5596       1.0918
    5597       1.1244
    5598       1.2394
    5599       1.2143
    5600       1.1295
    5601       1.2407
    5602       1.2275
    5603       1.2189
    5604       1.2122
    5605       1.1139
    5606       1.2628
    5607       1.2844
    5608       1.2262
    5609       1.1604
    5610       1.1340
    5611       1.1328
    5612       1.1013
    5613       1.0555
    5614       1.0905
    5615       1.0470
    5616       1.1666
    5617       1.0939
    5618       1.2143
    5619       1.1529
    5620       1.1430
    5621       1.0881
    5622       1.0672
    5623       1.1231
    5624       1.1828
    5625       1.1752
    5626       1.1220
    5627       1.1935
    5628       1.1401
    5629       1.2946
    5630       1.1624
    5631       1.1481
    5632       1.0139
    5633       1.0695
    5634       1.0194
    5635       1.1817
    5636       1.1942
    5637       1.2331
    5638       1.3061
    5639       1.1455
    5640       1.2203
    5641       1.1446
    5642       1.2033
    5643       1.1483
    5644       1.0815
    5645       1.0340
    5646       1.0705
    5647       1.0846
    5648       1.1060
    5649       1.1387
    5650       1.2282
    5651       1.1119
    5652       1.2145
    5653       1.1241
    5654       1.1760
    5655       1.2508
    5656       1.1728
    5657       1.0821
    5658       1.2219
    5659       1.3158
    5660       1.2512
    5661       1.3149
    5662       1.2928
    5663       1.1961
    5664       1.0885
    5665       1.1478
    5666       1.2415
    5667       1.2141
    5668       1.0383
    5669       1.0554
    5670       1.0257
    5671       1.0555
    5672       1.1418
    5673       1.0831
    5674       1.1255
    5675       1.0846
    5676       1.0268
    5677       1.1458
    5678       1.0620
    5679       1.2026
    5680       1.1035
    5681       1.0619
    5682       1.0990
    5683       1.0760
    5684       1.1211
    5685       1.0393
    5686       1.0604
    5687       1.0402
    5688       1.1360
    5689       0.9314
    5690       1.0068
    5691       1.0421
    5692       0.9298
    5693       0.9342
    5694       0.9227
    5695       0.9933
    5696       1.0735
    5697       1.0408
    5698       1.0344
    5699       0.9615
    5700       1.0901
    5701       1.0681
    5702       1.1630
    5703       1.1279
    5704       1.1088
    5705       0.9980
    5706       1.0934
    5707       1.0602
    5708       1.0063
    5709       1.0746
    5710       1.0585
    5711       0.9808
    5712       1.2305
    5713       1.2382
    5714       1.1364
    5715       1.0735
    5716       1.1566
    5717       1.1346
    5718       1.0952
    5719       1.0784
    5720       1.0678
    5721       1.1082
    5722       1.0915
    5723       1.1392
    5724       1.1335
    5725       1.0746
    5726       1.2157
    5727       1.2559
    5728       1.1180
    5729       1.1049
    5730       1.1586
    5731       1.0816
    5732       1.1034
    5733       1.1199
    5734       1.0568
    5735       1.1030
    5736       1.0336
    5737       1.1123
    5738       1.0535
    5739       1.1321
    5740       1.1587
    5741       1.1620
    5742       1.0332
    5743       1.1538
    5744       1.1925
    5745       0.9739
    5746       1.0937
    5747       1.0788
    5748       1.1058
    5749       0.9649
    5750       1.0985
    5751       1.0767
    5752       1.0424
    5753       1.0133
    5754       1.0247
    5755       0.9452
    5756       1.0044
    5757       1.0267
    5758       1.0462
    5759       1.0985
    5760       1.0020
    5761       1.0509
    5762       0.9020
    5763       0.9614
    5764       0.9318
    5765       0.9697
    5766       0.9948
    5767       0.9757
    5768       0.9477
    5769       0.9538
    5770       1.0175
    5771       1.0900
    5772       1.0611
    5773       1.0507
    5774       1.0316
    5775       1.0594
    5776       1.0170
    5777       1.0538
    5778       0.9619
    5779       0.9750
    5780       1.1377
    5781       1.0612
    5782       0.9283
    5783       0.9647
    5784       0.9218
    5785       0.9333
    5786       0.9619
    5787       0.9640
    5788       0.9778
    5789       0.9963
    5790       1.0500
    5791       1.0589
    5792       0.9719
    5793       1.0398
    5794       1.1225
    5795       0.9780
    5796       0.9789
    5797       0.9539
    5798       1.0019
    5799       1.0602
    5800       1.1240
    5801       1.0624
    5802       0.9962
    5803       1.0966
    5804       1.0662
    5805       0.9874
    5806       0.9895
    5807       0.9149
    5808       0.8753
    5809       0.9462
    5810       0.9354
    5811       1.0058
    5812       0.9626
    5813       0.9190
    5814       0.9733
    5815       0.9895
    5816       1.0038
    5817       0.9653
    5818       0.9956
    5819       0.9611
    5820       0.9886
    5821       0.9855
    5822       0.9941
    5823       0.9868
    5824       1.0727
    5825       1.0536
    5826       0.8838
    5827       0.9527
    5828       0.9251
    5829       0.9762
    5830       0.9307
    5831       0.8666
    5832       0.9519
    5833       0.9259
    5834       0.9719
    5835       0.9756
    5836       0.9384
    5837       1.0025
    5838       0.9762
    5839       1.0096
    5840       1.0205
    5841       0.9472
    5842       0.9651
    5843       0.9146
    5844       1.0375
    5845       1.0867
    5846       0.9647
    5847       0.9667
    5848       1.0506
    5849       0.9550
    5850       0.9261
    5851       1.0506
    5852       0.9527
    5853       1.0245
    5854       1.0004
    5855       1.0170
    5856       1.0191
    5857       1.0567
    5858       1.0696
    5859       1.0661
    5860       1.0489
    5861       1.0059
    5862       1.1348
    5863       1.1117
    5864       1.0100
    5865       1.0374
    5866       1.0958
    5867       0.9889
    5868       1.0206
    5869       1.0447
    5870       1.2035
    5871       1.1272
    5872       1.2144
    5873       1.0783
    5874       0.9705
    5875       1.0115
    5876       0.9927
    5877       0.9827
    5878       1.0837
    5879       1.0175
    5880       1.0292
    5881       0.9446
    5882       1.0123
    5883       1.0458
    5884       1.0023
    5885       0.9967
    5886       1.0394
    5887       0.9677
    5888       1.1611
    5889       1.1213
    5890       1.0386
    5891       1.1282
    5892       1.1320
    5893       1.0141
    5894       0.9708
    5895       1.0137
    5896       1.0076
    5897       1.0242
    5898       1.1112
    5899       1.1660
    5900       1.0634
    5901       1.1644
    5902       1.1911
    5903       1.0422
    5904       1.1103
    5905       1.0806
    5906       1.0573
    5907       1.0540
    5908       1.0601
    5909       1.3039
    5910       1.2118
    5911       1.0711
    5912       1.1153
    5913       0.9860
    5914       1.2422
    5915       1.0906
    5916       1.0894
    5917       1.1302
    5918       0.9575
    5919       0.9913
    5920       1.0872
    5921       1.0660
    5922       1.2036
    5923       1.2372
    5924       1.1056
    5925       1.1076
    5926       1.2034
    5927       1.1013
    5928       1.0504
    5929       1.1294
    5930       1.0783
    5931       1.0810
    5932       1.0447
    5933       1.0009
    5934       1.0049
    5935       1.0666
    5936       1.0358
    5937       1.0972
    5938       1.0521
    5939       0.9742
    5940       1.0730
    5941       1.1695
    5942       1.1220
    5943       1.2005
    5944       1.1525
    5945       1.0921
    5946       0.9971
    5947       1.1158
    5948       1.1917
    5949       1.3082
    5950       1.2629
    5951       1.0999
    5952       1.0546
    5953       1.2527
    5954       1.4161
    5955       1.1589
    5956       1.0342
    5957       1.1479
    5958       1.2070
    5959       1.0754
    5960       1.1311
    5961       1.1443
    5962       1.1856
    5963       1.2381
    5964       1.1649
    5965       1.1296
    5966       1.1926
    5967       1.0909
    5968       1.1811
    5969       1.1792
    5970       1.1865
    5971       1.1071
    5972       1.0549
    5973       1.0269
    5974       1.1539
    5975       1.0173
    5976       0.9902
    5977       1.0285
    5978       1.0777
    5979       1.0626
    5980       1.1005
    5981       1.0726
    5982       0.9729
    5983       1.1080
    5984       1.0647
    5985       1.1179
    5986       1.0208
    5987       0.9738
    5988       1.0463
    5989       1.0549
    5990       0.9245
    5991       1.1833
    5992       1.0183
    5993       0.9869
    5994       0.9874
    5995       1.1108
    5996       1.0684
    5997       1.0687
    5998       1.0267
    5999       1.0019
    6000       1.0701
    6001       1.0382
    6002       1.1755
    6003       1.0245
    6004       1.0889
    6005       1.0625
    6006       1.1895
    6007       1.0518
    6008       1.0765
    6009       1.0218
    6010       1.0254
    6011       1.1294
    6012       1.1107
    6013       1.0949
    6014       1.1034
    6015       1.0727
    6016       0.9877
    6017       1.0312
    6018       1.1035
    6019       1.0543
    6020       1.0533
    6021       1.1071
    6022       1.0887
    6023       0.9813
    6024       1.0256
    6025       1.0630
    6026       0.8824
    6027       1.1179
    6028       1.0621
    6029       1.1578
    6030       1.1607
    6031       1.0566
    6032       1.0789
    6033       1.1876
    6034       1.1120
    6035       0.9952
    6036       1.0497
    6037       1.0148
    6038       1.0154
    6039       1.0245
    6040       1.1518
    6041       1.0798
    6042       0.9611
    6043       0.9097
    6044       0.9942
    6045       0.9489
    6046       0.8796
    6047       0.9610
    6048       0.9962
    6049       0.9780
    6050       0.9351
    6051       1.0477
    6052       0.9679
    6053       1.0150
    6054       0.9482
    6055       0.9003
    6056       0.9067
    6057       0.9108
    6058       0.9897
    6059       1.0196
    6060       0.9404
    6061       1.0638
    6062       1.1702
    6063       1.1588
    6064       1.0859
    6065       0.9875
    6066       1.0211
    6067       0.9682
    6068       1.0546
    6069       0.9769
    6070       1.0085
    6071       1.0564
    6072       0.9927
    6073       1.0451
    6074       1.0059
    6075       1.0206
    6076       1.0693
    6077       1.0103
    6078       1.0535
    6079       1.0015
    6080       1.0780
    6081       1.0955
    6082       0.9985
    6083       0.9927
    6084       1.0081
    6085       1.0649
    6086       1.0806
    6087       1.1034
    6088       1.0519
    6089       0.9916
    6090       1.0160
    6091       1.0386
    6092       1.0077
    6093       1.0512
    6094       0.9627
    6095       1.0394
    6096       0.9588
    6097       0.9436
    6098       0.9620
    6099       0.9673
    6100       1.0229
    6101       0.9598
    6102       0.9926
    6103       1.0317
    6104       0.9633
    6105       1.0090
    6106       0.9454
    6107       1.0067
    6108       0.8405
    6109       1.0186
    6110       0.9133
    6111       0.9818
    6112       0.9444
    6113       1.0398
    6114       1.0114
    6115       0.9208
    6116       1.0162
    6117       0.9937
    6118       1.0486
    6119       0.9785
    6120       1.1489
    6121       1.0341
    6122       0.9790
    6123       0.9088
    6124       1.0953
    6125       0.9305
    6126       0.9382
    6127       1.0560
    6128       0.9888
    6129       1.0943
    6130       0.9753
    6131       0.9629
    6132       1.0241
    6133       1.0280
    6134       0.9126
    6135       1.0424
    6136       1.0448
    6137       1.0734
    6138       1.0277
    6139       1.0113
    6140       0.9862
    6141       1.0146
    6142       0.9647
    6143       1.0973
    6144       0.9964
    6145       1.0379
    6146       1.0603
    6147       1.0207
    6148       1.0658
    6149       0.9866
    6150       0.9760
    6151       0.9797
    6152       1.0253
    6153       1.0170
    6154       1.0241
    6155       0.9474
    6156       1.0518
    6157       1.0482
    6158       1.0244
    6159       1.0173
    6160       1.0381
    6161       1.0271
    6162       1.0577
    6163       1.0051
    6164       1.0037
    6165       1.0673
    6166       1.0396
    6167       1.1350
    6168       1.0603
    6169       1.0870
    6170       0.9783
    6171       1.1133
    6172       1.0198
    6173       1.0193
    6174       1.0899
    6175       1.0618
    6176       1.1318
    6177       1.1354
    6178       1.2382
    6179       1.0939
    6180       1.1222
    6181       1.0717
    6182       1.1286
    6183       1.1644
    6184       1.1187
    6185       1.0874
    6186       1.1395
    6187       1.0630
    6188       1.1746
    6189       0.9979
    6190       1.0052
    6191       1.0509
    6192       1.0776
    6193       1.0127
    6194       0.9208
    6195       1.0276
    6196       0.8615
    6197       0.9437
    6198       0.9559
    6199       0.9366
    6200       1.0351
    6201       1.0048
    6202       1.0521
    6203       1.0614
    6204       1.1238
    6205       1.0906
    6206       1.1507
    6207       1.0940
    6208       1.0785
    6209       1.1655
    6210       1.0875
    6211       1.0666
    6212       1.1008
    6213       1.1325
    6214       1.0814
    6215       1.0438
    6216       1.0247
    6217       0.9788
    6218       1.0683
    6219       1.1037
    6220       1.0794
    6221       1.1068
    6222       1.0069
    6223       1.0382
    6224       1.1002
    6225       1.0289
    6226       1.1142
    6227       1.0079
    6228       1.0540
    6229       1.0447
    6230       1.0762
    6231       1.0643
    6232       1.0522
    6233       1.0955
    6234       1.1183
    6235       1.0272
    6236       1.0976
    6237       1.0679
    6238       1.0544
    6239       1.0161
    6240       1.0338
    6241       1.0251
    6242       1.1447
    6243       1.0345
    6244       0.9708
    6245       1.0107
    6246       1.0924
    6247       1.1218
    6248       1.2128
    6249       1.0859
    6250       1.1224
    6251       1.0490
    6252       1.1627
    6253       1.1843
    6254       1.1206
    6255       1.1937
    6256       1.0160
    6257       1.0126
    6258       1.0733
    6259       1.0122
    6260       1.0153
    6261       1.0584
    6262       1.0327
    6263       1.0545
    6264       1.0037
    6265       0.9470
    6266       1.0137
    6267       0.9862
    6268       0.9814
    6269       1.1222
    6270       1.1291
    6271       1.1292
    6272       1.0073
    6273       0.9827
    6274       1.1046
    6275       0.9911
    6276       1.1147
    6277       1.0118
    6278       1.0707
    6279       1.0191
    6280       1.0553
    6281       0.9577
    6282       1.0009
    6283       1.0072
    6284       0.9612
    6285       1.0135
    6286       0.9097
    6287       0.9335
    6288       0.9977
    6289       0.9904
    6290       1.1676
    6291       1.1241
    6292       1.0014
    6293       0.9516
    6294       0.9264
    6295       0.9275
    6296       0.9166
    6297       1.0527
    6298       1.0566
    6299       1.0778
    6300       1.1277
    6301       0.9565
    6302       1.0529
    6303       0.9904
    6304       1.0391
    6305       1.0252
    6306       0.9698
    6307       0.9492
    6308       0.9229
    6309       1.0696
    6310       0.9745
    6311       1.0533
    6312       1.0507
    6313       1.0134
    6314       0.9264
    6315       1.0123
    6316       0.9768
    6317       0.9819
    6318       0.9486
    6319       0.9149
    6320       0.9994
    6321       1.0484
    6322       0.9152
    6323       0.9900
    6324       1.0346
    6325       0.9286
    6326       0.9063
    6327       0.9543
    6328       0.9283
    6329       0.9638
    6330       1.1278
    6331       1.0197
    6332       1.0257
    6333       1.1600
    6334       1.1706
    6335       1.1021
    6336       1.0388
    6337       1.0069
    6338       1.0262
    6339       1.0371
    6340       0.9711
    6341       1.0193
    6342       1.0004
    6343       1.0297
    6344       1.0332
    6345       1.1089
    6346       1.0936
    6347       1.1409
    6348       1.0713
    6349       1.0751
    6350       1.1609
    6351       1.0827
    6352       1.0657
    6353       1.0601
    6354       1.0325
    6355       1.0235
    6356       1.1117
    6357       1.0302
    6358       1.0237
    6359       1.0047
    6360       1.0301
    6361       1.0599
    6362       1.0304
    6363       1.0698
    6364       1.1414
    6365       1.0799
    6366       1.0243
    6367       1.0645
    6368       1.0663
    6369       1.1051
    6370       1.1073
    6371       1.1838
    6372       1.1570
    6373       1.1279
    6374       1.1232
    6375       1.1661
    6376       1.2402
    6377       1.1213
    6378       1.0752
    6379       1.0316
    6380       1.2304
    6381       1.1621
    6382       1.1310
    6383       1.2199
    6384       1.1752
    6385       1.1327
    6386       1.1717
    6387       1.2055
    6388       1.0846
    6389       1.0465
    6390       1.0737
    6391       1.1816
    6392       1.1424
    6393       1.0797
    6394       1.0108
    6395       1.0454
    6396       1.0373
    6397       1.0343
    6398       1.1523
    6399       1.2244
    6400       1.1538
    6401       1.0654
    6402       1.1129
    6403       0.9815
    6404       1.0263
    6405       1.0460
    6406       1.0329
    6407       1.0079
    6408       0.9344
    6409       0.9683
    6410       0.9341
    6411       1.0540
    6412       0.9410
    6413       0.9464
    6414       1.0926
    6415       1.0819
    6416       1.1150
    6417       1.0062
    6418       1.1206
    6419       0.9447
    6420       1.1005
    6421       1.0892
    6422       1.0251
    6423       0.9994
    6424       0.8646
    6425       0.9393
    6426       0.8675
    6427       0.9228
    6428       0.8276
    6429       0.9128
    6430       0.9500
    6431       0.9341
    6432       0.8917
    6433       0.9069
    6434       0.9577
    6435       0.9518
    6436       1.0346
    6437       0.9655
    6438       0.9793
    6439       1.0491
    6440       0.9298
    6441       0.9523
    6442       1.0223
    6443       1.0494
    6444       1.0705
    6445       0.9305
    6446       0.9768
    6447       1.0089
    6448       1.0181
    6449       0.9835
    6450       0.9996
    6451       1.0455
    6452       1.0050
    6453       0.9130
    6454       0.8488
    6455       1.0230
    6456       1.0411
    6457       1.0200
    6458       0.9748
    6459       0.9840
    6460       0.9566
    6461       0.9426
    6462       1.0106
    6463       0.9783
    6464       1.0195
    6465       1.0809
    6466       1.0123
    6467       0.9194
    6468       1.0186
    6469       1.1154
    6470       0.9650
    6471       0.9193
    6472       1.0458
    6473       1.0288
    6474       0.9494
    6475       0.9941
    6476       0.9314
    6477       0.9419
    6478       1.0351
    6479       1.0399
    6480       1.0236
    6481       1.0690
    6482       0.9881
    6483       0.9303
    6484       0.9973
    6485       0.9445
    6486       0.9682
    6487       1.0772
    6488       0.9788
    6489       1.0448
    6490       0.9978
    6491       1.0161
    6492       0.8921
    6493       0.9656
    6494       1.0806
    6495       1.0111
    6496       1.1482
    6497       1.1524
    6498       0.9801
    6499       1.0367
    6500       1.0903
    6501       1.0421
    6502       1.1348
    6503       1.0545
    6504       1.0885
    6505       1.0886
    6506       1.1526
    6507       1.0964
    6508       1.0003
    6509       0.9934
    6510       1.0370
    6511       0.9898
    6512       1.0014
    6513       1.0531
    6514       0.9783
    6515       1.0088
    6516       1.0504
    6517       1.1690
    6518       1.0673
    6519       1.0776
    6520       1.0240
    6521       1.0332
    6522       1.0904
    6523       1.1402
    6524       1.0121
    6525       1.0573
    6526       1.0432
    6527       1.0062
    6528       1.0204
    6529       1.0648
    6530       1.0679
    6531       1.0697
    6532       1.0132
    6533       0.8971
    6534       1.0148
    6535       0.9961
    6536       1.0784
    6537       0.9926
    6538       0.9877
    6539       1.0639
    6540       1.0726
    6541       1.0967
    6542       1.0925
    6543       1.0677
    6544       0.9983
    6545       1.1316
    6546       1.0086
    6547       1.0149
    6548       1.0215
    6549       0.9204
    6550       1.0050
    6551       0.9580
    6552       1.0468
    6553       1.0436
    6554       0.9250
    6555       1.0218
    6556       0.9846
    6557       1.0652
    6558       1.0714
    6559       0.9784
    6560       1.1504
    6561       1.0804
    6562       1.0880
    6563       0.9587
    6564       1.0332
    6565       1.0994
    6566       1.0818
    6567       0.9863
    6568       0.9854
    6569       1.0929
    6570       0.9703
    6571       1.0594
    6572       1.0694
    6573       1.0370
    6574       1.0868
    6575       1.1301
    6576       1.1005
    6577       1.1228
    6578       1.1551
    6579       0.9037
    6580       0.9795
    6581       0.9764
    6582       1.0650
    6583       1.1357
    6584       1.1360
    6585       1.1881
    6586       1.1517
    6587       0.9489
    6588       1.1226
    6589       1.0762
    6590       1.1043
    6591       1.0012
    6592       1.1643
    6593       1.1007
    6594       0.9393
    6595       1.0325
    6596       1.0654
    6597       0.9354
    6598       0.9492
    6599       0.9524
    6600       0.9754
    6601       0.8894
    6602       0.9784
    6603       0.8931
    6604       0.9256
    6605       1.0062
    6606       0.9945
    6607       0.8774
    6608       1.0004
    6609       1.1046
    6610       0.9622
    6611       1.0914
    6612       1.0589
    6613       1.0440
    6614       1.2500
    6615       1.0877
    6616       1.0827
    6617       1.0724
    6618       1.1090
    6619       1.0729
    6620       1.0253
    6621       0.9053
    6622       0.9227
    6623       0.8749
    6624       0.9061
    6625       0.9379
    6626       0.9085
    6627       0.9319
    6628       0.9422
    6629       0.9823
    6630       0.9397
    6631       0.9806
    6632       1.0259
    6633       1.0072
    6634       1.0290
    6635       1.1366
    6636       0.9991
    6637       0.9586
    6638       0.9991
    6639       0.9656
    6640       0.8435
    6641       1.0650
    6642       1.0092
    6643       0.9738
    6644       1.1039
    6645       1.1237
    6646       1.1027
    6647       1.0383
    6648       1.0415
    6649       0.9214
    6650       1.0106
    6651       0.8935
    6652       0.9647
    6653       0.9144
    6654       0.9412
    6655       0.9534
    6656       1.0124
    6657       0.9979
    6658       0.9355
    6659       0.9006
    6660       0.9241
    6661       0.9582
    6662       0.9892
    6663       1.0650
    6664       1.0755
    6665       1.0665
    6666       0.9998
    6667       1.0134
    6668       1.0490
    6669       1.0674
    6670       1.0580
    6671       1.1129
    6672       1.1049
    6673       1.0420
    6674       1.1099
    6675       1.1219
    6676       1.0436
    6677       1.0295
    6678       1.1031
    6679       1.0241
    6680       1.1615
    6681       1.0369
    6682       1.0468
    6683       0.9400
    6684       0.9096
    6685       1.0288
    6686       0.9732
    6687       0.9464
    6688       0.9802
    6689       0.9551
    6690       0.9721
    6691       1.0695
    6692       1.0133
    6693       1.0060
    6694       1.0614
    6695       1.0004
    6696       1.0075
    6697       1.1693
    6698       1.2053
    6699       0.9943
    6700       1.1614
    6701       1.0069
    6702       1.0379
    6703       1.0051
    6704       1.0004
    6705       1.0834
    6706       1.0204
    6707       1.0478
    6708       0.9898
    6709       0.9513
    6710       1.0041
    6711       0.9238
    6712       1.0704
    6713       1.0037
    6714       1.0471
    6715       1.0459
    6716       1.1199
    6717       1.0932
    6718       1.0024
    6719       1.0692
    6720       1.0291
    6721       1.0166
    6722       1.0824
    6723       1.0840
    6724       0.9588
    6725       0.9809
    6726       1.0825
    6727       0.9299
    6728       0.9978
    6729       0.9405
    6730       1.0729
    6731       1.1344
    6732       1.0331
    6733       1.1121
    6734       1.0820
    6735       1.1508
    6736       1.1858
    6737       1.1429
    6738       1.0043
    6739       1.0013
    6740       0.9890
    6741       1.0172
    6742       1.0186
    6743       1.0098
    6744       0.9855
    6745       1.1344
    6746       1.1359
    6747       1.0646
    6748       1.0767
    6749       0.9817
    6750       1.0881
    6751       1.0500
    6752       1.0607
    6753       1.1032
    6754       1.0245
    6755       1.1103
    6756       1.0853
    6757       1.0762
    6758       1.2331
    6759       1.0891
    6760       1.0334
    6761       1.0599
    6762       1.1242
    6763       1.0720
    6764       1.1215
    6765       1.0084
    6766       1.0374
    6767       1.0374
    6768       1.0785
    6769       1.0253
    6770       1.0512
    6771       1.1297
    6772       1.0551
    6773       1.0481
    6774       1.1484
    6775       1.1088
    6776       1.1222
    6777       1.1906
    6778       1.1227
    6779       1.0417
    6780       1.1582
    6781       1.1104
    6782       1.0425
    6783       1.0648
    6784       1.0053
    6785       0.9981
    6786       1.0112
    6787       1.0616
    6788       1.1082
    6789       1.0612
    6790       0.9756
    6791       1.1356
    6792       1.1452
    6793       1.0987
    6794       1.1524
    6795       1.1077
    6796       1.0113
    6797       0.9864
    6798       0.9863
    6799       1.0179
    6800       0.9983
    6801       1.0671
    6802       1.0495
    6803       0.9830
    6804       1.0939
    6805       1.1488
    6806       1.1060
    6807       1.1355
    6808       1.1029
    6809       1.0177
    6810       1.1799
    6811       1.1176
    6812       1.1280
    6813       1.1144
    6814       1.2342
    6815       1.0957
    6816       1.0578
    6817       1.0758
    6818       1.0419
    6819       1.0875
    6820       1.0993
    6821       1.0197
    6822       1.1595
    6823       1.0002
    6824       1.0126
    6825       1.0045
    6826       1.0068
    6827       0.9734
    6828       1.0232
    6829       0.9865
    6830       1.0661
    6831       1.1064
    6832       1.0122
    6833       0.9829
    6834       1.0270
    6835       0.9593
    6836       0.9300
    6837       0.9575
    6838       1.0138
    6839       0.9907
    6840       0.9950
    6841       0.9998
    6842       1.0820
    6843       0.9479
    6844       0.9518
    6845       0.9911
    6846       1.0566
    6847       0.9801
    6848       0.9198
    6849       0.9829
    6850       0.9495
    6851       1.1068
    6852       1.0081
    6853       0.9260
    6854       0.9575
    6855       1.0176
    6856       1.0319
    6857       1.0986
    6858       1.0449
    6859       0.9921
    6860       1.1095
    6861       1.0824
    6862       1.1097
    6863       1.1844
    6864       1.0914
    6865       1.0333
    6866       1.0622
    6867       1.0850
    6868       1.0447
    6869       1.0993
    6870       0.9903
    6871       1.0376
    6872       0.9940
    6873       1.0023
    6874       1.0390
    6875       1.0487
    6876       1.0616
    6877       1.1288
    6878       1.0706
    6879       1.0733
    6880       1.0537
    6881       1.0247
    6882       0.9893
    6883       1.0439
    6884       1.0632
    6885       1.0422
    6886       1.1187
    6887       1.0794
    6888       1.0509
    6889       1.0071
    6890       1.0458
    6891       0.9796
    6892       1.0285
    6893       1.0095
    6894       1.0625
    6895       1.0850
    6896       1.1066
    6897       1.0542
    6898       1.0673
    6899       1.0431
    6900       1.0548
    6901       1.1396
    6902       1.0566
    6903       1.0860
    6904       1.1950
    6905       1.0626
    6906       1.0109
    6907       1.0974
    6908       0.9602
    6909       1.0414
    6910       0.9975
    6911       0.9988
    6912       1.0453
    6913       0.9924
    6914       1.0007
    6915       0.9855
    6916       1.0489
    6917       0.9476
    6918       1.0165
    6919       0.9397
    6920       1.1601
    6921       1.1139
    6922       1.0882
    6923       1.0794
    6924       1.0758
    6925       1.0681
    6926       1.1070
    6927       1.1422
    6928       1.1703
    6929       1.1225
    6930       1.1838
    6931       1.1859
    6932       1.1337
    6933       1.1284
    6934       1.0876
    6935       1.0209
    6936       1.1200
    6937       1.0661
    6938       1.0432
    6939       1.0513
    6940       1.0875
    6941       1.0414
    6942       1.0492
    6943       1.0128
    6944       1.0487
    6945       1.1303
    6946       1.1214
    6947       1.1009
    6948       1.1250
    6949       1.0398
    6950       0.9975
    6951       1.0836
    6952       1.1611
    6953       1.0667
    6954       1.1015
    6955       1.0267
    6956       1.0529
    6957       0.9699
    6958       1.0964
    6959       1.1464
    6960       1.1193
    6961       1.2173
    6962       1.1208
    6963       1.1117
    6964       1.0959
    6965       1.0069
    6966       1.1372
    6967       1.0863
    6968       0.9875
    6969       0.9608
    6970       0.9403
    6971       1.1580
    6972       1.0657
    6973       1.0563
    6974       1.0653
    6975       1.0740
    6976       1.1699
    6977       1.1491
    6978       1.0366
    6979       1.1227
    6980       1.0936
    6981       1.0949
    6982       1.1685
    6983       1.2555
    6984       1.2348
    6985       1.2462
    6986       1.3011
    6987       1.1878
    6988       1.0435
    6989       1.1542
    6990       1.2810
    6991       1.1140
    6992       1.1762
    6993       1.0307
    6994       0.9767
    6995       0.9909
    6996       1.0609
    6997       1.1601
    6998       1.1828
    6999       1.0453
    7000       1.0491
    7001       1.0250
    7002       1.0809
    7003       1.0500
    7004       1.0386
    7005       1.1043
    7006       1.1142
    7007       1.0981
    7008       1.1319
    7009       1.1622
    7010       1.2112
    7011       1.1832
    7012       1.1412
    7013       1.1092
    7014       1.1179
    7015       1.1060
    7016       1.0570
    7017       1.1556
    7018       1.0829
    7019       1.0975
    7020       1.1329
    7021       1.1871
    7022       1.2919
    7023       1.1419
    7024       1.1622
    7025       1.1449
    7026       1.1172
    7027       1.0536
    7028       0.9799
    7029       1.0485
    7030       1.1704
    7031       1.1061
    7032       1.1350
    7033       1.2489
    7034       1.1453
    7035       1.1667
    7036       1.1596
    7037       1.1238
    7038       1.0706
    7039       1.1885
    7040       1.2385
    7041       1.1301
    7042       1.1036
    7043       1.1334
    7044       1.0625
    7045       0.9421
    7046       0.9749
    7047       1.0625
    7048       1.0143
    7049       1.0118
    7050       1.0806
    7051       1.1311
    7052       1.1180
    7053       1.1012
    7054       1.0720
    7055       1.0481
    7056       0.9908
    7057       1.0900
    7058       0.9968
    7059       1.1712
    7060       1.0135
    7061       1.1154
    7062       1.0589
    7063       0.9701
    7064       0.9630
    7065       1.0760
    7066       1.0334
    7067       0.9753
    7068       1.1233
    7069       1.1288
    7070       1.0128
    7071       1.0635
    7072       1.0382
    7073       1.0794
    7074       1.0124
    7075       0.9690
    7076       1.0117
    7077       0.9760
    7078       0.9691
    7079       0.9111
    7080       0.9978
    7081       1.0528
    7082       1.0318
    7083       1.1161
    7084       1.0331
    7085       1.0865
    7086       1.1527
    7087       1.1621
    7088       1.1455
    7089       1.1238
    7090       1.1441
    7091       1.1776
    7092       1.1298
    7093       1.1477
    7094       1.0751
    7095       1.0695
    7096       1.1244
    7097       1.1727
    7098       1.0807
    7099       1.1599
    7100       1.0811
    7101       1.0324
    7102       1.0552
    7103       0.9800
    7104       0.9979
    7105       1.0315
    7106       1.0445
    7107       1.0354
    7108       1.1487
    7109       1.0863
    7110       1.1878
    7111       1.1609
    7112       1.2639
    7113       1.0685
    7114       0.9900
    7115       1.0245
    7116       1.0337
    7117       1.0682
    7118       1.0375
    7119       0.9513
    7120       0.9724
    7121       0.9827
    7122       0.9612
    7123       1.0607
    7124       0.9306
    7125       0.8948
    7126       1.0234
    7127       1.0041
    7128       0.9292
    7129       1.0390
    7130       1.0109
    7131       1.0341
    7132       0.9949
    7133       0.9655
    7134       1.0138
    7135       1.1710
    7136       1.0355
    7137       1.1076
    7138       1.0838
    7139       0.9778
    7140       1.0830
    7141       1.0188
    7142       1.1513
    7143       1.1266
    7144       1.0635
    7145       1.0359
    7146       1.0320
    7147       1.1509
    7148       1.0538
    7149       1.0867
    7150       1.0914
    7151       0.9828
    7152       0.9151
    7153       0.9421
    7154       0.9236
    7155       1.0629
    7156       1.0967
    7157       1.0965
    7158       1.0417
    7159       0.9502
    7160       1.0576
    7161       1.0357
    7162       1.0705
    7163       1.1105
    7164       1.2201
    7165       1.0095
    7166       0.9975
    7167       1.0160
    7168       1.1273
    7169       1.0794
    7170       0.9779
    7171       1.1124
    7172       1.1068
    7173       1.0467
    7174       1.0226
    7175       1.0896
    7176       1.0041
    7177       1.0071
    7178       1.0685
    7179       1.1537
    7180       1.0370
    7181       1.1170
    7182       1.0033
    7183       1.0523
    7184       1.0228
    7185       1.0169
    7186       0.9582
    7187       1.0445
    7188       1.0628
    7189       1.0576
    7190       1.1077
    7191       1.1339
    7192       1.1035
    7193       1.0750
    7194       0.9742
    7195       1.1134
    7196       1.1283
    7197       1.0652
    7198       1.1448
    7199       1.1048
    7200       1.1228
    7201       1.1313
    7202       1.1710
    7203       1.1897
    7204       1.1385
    7205       1.0927
    7206       1.1024
    7207       1.0549
    7208       1.1006
    7209       1.0827
    7210       1.0639
    7211       1.2140
    7212       1.0973
    7213       1.1641
    7214       1.1272
    7215       1.1138
    7216       1.0792
    7217       1.1046
    7218       1.1625
    7219       1.0545
    7220       1.1248
    7221       1.0665
    7222       1.1691
    7223       1.1729
    7224       1.1571
    7225       1.0321
    7226       1.1241
    7227       1.2170
    7228       1.0796
    7229       1.1828
    7230       1.0675
    7231       1.1507
    7232       1.0319
    7233       1.0401
    7234       1.1414
    7235       1.1146
    7236       1.1789
    7237       1.1797
    7238       1.1498
    7239       1.1809
    7240       1.2209
    7241       1.0987
    7242       0.9799
    7243       1.0910
    7244       1.0828
    7245       1.1443
    7246       1.1777
    7247       1.2126
    7248       1.0672
    7249       1.0569
    7250       1.1175
    7251       1.1364
    7252       0.9545
    7253       0.9897
    7254       1.1076
    7255       0.9964
    7256       1.0501
    7257       1.0727
    7258       0.9830
    7259       1.0811
    7260       1.1710
    7261       1.0085
    7262       0.9853
    7263       0.9812
    7264       0.9991
    7265       1.0151
    7266       0.9251
    7267       1.0081
    7268       0.9800
    7269       1.0444
    7270       1.0017
    7271       0.9968
    7272       1.0634
    7273       1.0075
    7274       0.9315
    7275       0.9260
    7276       0.9823
    7277       0.9727
    7278       0.9470
    7279       0.9865
    7280       0.9922
    7281       1.0527
    7282       1.1055
    7283       1.1731
    7284       1.0589
    7285       1.0976
    7286       1.1648
    7287       1.0831
    7288       1.1097
    7289       1.0700
    7290       1.1228
    7291       1.0168
    7292       1.0453
    7293       0.9689
    7294       1.0392
    7295       1.1273
    7296       1.0533
    7297       1.1331
    7298       1.0429
    7299       1.0228
    7300       0.9617
    7301       0.9328
    7302       0.9550
    7303       1.0383
    7304       0.9387
    7305       1.0472
    7306       1.0427
    7307       1.0499
    7308       1.0777
    7309       1.0996
    7310       1.0195
    7311       1.0190
    7312       1.0490
    7313       1.1850
    7314       1.0951
    7315       1.1464
    7316       1.0826
    7317       1.1753
    7318       1.1112
    7319       1.1856
    7320       1.0990
    7321       1.0988
    7322       1.0784
    7323       1.1255
    7324       1.1706
    7325       1.1315
    7326       1.1900
    7327       1.0959
    7328       1.1264
    7329       1.0938
    7330       1.1070
    7331       1.0606
    7332       1.1024
    7333       1.0510
    7334       1.0532
    7335       1.0608
    7336       1.0586
    7337       1.0481
    7338       1.0296
    7339       1.0875
    7340       1.0629
    7341       1.1257
    7342       1.1367
    7343       1.0467
    7344       1.1482
    7345       1.1812
    7346       1.1254
    7347       1.0707
    7348       1.1205
    7349       1.0767
    7350       1.1178
    7351       1.0915
    7352       1.1160
    7353       1.2211
    7354       1.1750
    7355       1.0810
    7356       1.1681
    7357       1.0434
    7358       1.1191
    7359       1.1469
    7360       1.2456
    7361       1.2009
    7362       1.1547
    7363       1.2129
    7364       1.1925
    7365       1.3172
    7366       1.3276
    7367       1.2370
    7368       1.1544
    7369       1.1887
    7370       1.0625
    7371       1.1224
    7372       1.1493
    7373       1.2101
    7374       1.1351
    7375       1.1502
    7376       1.2200
    7377       1.1509
    7378       1.1123
    7379       1.1278
    7380       1.1986
    7381       1.1999
    7382       1.1775
    7383       1.1227
    7384       1.2636
    7385       1.0885
    7386       1.1326
    7387       1.2182
    7388       1.2923
    7389       1.2279
    7390       1.2218
    7391       1.1436
    7392       1.2090
    7393       1.1108
    7394       1.2408
    7395       1.1933
    7396       1.2648
    7397       1.3484
    7398       1.3312
    7399       1.1824
    7400       1.1927
    7401       1.1448
    7402       1.2573
    7403       1.1238
    7404       1.0304
    7405       1.0865
    7406       1.0325
    7407       0.9541
    7408       0.9750
    7409       1.1196
    7410       1.1977
    7411       1.1421
    7412       1.1090
    7413       1.1870
    7414       1.3034
    7415       1.3241
    7416       1.2007
    7417       1.1470
    7418       1.2049
    7419       1.0375
    7420       1.1801
    7421       1.2294
    7422       1.1464
    7423       1.0903
    7424       1.1485
    7425       1.1156
    7426       1.1686
    7427       1.1767
    7428       1.2343
    7429       1.1541
    7430       1.0442
    7431       1.0920
    7432       1.1671
    7433       1.1686
    7434       1.0348
    7435       1.0626
    7436       1.1552
    7437       0.9864
    7438       1.0460
    7439       1.0293
    7440       1.0276
    7441       1.0355
    7442       1.0585
    7443       0.9288
    7444       1.0020
    7445       1.0022
    7446       1.0730
    7447       1.0088
    7448       0.9856
    7449       0.9815
    7450       0.9414
    7451       0.9554
    7452       1.0247
    7453       0.8970
    7454       1.0221
    7455       1.0014
    7456       0.9710
    7457       1.0552
    7458       1.0586
    7459       1.0632
    7460       0.9970
    7461       1.1174
    7462       1.0947
    7463       1.1874
    7464       1.1083
    7465       1.0753
    7466       1.1325
    7467       1.1378
    7468       1.0245
    7469       1.0381
    7470       0.9853
    7471       0.9211
    7472       0.9933
    7473       0.9511
    7474       1.0122
    7475       1.0041
    7476       1.0365
    7477       1.0755
    7478       0.9603
    7479       0.8198
    7480       1.0916
    7481       0.8830
    7482       1.0139
    7483       0.9709
    7484       0.9312
    7485       0.9394
    7486       0.9886
    7487       1.0382
    7488       1.0484
    7489       1.0759
    7490       0.9918
    7491       1.1774
    7492       1.0083
    7493       0.9839
    7494       1.0427
    7495       1.0709
    7496       1.0471
    7497       0.9974
    7498       0.9723
    7499       1.0703
    7500       1.0021
    7501       1.0916
    7502       1.0736
    7503       1.0982
    7504       1.0665
    7505       0.9045
    7506       1.1522
    7507       0.9992
    7508       1.0430
    7509       1.0021
    7510       1.1332
    7511       1.1657
    7512       1.1569
    7513       1.0279
    7514       1.0004
    7515       1.0373
    7516       1.1993
    7517       1.0605
    7518       1.0925
    7519       1.0653
    7520       1.1188
    7521       1.0532
    7522       1.2105
    7523       1.1245
    7524       1.0734
    7525       1.0047
    7526       1.0399
    7527       1.1016
    7528       1.0344
    7529       1.0757
    7530       1.0846
    7531       1.1154
    7532       1.2150
    7533       1.0618
    7534       1.0451
    7535       1.1892
    7536       1.0235
    7537       1.0290
    7538       1.0224
    7539       1.1589
    7540       1.1238
    7541       0.9292
    7542       1.1626
    7543       1.1325
    7544       0.9847
    7545       1.1199
    7546       0.9671
    7547       1.1125
    7548       0.9809
    7549       0.9773
    7550       1.0118
    7551       1.1125
    7552       1.1142
    7553       1.0415
    7554       1.0626
    7555       0.9293
    7556       1.0723
    7557       1.1448
    7558       1.0592
    7559       1.0099
    7560       1.1286
    7561       1.0388
    7562       1.1393
    7563       1.1723
    7564       1.1201
    7565       1.0140
    7566       1.0262
    7567       1.0674
    7568       1.0454
    7569       1.0832
    7570       1.0893
    7571       1.0354
    7572       1.1222
    7573       1.0836
    7574       1.1368
    7575       1.1039
    7576       1.1132
    7577       1.1096
    7578       1.1597
    7579       1.2115
    7580       1.0254
    7581       1.0355
    7582       1.0253
    7583       1.0626
    7584       1.0980
    7585       1.1186
    7586       1.0285
    7587       1.0239
    7588       1.1689
    7589       1.0496
    7590       0.9745
    7591       1.0453
    7592       1.0834
    7593       0.9584
    7594       1.0519
    7595       1.0209
    7596       1.0024
    7597       1.0814
    7598       0.9486
    7599       0.9123
    7600       1.0639
    7601       1.0686
    7602       0.9659
    7603       0.9675
    7604       0.9886
    7605       1.0295
    7606       1.0029
    7607       1.0874
    7608       1.0507
    7609       0.9856
    7610       1.0458
    7611       0.9488
    7612       0.9724
    7613       1.0303
    7614       0.9940
    7615       0.9940
    7616       1.0215
    7617       0.9322
    7618       1.0281
    7619       0.9381
    7620       0.9346
    7621       1.0038
    7622       1.0390
    7623       1.0796
    7624       1.0155
    7625       1.1536
    7626       1.0222
    7627       1.0965
    7628       0.9417
    7629       0.9465
    7630       0.9712
    7631       1.0039
    7632       0.9519
    7633       1.0133
    7634       1.0908
    7635       1.1255
    7636       1.0390
    7637       1.0326
    7638       0.9445
    7639       1.0900
    7640       1.0876
    7641       1.0727
    7642       1.0635
    7643       1.0700
    7644       0.9951
    7645       1.0938
    7646       0.9810
    7647       0.9849
    7648       1.0244
    7649       1.1035
    7650       1.0761
    7651       1.0039
    7652       1.0487
    7653       0.9559
    7654       0.9552
    7655       0.9003
    7656       0.9286
    7657       1.0123
    7658       0.9277
    7659       1.0629
    7660       1.0022
    7661       1.0451
    7662       0.9742
    7663       1.0077
    7664       0.8884
    7665       0.9732
    7666       0.9172
    7667       1.0410
    7668       1.0157
    7669       0.9453
    7670       1.0032
    7671       1.0060
    7672       0.9722
    7673       0.9996
    7674       1.1154
    7675       1.0525
    7676       1.0348
    7677       0.9891
    7678       0.9414
    7679       1.0734
    7680       1.0079
    7681       1.0594
    7682       1.0481
    7683       1.0726
    7684       1.1296
    7685       1.0596
    7686       1.1681
    7687       1.1108
    7688       1.1347
    7689       1.0400
    7690       0.9584
    7691       0.9996
    7692       1.1027
    7693       1.0236
    7694       1.0633
    7695       1.0939
    7696       1.0770
    7697       1.0415
    7698       1.0231
    7699       1.0456
    7700       1.0172
    7701       1.0491
    7702       1.0565
    7703       1.0336
    7704       1.0022
    7705       0.9907
    7706       1.1225
    7707       1.0503
    7708       1.0356
    7709       0.9130
    7710       1.0088
    7711       1.0276
    7712       0.9700
    7713       0.9455
    7714       0.9199
    7715       1.0376
    7716       0.9888
    7717       1.0643
    7718       1.0842
    7719       1.1032
    7720       1.0334
    7721       1.1124
    7722       1.0862
    7723       1.0983
    7724       1.1219
    7725       1.0525
    7726       1.0820
    7727       1.0009
    7728       0.9716
    7729       1.1506
    7730       0.9779
    7731       1.0080
    7732       0.9695
    7733       0.9377
    7734       0.9831
    7735       1.0194
    7736       0.9908
    7737       0.9798
    7738       1.0915
    7739       1.0133
    7740       0.9796
    7741       0.9904
    7742       1.0619
    7743       0.9747
    7744       1.0433
    7745       1.0086
    7746       0.9188
    7747       0.9535
    7748       0.9884
    7749       1.0485
    7750       0.9224
    7751       1.0665
    7752       1.0283
    7753       1.0672
    7754       1.0727
    7755       1.0650
    7756       1.0111
    7757       0.9604
    7758       0.9764
    7759       0.9857
    7760       0.9989
    7761       1.0477
    7762       1.0207
    7763       1.0528
    7764       1.1226
    7765       1.0687
    7766       1.0167
    7767       1.0753
    7768       1.0151
    7769       1.0388
    7770       1.0454
    7771       1.0582
    7772       1.0680
    7773       0.9411
    7774       0.9819
    7775       0.8798
    7776       0.9222
    7777       0.9012
    7778       0.9409
    7779       0.9769
    7780       1.0058
    7781       0.9564
    7782       1.0017
    7783       1.0239
    7784       0.8962
    7785       1.0019
    7786       0.9853
    7787       1.0003
    7788       1.0393
    7789       0.9370
    7790       1.0185
    7791       0.8726
    7792       0.9642
    7793       0.9904
    7794       0.9340
    7795       0.8387
    7796       0.9469
    7797       0.9636
    7798       0.9581
    7799       1.0687
    7800       0.9064
    7801       0.8696
    7802       0.9746
    7803       1.0278
    7804       1.0378
    7805       1.0094
    7806       1.0181
    7807       1.0013
    7808       1.2631
    7809       1.1469
    7810       1.0997
    7811       1.0909
    7812       1.1443
    7813       1.1902
    7814       1.1129
    7815       1.0925
    7816       1.1035
    7817       0.9834
    7818       1.0125
    7819       0.9796
    7820       1.0747
    7821       1.0861
    7822       1.1214
    7823       1.1282
    7824       1.0302
    7825       1.0834
    7826       0.9889
    7827       0.9978
    7828       1.0380
    7829       1.0815
    7830       0.9681
    7831       0.9909
    7832       1.0214
    7833       1.0285
    7834       1.0588
    7835       1.0294
    7836       1.1731
    7837       1.0201
    7838       1.0194
    7839       1.0085
    7840       0.9625
    7841       1.0472
    7842       1.1086
    7843       1.0911
    7844       1.0618
    7845       1.1287
    7846       1.0839
    7847       1.0885
    7848       0.9793
    7849       0.9743
    7850       1.0490
    7851       0.9669
    7852       0.9813
    7853       1.0667
    7854       1.0002
    7855       1.0377
    7856       0.9964
    7857       0.9469
    7858       0.9958
    7859       1.0259
    7860       1.0513
    7861       1.0769
    7862       1.0067
    7863       1.0754
    7864       1.0685
    7865       0.9926
    7866       1.0455
    7867       0.9882
    7868       1.0120
    7869       1.1083
    7870       1.1090
    7871       1.0047
    7872       1.0426
    7873       0.9594
    7874       0.9142
    7875       1.0181
    7876       0.9712
    7877       1.0896
    7878       0.9643
    7879       0.9385
    7880       1.0690
    7881       0.9834
    7882       0.9947
    7883       1.0865
    7884       0.9520
    7885       0.9478
    7886       0.9311
    7887       1.0002
    7888       0.9902
    7889       1.0347
    7890       0.9804
    7891       1.0146
    7892       0.9360
    7893       0.8714
    7894       0.8353
    7895       0.9367
    7896       1.0807
    7897       1.0272
    7898       1.1120
    7899       1.0996
    7900       1.1992
    7901       1.1627
    7902       1.2264
    7903       1.1841
    7904       1.1007
    7905       1.1948
    7906       1.1823
    7907       1.0621
    7908       1.0998
    7909       1.1251
    7910       1.1165
    7911       1.0767
    7912       1.0859
    7913       1.1466
    7914       1.1027
    7915       1.1546
    7916       1.1260
    7917       1.1108
    7918       1.1027
    7919       1.1619
    7920       1.0273
    7921       0.9690
    7922       0.9912
    7923       1.0636
    7924       1.0835
    7925       1.0694
    7926       1.0734
    7927       1.0998
    7928       1.1463
    7929       0.9517
    7930       1.0303
    7931       0.9865
    7932       0.9738
    7933       1.0808
    7934       1.1782
    7935       1.1887
    7936       1.0575
    7937       1.1186
    7938       1.1691
    7939       1.1669
    7940       1.1052
    7941       1.0106
    7942       1.0773
    7943       1.1021
    7944       0.9995
    7945       0.9577
    7946       1.0189
    7947       1.0583
    7948       1.0476
    7949       1.1348
    7950       1.0362
    7951       0.9941
    7952       1.0231
    7953       1.0495
    7954       0.9810
    7955       0.8929
    7956       0.9464
    7957       1.0516
    7958       1.0978
    7959       1.0590
    7960       1.0740
    7961       1.1202
    7962       1.0613
    7963       1.0133
    7964       1.0868
    7965       1.1195
    7966       1.1467
    7967       1.1060
    7968       0.9808
    7969       1.1061
    7970       0.9853
    7971       0.9655
    7972       1.1810
    7973       1.2341
    7974       1.2000
    7975       1.1489
    7976       1.0908
    7977       1.1521
    7978       1.0532
    7979       1.0144
    7980       1.0640
    7981       0.9675
    7982       0.9934
    7983       0.9784
    7984       0.9849
    7985       0.9298
    7986       1.0369
    7987       1.0711
    7988       1.0464
    7989       1.1329
    7990       0.9987
    7991       1.0638
    7992       1.1042
    7993       1.0573
    7994       1.0242
    7995       1.0253
    7996       1.0544
    7997       1.0032
    7998       0.9948
    7999       0.9576
    8000       0.9555
    8001       1.0101
    8002       1.0999
    8003       1.0273
    8004       1.1041
    8005       1.0747
    8006       0.9578
    8007       1.0597
    8008       1.1189
    8009       0.9422
    8010       0.9699
    8011       1.0197
    8012       1.0340
    8013       1.0605
    8014       1.1898
    8015       1.1149
    8016       0.9788
    8017       1.0301
    8018       0.9563
    8019       1.0817
    8020       1.1313
    8021       1.0488
    8022       1.1107
    8023       1.0510
    8024       1.0861
    8025       1.0622
    8026       1.0745
    8027       1.0449
    8028       1.0584
    8029       1.0683
    8030       1.0123
    8031       1.0054
    8032       0.9570
    8033       1.0046
    8034       1.0138
    8035       0.9964
    8036       1.0584
    8037       1.0127
    8038       1.0423
    8039       1.1190
    8040       1.0107
    8041       1.1016
    8042       1.0758
    8043       1.1387
    8044       1.0504
    8045       1.0437
    8046       1.0336
    8047       0.9591
    8048       0.9275
    8049       1.1267
    8050       1.1065
    8051       1.0059
    8052       0.9187
    8053       0.9466
    8054       1.0038
    8055       1.0172
    8056       0.9823
    8057       0.9393
    8058       0.9335
    8059       1.0690
    8060       0.9969
    8061       0.9934
    8062       0.9272
    8063       0.9274
    8064       0.8990
    8065       0.9929
    8066       0.9556
    8067       1.0071
    8068       1.0223
    8069       1.0222
    8070       1.1635
    8071       1.0810
    8072       1.0931
    8073       1.1153
    8074       1.0859
    8075       1.0542
    8076       1.0245
    8077       1.0401
    8078       1.0264
    8079       1.0904
    8080       1.0977
    8081       1.0023
    8082       1.0817
    8083       1.0348
    8084       1.0622
    8085       1.0946
    8086       1.0654
    8087       1.1006
    8088       1.1401
    8089       1.0763
    8090       1.1951
    8091       1.0932
    8092       1.1487
    8093       1.2035
    8094       1.1086
    8095       1.0929
    8096       1.1787
    8097       1.0836
    8098       1.2328
    8099       1.1535
    8100       1.2187
    8101       1.2460
    8102       1.3348
    8103       1.4180
    8104       1.3401
    8105       1.3024
    8106       1.2372
    8107       1.1899
    8108       1.3045
    8109       1.2128
    8110       1.1632
    8111       1.2311
    8112       1.2914
    8113       1.1353
    8114       1.1531
    8115       1.1467
    8116       1.1122
    8117       1.0114
    8118       1.1317
    8119       1.1277
    8120       1.1719
    8121       1.0878
    8122       1.0430
    8123       1.1249
    8124       1.1959
    8125       1.0833
    8126       1.1290
    8127       1.0949
    8128       1.1113
    8129       1.1258
    8130       1.0921
    8131       1.1438
    8132       1.1048
    8133       1.1143
    8134       1.1106
    8135       1.2128
    8136       1.0710
    8137       1.1204
    8138       1.1114
    8139       1.1361
    8140       1.0548
    8141       1.0479
    8142       1.0806
    8143       0.9738
    8144       1.0768
    8145       1.0081
    8146       1.0737
    8147       1.1047
    8148       1.0164
    8149       1.0232
    8150       1.0381
    8151       0.9837
    8152       1.0075
    8153       1.2042
    8154       1.1634
    8155       1.0510
    8156       1.1426
    8157       1.2162
    8158       1.0092
    8159       1.1697
    8160       1.1556
    8161       1.1732
    8162       1.1235
    8163       1.1401
    8164       1.1481
    8165       1.2927
    8166       1.1669
    8167       0.9845
    8168       1.1241
    8169       1.1216
    8170       1.0417
    8171       1.0430
    8172       1.0270
    8173       1.0647
    8174       1.0912
    8175       1.0800
    8176       1.0089
    8177       1.0965
    8178       1.0235
    8179       0.9763
    8180       1.1121
    8181       1.1848
    8182       1.1174
    8183       1.1558
    8184       1.1239
    8185       1.1288
    8186       1.0963
    8187       1.0956
    8188       1.2013
    8189       1.2845
    8190       1.1722
    8191       1.1171
    8192       1.0511
    8193       1.0591
    8194       1.0483
    8195       1.0009
    8196       1.0932
    8197       1.1418
    8198       1.0941
    8199       1.0335
    8200       1.0523
    8201       0.9910
    8202       0.9723
    8203       1.0081
    8204       0.9849
    8205       1.0127
    8206       1.0974
    8207       1.1292
    8208       0.9564
    8209       1.0151
    8210       1.0735
    8211       1.1125
    8212       1.0323
    8213       0.9748
    8214       1.1267
    8215       1.0432
    8216       0.9454
    8217       1.0199
    8218       1.0827
    8219       1.0599
    8220       1.0173
    8221       1.0557
    8222       1.1065
    8223       0.9924
    8224       1.0617
    8225       0.9500
    8226       1.0462
    8227       1.1256
    8228       1.1042
    8229       1.1354
    8230       1.1343
    8231       1.0980
    8232       1.1683
    8233       1.0521
    8234       1.2312
    8235       1.1411
    8236       1.2553
    8237       1.1256
    8238       1.0753
    8239       1.0331
    8240       1.0272
    8241       1.0725
    8242       1.0711
    8243       1.1222
    8244       1.1524
    8245       1.1482
    8246       1.1094
    8247       1.1558
    8248       1.1590
    8249       1.0378
    8250       1.0220
    8251       1.0419
    8252       1.0765
    8253       1.1871
    8254       1.1149
    8255       1.0551
    8256       1.0726
    8257       0.9600
    8258       0.9993
    8259       1.0898
    8260       1.2625
    8261       1.1669
    8262       1.1126
    8263       1.1009
    8264       1.2469
    8265       1.1226
    8266       1.0989
    8267       1.0945
    8268       1.1003
    8269       1.1894
    8270       1.2203
    8271       1.3860
    8272       1.2108
    8273       1.2504
    8274       1.2467
    8275       1.1531
    8276       1.1381
    8277       1.0422
    8278       1.1187
    8279       1.0814
    8280       1.1021
    8281       1.0661
    8282       1.0520
    8283       1.1480
    8284       1.0400
    8285       1.0358
    8286       0.9742
    8287       1.0115
    8288       0.9884
    8289       1.0145
    8290       1.0401
    8291       0.9902
    8292       1.0058
    8293       1.0132
    8294       0.9624
    8295       1.0206
    8296       0.9330
    8297       1.0822
    8298       1.0749
    8299       1.0117
    8300       1.0816
    8301       1.0462
    8302       0.9230
    8303       1.0312
    8304       0.9804
    8305       1.0166
    8306       1.0163
    8307       1.1228
    8308       1.1316
    8309       0.9950
    8310       1.0137
    8311       1.0459
    8312       1.0527
    8313       1.1143
    8314       1.1059
    8315       1.1367
    8316       1.0329
    8317       0.8548
    8318       0.9819
    8319       1.0218
    8320       1.0496
    8321       0.9721
    8322       1.1364
    8323       1.0825
    8324       1.1073
    8325       1.0920
    8326       1.0231
    8327       1.1712
    8328       1.1143
    8329       1.0237
    8330       1.0826
    8331       1.0788
    8332       1.0759
    8333       1.0427
    8334       1.0378
    8335       1.0172
    8336       1.0469
    8337       1.0572
    8338       1.1546
    8339       1.1288
    8340       1.0695
    8341       1.0554
    8342       1.1232
    8343       1.1648
    8344       0.9928
    8345       1.0327
    8346       1.0667
    8347       0.9745
    8348       0.9966
    8349       0.9636
    8350       1.1314
    8351       0.9615
    8352       0.8717
    8353       0.9579
    8354       0.9184
    8355       0.9648
    8356       1.0228
    8357       1.0061
    8358       0.9181
    8359       1.0591
    8360       1.0583
    8361       1.0337
    8362       0.9995
    8363       1.0457
    8364       1.0932
    8365       1.0704
    8366       1.1295
    8367       1.1012
    8368       1.0592
    8369       1.0950
    8370       1.1529
    8371       1.1197
    8372       1.1133
    8373       1.1081
    8374       1.0584
    8375       1.1690
    8376       1.0779
    8377       1.0464
    8378       0.9153
    8379       1.1250
    8380       1.0672
    8381       1.1280
    8382       1.0428
    8383       0.9934
    8384       0.9908
    8385       1.0415
    8386       1.0388
    8387       1.0681
    8388       1.0580
    8389       1.0352
    8390       1.0680
    8391       1.0709
    8392       1.0325
    8393       1.0381
    8394       1.0671
    8395       0.9804
    8396       1.0619
    8397       1.0919
    8398       0.9312
    8399       0.9317
    8400       1.0367
    8401       1.0189
    8402       1.0293
    8403       1.0439
    8404       1.0825
    8405       1.0333
    8406       1.0354
    8407       1.1200
    8408       1.0478
    8409       1.0815
    8410       1.0873
    8411       0.9761
    8412       1.0404
    8413       1.1608
    8414       1.0714
    8415       1.1188
    8416       1.0775
    8417       1.1190
    8418       1.0505
    8419       1.0117
    8420       1.1648
    8421       1.1041
    8422       1.0724
    8423       1.0638
    8424       1.0639
    8425       1.1176
    8426       1.0617
    8427       0.9663
    8428       0.9079
    8429       1.0072
    8430       0.9682
    8431       1.1113
    8432       1.2159
    8433       1.2999
    8434       1.1299
    8435       1.0675
    8436       1.1653
    8437       1.0262
    8438       1.0351
    8439       1.0626
    8440       1.0713
    8441       1.1487
    8442       1.0753
    8443       1.0073
    8444       0.9513
    8445       1.0519
    8446       1.0667
    8447       1.0309
    8448       1.0486
    8449       1.0752
    8450       1.0390
    8451       1.1278
    8452       1.0541
    8453       1.1023
    8454       1.0552
    8455       1.1307
    8456       1.1083
    8457       0.9963
    8458       1.1193
    8459       1.1198
    8460       1.0178
    8461       1.1494
    8462       0.9870
    8463       1.0463
    8464       1.1285
    8465       1.0606
    8466       1.0727
    8467       1.0073
    8468       1.0868
    8469       0.9878
    8470       1.0279
    8471       1.0896
    8472       0.9490
    8473       1.1644
    8474       1.2475
    8475       1.2345
    8476       1.2027
    8477       1.1791
    8478       1.3294
    8479       1.2009
    8480       1.0375
    8481       1.2240
    8482       1.1559
    8483       1.1361
    8484       1.0817
    8485       1.1093
    8486       1.1246
    8487       1.0595
    8488       1.1718
    8489       1.1352
    8490       1.1625
    8491       1.1421
    8492       1.0485
    8493       1.0874
    8494       1.1739
    8495       1.0799
    8496       0.9289
    8497       0.9771
    8498       1.0207
    8499       0.9504
    8500       0.9441
    8501       0.9602
    8502       1.0000
    8503       0.9520
    8504       0.9346
    8505       0.9916
    8506       0.9001
    8507       0.9896
    8508       0.9747
    8509       1.0621
    8510       1.0029
    8511       1.0587
    8512       1.0124
    8513       1.0504
    8514       1.0958
    8515       0.9906
    8516       1.0097
    8517       0.9674
    8518       1.0555
    8519       1.1377
    8520       1.1419
    8521       1.0036
    8522       0.9882
    8523       1.0759
    8524       1.0536
    8525       0.9898
    8526       1.0252
    8527       1.0383
    8528       1.0212
    8529       0.9055
    8530       1.0256
    8531       1.0300
    8532       1.0147
    8533       0.9635
    8534       1.0108
    8535       0.9900
    8536       1.1479
    8537       1.0387
    8538       1.0523
    8539       1.0841
    8540       1.1031
    8541       0.9673
    8542       1.0632
    8543       1.0751
    8544       1.0805
    8545       1.1724
    8546       1.1661
    8547       1.0463
    8548       1.0707
    8549       1.0747
    8550       0.9788
    8551       0.9639
    8552       1.0652
    8553       1.0761
    8554       1.1148
    8555       1.1821
    8556       1.1079
    8557       1.1040
    8558       1.0359
    8559       1.0184
    8560       0.9458
    8561       1.0455
    8562       1.0609
    8563       0.9530
    8564       1.1126
    8565       0.9233
    8566       0.9355
    8567       0.9216
    8568       0.9379
    8569       0.9709
    8570       1.0590
    8571       0.9533
    8572       1.0077
    8573       1.0200
    8574       0.9763
    8575       1.0727
    8576       0.9229
    8577       1.0240
    8578       1.0087
    8579       1.0645
    8580       1.0490
    8581       0.9549
    8582       1.1494
    8583       1.1216
    8584       1.0121
    8585       0.9633
    8586       1.0333
    8587       0.9695
    8588       1.0720
    8589       0.9844
    8590       0.9999
    8591       0.9766
    8592       0.8375
    8593       1.0742
    8594       1.0836
    8595       1.0624
    8596       1.0258
    8597       1.1740
    8598       1.1314
    8599       0.9821
    8600       1.0289
    8601       1.1827
    8602       1.0499
    8603       1.0222
    8604       1.0165
    8605       1.0323
    8606       1.0128
    8607       1.1049
    8608       1.0410
    8609       1.0032
    8610       0.9843
    8611       1.0326
    8612       1.0874
    8613       1.0241
    8614       0.9775
    8615       1.0765
    8616       1.1139
    8617       1.0870
    8618       1.0659
    8619       0.9811
    8620       1.0321
    8621       1.0754
    8622       1.0688
    8623       1.0380
    8624       1.1225
    8625       1.1009
    8626       1.1693
    8627       1.1989
    8628       1.1451
    8629       1.2091
    8630       1.0516
    8631       1.0177
    8632       1.1177
    8633       1.0971
    8634       1.0659
    8635       1.1465
    8636       1.1054
    8637       1.1519
    8638       1.0930
    8639       1.1219
    8640       1.1036
    8641       1.2136
    8642       1.0012
    8643       1.0863
    8644       1.0903
    8645       1.1458
    8646       1.1299
    8647       1.0280
    8648       1.0737
    8649       1.1108
    8650       1.0916
    8651       1.1136
    8652       1.0433
    8653       1.0309
    8654       0.9941
    8655       1.0792
    8656       1.1402
    8657       1.1278
    8658       1.1276
    8659       1.2241
    8660       1.0750
    8661       1.1611
    8662       1.1066
    8663       1.1579
    8664       1.2761
    8665       1.1622
    8666       1.1878
    8667       1.0496
    8668       1.0332
    8669       1.0726
    8670       1.0299
    8671       1.0283
    8672       1.0084
    8673       1.0603
    8674       1.0194
    8675       1.0709
    8676       1.0066
    8677       0.9412
    8678       0.9955
    8679       1.0424
    8680       0.9914
    8681       1.0046
    8682       1.1016
    8683       1.0396
    8684       1.0860
    8685       1.1612
    8686       0.9997
    8687       0.9864
    8688       1.0628
    8689       1.0742
    8690       1.1393
    8691       1.1138
    8692       1.2392
    8693       1.1599
    8694       1.1415
    8695       1.0285
    8696       1.0851
    8697       1.0445
    8698       0.9632
    8699       1.0338
    8700       0.9846
    8701       0.9825
    8702       1.1122
    8703       1.0571
    8704       0.9276
    8705       1.0767
    8706       0.9827
    8707       1.0571
    8708       1.0754
    8709       1.0381
    8710       0.9474
    8711       0.9621
    8712       1.0644
    8713       1.0098
    8714       1.0090
    8715       0.9711
    8716       0.9194
    8717       0.9758
    8718       1.0367
    8719       0.9921
    8720       0.9433
    8721       1.0239
    8722       0.9643
    8723       0.9777
    8724       1.0168
    8725       1.0791
    8726       1.1533
    8727       1.0368
    8728       0.9913
    8729       0.9510
    8730       1.0919
    8731       1.0742
    8732       0.9578
    8733       0.9576
    8734       0.9616
    8735       0.9713
    8736       1.0173
    8737       0.9817
    8738       0.9695
    8739       1.0048
    8740       1.0093
    8741       1.0313
    8742       1.0257
    8743       1.0055
    8744       0.8847
    8745       0.9420
    8746       0.9223
    8747       0.9154
    8748       1.0171
    8749       0.9527
    8750       0.9594
    8751       0.9262
    8752       0.8862
    8753       0.9561
    8754       0.9123
    8755       0.9300
    8756       1.0099
    8757       0.9034
    8758       0.9461
    8759       0.9158
    8760       0.9385
    8761       0.9909
    8762       1.0570
    8763       1.0501
    8764       0.9483
    8765       1.0164
    8766       0.9513
    8767       0.9659
    8768       1.0097
    8769       1.0522
    8770       0.9722
    8771       1.1731
    8772       1.0132
    8773       1.0678
    8774       0.9968
    8775       1.0462
    8776       1.0415
    8777       0.9754
    8778       1.1175
    8779       1.1056
    8780       1.0267
    8781       1.1029
    8782       1.0565
    8783       1.0044
    8784       0.9804
    8785       0.9669
    8786       0.9636
    8787       1.0169
    8788       1.0804
    8789       1.0719
    8790       1.0881
    8791       1.0636
    8792       1.2216
    8793       1.1138
    8794       1.1479
    8795       1.1088
    8796       1.1440
    8797       1.1454
    8798       1.1133
    8799       1.0213
    8800       1.1919
    8801       1.1030
    8802       1.1356
    8803       1.0945
    8804       1.2792
    8805       1.1454
    8806       1.1383
    8807       1.1133
    8808       1.0499
    8809       1.0571
    8810       1.1361
    8811       1.0530
    8812       1.0929
    8813       1.1405
    8814       1.0037
    8815       1.1641
    8816       1.2713
    8817       1.1507
    8818       1.1069
    8819       1.1018
    8820       1.0976
    8821       1.1658
    8822       1.1146
    8823       1.1247
    8824       1.0675
    8825       1.0484
    8826       1.0459
    8827       1.0846
    8828       1.1301
    8829       1.0123
    8830       1.0162
    8831       1.0149
    8832       1.0154
    8833       0.9836
    8834       1.0698
    8835       0.9306
    8836       0.9713
    8837       0.9681
    8838       0.9648
    8839       0.9144
    8840       0.9879
    8841       1.0488
    8842       0.9750
    8843       0.9946
    8844       1.1415
    8845       1.0612
    8846       1.1468
    8847       0.9999
    8848       1.0356
    8849       0.9897
    8850       1.0718
    8851       0.9721
    8852       0.9605
    8853       1.0004
    8854       0.9574
    8855       1.0434
    8856       1.0435
    8857       1.0464
    8858       1.0051
    8859       0.9484
    8860       1.0051
    8861       1.0335
    8862       1.0762
    8863       1.1892
    8864       1.0547
    8865       1.0012
    8866       1.0252
    8867       1.0096
    8868       1.0138
    8869       0.9579
    8870       1.0504
    8871       1.0882
    8872       0.9261
    8873       0.9878
    8874       1.0316
    8875       1.1294
    8876       1.0432
    8877       0.9545
    8878       1.0471
    8879       1.1705
    8880       1.2405
    8881       1.0624
    8882       1.0112
    8883       1.0471
    8884       1.0138
    8885       1.0966
    8886       0.9735
    8887       0.9617
    8888       0.9160
    8889       0.8831
    8890       0.9255
    8891       1.0214
    8892       1.0283
    8893       1.0002
    8894       1.0332
    8895       1.0828
    8896       0.9674
    8897       1.0457
    8898       1.1174
    8899       1.0023
    8900       1.0021
    8901       1.0078
    8902       0.9909
    8903       0.9804
    8904       0.9836
    8905       0.9074
    8906       0.9808
    8907       1.0665
    8908       1.1181
    8909       1.0028
    8910       1.0033
    8911       1.0400
    8912       1.1511
    8913       1.0754
    8914       1.1450
    8915       1.0076
    8916       1.1078
    8917       0.9302
    8918       0.9888
    8919       1.0456
    8920       0.9688
    8921       1.0513
    8922       1.0439
    8923       1.0517
    8924       1.1062
    8925       0.9819
    8926       1.1215
    8927       1.0586
    8928       0.9899
    8929       1.1343
    8930       1.0265
    8931       1.0921
    8932       1.1424
    8933       1.2052
    8934       1.1445
    8935       1.1916
    8936       1.1680
    8937       1.1669
    8938       1.1653
    8939       1.0976
    8940       1.1220
    8941       1.1916
    8942       1.0325
    8943       1.1988
    8944       1.0918
    8945       1.0778
    8946       1.1253
    8947       1.1002
    8948       1.1881
    8949       1.1151
    8950       1.0626
    8951       1.0484
    8952       1.1502
    8953       1.0354
    8954       1.0837
    8955       1.1675
    8956       1.1271
    8957       1.0695
    8958       1.1003
    8959       1.1293
    8960       1.0858
    8961       1.0930
    8962       0.9213
    8963       1.1480
    8964       1.0673
    8965       1.1655
    8966       1.1078
    8967       1.0903
    8968       1.1661
    8969       1.0296
    8970       1.0348
    8971       1.1155
    8972       1.1764
    8973       1.1211
    8974       1.1751
    8975       1.2093
    8976       1.1604
    8977       1.1930
    8978       1.1734
    8979       1.1285
    8980       1.1334
    8981       1.0740
    8982       1.1979
    8983       1.1649
    8984       1.2143
    8985       1.1819
    8986       1.1641
    8987       1.2379
    8988       1.1663
    8989       1.1729
    8990       1.2260
    8991       1.2689
    8992       1.1287
    8993       1.1614
    8994       1.1469
    8995       1.0462
    8996       1.0994
    8997       1.1513
    8998       1.1478
    8999       1.1626
    9000       1.2447
    9001       1.1008
    9002       1.0526
    9003       1.1017
    9004       1.0839
    9005       1.0309
    9006       1.1164
    9007       1.0260
    9008       1.0539
    9009       1.0736
    9010       1.0734
    9011       1.0394
    9012       1.1106
    9013       1.1186
    9014       1.1031
    9015       1.0828
    9016       1.1494
    9017       1.1036
    9018       1.1409
    9019       1.1161
    9020       1.1862
    9021       1.1202
    9022       1.1418
    9023       1.0573
    9024       0.9885
    9025       1.0980
    9026       1.1166
    9027       1.0873
    9028       1.0764
    9029       0.9829
    9030       0.9821
    9031       0.9348
    9032       1.0335
    9033       1.0949
    9034       1.0844
    9035       1.0468
    9036       1.1059
    9037       1.0967
    9038       1.1603
    9039       1.1565
    9040       1.1075
    9041       1.0703
    9042       1.1100
    9043       1.0626
    9044       1.1168
    9045       1.1757
    9046       1.2239
    9047       1.0843
    9048       1.2302
    9049       1.1063
    9050       1.0481
    9051       1.2211
    9052       1.0410
    9053       1.0435
    9054       1.2051
    9055       1.0166
    9056       1.0704
    9057       1.0896
    9058       0.9971
    9059       1.0506
    9060       1.0927
    9061       1.0599
    9062       0.9886
    9063       1.0778
    9064       1.0571
    9065       1.0481
    9066       1.1021
    9067       1.0604
    9068       1.0707
    9069       1.0769
    9070       1.0215
    9071       1.0980
    9072       1.1173
    9073       1.1701
    9074       1.1920
    9075       1.1461
    9076       1.0696
    9077       1.1797
    9078       1.2021
    9079       1.1635
    9080       1.0971
    9081       1.0583
    9082       1.2008
    9083       1.1721
    9084       1.1119
    9085       1.0044
    9086       1.0210
    9087       1.1587
    9088       1.1207
    9089       1.1879
    9090       1.2028
    9091       1.1602
    9092       1.1409
    9093       1.2625
    9094       1.1975
    9095       1.1738
    9096       1.0776
    9097       1.1308
    9098       1.1700
    9099       1.1265
    9100       1.1407
    9101       1.1863
    9102       1.1457
    9103       1.1890
    9104       1.2227
    9105       1.1205
    9106       1.0625
    9107       1.2664
    9108       1.1684
    9109       1.1773
    9110       1.1643
    9111       1.1061
    9112       1.1515
    9113       1.1841
    9114       1.0524
    9115       1.3324
    9116       1.1923
    9117       1.1901
    9118       1.1648
    9119       1.1042
    9120       1.2148
    9121       1.1026
    9122       1.0578
    9123       1.1782
    9124       1.1712
    9125       1.0868
    9126       1.1940
    9127       1.0317
    9128       1.1563
    9129       1.1366
    9130       1.1838
    9131       1.2335
    9132       1.2406
    9133       1.0901
    9134       1.0292
    9135       0.9677
    9136       0.9876
    9137       0.9922
    9138       1.0315
    9139       1.0498
    9140       1.0775
    9141       1.0665
    9142       1.0131
    9143       1.0109
    9144       1.1042
    9145       1.0648
    9146       1.0530
    9147       1.0211
    9148       1.0825
    9149       1.1881
    9150       0.9754
    9151       1.1267
    9152       1.1153
    9153       1.0019
    9154       1.0059
    9155       1.0846
    9156       1.0994
    9157       1.0698
    9158       1.1113
    9159       1.1402
    9160       1.0707
    9161       1.1075
    9162       1.0772
    9163       1.1721
    9164       1.2146
    9165       1.1176
    9166       1.1195
    9167       1.0677
    9168       1.0859
    9169       1.0397
    9170       1.1595
    9171       1.1230
    9172       1.1073
    9173       1.1352
    9174       1.0551
    9175       0.9970
    9176       1.0918
    9177       1.1489
    9178       1.2322
    9179       1.1233
    9180       1.2063
    9181       1.1038
    9182       1.0448
    9183       0.9631
    9184       1.0848
    9185       1.0449
    9186       1.0086
    9187       1.0273
    9188       0.9656
    9189       1.0401
    9190       1.0293
    9191       1.0013
    9192       0.9399
    9193       1.0670
    9194       1.0438
    9195       1.0976
    9196       1.0790
    9197       1.0938
    9198       1.1289
    9199       1.1404
    9200       1.0292
    9201       0.9649
    9202       0.9568
    9203       1.0246
    9204       1.0469
    9205       1.1430
    9206       1.1436
    9207       1.1409
    9208       1.1157
    9209       1.2442
    9210       1.0637
    9211       1.0751
    9212       1.1224
    9213       1.0507
    9214       1.0270
    9215       1.1153
    9216       1.1157
    9217       1.0942
    9218       1.2383
    9219       1.1023
    9220       1.1259
    9221       1.1199
    9222       1.0818
    9223       1.1122
    9224       1.0474
    9225       0.9486
    9226       1.0820
    9227       1.0305
    9228       1.0702
    9229       1.0053
    9230       1.0925
    9231       1.1049
    9232       1.1390
    9233       1.0756
    9234       1.0154
    9235       0.9763
    9236       1.1457
    9237       1.0609
    9238       1.1039
    9239       1.0881
    9240       1.0316
    9241       0.9615
    9242       1.0285
    9243       1.0341
    9244       1.0740
    9245       1.1445
    9246       1.0613
    9247       1.0759
    9248       1.0791
    9249       0.9647
    9250       0.9899
    9251       1.0364
    9252       1.0907
    9253       1.0257
    9254       1.1422
    9255       1.0385
    9256       1.0642
    9257       1.0320
    9258       1.0752
    9259       1.1130
    9260       1.0512
    9261       1.1489
    9262       1.0933
    9263       1.0680
    9264       1.0303
    9265       1.0750
    9266       1.1205
    9267       1.0412
    9268       1.1367
    9269       1.1477
    9270       1.1440
    9271       1.0666
    9272       1.0991
    9273       0.9876
    9274       1.0028
    9275       1.0528
    9276       1.1270
    9277       1.1439
    9278       1.1825
    9279       1.2054
    9280       1.1819
    9281       1.1615
    9282       1.0865
    9283       1.2270
    9284       1.1566
    9285       1.0261
    9286       1.1368
    9287       1.1082
    9288       1.2255
    9289       1.1781
    9290       1.1804
    9291       1.1195
    9292       1.1077
    9293       1.0273
    9294       1.1534
    9295       1.1051
    9296       1.2603
    9297       1.0523
    9298       1.0889
    9299       1.1088
    9300       1.0938
    9301       1.1776
    9302       1.1787
    9303       1.1692
    9304       1.1182
    9305       1.1244
    9306       1.2181
    9307       1.2055
    9308       1.1346
    9309       1.1244
    9310       1.1695
    9311       1.1639
    9312       1.0426
    9313       1.1621
    9314       1.1490
    9315       1.1754
    9316       1.2283
    9317       1.2741
    9318       1.2464
    9319       1.2665
    9320       1.1503
    9321       1.1861
    9322       1.1563
    9323       1.1682
    9324       1.1003
    9325       1.1117
    9326       1.2245
    9327       1.1522
    9328       1.0724
    9329       1.0630
    9330       1.0147
    9331       1.0806
    9332       1.1558
    9333       1.1197
    9334       1.0398
    9335       1.0970
    9336       1.1086
    9337       1.1553
    9338       1.1734
    9339       1.1307
    9340       1.0293
    9341       1.0734
    9342       1.0006
    9343       1.1242
    9344       1.1176
    9345       1.1068
    9346       1.1812
    9347       1.1347
    9348       1.0720
    9349       1.1427
    9350       1.1162
    9351       1.2466
    9352       1.2260
    9353       1.1097
    9354       1.1176
    9355       1.1262
    9356       1.1002
    9357       1.0779
    9358       1.1189
    9359       1.1927
    9360       1.1780
    9361       1.2656
    9362       1.3124
    9363       1.1644
    9364       1.1907
    9365       1.0889
    9366       1.2204
    9367       1.1098
    9368       1.1214
    9369       1.1616
    9370       1.1012
    9371       1.1309
    9372       1.1675
    9373       1.2219
    9374       1.0682
    9375       1.0184
    9376       1.0845
    9377       1.2086
    9378       1.0735
    9379       1.2028
    9380       1.1504
    9381       1.1810
    9382       1.0758
    9383       1.1723
    9384       1.2558
    9385       1.0664
    9386       1.2020
    9387       1.2992
    9388       1.1142
    9389       1.0754
    9390       1.0796
    9391       1.1657
    9392       1.2071
    9393       1.2297
    9394       1.0778
    9395       1.1187
    9396       1.0652
    9397       1.1054
    9398       1.1508
    9399       1.1188
    9400       1.0965
    9401       1.0152
    9402       1.0484
    9403       1.0009
    9404       1.1273
    9405       1.1249
    9406       1.1143
    9407       1.0844
    9408       1.0015
    9409       0.9301
    9410       1.0411
    9411       1.0967
    9412       1.0731
    9413       1.0906
    9414       1.0470
    9415       0.9554
    9416       0.9923
    9417       1.1061
    9418       1.1747
    9419       1.0002
    9420       0.9981
    9421       1.1181
    9422       0.9895
    9423       1.0103
    9424       0.9414
    9425       0.9827
    9426       0.9632
    9427       0.9943
    9428       1.0914
    9429       1.1105
    9430       1.0368
    9431       1.1125
    9432       1.0173
    9433       1.0514
    9434       1.0066
    9435       1.0343
    9436       1.1419
    9437       1.0112
    9438       1.0897
    9439       1.0664
    9440       1.0956
    9441       1.0129
    9442       1.1376
    9443       1.1962
    9444       1.1278
    9445       1.1190
    9446       1.1357
    9447       1.0174
    9448       1.0648
    9449       1.0910
    9450       1.0911
    9451       1.1567
    9452       1.1441
    9453       1.0792
    9454       1.0246
    9455       1.1165
    9456       1.1321
    9457       0.9171
    9458       1.0587
    9459       1.0943
    9460       0.9866
    9461       1.0347
    9462       1.1048
    9463       1.0273
    9464       1.0770
    9465       1.0647
    9466       1.1511
    9467       1.0791
    9468       1.1549
    9469       1.1987
    9470       1.1826
    9471       1.1411
    9472       1.0786
    9473       1.1427
    9474       0.9621
    9475       1.0734
    9476       1.1107
    9477       1.0186
    9478       1.1178
    9479       1.1013
    9480       1.0121
    9481       1.1271
    9482       1.0491
    9483       1.0380
    9484       1.0299
    9485       1.0897
    9486       1.1493
    9487       1.2309
    9488       1.2242
    9489       1.1121
    9490       1.1683
    9491       1.1276
    9492       1.0960
    9493       1.0878
    9494       1.1084
    9495       1.1267
    9496       1.0398
    9497       1.0797
    9498       0.9970
    9499       0.9547
    9500       1.0663
    9501       1.1133
    9502       0.9770
    9503       1.0238
    9504       1.1014
    9505       0.9896
    9506       0.9832
    9507       1.1027
    9508       1.0721
    9509       1.1722
    9510       1.0534
    9511       1.0508
    9512       1.0041
    9513       1.1840
    9514       1.1479
    9515       1.0795
    9516       1.0627
    9517       1.0359
    9518       1.0503
    9519       0.9774
    9520       1.0812
    9521       1.0247
    9522       0.9832
    9523       0.9661
    9524       1.0166
    9525       0.9880
    9526       0.9790
    9527       0.9852
    9528       1.1119
    9529       1.0881
    9530       1.1055
    9531       1.0680
    9532       0.9426
    9533       0.9503
    9534       0.9975
    9535       0.9851
    9536       0.9915
    9537       1.0519
    9538       1.0667
    9539       1.0226
    9540       1.0835
    9541       1.0973
    9542       1.0988
    9543       1.0291
    9544       1.0822
    9545       1.0697
    9546       1.0898
    9547       1.0086
    9548       1.0631
    9549       1.0635
    9550       1.0454
    9551       0.9821
    9552       1.0122
    9553       1.0344
    9554       1.0491
    9555       1.1138
    9556       1.0606
    9557       1.0131
    9558       1.1300
    9559       1.1478
    9560       1.1273
    9561       1.1891
    9562       1.1526
    9563       1.2231
    9564       1.1445
    9565       1.1292
    9566       1.0623
    9567       1.1223
    9568       1.1801
    9569       1.0964
    9570       1.1565
    9571       1.0291
    9572       0.8959
    9573       1.0923
    9574       1.0571
    9575       1.0137
    9576       1.0136
    9577       1.0926
    9578       1.0241
    9579       0.9683
    9580       1.0525
    9581       1.0518
    9582       1.0427
    9583       1.0707
    9584       1.0483
    9585       1.1291
    9586       1.0725
    9587       1.0733
    9588       0.9215
    9589       1.0025
    9590       1.0832
    9591       1.1101
    9592       1.1242
    9593       1.1547
    9594       1.1337
    9595       1.2299
    9596       1.1928
    9597       1.1667
    9598       1.0337
    9599       1.1345
    9600       1.1016
    9601       1.0978
    9602       1.2110
    9603       1.1758
    9604       0.9954
    9605       1.0284
    9606       1.1425
    9607       1.2660
    9608       1.1902
    9609       1.1561
    9610       1.1080
    9611       1.0543
    9612       1.0849
    9613       1.0078
    9614       1.0266
    9615       1.0428
    9616       0.9642
    9617       0.9703
    9618       0.9437
    9619       0.9092
    9620       0.9290
    9621       1.0452
    9622       1.0542
    9623       0.9651
    9624       1.0560
    9625       1.0098
    9626       1.0448
    9627       0.9817
    9628       1.0616
    9629       1.0028
    9630       0.9935
    9631       0.9420
    9632       0.9498
    9633       1.1355
    9634       1.0713
    9635       0.9910
    9636       0.9983
    9637       1.1106
    9638       1.0863
    9639       1.0557
    9640       1.1495
    9641       1.0740
    9642       1.2007
    9643       1.1121
    9644       1.2307
    9645       1.1322
    9646       1.2073
    9647       1.0536
    9648       1.0763
    9649       1.0803
    9650       1.0133
    9651       1.0756
    9652       1.0516
    9653       1.0533
    9654       1.0920
    9655       1.0776
    9656       1.1214
    9657       1.0393
    9658       1.0904
    9659       1.0464
    9660       1.1353
    9661       1.0680
    9662       1.1059
    9663       0.9996
    9664       1.0445
    9665       0.9267
    9666       1.0328
    9667       1.0705
    9668       1.0852
    9669       1.0406
    9670       1.0409
    9671       1.0649
    9672       1.1300
    9673       1.1922
    9674       1.0019
    9675       1.0254
    9676       1.0009
    9677       1.1231
    9678       1.2256
    9679       1.1704
    9680       1.1411
    9681       1.1212
    9682       1.1318
    9683       1.1481
    9684       1.0866
    9685       1.1053
    9686       1.0443
    9687       0.9895
    9688       1.1655
    9689       1.0613
    9690       1.0099
    9691       1.0587
    9692       1.1160
    9693       1.1157
    9694       1.0082
    9695       1.1549
    9696       1.2253
    9697       0.9844
    9698       1.0615
    9699       1.1036
    9700       1.0599
    9701       1.0809
    9702       1.0697
    9703       1.0599
    9704       1.1309
    9705       1.1002
    9706       1.0817
    9707       0.9627
    9708       0.9710
    9709       1.0444
    9710       1.0819
    9711       1.0826
    9712       1.1042
    9713       1.0592
    9714       1.1632
    9715       1.1203
    9716       1.0640
    9717       1.0900
    9718       1.1094
    9719       1.1595
    9720       1.0895
    9721       1.0861
    9722       1.2439
    9723       1.1258
    9724       1.1914
    9725       1.1844
    9726       1.1208
    9727       1.2404
    9728       1.1934
    9729       1.2703
    9730       1.2038
    9731       1.1877
    9732       1.1695
    9733       1.0765
    9734       0.9926
    9735       1.1883
    9736       1.1563
    9737       1.0898
    9738       1.2577
    9739       1.2817
    9740       1.1235
    9741       1.1112
    9742       1.1415
    9743       1.1692
    9744       1.1857
    9745       1.2265
    9746       1.2072
    9747       1.2132
    9748       1.3279
    9749       1.2431
    9750       1.2105
    9751       1.2112
    9752       1.1484
    9753       1.0534
    9754       1.1977
    9755       1.1424
    9756       1.1635
    9757       1.1444
    9758       1.0601
    9759       1.1367
    9760       1.2379
    9761       1.1728
    9762       1.1058
    9763       1.1989
    9764       1.2631
    9765       1.2272
    9766       1.0496
    9767       1.1427
    9768       1.1706
    9769       1.0979
    9770       1.2422
    9771       1.1997
    9772       1.0373
    9773       1.1225
    9774       1.1486
    9775       1.0551
    9776       1.1102
    9777       1.0443
    9778       0.9970
    9779       1.0341
    9780       1.0747
    9781       1.0947
    9782       1.1511
    9783       1.0307
    9784       1.0083
    9785       1.1128
    9786       1.0626
    9787       1.1155
    9788       1.0866
    9789       1.0270
    9790       1.1419
    9791       1.0793
    9792       1.0478
    9793       1.0344
    9794       1.0784
    9795       1.0607
    9796       1.0412
    9797       1.0182
    9798       1.1355
    9799       1.0786
    9800       1.0179
    9801       1.1678
    9802       1.0375
    9803       1.1141
    9804       1.0980
    9805       1.1075
    9806       1.0715
    9807       1.0576
    9808       1.1299
    9809       1.0959
    9810       1.0908
    9811       1.1248
    9812       1.0497
    9813       1.1484
    9814       1.1110
    9815       1.0923
    9816       1.1403
    9817       1.1602
    9818       1.1477
    9819       1.1263
    9820       1.1135
    9821       1.1498
    9822       1.1852
    9823       1.1183
    9824       1.1224
    9825       1.1235
    9826       1.0674
    9827       1.2101
    9828       1.2183
    9829       1.1515
    9830       1.0641
    9831       1.1355
    9832       1.1591
    9833       1.0667
    9834       1.1155
    9835       1.2052
    9836       1.1282
    9837       1.2243
    9838       1.1399
    9839       1.0883
    9840       1.0734
    9841       1.0604
    9842       1.0736
    9843       1.1150
    9844       1.1026
    9845       1.0601
    9846       1.1653
    9847       1.1576
    9848       1.1712
    9849       1.0766
    9850       1.1298
    9851       1.3151
    9852       1.2167
    9853       1.1372
    9854       1.2606
    9855       1.2893
    9856       1.2354
    9857       1.3411
    9858       1.1237
    9859       1.1365
    9860       1.1568
    9861       1.1215
    9862       1.1053
    9863       1.1117
    9864       1.1826
    9865       1.1188
    9866       0.9980
    9867       1.0837
    9868       1.1659
    9869       1.1494
    9870       1.1745
    9871       1.0521
    9872       1.0922
    9873       1.1315
    9874       1.0834
    9875       0.9631
    9876       1.1355
    9877       1.0753
    9878       1.0002
    9879       1.0531
    9880       1.0130
    9881       1.0457
    9882       1.0828
    9883       1.0325
    9884       1.0274
    9885       1.0863
    9886       1.0833
    9887       1.1160
    9888       1.0465
    9889       1.0836
    9890       1.1985
    9891       1.1286
    9892       1.0761
    9893       1.0871
    9894       1.1183
    9895       1.1808
    9896       1.2081
    9897       1.0833
    9898       1.1349
    9899       1.1255
    9900       1.1206
    9901       1.0945
    9902       1.0406
    9903       1.0581
    9904       1.1889
    9905       1.0507
    9906       1.1045
    9907       1.0674
    9908       1.0994
    9909       1.2138
    9910       1.1235
    9911       1.0668
    9912       1.0820
    9913       1.0118
    9914       1.0150
    9915       1.0609
    9916       1.1215
    9917       1.0272
    9918       1.0843
    9919       1.0581
    9920       1.0609
    9921       1.0635
    9922       1.0225
    9923       1.0287
    9924       1.1175
    9925       1.1931
    9926       1.1017
    9927       1.0257
    9928       1.0148
    9929       1.1940
    9930       1.1504
    9931       1.1986
    9932       0.9571
    9933       0.9987
    9934       1.0085
    9935       1.0796
    9936       1.0989
    9937       0.9751
    9938       1.1150
    9939       1.1493
    9940       1.0099
    9941       1.1251
    9942       1.0876
    9943       1.0923
    9944       1.0947
    9945       1.0538
    9946       1.0866
    9947       1.0790
    9948       1.0812
    9949       0.9513
    9950       1.0416
    9951       0.9128
    9952       0.9409
    9953       1.0168
    9954       0.9041
    9955       0.9034
    9956       1.0125
    9957       0.9971
    9958       1.0388
    9959       0.9559
    9960       0.8654
    9961       0.9157
    9962       0.9084
    9963       0.8823
    9964       0.9854
    9965       0.9301
    9966       0.9570
    9967       0.9121
    9968       0.8837
    9969       0.9770
    9970       0.9074
    9971       1.0279
    9972       1.0807
    9973       0.9623
    9974       0.9701
    9975       1.0014
    9976       1.1082
    9977       1.1508
    9978       1.0528
    9979       1.0384
    9980       1.0688
    9981       1.0675
    9982       1.0179
    9983       1.0115
    9984       0.9136
    9985       1.0254
    9986       1.0360
    9987       1.1193
    9988       1.1397
    9989       1.0724
    9990       1.0465
    9991       1.1425
    9992       1.1868
    9993       1.1689
    9994       1.1845
    9995       1.3277
    9996       1.1440
    9997       1.2823
    9998       1.1710
    9999       1.2215
   10000       1.1786
   10001       1.0756
   10002       1.1410
   10003       1.0750
   10004       1.1332
   10005       1.0893
   10006       1.0897
   10007       0.9926
   10008       1.0028
   10009       1.0795
   10010       1.0683
   10011       1.0712
   10012       1.1379
   10013       1.0891
   10014       1.0765
   10015       1.0776
   10016       1.1185
   10017       1.1591
   10018       1.0659
   10019       1.1385
   10020       1.1290
   10021       1.1086
   10022       1.0994
   10023       0.9895
   10024       0.9550
   10025       0.9399
   10026       0.9244
   10027       0.8941
   10028       0.9175
   10029       1.0458
   10030       0.9860
   10031       0.9133
   10032       0.9726
   10033       0.9618
   10034       1.0043
   10035       1.0288
   10036       0.9493
   10037       1.0935
   10038       1.1403
   10039       1.0759
   10040       1.0664
   10041       1.0031
   10042       1.1236
   10043       1.1146
   10044       1.0435
   10045       1.0548
   10046       1.0322
   10047       1.0531
   10048       1.0995
   10049       1.0946
   10050       1.0932
   10051       1.0574
   10052       0.9240
   10053       1.0388
   10054       0.9282
   10055       0.9825
   10056       1.0596
   10057       1.0646
   10058       1.0273
   10059       1.0504
   10060       0.9826
   10061       1.0753
   10062       1.1325
   10063       1.0859
   10064       1.0867
   10065       1.0243
   10066       1.0029
   10067       1.0573
   10068       1.1034
   10069       1.0409
   10070       1.0688
   10071       0.9871
   10072       1.0796
   10073       1.2353
   10074       1.0954
   10075       1.0146
   10076       1.1470
   10077       1.1091
   10078       1.0929
   10079       1.0348
   10080       1.0908
   10081       1.0619
   10082       1.2197
   10083       1.1092
   10084       1.1587
   10085       1.1835
   10086       1.2400
   10087       1.1373
   10088       1.1498
   10089       1.1232
   10090       1.1041
   10091       1.1234
   10092       1.2535
   10093       1.1495
   10094       1.2609
   10095       1.1637
   10096       1.2038
   10097       1.1903
   10098       1.1416
   10099       1.1255
   10100       1.0699
   10101       1.1430
   10102       1.2078
   10103       1.1948
   10104       1.1264
   10105       1.0647
   10106       1.0697
   10107       1.0306
   10108       1.0884
   10109       1.0934
   10110       1.0234
   10111       1.1522
   10112       1.0950
   10113       1.0316
   10114       1.0737
   10115       1.1079
   10116       1.0627
   10117       1.0950
   10118       1.0671
   10119       1.0773
   10120       1.1780
   10121       1.1881
   10122       1.2240
   10123       1.1700
   10124       1.1616
   10125       1.1460
   10126       1.2469
   10127       1.2111
   10128       1.2179
   10129       1.1452
   10130       1.1522
   10131       1.0490
   10132       1.0939
   10133       1.0146
   10134       1.0772
   10135       1.1610
   10136       1.2022
   10137       1.1044
   10138       1.1403
   10139       1.1696
   10140       1.1220
   10141       1.1151
   10142       1.1490
   10143       1.1833
   10144       1.0775
   10145       1.0946
   10146       1.0284
   10147       0.9809
   10148       0.9589
   10149       1.0852
   10150       1.0415
   10151       1.1159
   10152       1.0928
   10153       1.0555
   10154       1.1860
   10155       1.0775
   10156       1.0314
   10157       1.0699
   10158       1.0578
   10159       0.9832
   10160       0.9850
   10161       0.9437
   10162       1.0770
   10163       1.1251
   10164       1.1374
   10165       1.1441
   10166       1.0313
   10167       1.0736
   10168       1.0792
   10169       1.0330
   10170       1.0921
   10171       1.1712
   10172       1.0479
   10173       1.0776
   10174       1.0839
   10175       1.0186
   10176       1.0691
   10177       1.0334
   10178       1.1014
   10179       1.0921
   10180       1.0342
   10181       1.0105
   10182       1.0650
   10183       1.1303
   10184       1.1522
   10185       0.9883
   10186       1.1271
   10187       1.2282
   10188       1.0818
   10189       1.0406
   10190       1.0149
   10191       1.1412
   10192       1.1942
   10193       1.1563
   10194       1.1317
   10195       1.0916
   10196       1.0275
   10197       1.0454
   10198       1.1075
   10199       1.1401
   10200       1.1467
   10201       1.1106
   10202       1.1807
   10203       1.1230
   10204       1.1440
   10205       1.2025
   10206       1.1904
   10207       1.1697
   10208       1.1366
   10209       1.0025
   10210       1.0924
   10211       1.1585
   10212       1.0426
   10213       1.1227
   10214       1.1438
   10215       1.0832
   10216       1.0457
   10217       1.1333
   10218       1.1331
   10219       1.1296
   10220       1.1869
   10221       1.1670
   10222       1.1562
   10223       1.1133
   10224       1.1026
   10225       1.0887
   10226       1.0208
   10227       1.1299
   10228       1.1439
   10229       1.1963
   10230       1.1467
   10231       1.1552
   10232       1.1464
   10233       1.0369
   10234       1.1058
   10235       1.0370
   10236       1.0887
   10237       1.0517
   10238       0.9241
   10239       1.0313
   10240       1.1109
   10241       1.0172
   10242       1.0312
   10243       1.1511
   10244       1.0097
   10245       1.0927
   10246       1.0443
   10247       1.1329
   10248       1.1361
   10249       1.1419
   10250       1.0435
   10251       1.1392
   10252       1.1544
   10253       1.1807
   10254       1.0733
   10255       1.0231
   10256       1.1211
   10257       1.0528
   10258       1.0374
   10259       1.1014
   10260       1.1076
   10261       1.0238
   10262       1.0582
   10263       0.9936
   10264       0.9966
   10265       1.0653
   10266       1.0287
   10267       1.0942
   10268       1.0245
   10269       1.0666
   10270       1.1623
   10271       1.2466
   10272       1.1075
   10273       1.1345
   10274       1.2089
   10275       1.1215
   10276       1.1338
   10277       1.1053
   10278       1.2465
   10279       1.1823
   10280       1.0635
   10281       1.1033
   10282       1.1909
   10283       1.1170
   10284       1.1556
   10285       1.1717
   10286       1.2907
   10287       1.2361
   10288       1.2503
   10289       1.2829
   10290       1.2080
   10291       1.1655
   10292       1.1282
   10293       1.1443
   10294       1.1318
   10295       1.1710
   10296       1.0647
   10297       1.1342
   10298       1.1233
   10299       1.0900
   10300       1.0673
   10301       1.0982
   10302       1.0662
   10303       1.0970
   10304       1.2046
   10305       1.1185
   10306       1.1310
   10307       1.0475
   10308       1.1129
   10309       1.2140
   10310       1.1284
   10311       1.1744
   10312       1.1268
   10313       1.1207
   10314       1.0824
   10315       1.0397
   10316       0.9875
   10317       1.1187
   10318       1.1238
   10319       1.0562
   10320       1.0559
   10321       1.0581
   10322       0.9911
   10323       0.9936
   10324       1.0858
   10325       1.1282
   10326       1.0810
   10327       1.2044
   10328       0.9445
   10329       1.0428
   10330       1.0708
   10331       1.1020
   10332       1.0261
   10333       1.0842
   10334       1.1027
   10335       1.1856
   10336       1.0728
   10337       1.1867
   10338       1.1301
   10339       1.2138
   10340       1.1920
   10341       1.1702
   10342       1.1418
   10343       1.1555
   10344       1.1525
   10345       1.1337
   10346       1.1417
   10347       1.1447
   10348       1.1439
   10349       1.1719
   10350       1.1993
   10351       1.1663
   10352       1.2240
   10353       1.1427
   10354       1.1976
   10355       1.1220
   10356       1.0856
   10357       1.1981
   10358       1.0359
   10359       1.1365
   10360       1.1486
   10361       1.0921
   10362       1.0643
   10363       1.2047
   10364       1.1412
   10365       1.0959
   10366       1.0962
   10367       1.1789
   10368       1.2280
   10369       1.1685
   10370       1.2343
   10371       1.1856
   10372       1.3328
   10373       1.2275
   10374       1.1259
   10375       1.2678
   10376       1.1885
   10377       1.2234
   10378       1.1851
   10379       1.2490
   10380       1.1805
   10381       1.2024
   10382       1.2203
   10383       1.2696
   10384       1.1807
   10385       1.2175
   10386       1.1677
   10387       1.1500
   10388       1.0941
   10389       1.0539
   10390       1.1188
   10391       1.1439
   10392       1.1655
   10393       1.2608
   10394       1.1591
   10395       1.1206
   10396       1.0492
   10397       1.0860
   10398       1.1856
   10399       1.0769
   10400       1.1406
   10401       1.0005
   10402       1.0312
   10403       1.0770
   10404       1.1047
   10405       0.9866
   10406       1.0608
   10407       1.0389
   10408       1.0295
   10409       1.0304
   10410       1.0471
   10411       1.1256
   10412       1.0755
   10413       1.0987
   10414       1.0739
   10415       1.1714
   10416       1.0566
   10417       1.1363
   10418       1.0631
   10419       1.0571
   10420       1.1135
   10421       1.1282
   10422       1.1407
   10423       1.1643
   10424       1.0323
   10425       1.2031
   10426       1.1610
   10427       1.1316
   10428       1.1600
   10429       1.1287
   10430       1.1607
   10431       1.1442
   10432       1.0224
   10433       1.0813
   10434       1.0410
   10435       1.0240
   10436       1.0477
   10437       0.9776
   10438       1.0998
   10439       1.0534
   10440       1.1292
   10441       1.0541
   10442       1.0734
   10443       1.0618
   10444       1.0670
   10445       1.1042
   10446       1.0284
   10447       1.0443
   10448       1.0798
   10449       1.1061
   10450       1.0888
   10451       0.9505
   10452       1.0227
   10453       1.0819
   10454       0.9855
   10455       1.0034
   10456       1.0754
   10457       1.0715
   10458       0.9881
   10459       1.0937
   10460       1.1395
   10461       1.1822
   10462       1.1364
   10463       1.1730
   10464       1.1396
   10465       1.1087
   10466       1.2243
   10467       1.0616
   10468       1.2430
   10469       1.1713
   10470       1.0468
   10471       1.1142
   10472       1.0277
   10473       1.1145
   10474       1.2090
   10475       1.1124
   10476       1.1138
   10477       1.1312
   10478       1.0979
   10479       1.0632
   10480       1.0929
   10481       1.0827
   10482       1.0542
   10483       1.0323
   10484       1.0495
   10485       1.0380
   10486       1.0803
   10487       1.0397
   10488       1.0656
   10489       0.9818
   10490       0.9450
   10491       1.1831
   10492       1.0973
   10493       1.0234
   10494       1.0748
   10495       0.9943
   10496       1.1677
   10497       1.1346
   10498       0.9836
   10499       0.9838
   10500       0.9356
   10501       0.9533
   10502       0.9870
   10503       0.9673
   10504       1.0401
   10505       1.0276
   10506       1.0603
   10507       1.0152
   10508       1.0559
   10509       1.1071
   10510       1.0712
   10511       1.1474
   10512       1.1574
   10513       1.0583
   10514       1.2104
   10515       1.2244
   10516       1.1536
   10517       1.2286
   10518       1.2100
   10519       1.2750
   10520       1.1426
   10521       1.0896
   10522       1.1274
   10523       1.1264
   10524       1.0494
   10525       1.0450
   10526       0.9451
   10527       1.0927
   10528       1.0292
   10529       1.1529
   10530       1.1047
   10531       1.0827
   10532       1.1555
   10533       1.0553
   10534       1.0615
   10535       0.9972
   10536       1.0152
   10537       1.0335
   10538       0.9717
   10539       1.0329
   10540       1.0138
   10541       0.9628
   10542       0.9783
   10543       0.9956
   10544       1.0505
   10545       1.0609
   10546       1.1153
   10547       1.0639
   10548       1.0987
   10549       1.1631
   10550       1.0577
   10551       1.1323
   10552       1.2089
   10553       1.1694
   10554       1.1251
   10555       1.0478
   10556       1.0149
   10557       1.0848
   10558       1.0310
   10559       1.0127
   10560       1.0399
   10561       1.0625
   10562       1.0291
   10563       1.0215
   10564       1.0293
   10565       1.0441
   10566       1.0711
   10567       0.9541
   10568       1.0315
   10569       1.0924
   10570       1.0999
   10571       1.0306
   10572       1.0703
   10573       1.0000
   10574       1.0421
   10575       0.9570
   10576       0.9952
   10577       1.0002
   10578       0.9886
   10579       1.0386
   10580       1.0045
   10581       1.0512
   10582       1.0733
   10583       1.0910
   10584       1.0220
   10585       1.0563
   10586       1.0906
   10587       1.1024
   10588       1.1399
   10589       1.0244
   10590       1.0740
   10591       1.0481
   10592       1.0159
   10593       0.9946
   10594       1.0278
   10595       1.0488
   10596       0.9503
   10597       0.9460
   10598       1.0954
   10599       0.9629
   10600       1.0032
   10601       1.0028
   10602       0.9705
   10603       0.9586
   10604       0.9564
   10605       0.9693
   10606       0.9438
   10607       0.9538
   10608       1.0146
   10609       0.9617
   10610       1.0241
   10611       1.0007
   10612       1.0891
   10613       0.9446
   10614       0.9998
   10615       0.9809
   10616       1.0801
   10617       0.9417
   10618       1.0681
   10619       0.9469
   10620       1.0386
   10621       1.0751
   10622       0.9960
   10623       0.9799
   10624       0.9843
   10625       1.0461
   10626       1.0637
   10627       1.1599
   10628       1.2454
   10629       1.1826
   10630       1.1037
   10631       1.0177
   10632       1.0542
   10633       1.1227
   10634       1.0396
   10635       0.9801
   10636       0.9698
   10637       0.9765
   10638       1.0784
   10639       1.0782
   10640       1.1549
   10641       1.0626
   10642       0.9965
   10643       1.1550
   10644       0.9952
   10645       1.0910
   10646       1.0445
   10647       1.1899
   10648       1.0660
   10649       1.0571
   10650       1.1176
   10651       1.0557
   10652       1.0342
   10653       0.9778
   10654       1.0476
   10655       1.0093
   10656       1.0272
   10657       1.0663
   10658       0.9997
   10659       0.9270
   10660       0.9996
   10661       0.9501
   10662       0.9353
   10663       0.9601
   10664       1.0206
   10665       1.0518
   10666       0.9621
   10667       1.0504
   10668       1.1116
   10669       1.1282
   10670       1.1654
   10671       1.1633
   10672       1.1351
   10673       1.1004
   10674       1.0937
   10675       1.1211
   10676       1.1457
   10677       1.1674
   10678       1.0770
   10679       1.2418
   10680       1.2425
   10681       1.1376
   10682       1.0393
   10683       1.0967
   10684       1.0805
   10685       1.1218
   10686       1.0560
   10687       1.0975
   10688       1.1521
   10689       1.1899
   10690       1.0832
   10691       1.1223
   10692       1.0353
   10693       0.9763
   10694       1.1345
   10695       1.0970
   10696       1.1348
   10697       1.0578
   10698       1.0301
   10699       0.9875
   10700       1.0377
   10701       1.0605
   10702       1.1459
   10703       1.2256
   10704       1.1634
   10705       1.0581
   10706       1.1180
   10707       0.9676
   10708       1.1270
   10709       1.1146
   10710       1.1136
   10711       1.1910
   10712       1.0963
   10713       1.1306
   10714       1.1349
   10715       1.0618
   10716       0.9882
   10717       0.9515
   10718       1.0163
   10719       0.9627
   10720       1.0485
   10721       1.0374
   10722       1.0469
   10723       1.0150
   10724       1.0899
   10725       1.1244
   10726       1.1174
   10727       1.1159
   10728       1.0612
   10729       1.0156
   10730       1.0022
   10731       1.1363
   10732       1.0618
   10733       1.0679
   10734       1.0712
   10735       1.2219
   10736       1.1419
   10737       1.1838
   10738       1.1235
   10739       1.0312
   10740       1.1860
   10741       1.1986
   10742       1.1132
   10743       1.1353
   10744       1.1334
   10745       1.0956
   10746       1.1543
   10747       1.0571
   10748       1.1194
   10749       1.0828
   10750       1.0407
   10751       0.9544
   10752       1.0215
   10753       0.9366
   10754       1.0131
   10755       1.1094
   10756       1.1419
   10757       1.0037
   10758       1.0813
   10759       0.9691
   10760       0.9979
   10761       1.0428
   10762       1.1577
   10763       1.1637
   10764       0.9460
   10765       1.0919
   10766       1.0949
   10767       1.0083
   10768       1.1132
   10769       1.0553
   10770       1.0866
   10771       1.1456
   10772       1.1207
   10773       1.0833
   10774       1.0090
   10775       1.0123
   10776       1.0468
   10777       1.0607
   10778       1.1259
   10779       1.0498
   10780       1.0413
   10781       0.9737
   10782       1.0496
   10783       1.0494
   10784       1.0806
   10785       1.1196
   10786       1.0423
   10787       1.0468
   10788       1.0863
   10789       1.0721
   10790       1.0643
   10791       1.1274
   10792       1.1504
   10793       1.1662
   10794       0.9980
   10795       1.1126
   10796       1.0439
   10797       1.1177
   10798       1.0469
   10799       0.8815
   10800       1.0295
   10801       1.0278
   10802       1.1896
   10803       1.0438
   10804       1.0842
   10805       1.1353
   10806       1.0641
   10807       1.0294
   10808       1.0948
   10809       1.0723
   10810       1.0428
   10811       1.0994
   10812       1.0904
   10813       1.0205
   10814       1.0460
   10815       1.1180
   10816       1.0825
   10817       1.0558
   10818       1.1909
   10819       1.1853
   10820       1.0972
   10821       1.0912
   10822       1.1200
   10823       1.1098
   10824       1.1477
   10825       1.2491
   10826       1.1756
   10827       1.2889
   10828       1.3002
   10829       1.1689
   10830       1.2701
   10831       1.1443
   10832       1.2692
   10833       1.1372
   10834       1.2711
   10835       1.1322
   10836       1.0935
   10837       1.1410
   10838       1.0756
   10839       1.0870
   10840       1.1112
   10841       1.0055
   10842       1.2454
   10843       1.0335
   10844       1.0939
   10845       1.1277
   10846       1.0019
   10847       1.1255
   10848       1.0884
   10849       1.1629
   10850       1.1130
   10851       1.0949
   10852       1.1648
   10853       1.1752
   10854       1.1619
   10855       1.1332
   10856       1.0451
   10857       1.0882
   10858       1.0993
   10859       1.0638
   10860       1.2402
   10861       1.0958
   10862       1.1502
   10863       1.1037
   10864       1.0229
   10865       1.0270
   10866       1.0467
   10867       1.1435
   10868       1.0207
   10869       1.0796
   10870       1.1556
   10871       0.9813
   10872       1.1306
   10873       1.1102
   10874       0.9931
   10875       1.0908
   10876       0.9987
   10877       1.0463
   10878       1.0886
   10879       1.0967
   10880       1.1453
   10881       1.0830
   10882       1.2375
   10883       1.0884
   10884       1.1584
   10885       1.1001
   10886       1.0867
   10887       1.0892
   10888       1.0526
   10889       1.0747
   10890       1.0642
   10891       1.1790
   10892       1.1301
   10893       1.1225
   10894       1.1837
   10895       1.2307
   10896       1.1955
   10897       1.1617
   10898       1.1078
   10899       1.1268
   10900       1.0799
   10901       1.1254
   10902       1.1587
   10903       1.0149
   10904       1.1418
   10905       1.1517
   10906       1.0674
   10907       1.0179
   10908       1.1366
   10909       1.0621
   10910       1.0745
   10911       1.1477
   10912       1.1737
   10913       1.2075
   10914       1.1247
   10915       1.0944
   10916       1.1945
   10917       1.2475
   10918       1.1903
   10919       1.1365
   10920       1.1696
   10921       1.1326
   10922       1.2570
   10923       1.1566
   10924       1.1538
   10925       1.0798
   10926       1.1215
   10927       1.1998
   10928       1.2680
   10929       1.0878
   10930       1.0438
   10931       1.0093
   10932       1.1614
   10933       1.0904
   10934       1.2209
   10935       1.1174
   10936       1.1494
   10937       1.2118
   10938       1.1465
   10939       1.1444
   10940       1.2041
   10941       1.2838
   10942       1.2353
   10943       1.2134
   10944       1.1325
   10945       1.2502
   10946       1.2082
   10947       1.0840
   10948       1.1384
   10949       1.0548
   10950       0.9842
   10951       1.0086
   10952       1.0815
   10953       1.0798
   10954       1.0361
   10955       1.0382
   10956       1.0914
   10957       1.0558
   10958       1.1024
   10959       1.1163
   10960       1.2067
   10961       1.1648
   10962       1.1339
   10963       1.1952
   10964       1.0431
   10965       1.1280
   10966       1.2134
   10967       1.1659
   10968       1.1624
   10969       1.1758
   10970       1.1799
   10971       1.1209
   10972       1.1812
   10973       1.1485
   10974       1.1111
   10975       0.9979
   10976       1.0453
   10977       1.0349
   10978       1.0728
   10979       1.1019
   10980       1.0858
   10981       1.0648
   10982       1.1280
   10983       1.1268
   10984       1.2733
   10985       1.2620
   10986       1.2159
   10987       1.2496
   10988       1.2646
   10989       1.2209
   10990       1.2665
   10991       1.2062
   10992       1.1750
   10993       1.2473
   10994       1.3047
   10995       1.1401
   10996       1.2042
   10997       1.2511
   10998       1.0828
   10999       1.1277
   11000       0.9976
   11001       1.0897
   11002       1.1154
   11003       1.1088
   11004       1.1397
   11005       1.1355
   11006       1.0820
   11007       1.2004
   11008       1.2141
   11009       1.0441
   11010       1.0921
   11011       1.1856
   11012       1.1296
   11013       1.1274
   11014       1.2205
   11015       1.1664
   11016       1.1532
   11017       1.1399
   11018       1.1594
   11019       1.1974
   11020       1.0850
   11021       1.2462
   11022       1.1058
   11023       1.0358
   11024       1.0755
   11025       1.0576
   11026       1.0946
   11027       1.1625
   11028       1.1944
   11029       1.1241
   11030       1.0902
   11031       1.0769
   11032       1.0742
   11033       1.1397
   11034       1.1623
   11035       1.1156
   11036       1.1060
   11037       1.0806
   11038       1.2273
   11039       1.1027
   11040       1.0585
   11041       1.0347
   11042       1.1011
   11043       1.2182
   11044       1.1231
   11045       1.2454
   11046       1.1705
   11047       1.2641
   11048       1.2549
   11049       1.1969
   11050       1.3479
   11051       1.0671
   11052       1.0362
   11053       1.1025
   11054       1.1118
   11055       1.0946
   11056       1.0476
   11057       1.1496
   11058       1.1886
   11059       1.1542
   11060       1.1431
   11061       1.1463
   11062       1.1521
   11063       1.1734
   11064       1.0783
   11065       1.0898
   11066       1.0734
   11067       1.1316
   11068       1.1777
   11069       1.1501
   11070       1.1938
   11071       1.0889
   11072       1.1284
   11073       1.1323
   11074       1.1746
   11075       1.1891
   11076       1.1045
   11077       1.1464
   11078       1.1029
   11079       1.1896
   11080       1.0078
   11081       1.0254
   11082       1.0720
   11083       1.1364
   11084       1.1690
   11085       1.0194
   11086       1.1026
   11087       1.0728
   11088       1.0711
   11089       1.0885
   11090       1.1358
   11091       1.1039
   11092       1.1156
   11093       1.1426
   11094       1.0745
   11095       1.1314
   11096       1.0659
   11097       1.0610
   11098       1.0871
   11099       1.0376
   11100       1.1214
   11101       1.1131
   11102       1.0239
   11103       1.0536
   11104       1.0157
   11105       1.1775
   11106       1.1340
   11107       0.9497
   11108       0.9670
   11109       1.0129
   11110       1.0915
   11111       1.1600
   11112       1.1228
   11113       1.1353
   11114       1.1495
   11115       1.1667
   11116       1.0408
   11117       1.0555
   11118       1.1117
   11119       1.1497
   11120       1.1408
   11121       1.0728
   11122       1.1226
   11123       1.0316
   11124       1.1236
   11125       1.1553
   11126       1.1190
   11127       1.1542
   11128       1.0662
   11129       1.1575
   11130       1.0416
   11131       1.0986
   11132       1.1296
   11133       1.0898
   11134       1.0642
   11135       1.1138
   11136       1.1435
   11137       1.1610
   11138       1.1690
   11139       1.0496
   11140       1.1336
   11141       1.0458
   11142       1.0231
   11143       1.0812
   11144       1.1499
   11145       1.1810
   11146       1.2737
   11147       1.1530
   11148       1.1562
   11149       1.1266
   11150       1.0544
   11151       1.2915
   11152       1.1672
   11153       1.1373
   11154       1.1856
   11155       1.1736
   11156       1.2408
   11157       1.1448
   11158       1.2520
   11159       1.1569
   11160       1.2858
   11161       1.1395
   11162       1.1611
   11163       1.0597
   11164       1.0645
   11165       1.1929
   11166       1.2076
   11167       1.1045
   11168       1.1406
   11169       1.0921
   11170       1.0302
   11171       1.0714
   11172       1.0935
   11173       1.0559
   11174       1.0897
   11175       1.0603
   11176       1.0528
   11177       1.0483
   11178       1.0587
   11179       1.0121
   11180       1.0692
   11181       1.0742
   11182       1.0495
   11183       0.9773
   11184       1.0581
   11185       1.0403
   11186       0.9920
   11187       1.0819
   11188       1.0473
   11189       1.0674
   11190       1.0913
   11191       1.0084
   11192       0.9775
   11193       1.0379
   11194       1.0310
   11195       1.0195
   11196       1.0077
   11197       0.9487
   11198       1.0620
   11199       1.0578
   11200       1.1354
   11201       1.0314
   11202       1.2197
   11203       0.9999
   11204       0.9986
   11205       1.0011
   11206       0.9760
   11207       1.1283
   11208       1.0272
   11209       0.9904
   11210       0.9921
   11211       1.0480
   11212       1.0153
   11213       0.9479
   11214       1.0570
   11215       1.0499
   11216       0.9782
   11217       1.0559
   11218       0.9512
   11219       0.9825
   11220       0.9266
   11221       0.9266
   11222       1.0019
   11223       1.0763
   11224       1.0345
   11225       0.9781
   11226       0.9207
   11227       0.9313
   11228       0.9567
   11229       0.9252
   11230       0.9690
   11231       1.0190
   11232       0.9681
   11233       1.0389
   11234       1.0911
   11235       1.0325
   11236       0.9728
   11237       0.9884
   11238       1.0708
   11239       1.0582
   11240       0.9931
   11241       1.0504
   11242       1.0558
   11243       0.9933
   11244       1.0892
   11245       0.9501
   11246       0.9480
   11247       0.9762
   11248       0.9271
   11249       0.9883
   11250       0.9954
   11251       1.0769
   11252       1.0375
   11253       0.9650
   11254       1.0835
   11255       1.0434
   11256       1.1340
   11257       1.0648
   11258       1.1788
   11259       1.0837
   11260       1.1172
   11261       1.1202
   11262       1.1016
   11263       1.0162
   11264       0.9843
   11265       1.0646
   11266       1.0233
   11267       1.0274
   11268       1.0253
   11269       0.9911
   11270       0.9153
   11271       1.0930
   11272       0.9494
   11273       1.0624
   11274       1.0489
   11275       1.0609
   11276       1.0637
   11277       1.0236
   11278       1.0741
   11279       1.0297
   11280       1.1175
   11281       0.9944
   11282       1.0837
   11283       1.1154
   11284       1.0774
   11285       1.0390
   11286       1.0518
   11287       1.1536
   11288       1.0700
   11289       1.1042
   11290       1.0401
   11291       1.0538
   11292       1.0714
   11293       0.9898
   11294       0.9886
   11295       1.0513
   11296       1.0506
   11297       1.0527
   11298       0.9967
   11299       1.0273
   11300       1.0080
   11301       1.0959
   11302       1.0265
   11303       0.9707
   11304       1.1038
   11305       1.1421
   11306       1.1677
   11307       1.0904
   11308       1.1342
   11309       1.1125
   11310       1.1997
   11311       1.1525
   11312       1.0988
   11313       1.0842
   11314       1.0874
   11315       1.0678
   11316       1.0608
   11317       1.0968
   11318       0.9580
   11319       1.0895
   11320       1.1090
   11321       1.1108
   11322       1.0560
   11323       1.0747
   11324       1.1193
   11325       1.1043
   11326       1.1598
   11327       1.1212
   11328       1.0195
   11329       1.0272
   11330       1.2177
   11331       1.1682
   11332       1.1407
   11333       1.0850
   11334       1.1428
   11335       1.1643
   11336       1.1812
   11337       1.1776
   11338       1.1632
   11339       1.1310
   11340       1.1306
   11341       1.0624
   11342       1.1909
   11343       1.1584
   11344       1.0642
   11345       1.1696
   11346       0.9801
   11347       1.1031
   11348       1.0806
   11349       1.0187
   11350       1.0405
   11351       1.1148
   11352       1.1711
   11353       1.1381
   11354       1.0934
   11355       1.0151
   11356       1.1285
   11357       1.1061
   11358       1.0491
   11359       1.0528
   11360       0.9782
   11361       1.0119
   11362       1.0119
   11363       1.0878
   11364       1.0309
   11365       0.9438
   11366       1.1590
   11367       1.0872
   11368       1.1198
   11369       1.0309
   11370       1.0088
   11371       0.9330
   11372       0.9985
   11373       0.9253
   11374       0.9216
   11375       0.9581
   11376       0.9336
   11377       0.9276
   11378       0.8570
   11379       0.8723
   11380       0.9541
   11381       0.9748
   11382       1.0005
   11383       0.9364
   11384       1.0196
   11385       0.9665
   11386       0.9843
   11387       0.9827
   11388       1.0405
   11389       1.0041
   11390       0.9539
   11391       0.9491
   11392       0.9800
   11393       0.9228
   11394       0.8969
   11395       0.8612
   11396       1.0212
   11397       0.9159
   11398       0.9640
   11399       0.9575
   11400       0.8775
   11401       0.9994
   11402       0.9416
   11403       1.0176
   11404       0.9933
   11405       0.9992
   11406       1.0252
   11407       0.9863
   11408       0.9539
   11409       1.0068
   11410       1.0380
   11411       1.0385
   11412       0.9719
   11413       0.8769
   11414       0.9152
   11415       0.8780
   11416       0.9403
   11417       0.9590
   11418       0.9504
   11419       0.9767
   11420       0.9712
   11421       1.0032
   11422       1.0342
   11423       1.0691
   11424       0.9375
   11425       1.0363
   11426       1.0115
   11427       1.0297
   11428       0.9808
   11429       0.9719
   11430       0.9904
   11431       0.9709
   11432       1.0144
   11433       0.9589
   11434       1.0401
   11435       1.0479
   11436       1.0702
   11437       1.0268
   11438       0.9301
   11439       1.0046
   11440       0.9825
   11441       1.0614
   11442       1.0705
   11443       1.1806
   11444       1.0974
   11445       1.0757
   11446       1.1811
   11447       1.0961
   11448       1.0368
   11449       1.1577
   11450       1.0730
   11451       1.1077
   11452       1.0938
   11453       1.2021
   11454       1.1464
   11455       1.1196
   11456       1.0307
   11457       1.0097
   11458       1.0385
   11459       1.1259
   11460       1.0720
   11461       1.0264
   11462       1.0788
   11463       1.0599
   11464       1.0426
   11465       1.1002
   11466       1.0948
   11467       0.9594
   11468       1.1950
   11469       1.1739
   11470       1.1931
   11471       1.0902
   11472       1.0501
   11473       1.0599
   11474       1.0700
   11475       1.0088
   11476       1.0350
   11477       1.0531
   11478       1.0194
   11479       0.9649
   11480       0.9331
   11481       0.9409
   11482       1.0163
   11483       1.0450
   11484       1.1175
   11485       0.9767
   11486       1.1270
   11487       1.0630
   11488       1.0516
   11489       1.1166
   11490       1.1348
   11491       1.1813
   11492       1.0288
   11493       1.2079
   11494       1.1140
   11495       1.1845
   11496       1.0708
   11497       1.2589
   11498       1.1466
   11499       1.2495
   11500       1.1889
   11501       1.1510
   11502       1.1547
   11503       1.1306
   11504       1.0573
   11505       1.1181
   11506       1.1142
   11507       1.1667
   11508       1.1813
   11509       1.1227
   11510       1.1580
   11511       1.0514
   11512       1.1616
   11513       1.0694
   11514       1.1107
   11515       1.0362
   11516       1.2051
   11517       1.1298
   11518       1.2136
   11519       1.1356
   11520       1.1767
   11521       1.0357
   11522       1.1302
   11523       1.0754
   11524       1.0836
   11525       1.0964
   11526       1.1426
   11527       1.0742
   11528       1.1290
   11529       1.1727
   11530       1.1955
   11531       0.9444
   11532       1.1970
   11533       1.1872
   11534       1.0400
   11535       1.1213
   11536       1.1908
   11537       1.1173
   11538       1.0995
   11539       1.1894
   11540       1.1389
   11541       1.0915
   11542       1.1573
   11543       1.2189
   11544       1.1499
   11545       1.0914
   11546       1.1393
   11547       1.1089
   11548       1.0206
   11549       1.0530
   11550       1.1869
   11551       1.1399
   11552       1.2425
   11553       1.1806
   11554       1.2074
   11555       1.1963
   11556       1.1071
   11557       1.0875
   11558       1.0955
   11559       1.0730
   11560       1.0974
   11561       1.1179
   11562       1.2472
   11563       1.1460
   11564       1.1110
   11565       1.1668
   11566       1.1579
   11567       1.1839
   11568       1.1578
   11569       1.1181
   11570       1.1287
   11571       1.1921
   11572       1.2077
   11573       1.0948
   11574       1.1400
   11575       1.0648
   11576       1.0741
   11577       1.1106
   11578       1.1720
   11579       1.1242
   11580       1.2256
   11581       1.1431
   11582       1.0559
   11583       1.0513
   11584       1.1369
   11585       1.1815
   11586       1.1343
   11587       1.1939
   11588       1.1156
   11589       1.0798
   11590       1.2264
   11591       1.1683
   11592       1.2334
   11593       1.1737
   11594       1.1978
   11595       1.2704
   11596       1.2807
   11597       1.1435
   11598       1.1187
   11599       1.0522
   11600       1.1065
   11601       1.1233
   11602       1.1626
   11603       1.1077
   11604       1.1820
   11605       1.0678
   11606       1.0434
   11607       1.0192
   11608       1.0765
   11609       1.1568
   11610       1.1527
   11611       1.2378
   11612       1.0305
   11613       1.2046
   11614       1.1205
   11615       1.0776
   11616       1.1340
   11617       0.9849
   11618       1.1225
   11619       1.0769
   11620       1.0671
   11621       1.0011
   11622       1.0446
   11623       1.0932
   11624       0.9945
   11625       0.9666
   11626       1.0228
   11627       0.9806
   11628       0.9239
   11629       0.9593
   11630       1.0474
   11631       0.9524
   11632       0.9983
   11633       0.9632
   11634       0.9007
   11635       0.9346
   11636       1.1046
   11637       0.9440
   11638       0.9980
   11639       0.9508
   11640       1.0679
   11641       0.9752
   11642       0.9979
   11643       0.9559
   11644       1.0507
   11645       0.9940
   11646       1.0710
   11647       1.1771
   11648       1.1250
   11649       1.0030
   11650       0.9244
   11651       0.8871
   11652       0.9750
   11653       0.9360
   11654       1.1190
   11655       0.9809
   11656       1.0794
   11657       1.0642
   11658       1.1146
   11659       1.1211
   11660       1.0527
   11661       1.0294
   11662       1.0847
   11663       1.1487
   11664       1.0424
   11665       0.9912
   11666       1.0155
   11667       1.0914
   11668       1.0152
   11669       1.0420
   11670       1.0518
   11671       1.0448
   11672       1.1018
   11673       1.0258
   11674       1.0241
   11675       1.0576
   11676       1.0371
   11677       0.9977
   11678       1.0426
   11679       1.0715
   11680       1.1451
   11681       0.9794
   11682       1.0160
   11683       1.0036
   11684       0.9906
   11685       1.1009
   11686       1.1918
   11687       1.1398
   11688       1.1397
   11689       1.1589
   11690       1.1290
   11691       1.0750
   11692       1.0502
   11693       1.0557
   11694       1.0940
   11695       1.1272
   11696       1.2296
   11697       1.2241
   11698       1.2067
   11699       1.2355
   11700       1.1892
   11701       1.1246
   11702       1.0576
   11703       0.9912
   11704       1.0533
   11705       1.0755
   11706       1.1297
   11707       1.1187
   11708       1.0458
   11709       1.0857
   11710       0.9907
   11711       1.1132
   11712       1.2031
   11713       1.1149
   11714       1.1258
   11715       1.0536
   11716       1.1244
   11717       1.1177
   11718       1.0912
   11719       1.0097
   11720       1.0478
   11721       1.0475
   11722       1.0877
   11723       1.0821
   11724       1.0062
   11725       1.0385
   11726       1.0465
   11727       0.9919
   11728       1.1072
   11729       1.0213
   11730       1.1057
   11731       1.0393
   11732       1.0638
   11733       1.0879
   11734       1.1205
   11735       1.0743
   11736       0.9986
   11737       1.0652
   11738       0.9892
   11739       1.0589
   11740       1.0330
   11741       1.0199
   11742       1.0705
   11743       0.9839
   11744       0.9626
   11745       1.0143
   11746       1.0835
   11747       1.0253
   11748       1.0954
   11749       1.1486
   11750       1.0602
   11751       0.9753
   11752       1.0409
   11753       1.0972
   11754       1.1570
   11755       1.0976
   11756       1.0177
   11757       1.0429
   11758       1.0123
   11759       1.1126
   11760       1.0594
   11761       0.9488
   11762       1.0289
   11763       1.0258
   11764       0.9775
   11765       0.9721
   11766       0.9936
   11767       1.0841
   11768       1.0538
   11769       1.1810
   11770       1.1819
   11771       1.1857
   11772       1.1667
   11773       1.1514
   11774       1.1293
   11775       1.1573
   11776       1.0686
   11777       1.0117
   11778       1.0227
   11779       0.9636
   11780       0.9361
   11781       1.0184
   11782       1.0583
   11783       0.9670
   11784       1.1183
   11785       0.9947
   11786       1.0284
   11787       1.0118
   11788       1.0237
   11789       0.9928
   11790       0.9653
   11791       0.9021
   11792       1.0255
   11793       0.8882
   11794       0.9249
   11795       0.9905
   11796       0.9130
   11797       0.9223
   11798       0.9876
   11799       0.9986
   11800       1.0193
   11801       1.0188
   11802       0.9840
   11803       0.9731
   11804       1.0223
   11805       1.0414
   11806       1.0711
   11807       1.0872
   11808       1.0932
   11809       1.0358
   11810       1.0364
   11811       1.0395
   11812       0.9403
   11813       1.0820
   11814       1.0951
   11815       1.0612
   11816       1.0318
   11817       0.9475
   11818       1.0027
   11819       0.9943
   11820       1.1278
   11821       1.0824
   11822       1.0480
   11823       1.0818
   11824       1.0091
   11825       1.0989
   11826       1.0117
   11827       1.0835
   11828       1.0150
   11829       1.0506
   11830       1.0705
   11831       1.0261
   11832       1.0730
   11833       1.0072
   11834       1.0774
   11835       1.1299
   11836       1.0677
   11837       1.0643
   11838       1.0181
   11839       1.1463
   11840       1.1139
   11841       1.2370
   11842       1.1494
   11843       1.0992
   11844       1.0827
   11845       1.1489
   11846       1.1082
   11847       1.2556
   11848       1.1366
   11849       0.9869
   11850       1.0741
   11851       1.0241
   11852       1.0861
   11853       1.0469
   11854       1.0243
   11855       1.1208
   11856       1.0736
   11857       1.0422
   11858       1.0891
   11859       1.0652
   11860       0.9754
   11861       1.0537
   11862       1.1204
   11863       1.1108
   11864       1.0610
   11865       1.1178
   11866       1.0660
   11867       1.1053
   11868       1.0891
   11869       1.1232
   11870       1.0445
   11871       1.0835
   11872       1.0924
   11873       1.0196
   11874       1.0263
   11875       1.0542
   11876       1.0532
   11877       0.9947
   11878       1.0618
   11879       0.9947
   11880       0.9853
   11881       0.9583
   11882       1.0181
   11883       0.9879
   11884       0.9308
   11885       1.0080
   11886       0.9851
   11887       0.9295
   11888       0.9403
   11889       0.9329
   11890       1.0515
   11891       1.0133
   11892       1.0329
   11893       0.9488
   11894       0.9696
   11895       0.9645
   11896       0.9455
   11897       1.0766
   11898       0.9628
   11899       1.0608
   11900       1.0838
   11901       1.0750
   11902       1.1353
   11903       1.0901
   11904       1.0810
   11905       1.0190
   11906       1.1020
   11907       1.0085
   11908       1.1282
   11909       1.2158
   11910       1.0610
   11911       1.0880
   11912       1.1125
   11913       1.0021
   11914       1.0944
   11915       1.0494
   11916       1.0418
   11917       1.0747
   11918       0.9988
   11919       1.0522
   11920       1.0084
   11921       1.0313
   11922       1.0500
   11923       1.1029
   11924       1.0899
   11925       1.1054
   11926       1.0963
   11927       1.1647
   11928       1.1191
   11929       1.1616
   11930       1.0493
   11931       0.9792
   11932       1.0365
   11933       1.0303
   11934       1.1103
   11935       1.0635
   11936       1.0609
   11937       1.1222
   11938       1.0907
   11939       1.1359
   11940       1.0680
   11941       1.1155
   11942       0.9718
   11943       1.0528
   11944       1.1985
   11945       1.1081
   11946       1.1060
   11947       1.1538
   11948       1.1481
   11949       1.1716
   11950       1.1057
   11951       1.1264
   11952       1.2407
   11953       1.1094
   11954       1.1180
   11955       1.1119
   11956       1.1300
   11957       1.0556
   11958       1.0752
   11959       1.1463
   11960       1.1651
   11961       1.2583
   11962       1.1516
   11963       1.2287
   11964       1.1334
   11965       1.0409
   11966       1.1427
   11967       1.1034
   11968       1.0869
   11969       1.0552
   11970       1.1204
   11971       1.1555
   11972       1.0747
   11973       1.1632
   11974       1.3023
   11975       1.1047
   11976       1.1814
   11977       1.0728
   11978       1.0750
   11979       1.1468
   11980       1.1252
   11981       1.0787
   11982       1.0043
   11983       1.1330
   11984       1.1053
   11985       1.1179
   11986       1.0859
   11987       1.2416
   11988       1.1175
   11989       1.0863
   11990       1.1572
   11991       1.0712
   11992       1.1888
   11993       1.0678
   11994       1.1262
   11995       1.0967
   11996       1.2453
   11997       1.1095
   11998       1.2125
   11999       0.9560
   12000       1.2117
   12001       1.1926
   12002       1.0795
   12003       1.2229
   12004       1.0957
   12005       1.1901
   12006       1.1769
   12007       1.0852
   12008       1.0747
   12009       1.1471
   12010       1.0916
   12011       1.1572
   12012       1.1998
   12013       1.0972
   12014       1.0828
   12015       1.1811
   12016       1.1580
   12017       1.1070
   12018       1.2248
   12019       1.1484
   12020       1.1944
   12021       1.2029
   12022       1.1760
   12023       1.1802
   12024       1.1181
   12025       1.0471
   12026       1.1077
   12027       1.0770
   12028       1.1809
   12029       1.1074
   12030       1.1383
   12031       1.1330
   12032       1.0953
   12033       1.0938
   12034       1.0544
   12035       1.0776
   12036       1.0867
   12037       0.9489
   12038       0.9565
   12039       0.9374
   12040       1.0446
   12041       1.0167
   12042       1.0202
   12043       0.9951
   12044       0.9582
   12045       0.9723
   12046       0.9716
   12047       1.0511
   12048       1.0223
   12049       0.9995
   12050       0.9763
   12051       1.0625
   12052       1.0715
   12053       1.0321
   12054       0.9693
   12055       0.9319
   12056       1.0566
   12057       1.0277
   12058       1.0811
   12059       1.0720
   12060       1.0629
   12061       0.9750
   12062       1.0406
   12063       0.9604
   12064       1.0628
   12065       0.9527
   12066       0.9910
   12067       1.0988
   12068       1.1225
   12069       1.0796
   12070       0.9714
   12071       1.0384
   12072       0.9969
   12073       0.9526
   12074       1.0394
   12075       1.0533
   12076       1.0212
   12077       1.0123
   12078       1.0067
   12079       1.0065
   12080       1.0229
   12081       0.9439
   12082       1.0228
   12083       0.9869
   12084       1.0618
   12085       1.1141
   12086       1.0780
   12087       1.0266
   12088       1.0604
   12089       1.0277
   12090       1.0286
   12091       0.9724
   12092       1.0191
   12093       1.0101
   12094       0.9827
   12095       1.0628
   12096       1.0337
   12097       1.0324
   12098       1.0468
   12099       0.9867
   12100       1.0120
   12101       1.1191
   12102       1.0497
   12103       1.0415
   12104       1.0911
   12105       1.0982
   12106       1.1007
   12107       1.0632
   12108       1.0038
   12109       1.0940
   12110       1.0481
   12111       1.0365
   12112       0.9765
   12113       1.0041
   12114       1.0526
   12115       0.9819
   12116       1.0913
   12117       1.1070
   12118       0.9959
   12119       1.0378
   12120       1.0091
   12121       1.0362
   12122       1.0490
   12123       1.0380
   12124       1.0454
   12125       0.9808
   12126       1.0951
   12127       0.9741
   12128       1.0775
   12129       1.1164
   12130       1.0839
   12131       1.0690
   12132       1.0388
   12133       1.0793
   12134       1.0359
   12135       1.0502
   12136       1.1496
   12137       1.1708
   12138       1.1832
   12139       1.0078
   12140       1.0869
   12141       1.1467
   12142       1.0718
   12143       1.0595
   12144       1.1578
   12145       1.0533
   12146       1.1479
   12147       1.0759
   12148       1.1026
   12149       1.0206
   12150       1.0341
   12151       1.1148
   12152       1.1732
   12153       1.2544
   12154       1.0316
   12155       1.0018
   12156       0.9649
   12157       1.0139
   12158       0.9854
   12159       1.0659
   12160       0.9958
   12161       1.1497
   12162       1.0922
   12163       1.1345
   12164       1.1427
   12165       1.0794
   12166       0.9889
   12167       1.0635
   12168       1.0216
   12169       1.0435
   12170       1.0705
   12171       1.1587
   12172       1.1241
   12173       1.1530
   12174       1.0516
   12175       1.1434
   12176       1.0460
   12177       1.1276
   12178       1.1242
   12179       1.0740
   12180       1.0908
   12181       1.2241
   12182       1.2061
   12183       1.1295
   12184       1.0981
   12185       1.2210
   12186       1.2267
   12187       1.1424
   12188       1.2522
   12189       1.2424
   12190       1.1424
   12191       1.2137
   12192       1.2187
   12193       1.1441
   12194       1.2291
   12195       1.1718
   12196       1.2572
   12197       1.1538
   12198       1.1856
   12199       1.1207
   12200       1.1617
   12201       1.0892
   12202       1.2653
   12203       1.2512
   12204       1.2358
   12205       1.2593
   12206       1.2307
   12207       1.1944
   12208       1.2110
   12209       1.1844
   12210       1.2167
   12211       1.1338
   12212       0.9917
   12213       1.0631
   12214       1.0948
   12215       1.1056
   12216       1.1900
   12217       1.0460
   12218       1.2245
   12219       1.1957
   12220       1.2476
   12221       1.2100
   12222       1.1765
   12223       1.1849
   12224       1.0847
   12225       1.0560
   12226       1.0964
   12227       1.2962
   12228       1.1642
   12229       1.1410
   12230       1.1939
   12231       1.2429
   12232       1.2056
   12233       1.1258
   12234       1.2056
   12235       1.2251
   12236       1.1337
   12237       1.2123
   12238       1.1767
   12239       1.1315
   12240       1.1733
   12241       1.1101
   12242       1.0709
   12243       1.2804
   12244       1.1631
   12245       1.0832
   12246       1.1075
   12247       1.0750
   12248       1.1164
   12249       1.1105
   12250       1.1264
   12251       1.1468
   12252       1.0996
   12253       1.0725
   12254       1.0667
   12255       1.0738
   12256       0.9708
   12257       1.1436
   12258       1.0493
   12259       1.1756
   12260       1.0936
   12261       1.1046
   12262       1.1701
   12263       1.0877
   12264       1.0493
   12265       1.1544
   12266       1.0020
   12267       1.1161
   12268       0.9911
   12269       1.0111
   12270       1.0650
   12271       1.0473
   12272       1.0349
   12273       0.9803
   12274       1.0564
   12275       1.0326
   12276       1.1028
   12277       1.0780
   12278       1.0462
   12279       1.1497
   12280       1.1398
   12281       1.0984
   12282       1.0580
   12283       1.0800
   12284       1.0794
   12285       1.1255
   12286       1.1069
   12287       1.1227
   12288       1.1499
   12289       1.1923
   12290       1.1306
   12291       1.1650
   12292       1.1266
   12293       1.0074
   12294       1.0643
   12295       1.0970
   12296       1.0518
   12297       1.0386
   12298       1.0686
   12299       1.1122
   12300       1.0802
   12301       1.0419
   12302       1.0442
   12303       1.0030
   12304       1.0241
   12305       1.1127
   12306       1.0532
   12307       1.1128
   12308       1.1141
   12309       1.1107
   12310       1.1721
   12311       1.2402
   12312       1.1972
   12313       1.1130
   12314       1.1653
   12315       1.1202
   12316       1.0999
   12317       1.1472
   12318       0.9653
   12319       0.9929
   12320       1.0797
   12321       1.2086
   12322       1.1773
   12323       1.1984
   12324       1.1355
   12325       1.2263
   12326       1.1415
   12327       1.2041
   12328       1.2080
   12329       1.1789
   12330       1.0797
   12331       1.1338
   12332       1.1296
   12333       1.0851
   12334       1.0873
   12335       1.1701
   12336       1.1803
   12337       1.1865
   12338       1.0557
   12339       1.1421
   12340       1.2440
   12341       1.2060
   12342       1.1678
   12343       1.0485
   12344       1.1056
   12345       1.1103
   12346       1.1036
   12347       1.1062
   12348       1.1500
   12349       1.0521
   12350       1.0925
   12351       0.9338
   12352       0.9700
   12353       1.0370
   12354       1.0573
   12355       1.0614
   12356       1.0834
   12357       1.0527
   12358       1.0583
   12359       1.0102
   12360       1.0816
   12361       1.0903
   12362       1.0303
   12363       1.0545
   12364       1.1403
   12365       1.0622
   12366       1.0693
   12367       1.0321
   12368       0.9204
   12369       1.0192
   12370       1.0643
   12371       1.0318
   12372       1.1469
   12373       1.1241
   12374       1.1031
   12375       1.0286
   12376       1.0162
   12377       0.9859
   12378       1.1125
   12379       1.0659
   12380       1.0930
   12381       1.1196
   12382       1.1830
   12383       1.3173
   12384       1.2586
   12385       1.2266
   12386       1.1154
   12387       1.1601
   12388       1.1539
   12389       1.2068
   12390       1.3242
   12391       1.2288
   12392       1.2507
   12393       1.2095
   12394       1.2021
   12395       1.1578
   12396       1.1885
   12397       1.2403
   12398       1.2142
   12399       1.1687
   12400       1.1452
   12401       1.0499
   12402       1.2155
   12403       1.1495
   12404       1.0003
   12405       1.0283
   12406       1.1271
   12407       1.0745
   12408       1.0460
   12409       1.0412
   12410       1.1702
   12411       1.1765
   12412       1.0894
   12413       1.1197
   12414       1.1351
   12415       1.1967
   12416       1.2389
   12417       1.1413
   12418       1.2601
   12419       1.2239
   12420       1.1764
   12421       1.1082
   12422       1.1210
   12423       1.2190
   12424       1.1108
   12425       1.1678
   12426       1.0754
   12427       1.1166
   12428       1.0648
   12429       0.9629
   12430       0.9239
   12431       1.0081
   12432       1.0846
   12433       1.0148
   12434       1.0408
   12435       0.9827
   12436       1.0445
   12437       1.0554
   12438       1.0109
   12439       1.0217
   12440       1.0188
   12441       1.0962
   12442       1.0754
   12443       0.9364
   12444       1.0736
   12445       1.0277
   12446       1.0457
   12447       1.1056
   12448       1.0029
   12449       0.9690
   12450       1.0002
   12451       0.9486
   12452       1.0553
   12453       1.0990
   12454       0.9498
   12455       0.9742
   12456       1.0468
   12457       1.0502
   12458       1.0669
   12459       0.9507
   12460       1.0401
   12461       1.0246
   12462       1.0493
   12463       1.0431
   12464       1.1079
   12465       1.1104
   12466       0.9937
   12467       0.9818
   12468       1.1432
   12469       1.1822
   12470       1.1499
   12471       1.1118
   12472       1.0211
   12473       0.9671
   12474       0.9329
   12475       0.9440
   12476       0.9879
   12477       1.0028
   12478       0.9881
   12479       1.0197
   12480       0.9742
   12481       1.0560
   12482       1.0156
   12483       1.0848
   12484       1.0306
   12485       1.0972
   12486       1.0003
   12487       1.0605
   12488       0.9911
   12489       0.9528
   12490       0.8737
   12491       0.8899
   12492       1.0225
   12493       1.0406
   12494       1.0223
   12495       0.9454
   12496       0.9457
   12497       0.9448
   12498       1.0397
   12499       1.0238
   12500       1.0214
   12501       1.0197
   12502       1.0382
   12503       1.1669
   12504       1.0887
   12505       1.0632
   12506       1.0458
   12507       1.1161
   12508       1.0667
   12509       1.0404
   12510       1.0585
   12511       1.0994
   12512       1.0587
   12513       1.0695
   12514       1.1493
   12515       1.1278
   12516       1.1957
   12517       1.2884
   12518       1.1283
   12519       1.0881
   12520       1.0440
   12521       1.1036
   12522       1.0161
   12523       1.0673
   12524       0.9755
   12525       1.0021
   12526       1.0203
   12527       1.0710
   12528       1.0528
   12529       1.0812
   12530       1.0906
   12531       1.0593
   12532       1.0154
   12533       1.2249
   12534       1.0837
   12535       1.0564
   12536       1.0607
   12537       1.0433
   12538       1.1534
   12539       1.0137
   12540       0.9923
   12541       0.9576
   12542       1.0848
   12543       1.1450
   12544       1.0502
   12545       0.9961
   12546       0.9925
   12547       1.0182
   12548       1.1107
   12549       1.1352
   12550       1.0633
   12551       1.1265
   12552       1.1039
   12553       1.0729
   12554       1.1425
   12555       1.1395
   12556       1.1966
   12557       1.1953
   12558       1.1660
   12559       1.1759
   12560       1.0955
   12561       1.0735
   12562       1.1303
   12563       1.2305
   12564       1.1544
   12565       1.2023
   12566       1.1652
   12567       1.1504
   12568       1.2115
   12569       1.2451
   12570       1.1803
   12571       1.0940
   12572       1.1398
   12573       1.1326
   12574       1.1150
   12575       1.1511
   12576       1.1217
   12577       1.0425
   12578       1.1334
   12579       1.0976
   12580       1.1014
   12581       1.0719
   12582       1.0692
   12583       1.1005
   12584       1.1202
   12585       1.1526
   12586       1.1829
   12587       1.1634
   12588       1.1722
   12589       1.2040
   12590       1.0977
   12591       1.1406
   12592       1.1952
   12593       1.1007
   12594       1.0836
   12595       1.0165
   12596       1.2394
   12597       1.1793
   12598       1.1866
   12599       1.0945
   12600       1.0507
   12601       1.2092
   12602       1.1733
   12603       1.1274
   12604       1.1550
   12605       1.1924
   12606       0.9305
   12607       0.9821
   12608       1.0156
   12609       1.0438
   12610       1.1353
   12611       1.0992
   12612       1.1245
   12613       1.1697
   12614       1.1321
   12615       1.1459
   12616       1.1687
   12617       1.0830
   12618       1.1355
   12619       1.0984
   12620       1.1939
   12621       1.1520
   12622       1.1554
   12623       1.1698
   12624       1.1053
   12625       1.1095
   12626       1.1357
   12627       1.1950
   12628       1.0962
   12629       1.1087
   12630       1.0556
   12631       1.1451
   12632       1.1585
   12633       1.0219
   12634       1.0673
   12635       0.9968
   12636       1.1637
   12637       1.0536
   12638       1.1293
   12639       1.1699
   12640       1.1518
   12641       1.0672
   12642       1.1048
   12643       1.0872
   12644       1.0490
   12645       0.9907
   12646       1.0802
   12647       1.0057
   12648       1.0921
   12649       1.0707
   12650       1.0211
   12651       1.0425
   12652       0.9992
   12653       1.1393
   12654       0.9468
   12655       1.1694
   12656       1.1621
   12657       1.0932
   12658       1.0621
   12659       1.0798
   12660       1.1254
   12661       1.1128
   12662       1.0432
   12663       0.9569
   12664       0.9162
   12665       1.1159
   12666       1.0228
   12667       1.0545
   12668       1.0963
   12669       1.0794
   12670       0.9996
   12671       1.0527
   12672       1.0500
   12673       1.1621
   12674       1.1601
   12675       1.0914
   12676       1.0577
   12677       1.1276
   12678       1.0565
   12679       1.0857
   12680       1.0445
   12681       1.0753
   12682       1.1892
   12683       1.0519
   12684       1.0610
   12685       1.0835
   12686       0.9555
   12687       1.0113
   12688       1.0687
   12689       1.1795
   12690       1.1378
   12691       1.2030
   12692       1.2071
   12693       1.2397
   12694       1.2086
   12695       1.1999
   12696       1.1200
   12697       1.1514
   12698       1.1541
   12699       1.0960
   12700       1.1245
   12701       1.0489
   12702       1.1134
   12703       1.1153
   12704       1.1070
   12705       0.9404
   12706       1.0161
   12707       1.0717
   12708       1.0228
   12709       1.0811
   12710       1.1710
   12711       1.1804
   12712       1.1426
   12713       1.1601
   12714       1.1023
   12715       1.0843
   12716       1.0225
   12717       1.0775
   12718       1.0719
   12719       1.0978
   12720       1.2163
   12721       1.0606
   12722       1.1300
   12723       1.0940
   12724       0.9694
   12725       0.9595
   12726       1.1264
   12727       1.0555
   12728       1.0121
   12729       1.0351
   12730       1.0722
   12731       0.9559
   12732       0.9755
   12733       1.0842
   12734       1.1031
   12735       0.9716
   12736       0.9808
   12737       0.9677
   12738       1.0408
   12739       1.0696
   12740       1.0598
   12741       1.0367
   12742       0.9948
   12743       1.0191
   12744       1.0889
   12745       0.9715
   12746       1.0591
   12747       1.0176
   12748       1.0306
   12749       0.9728
   12750       1.0534
   12751       1.0322
   12752       0.9985
   12753       1.0281
   12754       1.0301
   12755       1.1144
   12756       1.0432
   12757       1.0787
   12758       1.0606
   12759       1.0173
   12760       1.1089
   12761       0.9736
   12762       0.9873
   12763       1.0992
   12764       1.0243
   12765       1.0625
   12766       0.8933
   12767       1.0900
   12768       1.0562
   12769       1.0703
   12770       0.9751
   12771       0.9949
   12772       1.0428
   12773       0.9820
   12774       1.0892
   12775       1.0299
   12776       1.0462
   12777       1.1651
   12778       1.1693
   12779       1.1545
   12780       1.1500
   12781       1.2144
   12782       1.1408
   12783       1.0120
   12784       0.9611
   12785       1.0658
   12786       1.1186
   12787       1.1526
   12788       1.1562
   12789       1.2104
   12790       1.2226
   12791       1.2129
   12792       1.0454
   12793       1.1289
   12794       1.1483
   12795       1.1343
   12796       1.0677
   12797       1.0818
   12798       1.1264
   12799       1.2065
   12800       1.0985
   12801       1.1188
   12802       1.0896
   12803       1.1046
   12804       1.1322
   12805       1.2222
   12806       1.1244
   12807       1.2078
   12808       1.0536
   12809       1.0897
   12810       0.9602
   12811       0.9871
   12812       1.0562
   12813       0.9873
   12814       1.0873
   12815       1.0704
   12816       1.0863
   12817       0.9821
   12818       1.0825
   12819       0.9593
   12820       0.9763
   12821       1.0374
   12822       1.0187
   12823       1.0709
   12824       1.0115
   12825       1.1156
   12826       1.0353
   12827       1.1287
   12828       1.0440
   12829       1.0752
   12830       1.1080
   12831       1.2113
   12832       1.0875
   12833       1.0956
   12834       1.1307
   12835       1.1005
   12836       1.1665
   12837       1.1469
   12838       1.0477
   12839       1.0871
   12840       1.0339
   12841       1.0511
   12842       1.1697
   12843       1.1640
   12844       1.1689
   12845       1.0821
   12846       1.1099
   12847       1.1047
   12848       1.0577
   12849       1.1854
   12850       1.1664
   12851       1.1367
   12852       1.0470
   12853       1.1607
   12854       1.1206
   12855       1.1220
   12856       1.0389
   12857       1.0961
   12858       1.1703
   12859       1.2224
   12860       1.1222
   12861       1.1166
   12862       1.1878
   12863       1.1887
   12864       1.1388
   12865       1.0599
   12866       1.0691
   12867       1.1278
   12868       1.1037
   12869       1.0672
   12870       1.0356
   12871       1.0719
   12872       1.2279
   12873       1.1318
   12874       1.2068
   12875       1.1502
   12876       1.1569
   12877       1.0657
   12878       1.0602
   12879       1.2011
   12880       1.1634
   12881       1.0684
   12882       1.0933
   12883       1.0525
   12884       1.0866
   12885       1.0087
   12886       1.1144
   12887       1.0375
   12888       1.0710
   12889       1.1316
   12890       1.0725
   12891       1.1497
   12892       1.0311
   12893       1.0212
   12894       0.9683
   12895       1.0306
   12896       0.9180
   12897       1.0013
   12898       1.0548
   12899       1.0945
   12900       1.0315
   12901       1.1120
   12902       1.1878
   12903       1.2224
   12904       1.2044
   12905       1.1357
   12906       1.1758
   12907       1.1408
   12908       1.1606
   12909       1.2320
   12910       1.2531
   12911       1.2015
   12912       1.2595
   12913       1.1553
   12914       1.2180
   12915       1.1453
   12916       1.1855
   12917       1.0838
   12918       1.0508
   12919       1.1499
   12920       1.0751
   12921       1.1140
   12922       1.1535
   12923       1.0819
   12924       1.0886
   12925       1.2060
   12926       1.0878
   12927       1.0448
   12928       1.0627
   12929       1.1180
   12930       1.1659
   12931       1.0620
   12932       1.1289
   12933       1.0304
   12934       0.9908
   12935       1.1214
   12936       1.1248
   12937       1.1529
   12938       1.1263
   12939       1.2763
   12940       1.2219
   12941       1.1248
   12942       1.1872
   12943       1.1576
   12944       1.1416
   12945       1.1441
   12946       1.1205
   12947       1.0697
   12948       1.0228
   12949       1.0035
   12950       1.1609
   12951       1.1296
   12952       1.0326
   12953       1.1428
   12954       1.0960
   12955       1.1093
   12956       1.1250
   12957       1.1385
   12958       1.1409
   12959       1.0797
   12960       1.0185
   12961       1.0638
   12962       1.1705
   12963       1.1711
   12964       1.0840
   12965       1.1586
   12966       1.0271
   12967       0.9919
   12968       1.0493
   12969       1.1097
   12970       1.0939
   12971       1.1424
   12972       1.1623
   12973       1.1759
   12974       1.1207
   12975       1.1344
   12976       1.1079
   12977       1.1210
   12978       1.1000
   12979       1.1531
   12980       1.1755
   12981       1.1345
   12982       1.0438
   12983       1.1045
   12984       1.1082
   12985       1.1333
   12986       1.0834
   12987       1.1986
   12988       1.1963
   12989       1.2713
   12990       1.2839
   12991       1.2327
   12992       1.0969
   12993       1.1593
   12994       1.0793
   12995       1.1121
   12996       1.1064
   12997       1.1259
   12998       1.1730
   12999       1.1860
   13000       1.0893
   13001       1.1695
   13002       1.2313
   13003       1.1420
   13004       1.1690
   13005       1.1028
   13006       1.0844
   13007       1.1510
   13008       1.0053
   13009       1.0221
   13010       1.0389
   13011       1.0629
   13012       1.1149
   13013       1.1691
   13014       1.1294
   13015       1.0720
   13016       1.1933
   13017       1.0467
   13018       1.0413
   13019       1.0635
   13020       1.0824
   13021       1.1582
   13022       1.1543
   13023       1.0778
   13024       1.0844
   13025       1.0214
   13026       0.9887
   13027       1.0409
   13028       0.9586
   13029       1.1396
   13030       1.1707
   13031       1.2094
   13032       1.1427
   13033       1.0998
   13034       1.1414
   13035       1.0685
   13036       1.1078
   13037       1.1750
   13038       1.0877
   13039       1.1749
   13040       1.1329
   13041       1.0317
   13042       1.1238
   13043       1.0983
   13044       1.1825
   13045       1.1370
   13046       1.1511
   13047       1.1325
   13048       1.0544
   13049       1.1230
   13050       1.0083
   13051       1.0274
   13052       1.1392
   13053       1.0227
   13054       1.1361
   13055       1.1375
   13056       1.0227
   13057       1.1429
   13058       1.0148
   13059       1.1280
   13060       1.1607
   13061       1.0364
   13062       1.1528
   13063       1.1024
   13064       1.0749
   13065       1.0725
   13066       1.0399
   13067       1.1386
   13068       1.0212
   13069       0.9707
   13070       1.1225
   13071       1.0199
   13072       1.0507
   13073       1.2177
   13074       1.0904
   13075       1.1064
   13076       0.9851
   13077       0.9879
   13078       1.0863
   13079       1.1676
   13080       1.0002
   13081       1.1433
   13082       1.2041
   13083       1.2189
   13084       1.1043
   13085       1.1577
   13086       1.0494
   13087       1.0673
   13088       1.0852
   13089       1.0989
   13090       1.0825
   13091       1.0135
   13092       1.0054
   13093       0.9348
   13094       0.9838
   13095       1.0916
   13096       0.9748
   13097       1.0224
   13098       0.9639
   13099       1.1385
   13100       1.0728
   13101       1.1741
   13102       1.0879
   13103       1.1579
   13104       1.0693
   13105       1.2013
   13106       1.0467
   13107       1.0453
   13108       1.0194
   13109       1.0728
   13110       1.0557
   13111       1.0424
   13112       1.1003
   13113       1.0116
   13114       1.0966
   13115       1.0343
   13116       1.0830
   13117       1.0319
   13118       1.1264
   13119       1.0953
   13120       1.1846
   13121       1.0887
   13122       1.0005
   13123       1.0482
   13124       1.0057
   13125       1.0621
   13126       1.1274
   13127       1.0543
   13128       1.0998
   13129       1.0776
   13130       0.9577
   13131       1.0803
   13132       1.0071
   13133       1.0262
   13134       1.0560
   13135       1.1359
   13136       1.0758
   13137       1.0078
   13138       0.9958
   13139       1.1097
   13140       0.9460
   13141       1.0712
   13142       1.1809
   13143       1.1253
   13144       1.1624
   13145       1.1525
   13146       1.2365
   13147       1.0159
   13148       1.0568
   13149       1.0652
   13150       0.9608
   13151       1.1232
   13152       1.1550
   13153       1.1535
   13154       1.0324
   13155       1.1203
   13156       1.1398
   13157       1.1679
   13158       1.1456
   13159       1.1573
   13160       1.0379
   13161       1.0641
   13162       1.0118
   13163       1.1196
   13164       1.0182
   13165       1.0824
   13166       1.1100
   13167       1.0927
   13168       1.0733
   13169       1.2008
   13170       1.1335
   13171       1.0959
   13172       1.2753
   13173       1.1422
   13174       1.0801
   13175       1.0622
   13176       1.1234
   13177       1.1607
   13178       1.0519
   13179       1.0144
   13180       0.9682
   13181       1.1465
   13182       1.0154
   13183       1.0080
   13184       1.0587
   13185       1.0269
   13186       1.1477
   13187       1.1580
   13188       1.1536
   13189       1.0062
   13190       1.0006
   13191       0.9741
   13192       1.0189
   13193       1.0386
   13194       1.0680
   13195       1.0910
   13196       1.0357
   13197       1.1090
   13198       1.0573
   13199       1.1222
   13200       1.0168
   13201       1.0256
   13202       0.9313
   13203       1.0426
   13204       1.0195
   13205       1.0637
   13206       1.1087
   13207       1.0505
   13208       1.0479
   13209       1.1248
   13210       1.1645
   13211       1.1939
   13212       1.0692
   13213       1.0757
   13214       0.9733
   13215       1.0746
   13216       1.0663
   13217       1.0921
   13218       1.1068
   13219       1.0358
   13220       1.0351
   13221       1.1287
   13222       1.0854
   13223       1.0528
   13224       1.0532
   13225       1.0329
   13226       0.8901
   13227       1.0470
   13228       1.0766
   13229       1.0671
   13230       1.1330
   13231       1.0132
   13232       1.0231
   13233       1.0642
   13234       1.0476
   13235       1.1859
   13236       1.1608
   13237       1.0637
   13238       1.0792
   13239       1.0934
   13240       1.1015
   13241       1.1124
   13242       1.1004
   13243       1.0005
   13244       1.0933
   13245       0.9796
   13246       1.0344
   13247       0.9793
   13248       1.0401
   13249       1.1367
   13250       1.1284
   13251       1.0394
   13252       1.0766
   13253       1.0623
   13254       1.0301
   13255       1.0058
   13256       1.1246
   13257       1.0695
   13258       1.1542
   13259       1.0850
   13260       1.1622
   13261       1.0839
   13262       1.1064
   13263       1.1672
   13264       1.1476
   13265       1.1208
   13266       1.1795
   13267       1.1283
   13268       1.1296
   13269       1.0703
   13270       1.0877
   13271       1.1456
   13272       1.2029
   13273       1.2282
   13274       1.2325
   13275       1.1074
   13276       1.0919
   13277       1.1863
   13278       1.1310
   13279       1.1777
   13280       1.0768
   13281       1.0005
   13282       1.0561
   13283       1.0425
   13284       1.0021
   13285       1.0478
   13286       1.0603
   13287       1.0956
   13288       1.2005
   13289       1.1723
   13290       1.0444
   13291       1.0353
   13292       0.9653
   13293       0.9983
   13294       1.0899
   13295       1.0206
   13296       1.0408
   13297       1.1101
   13298       1.0541
   13299       1.0754
   13300       1.0409
   13301       1.0589
   13302       1.1202
   13303       1.1765
   13304       1.0803
   13305       1.0618
   13306       1.0544
   13307       1.2344
   13308       1.1558
   13309       1.1454
   13310       1.1789
   13311       1.1957
   13312       1.0865
   13313       1.1753
   13314       1.1804
   13315       1.1314
   13316       1.2413
   13317       1.2162
   13318       1.2224
   13319       1.2546
   13320       1.1186
   13321       1.1832
   13322       1.2253
   13323       1.2372
   13324       1.3038
   13325       1.2471
   13326       1.2050
   13327       1.1878
   13328       1.2202
   13329       1.1770
   13330       1.1048
   13331       1.1070
   13332       1.1837
   13333       1.1321
   13334       1.1424
   13335       1.0796
   13336       1.1878
   13337       1.1390
   13338       1.0981
   13339       1.0013
   13340       0.9670
   13341       1.0746
   13342       1.0493
   13343       1.0734
   13344       1.1456
   13345       1.1206
   13346       1.1910
   13347       1.1394
   13348       1.1502
   13349       1.1830
   13350       1.0922
   13351       1.2482
   13352       1.2290
   13353       1.1480
   13354       1.0426
   13355       1.1655
   13356       1.1900
   13357       1.1264
   13358       1.1143
   13359       1.1221
   13360       1.1896
   13361       1.2981
   13362       1.1531
   13363       1.0440
   13364       1.1398
   13365       1.2385
   13366       1.2357
   13367       1.1833
   13368       1.1387
   13369       1.1860
   13370       1.1257
   13371       1.1159
   13372       1.0504
   13373       1.1830
   13374       1.1890
   13375       1.2483
   13376       1.2480
   13377       1.2265
   13378       1.1517
   13379       1.1731
   13380       1.0681
   13381       1.0900
   13382       1.0720
   13383       1.1204
   13384       1.2442
   13385       1.1704
   13386       1.1601
   13387       1.1217
   13388       1.1471
   13389       1.0230
   13390       1.0570
   13391       1.1130
   13392       1.2257
   13393       1.1251
   13394       1.1637
   13395       1.0881
   13396       1.0390
   13397       1.1282
   13398       1.0557
   13399       1.1069
   13400       1.1605
   13401       1.1126
   13402       1.1825
   13403       1.2051
   13404       1.2167
   13405       1.1868
   13406       1.2928
   13407       1.1201
   13408       1.1019
   13409       1.1053
   13410       1.0153
   13411       1.0834
   13412       1.0242
   13413       1.0019
   13414       1.0378
   13415       1.0023
   13416       0.9829
   13417       0.9540
   13418       1.0702
   13419       1.0440
   13420       1.0634
   13421       1.0019
   13422       0.9792
   13423       1.0484
   13424       1.0890
   13425       1.0712
   13426       1.0958
   13427       0.9594
   13428       0.9764
   13429       1.0230
   13430       1.0544
   13431       1.0991
   13432       1.0844
   13433       1.0946
   13434       1.1151
   13435       1.0901
   13436       1.0167
   13437       1.0480
   13438       1.0895
   13439       1.0881
   13440       1.0958
   13441       1.1961
   13442       1.1215
   13443       1.1555
   13444       1.0703
   13445       1.0695
   13446       1.0453
   13447       1.1156
   13448       1.0788
   13449       0.9884
   13450       1.0402
   13451       1.0269
   13452       1.0435
   13453       0.9852
   13454       1.1441
   13455       1.0493
   13456       1.0550
   13457       1.1082
   13458       1.1175
   13459       1.0904
   13460       1.0432
   13461       1.0666
   13462       1.0697
   13463       1.1446
   13464       1.1417
   13465       1.1727
   13466       1.1366
   13467       1.2521
   13468       1.2859
   13469       1.1402
   13470       1.1399
   13471       1.0882
   13472       1.0536
   13473       1.0728
   13474       1.0016
   13475       1.0950
   13476       1.0837
   13477       1.2237
   13478       1.1185
   13479       1.0649
   13480       1.1198
   13481       1.1521
   13482       1.1228
   13483       1.0918
   13484       1.1253
   13485       1.1121
   13486       1.1424
   13487       1.0913
   13488       1.0338
   13489       1.0663
   13490       1.1500
   13491       1.1773
   13492       1.1648
   13493       1.0820
   13494       0.9629
   13495       1.1563
   13496       1.1051
   13497       1.1436
   13498       1.1582
   13499       1.1536
   13500       1.1947
   13501       1.0730
   13502       1.0453
   13503       1.0157
   13504       1.0971
   13505       1.0494
   13506       1.0252
   13507       0.9490
   13508       0.9543
   13509       0.9917
   13510       0.9638
   13511       1.0359
   13512       1.0552
   13513       1.0308
   13514       0.9911
   13515       0.9716
   13516       1.1036
   13517       0.9840
   13518       1.1277
   13519       1.1090
   13520       1.0217
   13521       1.0649
   13522       0.9840
   13523       1.0958
   13524       1.0550
   13525       1.1024
   13526       1.1051
   13527       1.1219
   13528       1.1077
   13529       1.0766
   13530       0.9974
   13531       0.9248
   13532       0.9500
   13533       1.0573
   13534       1.0294
   13535       1.0342
   13536       1.0385
   13537       0.8968
   13538       1.0020
   13539       1.0909
   13540       1.1014
   13541       1.0296
   13542       0.9758
   13543       0.9624
   13544       1.0238
   13545       1.0223
   13546       1.0495
   13547       1.0309
   13548       0.9626
   13549       1.0061
   13550       1.0253
   13551       1.0753
   13552       1.0237
   13553       0.9753
   13554       1.0225
   13555       1.0112
   13556       1.0459
   13557       1.0352
   13558       0.9785
   13559       1.0736
   13560       1.0665
   13561       1.0545
   13562       1.0633
   13563       1.0743
   13564       1.0745
   13565       0.9803
   13566       1.0336
   13567       1.0469
   13568       0.9118
   13569       0.9979
   13570       1.1223
   13571       1.0730
   13572       1.0807
   13573       0.9957
   13574       0.9478
   13575       1.0586
   13576       1.0865
   13577       0.9972
   13578       1.0102
   13579       1.0837
   13580       1.1435
   13581       1.2019
   13582       1.1314
   13583       1.1459
   13584       1.1518
   13585       1.1397
   13586       1.0963
   13587       1.1769
   13588       1.0464
   13589       1.0745
   13590       0.9825
   13591       1.2607
   13592       1.0659
   13593       1.0349
   13594       1.0519
   13595       1.0122
   13596       1.0154
   13597       1.0716
   13598       1.0196
   13599       1.0449
   13600       0.9842
   13601       0.9760
   13602       0.9978
   13603       0.9499
   13604       1.0619
   13605       1.0388
   13606       0.9893
   13607       0.9921
   13608       1.0527
   13609       1.1394
   13610       1.1085
   13611       1.1303
   13612       0.9970
   13613       1.0562
   13614       1.0702
   13615       1.0753
   13616       1.0602
   13617       1.1066
   13618       1.1007
   13619       0.9895
   13620       1.0450
   13621       1.1338
   13622       1.0635
   13623       1.1354
   13624       0.9289
   13625       0.9837
   13626       0.9479
   13627       0.9501
   13628       1.0815
   13629       1.0887
   13630       1.0765
   13631       1.1003
   13632       1.1140
   13633       1.0811
   13634       1.0325
   13635       1.0077
   13636       0.9992
   13637       1.0477
   13638       1.2094
   13639       1.1814
   13640       1.1358
   13641       1.0129
   13642       1.1310
   13643       1.0186
   13644       1.1995
   13645       1.1103
   13646       1.1607
   13647       1.0337
   13648       1.1420
   13649       1.1792
   13650       1.2059
   13651       1.1204
   13652       1.0790
   13653       1.1286
   13654       1.1110
   13655       1.1445
   13656       1.1407
   13657       1.1232
   13658       1.0326
   13659       1.1816
   13660       1.0755
   13661       0.9774
   13662       1.0033
   13663       1.0197
   13664       0.9542
   13665       0.9254
   13666       1.0212
   13667       1.0240
   13668       1.0576
   13669       0.9712
   13670       1.0446
   13671       1.0261
   13672       1.0090
   13673       1.0343
   13674       1.1009
   13675       1.0266
   13676       1.0397
   13677       0.9866
   13678       0.9608
   13679       1.0866
   13680       1.0043
   13681       1.0278
   13682       1.1383
   13683       1.1190
   13684       1.0293
   13685       1.0603
   13686       1.0785
   13687       1.0300
   13688       0.9936
   13689       1.0903
   13690       1.0935
   13691       1.0618
   13692       1.1014
   13693       1.1575
   13694       1.0400
   13695       1.0878
   13696       1.1723
   13697       1.0677
   13698       1.0777
   13699       1.1464
   13700       1.1567
   13701       1.2140
   13702       1.1210
   13703       1.2030
   13704       1.0822
   13705       1.1964
   13706       1.1350
   13707       1.2050
   13708       1.1739
   13709       1.1523
   13710       1.0798
   13711       1.0974
   13712       1.1207
   13713       1.1130
   13714       1.1302
   13715       1.0222
   13716       1.0077
   13717       1.1800
   13718       1.1783
   13719       1.1067
   13720       1.1517
   13721       1.0682
   13722       1.0863
   13723       1.0647
   13724       0.9739
   13725       0.9600
   13726       1.0061
   13727       0.9355
   13728       0.9796
   13729       1.0739
   13730       1.0974
   13731       1.0828
   13732       1.1387
   13733       1.0483
   13734       1.1187
   13735       1.0182
   13736       0.9548
   13737       1.1276
   13738       1.1586
   13739       1.1108
   13740       0.9283
   13741       1.0219
   13742       0.9455
   13743       1.0143
   13744       1.0553
   13745       1.0408
   13746       1.1168
   13747       1.1197
   13748       1.1125
   13749       1.0261
   13750       1.1641
   13751       1.0373
   13752       0.9839
   13753       0.9589
   13754       0.9712
   13755       1.0283
   13756       1.0841
   13757       1.0634
   13758       1.1011
   13759       1.0668
   13760       1.0438
   13761       0.9525
   13762       0.9917
   13763       1.0523
   13764       1.0792
   13765       1.1124
   13766       1.0075
   13767       1.0227
   13768       0.9924
   13769       0.9771
   13770       1.0951
   13771       1.0746
   13772       1.0729
   13773       1.1039
   13774       0.9827
   13775       1.1415
   13776       1.0780
   13777       1.1709
   13778       1.1302
   13779       1.0226
   13780       1.1558
   13781       0.9555
   13782       1.0357
   13783       0.8926
   13784       0.9024
   13785       1.0527
   13786       1.0486
   13787       1.0642
   13788       0.9669
   13789       0.9958
   13790       1.0528
   13791       1.0501
   13792       1.2393
   13793       1.1237
   13794       0.9623
   13795       0.9561
   13796       1.0396
   13797       1.0269
   13798       1.1096
   13799       0.9171
   13800       1.1407
   13801       1.0533
   13802       1.0666
   13803       1.0193
   13804       1.2406
   13805       1.1029
   13806       1.2072
   13807       1.0701
   13808       1.1366
   13809       1.1348
   13810       1.1169
   13811       1.1718
   13812       1.0864
   13813       1.1679
   13814       1.1784
   13815       1.1690
   13816       1.1013
   13817       1.1886
   13818       1.0643
   13819       1.1105
   13820       1.2089
   13821       1.1541
   13822       1.0437
   13823       1.0711
   13824       1.0842
   13825       1.1497
   13826       1.1735
   13827       1.0454
   13828       1.1092
   13829       1.1315
   13830       1.1520
   13831       1.1168
   13832       1.0560
   13833       1.1945
   13834       1.1183
   13835       1.1756
   13836       1.1378
   13837       1.1005
   13838       1.0475
   13839       1.0497
   13840       1.2066
   13841       1.0839
   13842       1.0696
   13843       1.0642
   13844       1.2552
   13845       1.1268
   13846       0.9860
   13847       1.1632
   13848       1.0769
   13849       1.0239
   13850       1.1265
   13851       1.0904
   13852       1.0466
   13853       1.0793
   13854       1.1363
   13855       1.0821
   13856       1.1005
   13857       1.0522
   13858       1.1698
   13859       1.1552
   13860       1.1358
   13861       1.1360
   13862       1.1145
   13863       1.1828
   13864       1.1481
   13865       1.2398
   13866       1.1657
   13867       1.1290
   13868       1.1286
   13869       1.1404
   13870       1.1437
   13871       1.2771
   13872       0.9868
   13873       1.1286
   13874       1.0178
   13875       1.0876
   13876       0.8985
   13877       1.0211
   13878       1.0296
   13879       0.9554
   13880       1.0851
   13881       1.0765
   13882       1.0978
   13883       1.0812
   13884       1.1600
   13885       1.0616
   13886       1.1287
   13887       1.0555
   13888       1.0296
   13889       1.0175
   13890       1.1310
   13891       1.0902
   13892       1.1080
   13893       1.0796
   13894       1.0924
   13895       1.1028
   13896       1.1070
   13897       1.0394
   13898       1.0106
   13899       1.1587
   13900       1.0208
   13901       1.1273
   13902       1.0883
   13903       1.0529
   13904       1.0861
   13905       1.0017
   13906       1.0902
   13907       1.0988
   13908       1.0323
   13909       1.0890
   13910       1.0119
   13911       1.0402
   13912       1.0276
   13913       1.0983
   13914       1.1712
   13915       1.0483
   13916       1.0321
   13917       1.0736
   13918       1.0909
   13919       1.0184
   13920       1.1112
   13921       1.0414
   13922       1.1654
   13923       1.0137
   13924       1.1329
   13925       1.1413
   13926       1.1651
   13927       1.0763
   13928       1.0443
   13929       1.0934
   13930       1.1599
   13931       1.1437
   13932       1.0981
   13933       1.1331
   13934       1.0560
   13935       0.9608
   13936       1.1381
   13937       1.1299
   13938       1.0979
   13939       1.2025
   13940       1.1628
   13941       1.0727
   13942       1.0289
   13943       1.0692
   13944       1.0572
   13945       1.2183
   13946       1.0901
   13947       1.1458
   13948       1.2287
   13949       1.2247
   13950       1.1492
   13951       1.2014
   13952       1.2947
   13953       1.1989
   13954       1.1913
   13955       1.1163
   13956       1.0922
   13957       1.0503
   13958       1.0450
   13959       0.9591
   13960       1.0135
   13961       1.0488
   13962       0.9898
   13963       1.0935
   13964       1.1071
   13965       1.0667
   13966       0.9649
   13967       1.0892
   13968       1.0552
   13969       1.0475
   13970       0.9285
   13971       0.9977
   13972       0.9715
   13973       0.9884
   13974       0.9099
   13975       0.9825
   13976       1.0240
   13977       1.0774
   13978       1.0464
   13979       1.1211
   13980       1.0343
   13981       1.1222
   13982       1.0896
   13983       1.1151
   13984       0.9328
   13985       0.9414
   13986       1.0071
   13987       1.0677
   13988       1.0602
   13989       1.1078
   13990       1.1188
   13991       1.0892
   13992       1.0645
   13993       1.0094
   13994       1.0408
   13995       1.1694
   13996       1.1335
   13997       1.1248
   13998       1.0888
   13999       1.0564
   14000       1.0713
   14001       1.1714
   14002       1.1134
   14003       1.1050
   14004       1.1506
   14005       1.1228
   14006       1.1267
   14007       1.1232
   14008       1.1615
   14009       1.1310
   14010       1.1980
   14011       1.1402
   14012       1.2930
   14013       1.2047
   14014       1.1362
   14015       1.1817
   14016       1.0133
   14017       1.1544
   14018       0.9737
   14019       1.0748
   14020       0.9890
   14021       1.0431
   14022       0.9656
   14023       1.0632
   14024       1.0850
   14025       1.1378
   14026       1.2060
   14027       1.1161
   14028       1.0879
   14029       1.1354
   14030       1.0942
   14031       1.0186
   14032       0.9795
   14033       1.0895
   14034       1.1073
   14035       1.1010
   14036       1.1876
   14037       1.0901
   14038       1.1003
   14039       1.0825
   14040       1.0308
   14041       0.9891
   14042       0.9872
   14043       1.0409
   14044       1.1337
   14045       1.1716
   14046       1.1515
   14047       1.1951
   14048       1.1896
   14049       1.1726
   14050       1.0687
   14051       1.1127
   14052       1.1124
   14053       1.0519
   14054       1.1298
   14055       1.1995
   14056       1.1507
   14057       1.1134
   14058       1.0832
   14059       1.0997
   14060       1.0447
   14061       1.0074
   14062       0.9813
   14063       1.1077
   14064       1.1612
   14065       1.0323
   14066       0.9759
   14067       1.0931
   14068       1.0150
   14069       0.9481
   14070       1.1109
   14071       1.0058
   14072       1.0363
   14073       0.9773
   14074       0.9676
   14075       1.0822
   14076       1.1221
   14077       1.0880
   14078       1.0257
   14079       1.0169
   14080       1.0344
   14081       1.1194
   14082       1.0783
   14083       1.0701
   14084       1.0240
   14085       1.0423
   14086       0.9906
   14087       1.0800
   14088       0.9938
   14089       1.0296
   14090       0.9585
   14091       0.9538
   14092       1.0135
   14093       0.9401
   14094       0.9813
   14095       0.9628
   14096       0.9615
   14097       0.9925
   14098       0.9651
   14099       1.0797
   14100       1.0362
   14101       1.0235
   14102       0.9621
   14103       0.9666
   14104       0.8486
   14105       0.8986
   14106       0.9457
   14107       1.0088
   14108       1.0224
   14109       0.9775
   14110       1.0387
   14111       1.0953
   14112       0.9668
   14113       1.0501
   14114       0.9905
   14115       0.9560
   14116       0.9875
   14117       1.1015
   14118       1.0921
   14119       1.0891
   14120       1.0684
   14121       1.0418
   14122       0.9662
   14123       1.0643
   14124       1.0365
   14125       1.1418
   14126       0.9990
   14127       1.0575
   14128       1.1129
   14129       1.1432
   14130       0.9883
   14131       1.1410
   14132       1.1062
   14133       1.0142
   14134       1.1265
   14135       1.0078
   14136       1.1479
   14137       1.0719
   14138       1.1312
   14139       1.0293
   14140       1.1264
   14141       1.1615
   14142       1.0412
   14143       1.0724
   14144       1.0735
   14145       0.9892
   14146       1.0149
   14147       1.1170
   14148       1.0830
   14149       1.1560
   14150       1.1126
   14151       1.0149
   14152       1.0347
   14153       1.1021
   14154       1.0578
   14155       1.1357
   14156       1.1093
   14157       1.0988
   14158       1.2662
   14159       1.1345
   14160       0.9997
   14161       1.1060
   14162       0.9943
   14163       1.0222
   14164       1.0316
   14165       0.9950
   14166       1.0115
   14167       1.0557
   14168       1.0764
   14169       0.9790
   14170       1.0856
   14171       1.0872
   14172       1.1085
   14173       1.1216
   14174       1.1356
   14175       0.9953
   14176       0.9326
   14177       1.0532
   14178       1.0122
   14179       1.0200
   14180       1.0549
   14181       1.0266
   14182       1.0071
   14183       1.0024
   14184       1.0777
   14185       1.0972
   14186       1.1150
   14187       1.1460
   14188       1.1238
   14189       1.1264
   14190       1.0616
   14191       1.1484
   14192       1.1207
   14193       1.0193
   14194       1.1882
   14195       1.1621
   14196       1.0947
   14197       1.1277
   14198       1.1565
   14199       1.2039
   14200       1.2838
   14201       1.1758
   14202       1.0541
   14203       1.1630
   14204       1.1107
   14205       1.0879
   14206       1.0101
   14207       1.0558
   14208       1.0441
   14209       0.9873
   14210       1.0011
   14211       1.0645
   14212       1.0126
   14213       1.0077
   14214       0.9637
   14215       1.0805
   14216       1.0025
   14217       1.0886
   14218       1.0163
   14219       1.0373
   14220       0.9653
   14221       1.0373
   14222       1.1253
   14223       1.1421
   14224       1.1065
   14225       1.2182
   14226       1.1034
   14227       1.0714
   14228       1.0503
   14229       1.1069
   14230       0.9552
   14231       1.1056
   14232       0.9792
   14233       1.0976
   14234       1.0700
   14235       1.1074
   14236       1.0597
   14237       1.0387
   14238       1.0526
   14239       1.1154
   14240       1.0594
   14241       1.1069
   14242       1.1357
   14243       1.1406
   14244       1.1537
   14245       0.9888
   14246       1.0958
   14247       1.0177
   14248       0.9895
   14249       1.1073
   14250       1.0035
   14251       0.9794
   14252       1.0473
   14253       1.0363
   14254       1.0047
   14255       1.0413
   14256       1.0897
   14257       1.0057
   14258       1.0198
   14259       0.9978
   14260       1.0382
   14261       1.0959
   14262       1.1373
   14263       0.9987
   14264       1.0889
   14265       1.1085
   14266       1.0806
   14267       1.1165
   14268       1.0540
   14269       1.0403
   14270       1.1729
   14271       1.1858
   14272       1.0536
   14273       1.2337
   14274       1.1146
   14275       1.1010
   14276       1.1669
   14277       1.1228
   14278       1.1220
   14279       1.1483
   14280       1.1946
   14281       1.0879
   14282       1.0428
   14283       1.0479
   14284       1.1335
   14285       1.1401
   14286       0.9508
   14287       1.0352
   14288       1.0142
   14289       0.9747
   14290       1.0532
   14291       1.0961
   14292       1.1107
   14293       1.1728
   14294       1.1404
   14295       1.1519
   14296       1.0604
   14297       1.0905
   14298       1.1147
   14299       1.0263
   14300       1.0203
   14301       1.1133
   14302       1.1347
   14303       1.1127
   14304       1.0867
   14305       1.0510
   14306       1.0380
   14307       1.0127
   14308       1.0098
   14309       1.0378
   14310       0.9982
   14311       1.0139
   14312       1.0959
   14313       1.1336
   14314       1.0572
   14315       0.9609
   14316       1.0895
   14317       1.1015
   14318       1.1130
   14319       1.1198
   14320       1.1878
   14321       1.1701
   14322       1.1527
   14323       1.1051
   14324       1.0639
   14325       1.0982
   14326       1.0976
   14327       1.0291
   14328       1.0874
   14329       1.1180
   14330       1.1502
   14331       1.0784
   14332       1.0940
   14333       1.0945
   14334       1.0911
   14335       1.0805
   14336       1.1625
   14337       1.0231
   14338       1.0704
   14339       1.0264
   14340       1.0521
   14341       1.1877
   14342       1.1751
   14343       1.0120
   14344       1.0458
   14345       1.1537
   14346       1.0730
   14347       1.1224
   14348       1.0090
   14349       0.9826
   14350       1.0244
   14351       0.9833
   14352       0.9459
   14353       1.0049
   14354       1.0781
   14355       1.0418
   14356       1.1026
   14357       1.0204
   14358       1.0675
   14359       1.0933
   14360       1.0731
   14361       1.0078
   14362       0.9624
   14363       0.9851
   14364       1.0205
   14365       1.0412
   14366       0.9826
   14367       1.1448
   14368       1.1039
   14369       1.1272
   14370       1.2088
   14371       1.2364
   14372       1.2379
   14373       1.1965
   14374       1.0511
   14375       1.0642
   14376       1.1406
   14377       1.1181
   14378       1.0201
   14379       1.0436
   14380       0.9915
   14381       1.0259
   14382       1.0668
   14383       1.1433
   14384       1.0759
   14385       0.9959
   14386       0.9974
   14387       0.9811
   14388       0.9977
   14389       1.0277
   14390       0.9541
   14391       1.0636
   14392       0.9836
   14393       0.9974
   14394       0.9864
   14395       1.1099
   14396       0.9986
   14397       0.9773
   14398       0.9905
   14399       0.9806
   14400       1.1008
   14401       1.0210
   14402       1.0499
   14403       1.0332
   14404       1.0692
   14405       1.0119
   14406       0.9746
   14407       1.0233
   14408       1.0189
   14409       1.1138
   14410       1.0465
   14411       0.9189
   14412       1.0222
   14413       0.9614
   14414       0.9849
   14415       1.0870
   14416       0.9261
   14417       0.9439
   14418       1.0255
   14419       0.9915
   14420       0.9091
   14421       1.0347
   14422       0.9045
   14423       0.8964
   14424       0.9810
   14425       0.9351
   14426       0.9536
   14427       0.9894
   14428       1.0485
   14429       0.9303
   14430       0.9589
   14431       0.9743
   14432       1.0928
   14433       1.0649
   14434       1.0180
   14435       0.9885
   14436       1.0166
   14437       1.0668
   14438       1.0836
   14439       1.1049
   14440       1.1065
   14441       1.0436
   14442       1.1370
   14443       1.0705
   14444       1.0855
   14445       1.0757
   14446       0.9805
   14447       0.9930
   14448       1.0518
   14449       1.0438
   14450       1.0405
   14451       0.9858
   14452       0.9920
   14453       1.0513
   14454       1.1039
   14455       1.0412
   14456       1.0920
   14457       1.0949
   14458       1.1072
   14459       1.1094
   14460       1.0931
   14461       1.1373
   14462       1.1787
   14463       1.0824
   14464       1.0184
   14465       1.0762
   14466       1.0636
   14467       1.1004
   14468       1.0384
   14469       1.0756
   14470       1.1178
   14471       1.0969
   14472       1.1647
   14473       1.1569
   14474       1.0969
   14475       1.0544
   14476       0.9816
   14477       1.1083
   14478       1.0682
   14479       1.0968
   14480       1.1531
   14481       1.1646
   14482       1.0833
   14483       1.1583
   14484       1.0792
   14485       1.1331
   14486       1.0775
   14487       1.1824
   14488       1.2208
   14489       1.2392
   14490       1.2106
   14491       1.2673
   14492       1.0946
   14493       1.1403
   14494       1.0443
   14495       1.1879
   14496       1.1605
   14497       1.0002
   14498       1.0721
   14499       1.0235
   14500       1.1039
   14501       1.0829
   14502       1.0533
   14503       1.0862
   14504       1.0364
   14505       1.0644
   14506       1.0464
   14507       0.9959
   14508       1.0823
   14509       1.0843
   14510       1.0212
   14511       1.1422
   14512       1.1463
   14513       1.0617
   14514       1.2032
   14515       1.0441
   14516       1.1004
   14517       1.0444
   14518       1.0463
   14519       1.1052
   14520       1.0829
   14521       1.0525
   14522       1.0304
   14523       1.0953
   14524       1.0842
   14525       1.1024
   14526       1.0673
   14527       1.1201
   14528       1.1499
   14529       0.9421
   14530       1.1537
   14531       1.1265
   14532       1.2043
   14533       1.2654
   14534       1.1650
   14535       1.0824
   14536       1.0970
   14537       1.1600
   14538       1.0197
   14539       1.0521
   14540       1.0901
   14541       1.0765
   14542       1.0529
   14543       1.0248
   14544       1.0508
   14545       0.9778
   14546       0.9978
   14547       1.1234
   14548       1.0576
   14549       1.0589
   14550       1.1225
   14551       1.1031
   14552       1.0985
   14553       1.0949
   14554       1.0663
   14555       1.0770
   14556       1.0677
   14557       1.0753
   14558       1.1721
   14559       1.1548
   14560       1.2097
   14561       1.1559
   14562       1.0419
   14563       1.1749
   14564       1.2198
   14565       1.0807
   14566       1.1487
   14567       1.1400
   14568       1.0353
   14569       1.1243
   14570       1.1275
   14571       1.0612
   14572       1.1241
   14573       1.1173
   14574       1.1031
   14575       1.1580
   14576       1.1572
   14577       1.0681
   14578       1.0184
   14579       1.0707
   14580       1.0988
   14581       1.1684
   14582       1.0855
   14583       1.0612
   14584       1.0356
   14585       1.0041
   14586       1.0643
   14587       1.1291
   14588       1.0235
   14589       1.1305
   14590       1.2839
   14591       1.1530
   14592       1.1088
   14593       1.1113
   14594       1.0594
   14595       1.0968
   14596       1.0076
   14597       1.0036
   14598       1.0066
   14599       1.0072
   14600       1.0260
   14601       1.0737
   14602       1.1199
   14603       1.1641
   14604       1.0420
   14605       1.0615
   14606       1.1009
   14607       1.1462
   14608       1.0215
   14609       1.0673
   14610       1.1722
   14611       1.1416
   14612       0.9900
   14613       1.0431
   14614       1.1205
   14615       1.0710
   14616       1.1459
   14617       1.2087
   14618       1.1291
   14619       1.1494
   14620       1.1447
   14621       1.1817
   14622       1.1137
   14623       1.1181
   14624       1.0369
   14625       1.2329
   14626       1.1986
   14627       1.1887
   14628       1.2009
   14629       1.1124
   14630       1.1521
   14631       1.1055
   14632       1.1154
   14633       1.1343
   14634       1.0689
   14635       1.0038
   14636       0.9760
   14637       1.0245
   14638       1.0603
   14639       1.0096
   14640       0.9831
   14641       1.0848
   14642       1.2338
   14643       1.1314
   14644       1.1741
   14645       1.1007
   14646       1.2480
   14647       1.2033
   14648       1.2277
   14649       1.1469
   14650       1.2111
   14651       1.2610
   14652       1.2421
   14653       1.2213
   14654       1.2887
   14655       1.2570
   14656       1.1613
   14657       1.1932
   14658       1.2431
   14659       1.1284
   14660       1.1148
   14661       1.0265
   14662       1.3330
   14663       1.2810
   14664       1.3000
   14665       1.1699
   14666       1.2710
   14667       1.1036
   14668       1.0613
   14669       1.0713
   14670       1.1988
   14671       1.1695
   14672       0.9764
   14673       1.0710
   14674       1.0946
   14675       1.0971
   14676       0.9897
   14677       1.0398
   14678       1.0799
   14679       1.1183
   14680       1.0607
   14681       1.1354
   14682       1.1229
   14683       1.1692
   14684       1.1907
   14685       1.0998
   14686       1.1624
   14687       1.2229
   14688       1.1811
   14689       1.1494
   14690       1.1511
   14691       1.1432
   14692       1.1338
   14693       1.1332
   14694       1.2223
   14695       1.1896
   14696       1.2523
   14697       1.2056
   14698       1.2077
   14699       1.2093
   14700       1.4326
   14701       1.2629
   14702       1.2055
   14703       1.1734
   14704       1.2719
   14705       1.1600
   14706       1.1895
   14707       1.2165
   14708       1.2183
   14709       1.2222
   14710       1.1975
   14711       1.2285
   14712       1.2877
   14713       1.1945
   14714       1.2124
   14715       1.2656
   14716       1.1983
   14717       1.3003
   14718       1.2100
   14719       1.1692
   14720       1.3720
   14721       1.2749
   14722       1.3080
   14723       1.2420
   14724       1.2404
   14725       1.3905
   14726       1.2093
   14727       1.1669
   14728       1.2778
   14729       1.3179
   14730       1.3138
   14731       1.3298
   14732       1.2098
   14733       1.2025
   14734       1.1926
   14735       1.1304
   14736       1.0982
   14737       1.1038
   14738       1.1992
   14739       1.1984
   14740       1.1970
   14741       1.0674
   14742       1.1345
   14743       1.2148
   14744       1.1934
   14745       1.1331
   14746       1.1226
   14747       1.0061
   14748       1.0690
   14749       1.0379
   14750       1.0681
   14751       1.0782
   14752       1.0007
   14753       1.1829
   14754       1.1107
   14755       1.0977
   14756       1.0790
   14757       1.1993
   14758       1.0222
   14759       1.0600
   14760       1.0643
   14761       1.1270
   14762       1.0680
   14763       1.1662
   14764       1.2140
   14765       1.2863
   14766       1.0868
   14767       1.1515
   14768       1.1912
   14769       1.3080
   14770       1.2096
   14771       1.1451
   14772       1.1216
   14773       1.1256
   14774       1.1648
   14775       1.2050
   14776       1.3332
   14777       1.1808
   14778       1.1854
   14779       1.2076
   14780       1.1778
   14781       1.0993
   14782       1.1257
   14783       1.2982
   14784       1.3926
   14785       1.2388
   14786       1.1590
   14787       1.2197
   14788       1.1803
   14789       1.1889
   14790       1.0538
   14791       1.0669
   14792       1.0811
   14793       1.1608
   14794       1.1557
   14795       1.0262
   14796       1.0895
   14797       1.0459
   14798       1.0352
   14799       1.0943
   14800       1.0686
   14801       1.0185
   14802       1.1194
   14803       1.0894
   14804       1.0597
   14805       1.0714
   14806       1.1381
   14807       1.1685
   14808       1.1085
   14809       1.0383
   14810       1.1175
   14811       1.2353
   14812       1.2118
   14813       1.2106
   14814       1.1214
   14815       1.0120
   14816       1.1956
   14817       1.2069
   14818       1.2778
   14819       1.2686
   14820       1.2336
   14821       1.1301
   14822       1.1552
   14823       1.0234
   14824       1.2063
   14825       1.1380
   14826       1.0304
   14827       1.1232
   14828       1.1462
   14829       1.2119
   14830       1.1709
   14831       1.2484
   14832       1.1378
   14833       1.1682
   14834       1.1209
   14835       1.1798
   14836       1.1204
   14837       1.2542
   14838       1.1403
   14839       1.0954
   14840       1.0504
   14841       1.0270
   14842       1.1658
   14843       1.2137
   14844       1.2072
   14845       1.2154
   14846       1.1313
   14847       1.1545
   14848       1.0920
   14849       1.1454
   14850       1.1514
   14851       1.1492
   14852       1.1137
   14853       1.2144
   14854       1.1095
   14855       1.0564
   14856       1.2014
   14857       1.1220
   14858       1.0523
   14859       1.1051
   14860       1.1449
   14861       1.1402
   14862       1.1781
   14863       1.0863
   14864       1.1497
   14865       1.1593
   14866       1.1850
   14867       1.0445
   14868       1.0176
   14869       1.0285
   14870       1.1325
   14871       1.0460
   14872       1.0727
   14873       0.9914
   14874       1.0696
   14875       0.9911
   14876       0.9730
   14877       0.9842
   14878       0.9213
   14879       0.9632
   14880       0.9238
   14881       1.0609
   14882       0.9968
   14883       1.0614
   14884       1.0813
   14885       1.0873
   14886       0.9915
   14887       1.0990
   14888       1.0089
   14889       1.0267
   14890       1.1362
   14891       1.1770
   14892       1.2016
   14893       1.1611
   14894       1.0889
   14895       1.2137
   14896       1.0592
   14897       1.1251
   14898       1.0958
   14899       1.1745
   14900       1.3307
   14901       1.2774
   14902       1.1720
   14903       1.1691
   14904       1.1217
   14905       1.1420
   14906       1.1273
   14907       1.2287
   14908       1.2453
   14909       1.1343
   14910       1.0684
   14911       1.2490
   14912       1.1256
   14913       1.2739
   14914       1.1948
   14915       1.2440
   14916       1.2412
   14917       1.3733
   14918       1.3414
   14919       1.2584
   14920       1.1075
   14921       1.2343
   14922       1.2206
   14923       1.1764
   14924       1.2855
   14925       1.3224
   14926       1.2332
   14927       1.2294
   14928       1.3328
   14929       1.2866
   14930       1.1696
   14931       1.1422
   14932       1.1788
   14933       1.2972
   14934       1.1521
   14935       1.1243
   14936       1.2174
   14937       1.0669
   14938       1.1449
   14939       1.1967
   14940       1.1030
   14941       1.1482
   14942       1.2142
   14943       1.2060
   14944       1.1888
   14945       1.2076
   14946       1.1810
   14947       1.1900
   14948       1.1295
   14949       1.1163
   14950       1.1501
   14951       1.2243
   14952       1.1132
   14953       1.1701
   14954       1.1666
   14955       1.2167
   14956       1.1368
   14957       1.1005
   14958       1.1131
   14959       1.1752
   14960       1.1106
   14961       1.1246
   14962       1.0255
   14963       1.0735
   14964       1.0645
   14965       1.1212
   14966       1.2009
   14967       1.2795
   14968       1.2516
   14969       1.1321
   14970       1.2906
   14971       1.2872
   14972       1.3525
   14973       1.2977
   14974       1.1340
   14975       1.0239
   14976       1.1111
   14977       1.1420
   14978       1.1809
   14979       1.1342
   14980       1.1378
   14981       1.1032
   14982       1.1424
   14983       1.0552
   14984       1.1021
   14985       1.0318
   14986       1.0928
   14987       1.1252
   14988       1.1133
   14989       1.1194
   14990       1.1036
   14991       1.0247
   14992       1.0486
   14993       1.0658
   14994       1.0989
   14995       1.0795
   14996       1.0361
   14997       1.0457
   14998       0.9956
   14999       1.0893
   15000       1.0867
   15001       1.1190
   15002       1.1400
   15003       1.1336
   15004       1.2517
   15005       1.1195
   15006       1.2276
   15007       1.0877
   15008       1.1871
   15009       1.2589
   15010       1.1001
   15011       1.0749
   15012       0.9866
   15013       1.1316
   15014       1.1590
   15015       1.0756
   15016       1.1299
   15017       1.1063
   15018       1.1154
   15019       1.0428
   15020       1.0274
   15021       1.1038
   15022       1.0835
   15023       1.1556
   15024       1.0158
   15025       1.0632
   15026       1.0339
   15027       1.1399
   15028       1.1482
   15029       1.1909
   15030       1.1012
   15031       1.0862
   15032       1.0290
   15033       1.0546
   15034       1.1381
   15035       1.1285
   15036       1.1446
   15037       1.0868
   15038       1.1200
   15039       1.0859
   15040       1.0053
   15041       1.0861
   15042       0.9588
   15043       1.0369
   15044       1.0272
   15045       1.0499
   15046       1.0979
   15047       1.0775
   15048       1.0865
   15049       1.1167
   15050       1.1252
   15051       1.0696
   15052       1.1069
   15053       1.1686
   15054       1.1388
   15055       1.1240
   15056       1.1162
   15057       1.1026
   15058       1.0134
   15059       1.0783
   15060       1.1396
   15061       1.0541
   15062       1.0487
   15063       1.0656
   15064       1.0486
   15065       1.1916
   15066       1.1044
   15067       1.1346
   15068       1.0823
   15069       1.1233
   15070       1.1640
   15071       1.0988
   15072       1.1047
   15073       1.0767
   15074       0.9942
   15075       1.0994
   15076       1.2213
   15077       1.0209
   15078       1.0476
   15079       1.1665
   15080       1.2442
   15081       1.3345
   15082       1.0971
   15083       1.0899
   15084       0.9401
   15085       1.0177
   15086       0.9872
   15087       1.1036
   15088       1.1437
   15089       1.1593
   15090       1.2717
   15091       1.1848
   15092       1.1444
   15093       1.1466
   15094       1.2081
   15095       1.0817
   15096       1.1220
   15097       1.0276
   15098       1.1450
   15099       1.1508
   15100       1.2064
   15101       1.1539
   15102       1.1566
   15103       1.0583
   15104       1.1506
   15105       1.0608
   15106       1.0835
   15107       1.2675
   15108       1.1977
   15109       1.2639
   15110       1.3618
   15111       1.2373
   15112       1.2142
   15113       1.1197
   15114       1.2289
   15115       1.1403
   15116       0.9592
   15117       1.2161
   15118       1.2257
   15119       1.0997
   15120       1.2000
   15121       1.1216
   15122       1.2987
   15123       1.1435
   15124       1.1335
   15125       1.1365
   15126       1.2205
   15127       1.0562
   15128       1.0965
   15129       1.0881
   15130       1.1297
   15131       1.1254
   15132       0.9993
   15133       0.9714
   15134       0.9791
   15135       0.9359
   15136       0.9988
   15137       1.0180
   15138       0.9546
   15139       0.9577
   15140       0.9378
   15141       1.0340
   15142       1.1101
   15143       1.1107
   15144       0.9887
   15145       1.0403
   15146       1.2235
   15147       1.1381
   15148       1.0979
   15149       1.1074
   15150       1.1690
   15151       1.0908
   15152       1.0830
   15153       1.0963
   15154       1.0405
   15155       1.1640
   15156       1.1554
   15157       1.0945
   15158       1.1706
   15159       1.0867
   15160       1.1791
   15161       1.1537
   15162       1.1910
   15163       1.1425
   15164       1.0802
   15165       1.1711
   15166       1.1781
   15167       1.1421
   15168       1.1297
   15169       1.1203
   15170       0.9378
   15171       1.0891
   15172       1.0849
   15173       1.0068
   15174       1.0034
   15175       1.1233
   15176       1.0378
   15177       1.0786
   15178       0.9683
   15179       0.8840
   15180       1.0302
   15181       0.9875
   15182       0.9783
   15183       0.9505
   15184       0.8158
   15185       0.9468
   15186       1.0333
   15187       0.9690
   15188       0.9796
   15189       1.1291
   15190       1.2033
   15191       1.1057
   15192       1.0953
   15193       1.1038
   15194       1.1106
   15195       1.1355
   15196       0.9847
   15197       1.0169
   15198       1.0203
   15199       1.1308
   15200       1.1244
   15201       1.1225
   15202       1.1265
   15203       1.2281
   15204       1.2076
   15205       1.1747
   15206       1.0613
   15207       1.1757
   15208       0.9695
   15209       0.9451
   15210       1.0830
   15211       1.1630
   15212       1.1352
   15213       1.0809
   15214       1.1272
   15215       1.1060
   15216       1.0342
   15217       1.0419
   15218       1.0639
   15219       1.1440
   15220       1.0277
   15221       1.1827
   15222       1.0766
   15223       1.0172
   15224       1.0886
   15225       1.0254
   15226       0.9865
   15227       0.9589
   15228       0.9242
   15229       0.9495
   15230       1.0230
   15231       0.9170
   15232       1.0244
   15233       1.0575
   15234       1.0497
   15235       1.0700
   15236       1.0023
   15237       1.0860
   15238       1.0973
   15239       1.0646
   15240       1.0384
   15241       1.0145
   15242       1.0074
   15243       1.1285
   15244       1.0774
   15245       1.0330
   15246       0.9910
   15247       0.9820
   15248       0.9804
   15249       1.0178
   15250       0.9523
   15251       0.9736
   15252       0.9829
   15253       0.9748
   15254       1.1237
   15255       1.1405
   15256       1.0579
   15257       0.9759
   15258       0.9662
   15259       1.0358
   15260       1.1232
   15261       1.0359
   15262       1.0716
   15263       1.1140
   15264       1.0576
   15265       1.0857
   15266       1.1404
   15267       1.1097
   15268       1.0453
   15269       1.0712
   15270       1.0175
   15271       0.9852
   15272       1.0700
   15273       0.9932
   15274       0.9507
   15275       0.7768
   15276       0.8426
   15277       0.9829
   15278       1.0093
   15279       1.0896
   15280       1.0465
   15281       1.0764
   15282       1.1155
   15283       1.0902
   15284       1.0401
   15285       1.0042
   15286       1.0835
   15287       1.0642
   15288       1.0318
   15289       0.9602
   15290       0.9810
   15291       0.9741
   15292       1.0228
   15293       0.9815
   15294       1.0058
   15295       1.0049
   15296       1.0350
   15297       0.9774
   15298       0.9900
   15299       1.0848
   15300       1.0422
   15301       1.0855
   15302       1.1967
   15303       1.0766
   15304       1.0122
   15305       1.0075
   15306       1.0453
   15307       1.0109
   15308       1.0858
   15309       1.0608
   15310       0.9938
   15311       0.9467
   15312       0.9376
   15313       0.9835
   15314       0.9490
   15315       1.0070
   15316       1.0663
   15317       0.9859
   15318       0.9892
   15319       0.9610
   15320       0.9499
   15321       1.0295
   15322       0.9364
   15323       1.0047
   15324       1.0756
   15325       1.0724
   15326       0.9075
   15327       1.1170
   15328       1.0856
   15329       1.0344
   15330       1.0127
   15331       1.1780
   15332       1.0694
   15333       1.0779
   15334       1.1848
   15335       1.0376
   15336       1.1833
   15337       1.0836
   15338       1.1832
   15339       1.0243
   15340       0.9809
   15341       0.9338
   15342       0.9689
   15343       1.0661
   15344       1.1273
   15345       1.0341
   15346       1.0961
   15347       1.0368
   15348       1.0191
   15349       0.9868
   15350       1.0454
   15351       1.1109
   15352       1.1419
   15353       1.1156
   15354       1.0808
   15355       1.0338
   15356       0.9762
   15357       1.0881
   15358       1.0149
   15359       1.0546
   15360       1.0646
   15361       1.0538
   15362       1.1654
   15363       1.1717
   15364       1.0496
   15365       1.0614
   15366       0.9577
   15367       0.9468
   15368       0.9977
   15369       1.0014
   15370       1.0195
   15371       0.9478
   15372       1.0081
   15373       0.9581
   15374       1.0156
   15375       0.9869
   15376       0.9572
   15377       0.9928
   15378       0.9815
   15379       0.8924
   15380       0.9811
   15381       0.9842
   15382       0.9429
   15383       1.0172
   15384       1.0105
   15385       0.9714
   15386       0.8948
   15387       0.9331
   15388       0.9911
   15389       0.9348
   15390       0.9352
   15391       0.9544
   15392       1.0269
   15393       0.9780
   15394       0.9436
   15395       0.9184
   15396       1.0142
   15397       1.0190
   15398       0.9863
   15399       1.0372
   15400       1.0112
   15401       1.0001
   15402       0.9803
   15403       0.9427
   15404       1.0555
   15405       1.0535
   15406       0.9825
   15407       0.9721
   15408       0.9685
   15409       0.9301
   15410       0.9998
   15411       0.8761
   15412       0.9240
   15413       0.9701
   15414       0.8938
   15415       0.9809
   15416       0.9129
   15417       0.9800
   15418       0.9974
   15419       0.9950
   15420       1.0073
   15421       1.0572
   15422       1.0366
   15423       1.0197
   15424       1.0389
   15425       1.1058
   15426       1.1500
   15427       1.1135
   15428       1.0730
   15429       1.0645
   15430       1.1448
   15431       1.1435
   15432       1.1769
   15433       1.0319
   15434       1.1296
   15435       0.9815
   15436       1.1096
   15437       1.1573
   15438       1.2382
   15439       1.0264
   15440       1.1996
   15441       1.1102
   15442       1.1042
   15443       1.1318
   15444       1.1362
   15445       1.1094
   15446       1.0588
   15447       1.1215
   15448       1.1700
   15449       1.1048
   15450       1.1115
   15451       1.0437
   15452       0.9961
   15453       1.0004
   15454       1.0572
   15455       1.0771
   15456       1.0355
   15457       1.0306
   15458       1.0151
   15459       1.1054
   15460       1.1932
   15461       1.2300
   15462       1.1742
   15463       1.0170
   15464       1.1080
   15465       1.0136
   15466       1.0264
   15467       1.0849
   15468       1.1727
   15469       1.1904
   15470       1.1340
   15471       1.0100
   15472       1.0419
   15473       1.0989
   15474       1.0946
   15475       1.0643
   15476       1.1586
   15477       1.1875
   15478       1.0175
   15479       1.0984
   15480       1.0461
   15481       1.1269
   15482       1.0266
   15483       0.9856
   15484       1.1128
   15485       1.0526
   15486       1.0716
   15487       1.1152
   15488       1.0741
   15489       1.0228
   15490       1.1116
   15491       1.0828
   15492       1.0270
   15493       1.1013
   15494       1.0493
   15495       1.0662
   15496       1.0147
   15497       1.0748
   15498       0.9983
   15499       1.0428
   15500       1.0619
   15501       1.0503
   15502       1.1450
   15503       1.0335
   15504       0.9589
   15505       0.9913
   15506       1.0094
   15507       0.9829
   15508       0.9934
   15509       1.0349
   15510       0.9932
   15511       1.0391
   15512       1.1074
   15513       1.0378
   15514       1.1266
   15515       0.9878
   15516       0.9999
   15517       1.0463
   15518       1.0340
   15519       0.9890
   15520       1.0058
   15521       0.9571
   15522       0.9597
   15523       0.9911
   15524       1.0686
   15525       0.9812
   15526       0.8710
   15527       0.8783
   15528       1.0451
   15529       0.9580
   15530       0.9488
   15531       0.9811
   15532       0.9911
   15533       0.9677
   15534       0.9356
   15535       1.0378
   15536       0.9997
   15537       1.0190
   15538       0.9815
   15539       0.9353
   15540       1.0026
   15541       0.9519
   15542       0.9566
   15543       0.9538
   15544       0.9911
   15545       1.0182
   15546       1.0459
   15547       1.0239
   15548       1.0435
   15549       1.1564
   15550       1.1818
   15551       1.0592
   15552       1.0591
   15553       1.1658
   15554       1.1342
   15555       1.1136
   15556       1.1195
   15557       1.1942
   15558       1.2205
   15559       1.1293
   15560       1.0625
   15561       1.0430
   15562       1.0921
   15563       1.2279
   15564       1.1091
   15565       1.1167
   15566       1.1434
   15567       1.0817
   15568       0.9901
   15569       1.1087
   15570       1.0403
   15571       0.9687
   15572       0.9477
   15573       1.1541
   15574       0.9648
   15575       0.9743
   15576       0.9751
   15577       1.0276
   15578       1.0773
   15579       0.9876
   15580       1.0417
   15581       0.9595
   15582       1.0673
   15583       1.0494
   15584       1.0970
   15585       1.0239
   15586       1.0311
   15587       1.0107
   15588       1.0185
   15589       1.0320
   15590       1.0697
   15591       1.1659
   15592       1.1024
   15593       0.9962
   15594       1.0660
   15595       1.0828
   15596       1.1353
   15597       1.1799
   15598       1.1897
   15599       1.1496
   15600       1.1043
   15601       1.0796
   15602       1.1423
   15603       1.1766
   15604       1.1435
   15605       1.1304
   15606       1.1847
   15607       1.1505
   15608       1.2107
   15609       1.0593
   15610       1.0386
   15611       1.0260
   15612       1.0264
   15613       1.0416
   15614       1.0141
   15615       1.0470
   15616       1.0548
   15617       1.1396
   15618       1.1661
   15619       1.1358
   15620       1.0987
   15621       1.1639
   15622       0.9900
   15623       1.0205
   15624       0.9613
   15625       0.9184
   15626       1.0445
   15627       1.0470
   15628       0.9752
   15629       0.9350
   15630       1.0913
   15631       1.0704
   15632       0.9620
   15633       0.9687
   15634       0.8765
   15635       1.0206
   15636       0.9293
   15637       1.0449
   15638       1.0516
   15639       1.0488
   15640       1.0503
   15641       1.0709
   15642       1.1615
   15643       1.0505
   15644       1.1136
   15645       1.1591
   15646       0.9883
   15647       1.1605
   15648       1.0811
   15649       1.0090
   15650       1.1156
   15651       1.1592
   15652       1.0533
   15653       1.1362
   15654       1.0660
   15655       1.0084
   15656       1.1116
   15657       1.0012
   15658       1.0828
   15659       1.1958
   15660       0.9902
   15661       1.0172
   15662       1.0416
   15663       1.0230
   15664       1.1960
   15665       1.1647
   15666       1.0846
   15667       1.0028
   15668       1.0784
   15669       1.1187
   15670       1.1366
   15671       0.9275
   15672       1.0595
   15673       1.0955
   15674       1.1337
   15675       1.1245
   15676       1.1061
   15677       1.1176
   15678       1.1124
   15679       1.0066
   15680       1.1650
   15681       1.1472
   15682       1.0084
   15683       1.2156
   15684       1.1472
   15685       1.1145
   15686       1.2133
   15687       1.1227
   15688       1.1793
   15689       1.1119
   15690       1.0659
   15691       1.0553
   15692       0.9840
   15693       1.0460
   15694       1.1239
   15695       1.1896
   15696       1.0609
   15697       1.2156
   15698       1.1194
   15699       1.2437
   15700       1.1833
   15701       1.2977
   15702       1.2362
   15703       1.1890
   15704       1.1018
   15705       1.1003
   15706       1.0966
   15707       1.1398
   15708       0.9772
   15709       1.0228
   15710       1.0255
   15711       1.0663
   15712       1.1823
   15713       1.1205
   15714       1.0804
   15715       1.0520
   15716       1.1365
   15717       1.1325
   15718       1.0537
   15719       1.1262
   15720       1.0838
   15721       1.1282
   15722       1.0202
   15723       0.9612
   15724       1.0559
   15725       1.0730
   15726       1.0883
   15727       1.0258
   15728       1.0929
   15729       1.0979
   15730       1.1281
   15731       1.0975
   15732       1.1625
   15733       1.1403
   15734       1.0796
   15735       1.0986
   15736       1.0794
   15737       1.1044
   15738       1.1448
   15739       1.0703
   15740       1.1871
   15741       1.1737
   15742       1.0954
   15743       1.1634
   15744       1.2108
   15745       1.2367
   15746       1.0604
   15747       1.1202
   15748       1.1528
   15749       1.0799
   15750       1.0656
   15751       1.0399
   15752       1.0501
   15753       0.9941
   15754       1.0811
   15755       1.0773
   15756       1.1544
   15757       1.1383
   15758       1.1978
   15759       1.1936
   15760       1.0388
   15761       1.1785
   15762       0.9606
   15763       1.0720
   15764       1.1483
   15765       1.1353
   15766       1.0096
   15767       1.1333
   15768       1.2083
   15769       1.1289
   15770       1.0596
   15771       1.0065
   15772       1.1303
   15773       1.0598
   15774       1.2383
   15775       1.1021
   15776       1.1737
   15777       1.1605
   15778       1.1619
   15779       1.1395
   15780       1.1222
   15781       1.1471
   15782       1.2651
   15783       0.9933
   15784       1.0260
   15785       1.0232
   15786       1.0171
   15787       1.0131
   15788       1.0108
   15789       1.0795
   15790       1.2158
   15791       1.1934
   15792       1.1895
   15793       1.1445
   15794       1.2169
   15795       1.2344
   15796       1.2021
   15797       1.2676
   15798       1.1204
   15799       1.2479
   15800       1.2017
   15801       1.2036
   15802       0.9697
   15803       1.1289
   15804       1.1597
   15805       1.2356
   15806       1.1460
   15807       1.1110
   15808       1.1445
   15809       1.1064
   15810       1.0929
   15811       1.0939
   15812       1.1821
   15813       1.1614
   15814       1.1689
   15815       1.3141
   15816       1.1790
   15817       1.1799
   15818       1.3202
   15819       1.2598
   15820       1.3006
   15821       1.2132
   15822       1.2262
   15823       1.2442
   15824       1.2047
   15825       1.2352
   15826       1.1563
   15827       1.0806
   15828       1.1261
   15829       1.1601
   15830       1.1469
   15831       1.1262
   15832       1.1202
   15833       1.0645
   15834       1.0846
   15835       1.0709
   15836       0.9959
   15837       1.0525
   15838       1.0420
   15839       1.0418
   15840       1.0690
   15841       1.0371
   15842       1.0688
   15843       1.0988
   15844       0.9717
   15845       1.0517
   15846       1.0007
   15847       0.9698
   15848       0.9341
   15849       0.9346
   15850       0.9179
   15851       1.0029
   15852       0.9290
   15853       1.0489
   15854       1.0116
   15855       1.0711
   15856       1.0045
   15857       1.0112
   15858       1.1115
   15859       1.1285
   15860       1.0085
   15861       1.1634
   15862       1.0271
   15863       1.1341
   15864       1.0782
   15865       1.0443
   15866       1.0386
   15867       1.1467
   15868       1.0961
   15869       0.9970
   15870       1.0235
   15871       0.9749
   15872       1.0696
   15873       1.0302
   15874       1.0935
   15875       1.1159
   15876       1.2059
   15877       1.1739
   15878       1.1430
   15879       1.0997
   15880       1.1399
   15881       1.0317
   15882       1.1029
   15883       1.1797
   15884       1.1525
   15885       1.1554
   15886       1.1195
   15887       1.1799
   15888       1.2957
   15889       1.1651
   15890       1.0315
   15891       1.1148
   15892       1.1167
   15893       1.0615
   15894       1.0120
   15895       1.1203
   15896       1.0735
   15897       0.9929
   15898       1.0757
   15899       1.0325
   15900       1.0255
   15901       0.9490
   15902       1.0965
   15903       1.0483
   15904       0.9806
   15905       0.9526
   15906       1.0343
   15907       1.0848
   15908       0.9615
   15909       0.9355
   15910       1.0320
   15911       1.1500
   15912       1.0540
   15913       1.0946
   15914       1.1512
   15915       1.1481
   15916       1.0405
   15917       1.1618
   15918       1.2306
   15919       1.3031
   15920       1.3566
   15921       1.2491
   15922       1.0117
   15923       1.0875
   15924       1.0783
   15925       1.1901
   15926       1.1092
   15927       1.0643
   15928       1.0155
   15929       1.1354
   15930       1.0605
   15931       1.1366
   15932       1.1246
   15933       1.0827
   15934       1.0988
   15935       1.0915
   15936       1.1835
   15937       1.2964
   15938       1.1707
   15939       1.1997
   15940       1.2113
   15941       1.1646
   15942       1.1382
   15943       1.0773
   15944       1.1391
   15945       1.1181
   15946       1.1326
   15947       1.1280
   15948       1.0908
   15949       1.0978
   15950       1.0679
   15951       1.0590
   15952       1.0246
   15953       1.1687
   15954       1.1108
   15955       1.1972
   15956       1.1557
   15957       1.1177
   15958       1.1586
   15959       1.2290
   15960       1.1736
   15961       1.1892
   15962       1.1599
   15963       1.2388
   15964       1.2956
   15965       1.1764
   15966       1.2326
   15967       1.2362
   15968       1.2995
   15969       1.2656
   15970       1.2651
   15971       1.2291
   15972       1.1346
   15973       1.1277
   15974       1.1471
   15975       1.1970
   15976       1.1514
   15977       1.0191
   15978       1.1028
   15979       1.1212
   15980       1.1805
   15981       1.1711
   15982       1.0936
   15983       1.1969
   15984       1.1210
   15985       1.2256
   15986       1.1415
   15987       1.1155
   15988       1.0876
   15989       1.2121
   15990       1.1737
   15991       1.1083
   15992       1.1977
   15993       1.0802
   15994       1.1510
   15995       1.1211
   15996       1.1342
   15997       1.1316
   15998       1.1001
   15999       1.1843
   16000       1.1761
   16001       1.2327
   16002       1.1202
   16003       1.0416
   16004       1.0676
   16005       1.1490
   16006       1.1105
   16007       1.1489
   16008       1.1110
   16009       1.1489
   16010       1.1695
   16011       1.1115
   16012       1.1059
   16013       1.1219
   16014       1.1747
   16015       1.1257
   16016       1.1758
   16017       1.0397
   16018       1.1119
   16019       1.1069
   16020       1.1611
   16021       1.1735
   16022       1.1506
   16023       1.2444
   16024       1.2116
   16025       1.1224
   16026       1.0737
   16027       1.0353
   16028       1.1237
   16029       1.0295
   16030       1.0278
   16031       1.0764
   16032       1.1093
   16033       1.0954
   16034       1.1066
   16035       1.1175
   16036       1.0676
   16037       1.1229
   16038       1.0674
   16039       0.9899
   16040       0.9394
   16041       1.0721
   16042       0.9610
   16043       1.0666
   16044       1.0831
   16045       1.1098
   16046       1.2096
   16047       1.2346
   16048       1.2342
   16049       1.2559
   16050       1.2040
   16051       1.1837
   16052       1.2031
   16053       1.1787
   16054       1.1360
   16055       1.0841
   16056       1.1513
   16057       1.1188
   16058       1.1888
   16059       1.2248
   16060       1.1413
   16061       1.1870
   16062       1.1799
   16063       1.1860
   16064       1.2126
   16065       1.1116
   16066       1.1244
   16067       1.1085
   16068       1.1150
   16069       1.2366
   16070       1.2725
   16071       1.2008
   16072       1.2000
   16073       1.2152
   16074       1.1824
   16075       1.0600
   16076       1.1582
   16077       1.1807
   16078       1.1601
   16079       1.1242
   16080       1.0732
   16081       1.1446
   16082       1.1405
   16083       1.1830
   16084       1.2850
   16085       1.1756
   16086       1.1609
   16087       1.2454
   16088       1.1923
   16089       1.3935
   16090       1.2053
   16091       1.1873
   16092       1.2096
   16093       1.2105
   16094       1.2971
   16095       1.2052
   16096       1.3327
   16097       1.1333
   16098       1.1709
   16099       1.1659
   16100       1.2362
   16101       1.1342
   16102       1.1437
   16103       1.1672
   16104       1.1734
   16105       1.2127
   16106       1.2235
   16107       1.1057
   16108       1.0972
   16109       1.1889
   16110       1.1931
   16111       1.2840
   16112       1.1225
   16113       1.1578
   16114       1.1178
   16115       1.2171
   16116       1.2220
   16117       1.2022
   16118       1.1185
   16119       1.1182
   16120       1.2048
   16121       1.2365
   16122       1.1289
   16123       1.2353
   16124       1.2364
   16125       1.1257
   16126       1.2200
   16127       1.1611
   16128       1.1599
   16129       1.1458
   16130       1.2221
   16131       1.2514
   16132       1.1438
   16133       1.1689
   16134       1.3068
   16135       1.2648
   16136       1.1952
   16137       1.2474
   16138       1.2695
   16139       1.2277
   16140       1.1291
   16141       1.2135
   16142       1.1218
   16143       1.1111
   16144       1.1371
   16145       1.2572
   16146       1.1503
   16147       1.2591
   16148       1.3338
   16149       1.1426
   16150       1.2859
   16151       1.1944
   16152       1.1795
   16153       1.2580
   16154       1.2478
   16155       1.2505
   16156       1.2515
   16157       1.1329
   16158       1.2040
   16159       1.0650
   16160       1.2484
   16161       1.2027
   16162       1.1594
   16163       1.2476
   16164       1.1617
   16165       1.3070
   16166       1.2466
   16167       1.2407
   16168       1.2040
   16169       1.1448
   16170       1.2240
   16171       1.2757
   16172       1.1078
   16173       1.0145
   16174       1.0897
   16175       1.2801
   16176       1.0696
   16177       1.0718
   16178       1.1515
   16179       1.1554
   16180       1.0759
   16181       1.0690
   16182       1.1128
   16183       1.1621
   16184       1.2830
   16185       1.1854
   16186       1.0701
   16187       1.1450
   16188       1.1751
   16189       1.1441
   16190       1.2806
   16191       1.2136
   16192       1.2795
   16193       1.1792
   16194       1.2459
   16195       1.0734
   16196       1.1181
   16197       1.2513
   16198       1.3301
   16199       1.2031
   16200       1.2257
   16201       1.1872
   16202       1.2646
   16203       1.2616
   16204       1.2208
   16205       1.2184
   16206       1.1775
   16207       1.1981
   16208       1.2147
   16209       1.2272
   16210       1.2129
   16211       1.2811
   16212       1.3064
   16213       1.2118
   16214       1.2781
   16215       1.1745
   16216       1.2102
   16217       1.0792
   16218       1.2673
   16219       1.2827
   16220       1.2139
   16221       1.1855
   16222       1.1301
   16223       1.2074
   16224       1.2480
   16225       1.1328
   16226       1.2157
   16227       1.1421
   16228       1.0985
   16229       1.0865
   16230       1.1848
   16231       1.1550
   16232       1.1143
   16233       1.2038
   16234       1.1707
   16235       1.1758
   16236       1.0849
   16237       1.1069
   16238       1.0080
   16239       1.0874
   16240       1.1667
   16241       1.1157
   16242       0.9892
   16243       1.1836
   16244       1.0624
   16245       1.1237
   16246       1.0959
   16247       1.1083
   16248       1.0815
   16249       1.0264
   16250       1.1182
   16251       1.1006
   16252       1.1066
   16253       1.1876
   16254       0.9925
   16255       1.0374
   16256       1.0759
   16257       1.1535
   16258       1.1063
   16259       1.1326
   16260       1.0961
   16261       1.1383
   16262       1.0529
   16263       0.9929
   16264       1.1249
   16265       1.1095
   16266       1.0104
   16267       0.9784
   16268       0.9339
   16269       1.0368
   16270       1.0029
   16271       1.0303
   16272       1.1043
   16273       1.0937
   16274       1.1172
   16275       1.0871
   16276       1.1473
   16277       1.1523
   16278       1.0421
   16279       0.9352
   16280       1.0499
   16281       1.0831
   16282       1.0615
   16283       1.0295
   16284       1.0362
   16285       1.0401
   16286       1.1415
   16287       1.0585
   16288       1.0639
   16289       1.2297
   16290       1.2171
   16291       1.0271
   16292       1.0714
   16293       1.1109
   16294       1.0848
   16295       1.1531
   16296       1.1000
   16297       0.9939
   16298       0.9940
   16299       1.0770
   16300       0.9603
   16301       1.0463
   16302       0.9949
   16303       1.0716
   16304       1.0668
   16305       1.1009
   16306       1.1171
   16307       1.1857
   16308       1.0564
   16309       1.2003
   16310       1.0976
   16311       1.0717
   16312       1.0286
   16313       1.1316
   16314       1.1429
   16315       1.1398
   16316       1.1057
   16317       1.0709
   16318       1.0477
   16319       1.1119
   16320       1.1983
   16321       1.1200
   16322       1.0675
   16323       0.9511
   16324       0.9315
   16325       0.9871
   16326       0.9537
   16327       0.9886
   16328       1.0330
   16329       1.0301
   16330       0.9152
   16331       1.0470
   16332       1.0289
   16333       1.0203
   16334       1.0838
   16335       1.0937
   16336       1.0655
   16337       0.9879
   16338       0.9988
   16339       1.0562
   16340       1.0380
   16341       1.1210
   16342       1.0962
   16343       1.0278
   16344       1.1098
   16345       1.1394
   16346       1.1336
   16347       1.2330
   16348       1.1092
   16349       1.1547
   16350       1.2171
   16351       1.1460
   16352       1.1241
   16353       1.1818
   16354       1.0713
   16355       1.1412
   16356       1.1541
   16357       1.2242
   16358       1.1940
   16359       1.1978
   16360       1.1675
   16361       1.2204
   16362       1.2189
   16363       1.1867
   16364       1.1525
   16365       1.1360
   16366       1.1598
   16367       1.1552
   16368       1.0991
   16369       1.0719
   16370       1.1602
   16371       1.1357
   16372       1.2111
   16373       1.1088
   16374       1.2995
   16375       1.2121
   16376       1.1206
   16377       1.3115
   16378       1.2461
   16379       1.2003
   16380       1.2941
   16381       1.1638
   16382       1.1228
   16383       1.1508
   16384       1.2930
   16385       1.2047
   16386       1.1230
   16387       1.1691
   16388       1.1782
   16389       1.1221
   16390       1.1558
   16391       1.1604
   16392       1.1593
   16393       1.1667
   16394       1.1486
   16395       1.1250
   16396       1.1125
   16397       1.1977
   16398       1.2203
   16399       1.1589
   16400       1.1952
   16401       1.1448
   16402       1.1053
   16403       1.1019
   16404       1.0495
   16405       1.0885
   16406       1.0441
   16407       1.1167
   16408       1.0478
   16409       1.0719
   16410       1.1587
   16411       1.1344
   16412       1.0932
   16413       1.0249
   16414       1.0171
   16415       1.1187
   16416       1.1937
   16417       1.1588
   16418       1.1736
   16419       1.1059
   16420       1.1364
   16421       1.0814
   16422       0.9924
   16423       1.2077
   16424       1.1949
   16425       1.2138
   16426       1.2081
   16427       1.2892
   16428       1.3140
   16429       1.2215
   16430       1.2572
   16431       1.1865
   16432       1.1941
   16433       1.2133
   16434       1.2098
   16435       1.1871
   16436       1.2381
   16437       1.1203
   16438       1.2176
   16439       1.2200
   16440       1.1629
   16441       1.1541
   16442       1.1613
   16443       1.1541
   16444       1.0518
   16445       1.1135
   16446       1.2584
   16447       1.2166
   16448       1.1544
   16449       1.3459
   16450       1.1781
   16451       1.2586
   16452       1.2019
   16453       1.0736
   16454       1.1508
   16455       1.2149
   16456       1.1126
   16457       1.1407
   16458       1.1617
   16459       1.1925
   16460       1.2028
   16461       1.2027
   16462       1.2435
   16463       1.1339
   16464       1.2724
   16465       1.2073
   16466       1.1629
   16467       1.2822
   16468       1.3339
   16469       1.2379
   16470       1.3440
   16471       1.3108
   16472       1.2488
   16473       1.2593
   16474       1.1683
   16475       1.1224
   16476       1.1496
   16477       1.2264
   16478       1.1883
   16479       1.2214
   16480       1.0535
   16481       1.1952
   16482       1.2579
   16483       1.4004
   16484       1.3254
   16485       1.2505
   16486       1.2805
   16487       1.2244
   16488       1.1960
   16489       1.2154
   16490       1.1881
   16491       1.2087
   16492       1.2512
   16493       1.2025
   16494       1.1309
   16495       1.2717
   16496       1.0968
   16497       1.2234
   16498       1.2711
   16499       1.2253
   16500       1.1881
   16501       1.0657
   16502       1.2270
   16503       1.3149
   16504       1.2219
   16505       1.3266
   16506       1.2813
   16507       1.2151
   16508       1.2573
   16509       1.2903
   16510       1.3839
   16511       1.1584
   16512       1.1149
   16513       1.1813
   16514       1.1563
   16515       1.1966
   16516       1.2150
   16517       1.1061
   16518       1.1994
   16519       1.1729
   16520       1.2086
   16521       1.1126
   16522       1.1657
   16523       1.2363
   16524       1.0995
   16525       1.1257
   16526       1.0891
   16527       1.1932
   16528       1.2423
   16529       1.2613
   16530       1.2350
   16531       1.2345
   16532       1.2537
   16533       1.1468
   16534       1.1824
   16535       1.1622
   16536       1.0705
   16537       1.1756
   16538       1.0762
   16539       1.2475
   16540       1.1439
   16541       1.1162
   16542       1.0751
   16543       1.1606
   16544       1.1716
   16545       1.2207
   16546       1.1823
   16547       1.1469
   16548       1.2083
   16549       1.2524
   16550       1.2821
   16551       1.2831
   16552       1.3312
   16553       1.2376
   16554       1.1920
   16555       1.1154
   16556       1.1721
   16557       1.2179
   16558       1.2816
   16559       1.2923
   16560       1.2526
   16561       1.2072
   16562       1.2144
   16563       1.2177
   16564       1.1794
   16565       1.2244
   16566       1.1527
   16567       1.1815
   16568       1.1980
   16569       1.0636
   16570       1.2042
   16571       1.1203
   16572       1.3187
   16573       1.1448
   16574       1.2078
   16575       1.2256
   16576       1.1637
   16577       1.1751
   16578       1.1632
   16579       1.1337
   16580       1.1608
   16581       1.1322
   16582       1.2241
   16583       1.1807
   16584       1.3183
   16585       1.2357
   16586       1.2337
   16587       1.0817
   16588       1.0628
   16589       1.2600
   16590       1.1413
   16591       1.1068
   16592       1.1200
   16593       1.0918
   16594       1.1094
   16595       1.0217
   16596       1.0567
   16597       1.0920
   16598       1.0586
   16599       1.0915
   16600       1.1177
   16601       1.2034
   16602       1.2053
   16603       1.3206
   16604       1.1527
   16605       1.2679
   16606       1.2169
   16607       1.1738
   16608       1.1460
   16609       1.2058
   16610       1.2486
   16611       1.2062
   16612       1.2503
   16613       1.2481
   16614       1.2463
   16615       1.2235
   16616       1.0886
   16617       1.1666
   16618       1.1913
   16619       1.2506
   16620       1.1080
   16621       1.2905
   16622       1.1637
   16623       1.1738
   16624       1.0475
   16625       1.0890
   16626       1.1470
   16627       1.1038
   16628       1.1679
   16629       1.1577
   16630       1.0531
   16631       1.0488
   16632       1.2256
   16633       1.1165
   16634       1.1232
   16635       1.2551
   16636       1.0846
   16637       1.1667
   16638       1.0132
   16639       1.0657
   16640       1.0439
   16641       1.0369
   16642       1.0057
   16643       1.0471
   16644       0.9730
   16645       1.0956
   16646       1.0998
   16647       1.1418
   16648       1.1455
   16649       1.1642
   16650       1.0908
   16651       1.0857
   16652       1.0611
   16653       1.1492
   16654       1.0701
   16655       1.1254
   16656       1.0458
   16657       1.0221
   16658       0.9957
   16659       1.0055
   16660       1.0413
   16661       1.0195
   16662       0.9838
   16663       1.0006
   16664       1.0332
   16665       1.0752
   16666       1.1383
   16667       1.0379
   16668       1.1255
   16669       1.0236
   16670       1.0880
   16671       1.0331
   16672       0.9960
   16673       1.0028
   16674       1.0030
   16675       0.9887
   16676       0.9991
   16677       0.9741
   16678       1.1286
   16679       1.0283
   16680       1.0861
   16681       0.9646
   16682       1.0296
   16683       1.0922
   16684       1.0996
   16685       1.0735
   16686       1.0114
   16687       1.1222
   16688       1.0773
   16689       1.1837
   16690       1.0232
   16691       1.0068
   16692       1.0693
   16693       1.0795
   16694       1.0955
   16695       1.1885
   16696       1.1096
   16697       1.2637
   16698       1.2239
   16699       1.1745
   16700       1.1784
   16701       1.1398
   16702       1.1251
   16703       1.1084
   16704       1.2230
   16705       1.2666
   16706       1.1038
   16707       1.1389
   16708       1.0599
   16709       1.0661
   16710       1.1269
   16711       1.2215
   16712       1.1912
   16713       1.2338
   16714       1.1574
   16715       1.0757
   16716       1.1402
   16717       1.2363
   16718       1.2943
   16719       1.1164
   16720       1.2078
   16721       1.1598
   16722       1.1207
   16723       1.0886
   16724       1.1532
   16725       1.3043
   16726       1.1646
   16727       1.1034
   16728       1.2135
   16729       1.1263
   16730       1.1158
   16731       1.0997
   16732       1.1207
   16733       1.2700
   16734       1.1596
   16735       1.1818
   16736       1.2852
   16737       1.1344
   16738       1.0947
   16739       1.1967
   16740       1.1491
   16741       1.1757
   16742       1.1537
   16743       1.1433
   16744       1.1892
   16745       1.0249
   16746       1.1443
   16747       1.2456
   16748       1.1409
   16749       1.1032
   16750       1.0772
   16751       1.1013
   16752       1.0777
   16753       1.0999
   16754       1.1808
   16755       1.2376
   16756       1.1753
   16757       1.1911
   16758       1.0532
   16759       1.0828
   16760       1.0831
   16761       1.0764
   16762       1.1502
   16763       1.1204
   16764       1.1184
   16765       1.2512
   16766       1.1451
   16767       1.1758
   16768       1.1138
   16769       0.9791
   16770       1.1180
   16771       1.1580
   16772       1.1301
   16773       1.1113
   16774       1.0021
   16775       1.0245
   16776       1.0380
   16777       1.1216
   16778       1.1002
   16779       1.1784
   16780       1.2043
   16781       1.1239
   16782       1.1209
   16783       1.0832
   16784       1.1339
   16785       1.1946
   16786       1.0974
   16787       1.1167
   16788       1.1123
   16789       1.1695
   16790       1.1945
   16791       1.1087
   16792       1.1410
   16793       1.2107
   16794       1.1382
   16795       1.2008
   16796       1.2270
   16797       1.1778
   16798       1.1559
   16799       1.1508
   16800       1.1398
   16801       1.0798
   16802       1.1838
   16803       1.1841
   16804       1.1601
   16805       1.0929
   16806       1.0760
   16807       0.9676
   16808       1.1023
   16809       1.1718
   16810       1.1218
   16811       1.0273
   16812       1.0537
   16813       1.1192
   16814       1.1982
   16815       1.1405
   16816       1.1626
   16817       1.1695
   16818       1.0814
   16819       1.1813
   16820       1.1587
   16821       1.1901
   16822       1.1471
   16823       1.0976
   16824       0.9813
   16825       0.9495
   16826       1.0417
   16827       1.0154
   16828       1.0623
   16829       1.1055
   16830       1.1030
   16831       1.0584
   16832       1.0811
   16833       1.1941
   16834       1.0673
   16835       1.1661
   16836       1.1975
   16837       1.1627
   16838       1.0857
   16839       1.2041
   16840       1.1467
   16841       1.0142
   16842       1.1886
   16843       1.1305
   16844       1.1545
   16845       1.1433
   16846       1.1046
   16847       1.0847
   16848       1.3015
   16849       1.2304
   16850       1.1579
   16851       1.1784
   16852       1.1579
   16853       1.1966
   16854       1.0576
   16855       1.0646
   16856       1.0687
   16857       1.0967
   16858       1.1412
   16859       1.1199
   16860       1.0678
   16861       0.9849
   16862       1.0949
   16863       1.0449
   16864       1.1074
   16865       1.0581
   16866       1.1335
   16867       1.1635
   16868       1.1326
   16869       1.1592
   16870       1.3124
   16871       1.0774
   16872       1.1659
   16873       1.1203
   16874       1.0825
   16875       1.1267
   16876       1.1417
   16877       1.0858
   16878       0.9984
   16879       1.0280
   16880       1.0193
   16881       1.0296
   16882       1.0370
   16883       1.0501
   16884       1.0587
   16885       1.0783
   16886       1.2566
   16887       1.0580
   16888       1.0154
   16889       1.0263
   16890       0.8922
   16891       1.0110
   16892       1.0565
   16893       1.0648
   16894       1.0419
   16895       1.1568
   16896       1.0758
   16897       1.0286
   16898       1.1304
   16899       1.0137
   16900       1.1583
   16901       1.0964
   16902       1.1780
   16903       1.1368
   16904       1.1471
   16905       1.1339
   16906       1.0378
   16907       1.1785
   16908       1.1231
   16909       1.2747
   16910       1.1119
   16911       1.2922
   16912       1.1807
   16913       1.2708
   16914       1.1891
   16915       1.2605
   16916       1.2301
   16917       1.1647
   16918       1.1671
   16919       1.0798
   16920       1.1451
   16921       1.2205
   16922       1.0993
   16923       1.0305
   16924       1.1193
   16925       1.1124
   16926       1.2082
   16927       1.1558
   16928       1.0947
   16929       1.1085
   16930       1.0931
   16931       1.0243
   16932       1.1128
   16933       1.1688
   16934       1.2594
   16935       1.2223
   16936       1.1826
   16937       1.0979
   16938       1.1147
   16939       1.0941
   16940       1.1272
   16941       1.1712
   16942       1.1622
   16943       1.1459
   16944       1.1183
   16945       1.0933
   16946       1.2079
   16947       1.2321
   16948       1.0443
   16949       1.1128
   16950       1.1251
   16951       1.2303
   16952       1.1609
   16953       1.1394
   16954       1.1234
   16955       1.1610
   16956       1.1467
   16957       1.0491
   16958       1.1336
   16959       1.1754
   16960       1.1572
   16961       1.2337
   16962       1.1744
   16963       1.0661
   16964       1.1904
   16965       1.1834
   16966       1.1204
   16967       1.1593
   16968       1.0780
   16969       1.1090
   16970       1.1485
   16971       1.2922
   16972       1.1490
   16973       1.2461
   16974       1.1988
   16975       1.1565
   16976       1.1306
   16977       1.1098
   16978       1.1209
   16979       1.1646
   16980       1.1444
   16981       1.0927
   16982       1.2773
   16983       1.1055
   16984       1.1622
   16985       1.1455
   16986       1.1748
   16987       1.2261
   16988       1.1826
   16989       1.0898
   16990       1.1645
   16991       1.2044
   16992       1.1710
   16993       1.0636
   16994       1.1455
   16995       1.1972
   16996       1.2037
   16997       1.2090
   16998       1.2164
   16999       1.1986
   17000       1.1872
   17001       1.1203
   17002       1.1942
   17003       1.1072
   17004       1.2435
   17005       1.1761
   17006       1.0754
   17007       1.1174
   17008       1.0287
   17009       1.0528
   17010       1.0520
   17011       1.0569
   17012       1.0785
   17013       1.0602
   17014       1.0491
   17015       1.1081
   17016       1.0556
   17017       1.1744
   17018       1.1517
   17019       1.1867
   17020       1.2423
   17021       1.2676
   17022       1.1940
   17023       1.2403
   17024       1.2622
   17025       1.2076
   17026       1.3360
   17027       1.1532
   17028       1.2489
   17029       1.2225
   17030       1.2729
   17031       1.1699
   17032       1.1349
   17033       1.1032
   17034       1.1439
   17035       1.1603
   17036       1.0869
   17037       1.0141
   17038       1.0716
   17039       1.1951
   17040       1.1376
   17041       1.2168
   17042       1.1666
   17043       1.1257
   17044       1.1198
   17045       1.1057
   17046       1.2541
   17047       1.2825
   17048       1.0822
   17049       1.0410
   17050       1.0991
   17051       0.9995
   17052       0.9503
   17053       1.0929
   17054       1.0861
   17055       1.0815
   17056       1.0810
   17057       1.1315
   17058       1.1717
   17059       1.1101
   17060       1.0979
   17061       1.1171
   17062       1.0556
   17063       1.0552
   17064       1.1645
   17065       1.0676
   17066       0.9857
   17067       1.1769
   17068       1.0730
   17069       1.2882
   17070       1.2232
   17071       1.1080
   17072       1.1375
   17073       1.2483
   17074       1.2331
   17075       1.2463
   17076       1.1701
   17077       1.2109
   17078       1.1593
   17079       1.3267
   17080       1.1829
   17081       1.2202
   17082       1.1118
   17083       1.0652
   17084       1.0679
   17085       1.1127
   17086       1.1053
   17087       1.1820
   17088       1.1435
   17089       1.1782
   17090       1.0761
   17091       1.1161
   17092       1.2571
   17093       1.1257
   17094       1.1493
   17095       1.1605
   17096       1.1828
   17097       0.9446
   17098       1.0743
   17099       1.0987
   17100       1.1189
   17101       1.0767
   17102       1.0848
   17103       1.0246
   17104       1.1141
   17105       1.1346
   17106       1.1240
   17107       1.2732
   17108       1.3137
   17109       1.1408
   17110       0.9714
   17111       1.0359
   17112       1.1739
   17113       1.3001
   17114       1.1741
   17115       1.1809
   17116       1.2206
   17117       1.0932
   17118       1.0462
   17119       1.0334
   17120       1.2051
   17121       1.1646
   17122       1.0122
   17123       1.1534
   17124       1.2990
   17125       1.1268
   17126       1.0685
   17127       1.1912
   17128       1.1420
   17129       1.1756
   17130       1.1709
   17131       1.1699
   17132       1.1330
   17133       1.1463
   17134       1.2618
   17135       1.2174
   17136       1.2475
   17137       1.2168
   17138       1.3515
   17139       1.3886
   17140       1.0944
   17141       1.0545
   17142       1.0566
   17143       0.9632
   17144       1.0751
   17145       1.0465
   17146       1.0125
   17147       1.1442
   17148       1.2310
   17149       1.0828
   17150       1.1313
   17151       1.0834
   17152       1.0618
   17153       1.1677
   17154       1.1300
   17155       1.1802
   17156       1.1401
   17157       1.0885
   17158       1.1737
   17159       1.1878
   17160       1.0373
   17161       1.1261
   17162       1.1867
   17163       1.2560
   17164       1.1978
   17165       1.1300
   17166       1.2193
   17167       1.1829
   17168       1.3012
   17169       1.1695
   17170       1.1749
   17171       1.2468
   17172       1.1863
   17173       1.0392
   17174       1.2269
   17175       1.1404
   17176       1.2365
   17177       1.3432
   17178       1.2093
   17179       1.2861
   17180       1.1280
   17181       1.1827
   17182       1.1522
   17183       1.1735
   17184       1.0713
   17185       1.1069
   17186       1.0287
   17187       1.0392
   17188       1.0337
   17189       1.0222
   17190       1.0084
   17191       1.0993
   17192       0.9267
   17193       1.1210
   17194       1.1339
   17195       0.9782
   17196       0.9786
   17197       0.9376
   17198       0.9240
   17199       1.0171
   17200       1.0824
   17201       1.0860
   17202       0.9841
   17203       1.1174
   17204       1.1329
   17205       1.0685
   17206       1.1354
   17207       1.1897
   17208       1.0916
   17209       1.1187
   17210       1.1656
   17211       1.1397
   17212       1.1703
   17213       1.1619
   17214       1.2665
   17215       1.2153
   17216       1.1119
   17217       1.2086
   17218       1.0893
   17219       1.0213
   17220       1.1515
   17221       1.1899
   17222       1.1002
   17223       1.1586
   17224       1.1488
   17225       1.1278
   17226       1.1485
   17227       1.0236
   17228       1.2095
   17229       1.0963
   17230       1.1425
   17231       1.1449
   17232       1.2104
   17233       1.1126
   17234       1.2216
   17235       1.2619
   17236       1.2538
   17237       1.0629
   17238       1.2538
   17239       1.1737
   17240       1.0630
   17241       1.1312
   17242       1.0914
   17243       1.0548
   17244       1.0272
   17245       0.9781
   17246       1.1045
   17247       1.0270
   17248       1.0624
   17249       1.1647
   17250       1.1402
   17251       1.1431
   17252       1.2300
   17253       1.1331
   17254       1.1590
   17255       1.0752
   17256       1.0318
   17257       1.0064
   17258       1.0926
   17259       1.0501
   17260       0.9925
   17261       1.0180
   17262       0.9960
   17263       1.0217
   17264       1.0853
   17265       1.0669
   17266       1.0332
   17267       0.9049
   17268       1.0596
   17269       0.9983
   17270       1.0939
   17271       1.2047
   17272       1.0178
   17273       1.0915
   17274       1.1044
   17275       1.0397
   17276       1.1202
   17277       1.1002
   17278       1.0824
   17279       1.0474
   17280       1.1827
   17281       1.0864
   17282       1.0915
   17283       1.1223
   17284       1.1348
   17285       1.1636
   17286       1.1311
   17287       1.2258
   17288       1.1539
   17289       1.2519
   17290       1.2462
   17291       1.1284
   17292       1.1857
   17293       1.1712
   17294       1.2678
   17295       1.2811
   17296       1.3477
   17297       1.2222
   17298       1.0512
   17299       0.9905
   17300       1.1357
   17301       1.2803
   17302       1.1268
   17303       1.1132
   17304       1.1785
   17305       1.0807
   17306       1.1151
   17307       1.0925
   17308       1.1670
   17309       1.1643
   17310       1.0935
   17311       1.1915
   17312       1.1617
   17313       1.1091
   17314       1.1216
   17315       1.1240
   17316       1.1012
   17317       1.1823
   17318       1.1916
   17319       1.0973
   17320       1.1564
   17321       1.1033
   17322       1.0721
   17323       1.0533
   17324       0.9526
   17325       1.0136
   17326       1.0973
   17327       1.0244
   17328       0.9201
   17329       1.1111
   17330       1.1064
   17331       1.0901
   17332       1.0733
   17333       1.0561
   17334       0.9791
   17335       0.9548
   17336       0.9528
   17337       1.0734
   17338       1.0261
   17339       1.0699
   17340       1.0911
   17341       1.0841
   17342       1.0168
   17343       1.0524
   17344       1.2697
   17345       1.0891
   17346       1.0183
   17347       1.0703
   17348       1.0944
   17349       1.1256
   17350       1.0828
   17351       1.1291
   17352       1.2706
   17353       1.2112
   17354       1.1626
   17355       1.1153
   17356       1.0150
   17357       1.0273
   17358       1.0572
   17359       1.1504
   17360       1.0758
   17361       1.1144
   17362       1.2583
   17363       1.2274
   17364       1.1452
   17365       1.1933
   17366       1.2062
   17367       1.1843
   17368       1.2169
   17369       1.1137
   17370       1.1584
   17371       1.3021
   17372       1.2409
   17373       1.2068
   17374       1.1989
   17375       1.0967
   17376       1.0856
   17377       0.9710
   17378       1.1128
   17379       1.1731
   17380       1.0612
   17381       1.0676
   17382       1.1078
   17383       1.1110
   17384       1.0960
   17385       1.1428
   17386       1.0912
   17387       1.1551
   17388       1.1615
   17389       1.2378
   17390       1.1493
   17391       1.3134
   17392       1.1213
   17393       1.2296
   17394       1.1644
   17395       1.2147
   17396       1.0461
   17397       1.1174
   17398       1.1831
   17399       1.0752
   17400       1.0472
   17401       1.1100
   17402       1.0750
   17403       1.0393
   17404       1.0546
   17405       0.9795
   17406       1.0745
   17407       1.0162
   17408       1.0125
   17409       1.0652
   17410       1.0018
   17411       1.0444
   17412       1.1022
   17413       1.1154
   17414       1.1460
   17415       1.2979
   17416       1.1751
   17417       1.0938
   17418       1.1636
   17419       1.1650
   17420       1.0360
   17421       1.0654
   17422       1.0778
   17423       1.1561
   17424       1.0897
   17425       1.2259
   17426       1.0788
   17427       1.1171
   17428       1.1377
   17429       1.1127
   17430       1.0196
   17431       1.2097
   17432       1.1882
   17433       1.2081
   17434       1.1612
   17435       1.1254
   17436       1.1389
   17437       1.1154
   17438       1.1885
   17439       1.2138
   17440       1.1134
   17441       1.1678
   17442       1.1233
   17443       1.2132
   17444       1.1711
   17445       1.1697
   17446       1.1268
   17447       1.0059
   17448       1.0852
   17449       1.0868
   17450       1.1435
   17451       1.1151
   17452       1.2803
   17453       1.0094
   17454       1.0218
   17455       0.9814
   17456       1.0480
   17457       1.0019
   17458       1.0184
   17459       1.0609
   17460       1.0448
   17461       1.0031
   17462       1.0441
   17463       0.9726
   17464       1.0479
   17465       1.0380
   17466       1.0754
   17467       1.1601
   17468       1.2569
   17469       1.1111
   17470       1.0384
   17471       1.0454
   17472       1.0792
   17473       1.0751
   17474       1.0576
   17475       1.0950
   17476       1.0853
   17477       1.0251
   17478       1.0673
   17479       1.1112
   17480       1.1019
   17481       1.0610
   17482       1.1045
   17483       1.1401
   17484       1.0292
   17485       1.0956
   17486       1.1464
   17487       1.1198
   17488       1.1479
   17489       1.3394
   17490       1.2688
   17491       1.2606
   17492       1.1885
   17493       1.1979
   17494       1.2603
   17495       1.1573
   17496       1.2691
   17497       1.3139
   17498       1.1374
   17499       1.2484
   17500       1.1129
   17501       1.1014
   17502       1.1861
   17503       1.2071
   17504       1.2570
   17505       1.1832
   17506       1.2161
   17507       1.2067
   17508       1.1441
   17509       1.1426
   17510       1.0365
   17511       1.1292
   17512       1.0579
   17513       1.0826
   17514       1.1597
   17515       1.2606
   17516       1.2401
   17517       1.2693
   17518       1.3429
   17519       1.2891
   17520       1.3610
   17521       1.2831
   17522       1.2094
   17523       1.1597
   17524       1.1503
   17525       1.1583
   17526       1.0929
   17527       1.1786
   17528       1.1332
   17529       1.0315
   17530       1.0427
   17531       0.9529
   17532       1.0114
   17533       1.0216
   17534       1.1671
   17535       1.1509
   17536       1.0777
   17537       1.1436
   17538       1.1875
   17539       1.2618
   17540       1.2455
   17541       1.2058
   17542       1.1532
   17543       1.1465
   17544       1.1136
   17545       1.1078
   17546       1.1256
   17547       1.1501
   17548       1.0049
   17549       1.1017
   17550       1.1822
   17551       1.1308
   17552       1.1220
   17553       1.1640
   17554       1.2103
   17555       1.1748
   17556       1.1812
   17557       1.1652
   17558       1.2629
   17559       1.1222
   17560       1.0779
   17561       1.1735
   17562       1.2062
   17563       1.1201
   17564       1.2292
   17565       1.2227
   17566       1.1494
   17567       1.1092
   17568       0.9814
   17569       1.0962
   17570       1.1900
   17571       1.1455
   17572       1.2155
   17573       1.2662
   17574       1.2993
   17575       1.2239
   17576       1.1859
   17577       1.1751
   17578       1.2553
   17579       1.1124
   17580       1.0925
   17581       1.1699
   17582       1.2062
   17583       1.1225
   17584       1.1783
   17585       1.0381
   17586       1.0596
   17587       1.1370
   17588       1.1802
   17589       1.1727
   17590       1.1435
   17591       1.1388
   17592       1.2474
   17593       1.1760
   17594       1.0951
   17595       1.1419
   17596       1.1208
   17597       1.1855
   17598       1.2927
   17599       1.1671
   17600       1.1462
   17601       1.2090
   17602       1.1979
   17603       1.2065
   17604       1.1102
   17605       1.0651
   17606       1.0689
   17607       1.1816
   17608       1.0455
   17609       1.1207
   17610       1.1990
   17611       1.3021
   17612       1.2308
   17613       1.1342
   17614       1.2467
   17615       1.0954
   17616       1.0800
   17617       1.0969
   17618       1.1175
   17619       1.1987
   17620       1.1302
   17621       1.0592
   17622       1.0973
   17623       1.1379
   17624       1.1595
   17625       1.1032
   17626       1.0884
   17627       1.1036
   17628       1.1555
   17629       1.2608
   17630       1.0444
   17631       1.1862
   17632       1.1491
   17633       1.1738
   17634       1.0848
   17635       1.1537
   17636       1.1716
   17637       1.1011
   17638       1.1201
   17639       1.3331
   17640       1.2424
   17641       1.1842
   17642       1.1789
   17643       1.2795
   17644       1.2106
   17645       1.2515
   17646       1.2462
   17647       1.1930
   17648       1.2180
   17649       1.3826
   17650       1.2125
   17651       1.1941
   17652       1.1313
   17653       1.2707
   17654       1.1538
   17655       1.2428
   17656       1.1742
   17657       1.0665
   17658       1.2222
   17659       1.1243
   17660       1.0863
   17661       1.2303
   17662       1.2337
   17663       1.2398
   17664       1.1602
   17665       1.1112
   17666       1.1281
   17667       1.0963
   17668       1.1712
   17669       1.1829
   17670       1.1114
   17671       1.1019
   17672       1.1377
   17673       1.0679
   17674       1.0863
   17675       1.0679
   17676       1.0949
   17677       1.0966
   17678       1.1029
   17679       1.1912
   17680       1.2692
   17681       1.3222
   17682       1.2204
   17683       1.1973
   17684       1.1440
   17685       1.1312
   17686       1.2447
   17687       1.1957
   17688       1.0974
   17689       1.1567
   17690       1.1384
   17691       1.1195
   17692       1.1137
   17693       1.0771
   17694       1.0836
   17695       1.0376
   17696       1.1368
   17697       1.0603
   17698       1.0604
   17699       1.0376
   17700       1.1442
   17701       1.0952
   17702       1.1696
   17703       1.1034
   17704       1.1446
   17705       1.0594
   17706       1.1642
   17707       1.0234
   17708       1.0667
   17709       1.1784
   17710       1.1147
   17711       1.0850
   17712       1.0624
   17713       1.1037
   17714       1.1565
   17715       1.1029
   17716       1.2004
   17717       1.0850
   17718       1.0608
   17719       1.0903
   17720       1.0711
   17721       1.0749
   17722       1.1116
   17723       0.9282
   17724       1.0075
   17725       1.1648
   17726       1.0601
   17727       1.1745
   17728       1.1737
   17729       1.1297
   17730       1.2012
   17731       1.1150
   17732       1.0893
   17733       1.1359
   17734       1.1506
   17735       1.1270
   17736       1.1000
   17737       1.1036
   17738       1.0044
   17739       1.1797
   17740       1.0828
   17741       1.0841
   17742       1.0827
   17743       1.0330
   17744       1.1224
   17745       1.0635
   17746       1.1308
   17747       1.2219
   17748       1.1453
   17749       1.1464
   17750       1.1739
   17751       1.0945
   17752       1.1176
   17753       1.1309
   17754       1.1481
   17755       1.0881
   17756       1.2567
   17757       1.1562
   17758       1.0444
   17759       1.0658
   17760       1.1217
   17761       1.1439
   17762       1.2323
   17763       1.1260
   17764       1.0710
   17765       1.1498
   17766       1.1756
   17767       1.1430
   17768       1.1496
   17769       1.0316
   17770       1.0693
   17771       1.0832
   17772       1.1033
   17773       1.1013
   17774       1.0851
   17775       1.1206
   17776       1.1217
   17777       1.1333
   17778       1.0438
   17779       1.1419
   17780       1.0146
   17781       1.0153
   17782       1.0749
   17783       1.0304
   17784       0.9768
   17785       1.0868
   17786       1.0827
   17787       0.9968
   17788       1.0926
   17789       1.0956
   17790       1.0268
   17791       1.1101
   17792       1.0183
   17793       1.1387
   17794       0.9974
   17795       1.0945
   17796       1.1532
   17797       1.1698
   17798       1.1542
   17799       1.2334
   17800       1.1985
   17801       1.2617
   17802       1.1289
   17803       1.1746
   17804       1.2033
   17805       1.2072
   17806       1.0851
   17807       1.0392
   17808       1.0573
   17809       1.0476
   17810       1.0796
   17811       1.1204
   17812       0.9971
   17813       1.0982
   17814       1.1178
   17815       1.0714
   17816       1.1401
   17817       1.0812
   17818       1.1434
   17819       1.2054
   17820       1.1229
   17821       1.1354
   17822       1.2181
   17823       1.2067
   17824       1.1973
   17825       1.1998
   17826       1.1851
   17827       1.3205
   17828       1.2363
   17829       1.2328
   17830       1.2693
   17831       1.1815
   17832       1.1932
   17833       1.1934
   17834       1.1949
   17835       1.2281
   17836       1.1280
   17837       1.2395
   17838       1.2206
   17839       1.3270
   17840       1.3278
   17841       1.2796
   17842       1.1952
   17843       1.2667
   17844       1.1646
   17845       1.1445
   17846       1.1982
   17847       1.1426
   17848       1.1750
   17849       1.2510
   17850       1.1986
   17851       1.2284
   17852       1.1463
   17853       1.2385
   17854       1.1106
   17855       1.1646
   17856       1.1958
   17857       1.2280
   17858       1.2018
   17859       1.3094
   17860       1.2585
   17861       1.1530
   17862       1.2253
   17863       1.1646
   17864       1.1424
   17865       1.1679
   17866       1.1366
   17867       1.2220
   17868       1.2959
   17869       1.2592
   17870       1.2476
   17871       1.1382
   17872       1.2141
   17873       1.1943
   17874       1.1268
   17875       1.1028
   17876       1.0859
   17877       1.1228
   17878       1.1065
   17879       1.1350
   17880       1.1755
   17881       1.0327
   17882       1.2752
   17883       1.0325
   17884       1.0700
   17885       1.0736
   17886       1.1319
   17887       1.1827
   17888       1.2113
   17889       1.2030
   17890       1.1278
   17891       1.1055
   17892       1.0642
   17893       1.0661
   17894       1.0931
   17895       1.0892
   17896       1.3155
   17897       1.1536
   17898       1.1085
   17899       1.1980
   17900       1.3243
   17901       1.1849
   17902       1.0618
   17903       1.2659
   17904       1.1257
   17905       1.1335
   17906       1.0630
   17907       1.1524
   17908       1.1660
   17909       1.2403
   17910       1.1841
   17911       1.2472
   17912       1.2635
   17913       1.1337
   17914       1.1171
   17915       1.2003
   17916       1.0078
   17917       1.1745
   17918       1.0866
   17919       1.1117
   17920       1.0003
   17921       1.0881
   17922       1.1020
   17923       1.1807
   17924       1.0980
   17925       0.9859
   17926       1.1077
   17927       1.0439
   17928       1.0780
   17929       1.0694
   17930       1.1393
   17931       1.2066
   17932       1.2660
   17933       1.2521
   17934       1.1793
   17935       1.1927
   17936       1.1311
   17937       1.2266
   17938       1.2417
   17939       1.1889
   17940       1.2068
   17941       1.0875
   17942       1.0618
   17943       1.1739
   17944       1.2142
   17945       1.1251
   17946       1.1211
   17947       1.0698
   17948       1.1122
   17949       1.0495
   17950       1.0775
   17951       1.0932
   17952       1.2038
   17953       1.0978
   17954       0.9518
   17955       0.9123
   17956       1.0464
   17957       1.1247
   17958       1.0992
   17959       1.1122
   17960       1.1431
   17961       1.0239
   17962       0.9574
   17963       1.0890
   17964       1.0487
   17965       1.0786
   17966       0.9789
   17967       1.1841
   17968       1.1092
   17969       1.0268
   17970       1.1782
   17971       1.0265
   17972       1.2108
   17973       1.1516
   17974       1.0117
   17975       0.9409
   17976       0.9771
   17977       0.9446
   17978       1.0223
   17979       0.9950
   17980       0.9376
   17981       1.0037
   17982       0.9954
   17983       0.9167
   17984       0.9536
   17985       1.0465
   17986       1.0389
   17987       1.1694
   17988       1.1371
   17989       0.9953
   17990       1.0054
   17991       1.1111
   17992       1.0488
   17993       1.0588
   17994       0.9564
   17995       1.0174
   17996       1.0565
   17997       1.0275
   17998       1.0619
   17999       0.9799
   18000       1.1446
   18001       1.0307
   18002       1.0107
   18003       1.0371
   18004       0.9711
   18005       0.9981
   18006       0.9817
   18007       0.9560
   18008       0.9825
   18009       1.0438
   18010       0.9649
   18011       0.9738
   18012       1.0015
   18013       0.9649
   18014       1.0002
   18015       0.8714
   18016       0.9231
   18017       0.9294
   18018       0.8897
   18019       0.9271
   18020       0.8965
   18021       0.9302
   18022       0.9837
   18023       1.0000
   18024       1.1135
   18025       1.1512
   18026       1.0005
   18027       0.9817
   18028       1.0496
   18029       1.0473
   18030       1.0951
   18031       1.0049
   18032       1.0189
   18033       1.0008
   18034       1.1201
   18035       1.1604
   18036       1.1825
   18037       1.0075
   18038       1.0861
   18039       1.0799
   18040       1.1056
   18041       1.1048
   18042       1.0378
   18043       1.0736
   18044       1.0727
   18045       1.0420
   18046       1.0402
   18047       1.0997
   18048       1.0068
   18049       1.0220
   18050       0.9912
   18051       0.9381
   18052       0.9876
   18053       0.9813
   18054       0.8577
   18055       1.1091
   18056       1.0351
   18057       1.1044
   18058       1.0706
   18059       1.0221
   18060       1.0244
   18061       1.0526
   18062       1.0413
   18063       1.0398
   18064       1.1327
   18065       1.0388
   18066       1.0466
   18067       1.0866
   18068       1.1115
   18069       1.0456
   18070       1.0073
   18071       1.0655
   18072       1.1033
   18073       1.1041
   18074       0.9615
   18075       0.9930
   18076       1.0462
   18077       0.9798
   18078       1.0128
   18079       1.1097
   18080       0.9555
   18081       1.0011
   18082       0.9811
   18083       0.9217
   18084       1.0697
   18085       1.0605
   18086       1.0928
   18087       1.1187
   18088       0.9848
   18089       1.0312
   18090       0.9854
   18091       0.9846
   18092       0.9880
   18093       0.9567
   18094       1.0456
   18095       1.0039
   18096       1.0457
   18097       1.0675
   18098       1.0376
   18099       1.1202
   18100       1.0961
   18101       1.1860
   18102       1.1169
   18103       1.1113
   18104       1.0807
   18105       1.0210
   18106       1.0152
   18107       1.0468
   18108       0.9879
   18109       1.0565
   18110       0.9485
   18111       1.0807
   18112       1.0394
   18113       0.9432
   18114       0.9410
   18115       1.0158
   18116       1.0572
   18117       0.9922
   18118       0.9749
   18119       1.1037
   18120       1.1728
   18121       0.9823
   18122       1.0356
   18123       1.0701
   18124       0.9423
   18125       0.9665
   18126       0.9897
   18127       0.9795
   18128       1.0012
   18129       0.9058
   18130       0.9920
   18131       0.9118
   18132       0.9667
   18133       0.9848
   18134       0.9697
   18135       0.9756
   18136       0.9938
   18137       0.9695
   18138       0.9741
   18139       1.0522
   18140       0.9972
   18141       1.0538
   18142       1.0222
   18143       1.0481
   18144       0.9447
   18145       0.9967
   18146       0.8923
   18147       0.9626
   18148       0.9819
   18149       0.9531
   18150       1.0499
   18151       0.9856
   18152       1.1198
   18153       0.9527
   18154       0.9938
   18155       1.1085
   18156       0.9950
   18157       1.0324
   18158       0.9826
   18159       0.9539
   18160       0.9855
   18161       1.0546
   18162       0.9893
   18163       0.9188
   18164       0.9660
   18165       1.0379
   18166       0.9578
   18167       1.0660
   18168       0.9939
   18169       1.0394
   18170       1.0558
   18171       0.9628
   18172       0.9976
   18173       1.0743
   18174       1.0047
   18175       0.9678
   18176       1.0252
   18177       0.9974
   18178       0.9071
   18179       0.9712
   18180       0.8705
   18181       1.0629
   18182       0.9616
   18183       0.9265
   18184       1.0262
   18185       1.0101
   18186       0.9613
   18187       1.0770
   18188       1.0930
   18189       1.0085
   18190       1.1199
   18191       0.9990
   18192       1.0618
   18193       1.1127
   18194       0.9694
   18195       0.9279
   18196       1.0274
   18197       0.9857
   18198       1.0001
   18199       1.0872
   18200       1.0415
   18201       1.0644
   18202       0.9474
   18203       0.9578
   18204       0.9609
   18205       0.9305
   18206       0.9724
   18207       0.9744
   18208       1.0049
   18209       0.9211
   18210       1.0149
   18211       0.9350
   18212       1.0207
   18213       1.0718
   18214       1.0052
   18215       0.9011
   18216       0.9288
   18217       1.0413
   18218       1.0123
   18219       0.9560
   18220       0.9665
   18221       0.9790
   18222       1.0270
   18223       1.0056
   18224       0.9184
   18225       0.9965
   18226       0.8946
   18227       0.9165
   18228       0.9430
   18229       1.0160
   18230       1.1028
   18231       1.0394
   18232       0.9836
   18233       0.9785
   18234       1.0009
   18235       1.1004
   18236       1.1197
   18237       1.1211
   18238       1.1102
   18239       1.1448
   18240       1.0873
   18241       0.9915
   18242       1.1235
   18243       1.0283
   18244       1.1133
   18245       1.2225
   18246       1.0837
   18247       1.0243
   18248       1.1657
   18249       1.0937
   18250       1.1258
   18251       1.0785
   18252       1.0571
   18253       1.1295
   18254       1.1273
   18255       1.0294
   18256       1.1218
   18257       1.0298
   18258       1.0965
   18259       1.0268
   18260       1.0968
   18261       1.0792
   18262       1.1479
   18263       1.0749
   18264       1.0273
   18265       1.0021
   18266       0.9641
   18267       0.9356
   18268       0.9809
   18269       1.0286
   18270       1.1099
   18271       1.0899
   18272       1.0808
   18273       1.0423
   18274       0.9969
   18275       1.0486
   18276       1.0654
   18277       1.0297
   18278       1.0501
   18279       1.0880
   18280       1.0795
   18281       0.9925
   18282       0.9864
   18283       1.0147
   18284       1.0853
   18285       1.0474
   18286       1.0260
   18287       0.9836
   18288       1.0441
   18289       1.0341
   18290       1.1717
   18291       1.1631
   18292       1.1105
   18293       1.0574
   18294       1.0779
   18295       1.0240
   18296       1.1441
   18297       1.0869
   18298       1.2348
   18299       1.0296
   18300       1.1017
   18301       1.0888
   18302       1.0218
   18303       1.1573
   18304       1.1441
   18305       0.9963
   18306       1.0847
   18307       1.0352
   18308       1.1139
   18309       1.1292
   18310       1.1412
   18311       1.2197
   18312       1.2225
   18313       1.0575
   18314       1.1066
   18315       0.9513
   18316       1.0116
   18317       1.1739
   18318       1.1168
   18319       1.1219
   18320       1.0987
   18321       1.1073
   18322       1.0032
   18323       0.9886
   18324       0.9861
   18325       1.0998
   18326       1.1707
   18327       1.1149
   18328       1.1626
   18329       1.0848
   18330       1.1625
   18331       1.2704
   18332       1.0905
   18333       1.0800
   18334       1.0302
   18335       1.0811
   18336       1.1066
   18337       1.0565
   18338       1.1023
   18339       1.1619
   18340       1.1296
   18341       1.0602
   18342       1.0638
   18343       1.0945
   18344       1.0960
   18345       1.1018
   18346       1.0301
   18347       0.9841
   18348       0.9962
   18349       1.0342
   18350       1.0108
   18351       0.9784
   18352       1.0009
   18353       1.0033
   18354       1.0161
   18355       1.0911
   18356       1.0326
   18357       1.0248
   18358       1.0682
   18359       1.0993
   18360       1.1459
   18361       1.0657
   18362       1.1582
   18363       1.1174
   18364       1.1137
   18365       1.0242
   18366       1.0408
   18367       1.1582
   18368       1.0411
   18369       1.0338
   18370       1.0941
   18371       0.9874
   18372       1.0785
   18373       1.0500
   18374       1.0769
   18375       1.0055
   18376       1.1579
   18377       1.1620
   18378       1.0124
   18379       1.0811
   18380       1.0949
   18381       1.0237
   18382       1.0048
   18383       1.0476
   18384       1.0449
   18385       0.9961
   18386       0.9916
   18387       1.0797
   18388       0.9637
   18389       1.0015
   18390       1.0590
   18391       0.9971
   18392       1.0592
   18393       1.1040
   18394       1.0318
   18395       0.9409
   18396       1.0464
   18397       1.0064
   18398       0.9448
   18399       0.9468
   18400       1.0794
   18401       1.0169
   18402       1.0381
   18403       0.9490
   18404       1.0693
   18405       1.0393
   18406       1.0394
   18407       1.0675
   18408       1.1081
   18409       1.0248
   18410       0.9613
   18411       0.9963
   18412       0.9373
   18413       0.9331
   18414       0.8878
   18415       0.9134
   18416       0.9255
   18417       0.8842
   18418       0.9689
   18419       0.9273
   18420       0.9891
   18421       0.9449
   18422       0.8724
   18423       0.9257
   18424       0.9164
   18425       0.9265
   18426       0.9626
   18427       0.9987
   18428       1.0216
   18429       0.8745
   18430       0.9530
   18431       0.8274
   18432       0.9509
   18433       0.9154
   18434       0.9188
   18435       0.9368
   18436       0.8772
   18437       0.9573
   18438       0.9219
   18439       0.9297
   18440       0.9556
   18441       0.9925
   18442       1.0026
   18443       0.9658
   18444       0.9941
   18445       1.1079
   18446       1.0484
   18447       1.0446
   18448       1.0268
   18449       0.8460
   18450       1.0191
   18451       1.0014
   18452       0.9603
   18453       0.9560
   18454       0.9117
   18455       0.9126
   18456       0.8773
   18457       0.9705
   18458       0.8852
   18459       1.0106
   18460       0.9697
   18461       1.0451
   18462       0.9139
   18463       1.0085
   18464       0.9717
   18465       1.0257
   18466       0.9515
   18467       0.9151
   18468       0.9883
   18469       1.0490
   18470       0.9640
   18471       1.1149
   18472       1.1136
   18473       1.1592
   18474       1.1171
   18475       1.1031
   18476       1.0446
   18477       1.1428
   18478       1.1505
   18479       1.0247
   18480       1.0346
   18481       1.0956
   18482       1.0277
   18483       1.0784
   18484       1.0804
   18485       1.0231
   18486       1.1298
   18487       1.0401
   18488       0.9957
   18489       1.0361
   18490       1.0845
   18491       1.1336
   18492       1.1131
   18493       0.9938
   18494       1.1836
   18495       0.9701
   18496       0.9646
   18497       1.0345
   18498       1.1356
   18499       1.1141
   18500       1.0853
   18501       1.0480
   18502       0.9934
   18503       1.0312
   18504       0.9444
   18505       0.9839
   18506       1.0416
   18507       1.0373
   18508       0.9515
   18509       0.9766
   18510       0.9524
   18511       1.0513
   18512       0.9660
   18513       1.0244
   18514       1.0436
   18515       1.0603
   18516       0.9818
   18517       1.0836
   18518       0.9796
   18519       1.0023
   18520       1.0174
   18521       0.9728
   18522       1.0122
   18523       0.9969
   18524       1.0649
   18525       1.0913
   18526       1.0595
   18527       1.1611
   18528       1.0833
   18529       1.0177
   18530       1.1753
   18531       1.0970
   18532       1.1286
   18533       1.1015
   18534       0.9962
   18535       0.9454
   18536       0.9862
   18537       0.9772
   18538       0.9515
   18539       1.0526
   18540       1.0497
   18541       1.1139
   18542       1.0470
   18543       1.1058
   18544       1.0647
   18545       1.0096
   18546       1.0856
   18547       0.9637
   18548       0.9646
   18549       1.1190
   18550       1.1772
   18551       1.1220
   18552       1.1680
   18553       1.2010
   18554       1.1787
   18555       1.1992
   18556       1.1515
   18557       1.1107
   18558       0.9802
   18559       1.1896
   18560       1.1301
   18561       1.1404
   18562       1.1430
   18563       1.1177
   18564       1.2019
   18565       1.1618
   18566       1.1143
   18567       1.1568
   18568       1.1701
   18569       1.0574
   18570       1.1202
   18571       1.0730
   18572       1.1347
   18573       1.0971
   18574       0.9980
   18575       1.0847
   18576       1.1079
   18577       1.0285
   18578       1.0878
   18579       1.0628
   18580       1.0088
   18581       1.1059
   18582       1.1257
   18583       1.1173
   18584       1.0975
   18585       1.0795
   18586       1.1320
   18587       1.1940
   18588       1.1085
   18589       1.1740
   18590       1.0712
   18591       1.1171
   18592       1.1504
   18593       1.1612
   18594       1.2089
   18595       1.1790
   18596       1.1653
   18597       1.1858
   18598       1.1030
   18599       1.2245
   18600       1.1656
   18601       1.0909
   18602       1.2682
   18603       1.1256
   18604       1.2171
   18605       1.1569
   18606       1.1813
   18607       1.1510
   18608       1.1662
   18609       1.2086
   18610       1.2380
   18611       1.2544
   18612       1.2989
   18613       1.2860
   18614       1.1654
   18615       1.1579
   18616       1.1368
   18617       1.1383
   18618       1.2414
   18619       1.2029
   18620       1.1829
   18621       1.1993
   18622       1.1173
   18623       1.1283
   18624       1.1595
   18625       1.1078
   18626       1.2136
   18627       1.2445
   18628       1.2556
   18629       1.1642
   18630       1.1448
   18631       1.1780
   18632       1.2045
   18633       1.1864
   18634       1.1469
   18635       1.1713
   18636       1.0643
   18637       1.1463
   18638       1.0817
   18639       1.0902
   18640       1.0229
   18641       1.0934
   18642       1.0820
   18643       0.9888
   18644       1.0031
   18645       1.1490
   18646       1.0278
   18647       1.1108
   18648       1.1297
   18649       1.0263
   18650       0.9191
   18651       1.0640
   18652       1.1198
   18653       1.0479
   18654       1.2221
   18655       1.1233
   18656       1.0120
   18657       0.9656
   18658       1.0008
   18659       1.0108
   18660       1.0815
   18661       1.0084
   18662       1.0882
   18663       1.1837
   18664       1.1085
   18665       1.0223
   18666       1.0809
   18667       1.0302
   18668       1.1665
   18669       1.1220
   18670       1.1237
   18671       1.1587
   18672       1.1184
   18673       1.1216
   18674       1.0391
   18675       1.1365
   18676       1.1160
   18677       1.1486
   18678       1.3001
   18679       1.1686
   18680       1.2379
   18681       1.2551
   18682       1.2120
   18683       1.1122
   18684       1.1690
   18685       1.1374
   18686       1.1694
   18687       1.1697
   18688       1.1059
   18689       1.1611
   18690       1.1483
   18691       1.1716
   18692       1.1723
   18693       1.0708
   18694       1.1531
   18695       1.1734
   18696       1.1281
   18697       1.1807
   18698       1.2135
   18699       1.1620
   18700       1.0787
   18701       1.1262
   18702       1.1677
   18703       1.0929
   18704       1.1134
   18705       1.1788
   18706       1.1413
   18707       1.1221
   18708       1.1337
   18709       1.2123
   18710       1.1649
   18711       1.1941
   18712       1.1676
   18713       1.1764
   18714       1.2978
   18715       1.2108
   18716       1.1957
   18717       1.2724
   18718       1.2803
   18719       1.2791
   18720       1.1801
   18721       1.1818
   18722       1.1479
   18723       1.1962
   18724       1.1254
   18725       1.2203
   18726       1.1631
   18727       1.2458
   18728       1.1999
   18729       1.2230
   18730       1.2364
   18731       1.1516
   18732       1.2190
   18733       1.1783
   18734       1.2515
   18735       1.3356
   18736       1.1770
   18737       1.2585
   18738       1.3310
   18739       1.2606
   18740       1.3647
   18741       1.2080
   18742       1.2446
   18743       1.2708
   18744       1.3033
   18745       1.2052
   18746       1.2643
   18747       1.3456
   18748       1.1447
   18749       1.2436
   18750       1.1761
   18751       1.2872
   18752       1.1181
   18753       1.0889
   18754       1.1864
   18755       1.1498
   18756       1.0980
   18757       1.0948
   18758       1.1223
   18759       1.1744
   18760       1.3016
   18761       1.2241
   18762       1.1961
   18763       1.2294
   18764       1.1088
   18765       1.1041
   18766       1.0693
   18767       1.0987
   18768       1.2007
   18769       1.2600
   18770       1.2920
   18771       1.2704
   18772       1.2543
   18773       1.2207
   18774       1.2232
   18775       1.1405
   18776       1.0751
   18777       1.1678
   18778       1.2262
   18779       1.1326
   18780       1.2227
   18781       1.3326
   18782       1.2767
   18783       1.2480
   18784       1.2737
   18785       1.1794
   18786       1.1802
   18787       1.2273
   18788       1.2054
   18789       1.2642
   18790       1.2373
   18791       1.2642
   18792       1.1787
   18793       1.1878
   18794       1.2109
   18795       1.1484
   18796       1.1731
   18797       1.1509
   18798       1.0262
   18799       1.1126
   18800       1.1184
   18801       1.1598
   18802       1.2035
   18803       1.1865
   18804       1.2388
   18805       1.2585
   18806       1.2641
   18807       1.2932
   18808       1.3766
   18809       1.2136
   18810       1.3051
   18811       1.2833
   18812       1.3103
   18813       1.3412
   18814       1.3009
   18815       1.3520
   18816       1.3154
   18817       1.2687
   18818       1.2736
   18819       1.2046
   18820       1.1304
   18821       1.1432
   18822       1.1273
   18823       1.0705
   18824       1.1573
   18825       1.2075
   18826       1.1225
   18827       1.1260
   18828       1.1426
   18829       1.2076
   18830       1.2133
   18831       1.1110
   18832       1.2525
   18833       1.2075
   18834       1.3252
   18835       1.2287
   18836       1.2703
   18837       1.2993
   18838       1.2434
   18839       1.1814
   18840       1.1384
   18841       1.1697
   18842       1.2087
   18843       1.2128
   18844       1.0443
   18845       1.0665
   18846       0.9732
   18847       1.0533
   18848       1.2004
   18849       1.1101
   18850       1.1236
   18851       1.0883
   18852       1.0677
   18853       1.1745
   18854       1.1636
   18855       1.0573
   18856       1.0758
   18857       1.2309
   18858       1.1256
   18859       1.0209
   18860       1.0896
   18861       1.0507
   18862       1.1013
   18863       1.1964
   18864       1.0888
   18865       1.1280
   18866       1.0454
   18867       1.0677
   18868       1.0619
   18869       1.0707
   18870       1.0311
   18871       1.0551
   18872       1.0873
   18873       1.0543
   18874       1.0975
   18875       1.2354
   18876       1.2085
   18877       1.1597
   18878       1.0677
   18879       1.1494
   18880       1.1910
   18881       1.0642
   18882       1.0694
   18883       1.0204
   18884       1.0334
   18885       1.1907
   18886       1.1432
   18887       1.1706
   18888       1.0158
   18889       1.1094
   18890       1.1704
   18891       1.2219
   18892       1.2665
   18893       1.2126
   18894       1.1282
   18895       1.1332
   18896       1.1876
   18897       1.1249
   18898       1.1155
   18899       1.1471
   18900       1.1871
   18901       1.2120
   18902       1.3763
   18903       1.2463
   18904       1.1481
   18905       1.1035
   18906       1.1798
   18907       1.1439
   18908       1.1407
   18909       1.1718
   18910       1.1843
   18911       1.0609
   18912       1.1008
   18913       1.1711
   18914       1.0901
   18915       1.1415
   18916       1.1053
   18917       0.9869
   18918       1.0976
   18919       1.1765
   18920       0.9741
   18921       0.8848
   18922       1.0254
   18923       1.0421
   18924       1.2139
   18925       1.0869
   18926       1.1149
   18927       1.0745
   18928       0.9903
   18929       1.1407
   18930       1.1327
   18931       1.0818
   18932       1.1023
   18933       0.9960
   18934       1.1094
   18935       1.2861
   18936       1.2957
   18937       1.1716
   18938       1.1249
   18939       1.0846
   18940       1.0669
   18941       1.0546
   18942       1.1443
   18943       1.0886
   18944       1.1340
   18945       1.1078
   18946       1.1498
   18947       1.1310
   18948       1.1215
   18949       1.0854
   18950       1.1862
   18951       1.1523
   18952       1.1567
   18953       1.1891
   18954       1.1387
   18955       1.1018
   18956       1.1445
   18957       1.2225
   18958       1.2521
   18959       1.2155
   18960       1.1273
   18961       1.1418
   18962       1.1513
   18963       1.1432
   18964       1.2311
   18965       1.1836
   18966       1.3543
   18967       1.1865
   18968       1.1177
   18969       1.0803
   18970       1.1196
   18971       1.0472
   18972       1.0999
   18973       1.0459
   18974       1.0059
   18975       1.0102
   18976       1.0692
   18977       1.0183
   18978       1.0275
   18979       0.9752
   18980       1.0473
   18981       1.0326
   18982       0.9588
   18983       1.1732
   18984       1.1522
   18985       1.1966
   18986       1.1394
   18987       1.1570
   18988       1.1715
   18989       1.2339
   18990       1.1156
   18991       1.2082
   18992       1.1691
   18993       1.1344
   18994       1.2227
   18995       1.1507
   18996       1.2320
   18997       1.2504
   18998       1.2447
   18999       1.1850
   19000       1.1902
   19001       1.0942
   19002       1.1341
   19003       1.1207
   19004       0.9972
   19005       1.1175
   19006       1.0571
   19007       1.0199
   19008       1.0367
   19009       1.0093
   19010       1.0868
   19011       1.1197
   19012       1.1258
   19013       1.0016
   19014       1.0170
   19015       1.0989
   19016       1.0752
   19017       1.0854
   19018       1.0143
   19019       1.0266
   19020       1.1177
   19021       1.1094
   19022       1.1047
   19023       1.0887
   19024       1.1811
   19025       1.0947
   19026       1.0888
   19027       1.1433
   19028       1.1074
   19029       1.0576
   19030       1.1752
   19031       1.1931
   19032       1.3162
   19033       1.1431
   19034       1.1839
   19035       1.2676
   19036       1.1667
   19037       1.3235
   19038       1.2320
   19039       1.3634
   19040       1.3540
   19041       1.3408
   19042       1.4189
   19043       1.4217
   19044       1.2885
   19045       1.2220
   19046       1.3038
   19047       1.1557
   19048       1.3720
   19049       1.2638
   19050       1.2176
   19051       1.1439
   19052       1.1941
   19053       1.2512
   19054       1.3194
   19055       1.2442
   19056       1.2229
   19057       1.1539
   19058       1.1685
   19059       1.2937
   19060       1.1069
   19061       1.1910
   19062       1.1079
   19063       1.1284
   19064       1.2863
   19065       1.1094
   19066       1.0921
   19067       1.1077
   19068       1.1455
   19069       1.0052
   19070       1.0384
   19071       1.1316
   19072       1.1060
   19073       1.0855
   19074       1.0176
   19075       0.9938
   19076       0.9967
   19077       1.0213
   19078       1.0152
   19079       1.0456
   19080       1.0910
   19081       1.1309
   19082       1.1076
   19083       1.0567
   19084       1.0777
   19085       1.1931
   19086       1.1341
   19087       1.0566
   19088       0.9992
   19089       1.0554
   19090       1.1360
   19091       1.1305
   19092       1.0567
   19093       1.1098
   19094       1.1372
   19095       1.1124
   19096       1.1891
   19097       1.1079
   19098       1.1408
   19099       1.0444
   19100       1.0727
   19101       1.1218
   19102       1.1772
   19103       1.1063
   19104       1.2282
   19105       1.1481
   19106       1.2033
   19107       1.1034
   19108       1.1118
   19109       1.1575
   19110       1.2588
   19111       1.3047
   19112       1.1687
   19113       1.1994
   19114       1.1222
   19115       1.1452
   19116       1.1379
   19117       1.1381
   19118       1.0557
   19119       1.0842
   19120       1.1315
   19121       1.2429
   19122       1.1839
   19123       1.1951
   19124       1.1848
   19125       1.1751
   19126       1.2217
   19127       1.2746
   19128       1.0489
   19129       1.0676
   19130       1.0508
   19131       1.0304
   19132       1.0539
   19133       1.1347
   19134       1.0337
   19135       1.0361
   19136       1.0251
   19137       0.9727
   19138       1.1596
   19139       1.1404
   19140       1.2105
   19141       1.0967
   19142       1.0224
   19143       1.0399
   19144       0.9903
   19145       0.9899
   19146       0.9813
   19147       1.1015
   19148       1.0706
   19149       1.0641
   19150       0.9453
   19151       1.0029
   19152       1.0270
   19153       1.1986
   19154       1.1238
   19155       1.1438
   19156       1.1022
   19157       1.1267
   19158       1.0660
   19159       1.1493
   19160       1.3096
   19161       1.2284
   19162       1.3419
   19163       1.1964
   19164       1.3283
   19165       1.3797
   19166       1.2613
   19167       1.2892
   19168       1.2163
   19169       1.3015
   19170       1.2792
   19171       1.3369
   19172       1.2512
   19173       1.2916
   19174       1.3074
   19175       1.2400
   19176       1.1720
   19177       1.2655
   19178       1.1588
   19179       1.1698
   19180       1.2321
   19181       1.2173
   19182       1.2065
   19183       1.1660
   19184       1.0488
   19185       1.0861
   19186       1.2571
   19187       1.3231
   19188       1.2923
   19189       1.1747
   19190       1.2136
   19191       1.2737
   19192       1.1613
   19193       1.2783
   19194       1.2048
   19195       1.2356
   19196       1.2754
   19197       1.2530
   19198       1.3484
   19199       1.2158
   19200       1.2959
   19201       1.3260
   19202       1.4274
   19203       1.4177
   19204       1.3083
   19205       1.4131
   19206       1.3999
   19207       1.3050
   19208       1.3737
   19209       1.4404
   19210       1.4510
   19211       1.4740
   19212       1.4287
   19213       1.3576
   19214       1.3608
   19215       1.4217
   19216       1.3891
   19217       1.4344
   19218       1.5174
   19219       1.5027
   19220       1.4906
   19221       1.4871
   19222       1.4481
   19223       1.3710
   19224       1.3591
   19225       1.3677
   19226       1.3599
   19227       1.3195
   19228       1.3365
   19229       1.2686
   19230       1.3356
   19231       1.2642
   19232       1.3090
   19233       1.3197
   19234       1.4415
   19235       1.3677
   19236       1.3980
   19237       1.3945
   19238       1.3107
   19239       1.3214
   19240       1.3053
   19241       1.3042
   19242       1.2870
   19243       1.3641
   19244       1.2678
   19245       1.1842
   19246       1.2323
   19247       1.2420
   19248       1.2199
   19249       1.2230
   19250       1.1225
   19251       1.2276
   19252       1.0662
   19253       1.2297
   19254       1.0931
   19255       1.1226
   19256       1.1702
   19257       1.0716
   19258       1.1174
   19259       1.0959
   19260       1.1088
   19261       1.0920
   19262       1.1473
   19263       1.1719
   19264       1.1581
   19265       1.1101
   19266       1.1522
   19267       1.1979
   19268       1.1296
   19269       1.1939
   19270       1.1228
   19271       1.1604
   19272       1.1143
   19273       1.1771
   19274       0.9830
   19275       1.0573
   19276       1.1104
   19277       1.2224
   19278       1.1435
   19279       1.1572
   19280       1.2231
   19281       1.2085
   19282       1.2939
   19283       1.2315
   19284       1.2902
   19285       1.2435
   19286       1.2770
   19287       1.2876
   19288       1.2367
   19289       1.2567
   19290       1.2802
   19291       1.2743
   19292       1.3294
   19293       1.3142
   19294       1.2564
   19295       1.2785
   19296       1.2837
   19297       1.2978
   19298       1.1836
   19299       1.1948
   19300       1.3018
   19301       1.3449
   19302       1.2598
   19303       1.3660
   19304       1.2917
   19305       1.2387
   19306       1.2732
   19307       1.2650
   19308       1.2321
   19309       1.2172
   19310       1.2297
   19311       1.2029
   19312       1.2124
   19313       1.2381
   19314       1.2431
   19315       1.2753
   19316       1.1977
   19317       1.2018
   19318       1.2510
   19319       1.2492
   19320       1.3344
   19321       1.3256
   19322       1.1845
   19323       1.2173
   19324       1.1558
   19325       1.2030
   19326       1.2463
   19327       1.2244
   19328       1.1596
   19329       1.3059
   19330       1.3411
   19331       1.1626
   19332       1.1801
   19333       1.2568
   19334       1.2169
   19335       1.2276
   19336       1.1820
   19337       1.2361
   19338       1.2392
   19339       1.1377
   19340       1.2811
   19341       1.2515
   19342       1.1446
   19343       1.2457
   19344       1.2943
   19345       1.2937
   19346       1.4491
   19347       1.2650
   19348       1.2857
   19349       1.2751
   19350       1.3700
   19351       1.3429
   19352       1.2881
   19353       1.1866
   19354       1.2576
   19355       1.2533
   19356       1.2241
   19357       1.2634
   19358       1.2584
   19359       1.2449
   19360       1.1684
   19361       1.2338
   19362       1.2479
   19363       1.1789
   19364       1.1499
   19365       1.2260
   19366       1.1953
   19367       1.2292
   19368       1.2670
   19369       1.2923
   19370       1.3090
   19371       1.3241
   19372       1.3854
   19373       1.2466
   19374       1.4024
   19375       1.3584
   19376       1.3332
   19377       1.3594
   19378       1.3889
   19379       1.4465
   19380       1.4075
   19381       1.5022
   19382       1.4307
   19383       1.3474
   19384       1.3708
   19385       1.2703
   19386       1.2390
   19387       1.2865
   19388       1.2973
   19389       1.1979
   19390       1.1780
   19391       1.1737
   19392       1.1771
   19393       1.1896
   19394       1.2306
   19395       1.2252
   19396       1.2911
   19397       1.2286
   19398       1.1172
   19399       1.2765
   19400       1.2293
   19401       1.2605
   19402       1.2051
   19403       1.2813
   19404       1.2249
   19405       1.2326
   19406       1.2000
   19407       1.2299
   19408       1.3146
   19409       1.2995
   19410       1.2912
   19411       1.2627
   19412       1.3089
   19413       1.2116
   19414       1.3363
   19415       1.3260
   19416       1.3659
   19417       1.3253
   19418       1.3131
   19419       1.2551
   19420       1.1939
   19421       1.2570
   19422       1.2286
   19423       1.1534
   19424       1.2175
   19425       1.1426
   19426       1.1622
   19427       1.2228
   19428       1.3848
   19429       1.3096
   19430       1.2467
   19431       1.2773
   19432       1.2704
   19433       1.2125
   19434       1.3232
   19435       1.3404
   19436       1.2424
   19437       1.2367
   19438       1.2527
   19439       1.2807
   19440       1.2183
   19441       1.0938
   19442       1.1902
   19443       1.2168
   19444       1.2996
   19445       1.1450
   19446       1.2254
   19447       1.2026
   19448       1.1491
   19449       1.2327
   19450       1.2420
   19451       1.2181
   19452       1.2170
   19453       1.2341
   19454       1.1089
   19455       1.2269
   19456       1.2956
   19457       1.2612
   19458       1.1532
   19459       1.2206
   19460       1.2328
   19461       1.1479
   19462       1.1446
   19463       1.1173
   19464       1.0655
   19465       1.1673
   19466       1.2774
   19467       1.2505
   19468       1.2784
   19469       1.2855
   19470       1.3533
   19471       1.4198
   19472       1.2426
   19473       1.2745
   19474       1.2164
   19475       1.3120
   19476       1.3634
   19477       1.3266
   19478       1.3056
   19479       1.2950
   19480       1.3038
   19481       1.1978
   19482       1.1856
   19483       1.2297
   19484       1.2940
   19485       1.2950
   19486       1.2870
   19487       1.1997
   19488       1.2876
   19489       1.2483
   19490       1.3840
   19491       1.3654
   19492       1.3663
   19493       1.3501
   19494       1.4546
   19495       1.3414
   19496       1.3055
   19497       1.3435
   19498       1.3025
   19499       1.1662
   19500       1.1634
   19501       1.3059
   19502       1.2761
   19503       1.3145
   19504       1.3333
   19505       1.3281
   19506       1.4310
   19507       1.3039
   19508       1.2925
   19509       1.3034
   19510       1.2509
   19511       1.2520
   19512       1.2788
   19513       1.3497
   19514       1.3339
   19515       1.2730
   19516       1.3365
   19517       1.1864
   19518       1.3949
   19519       1.2448
   19520       1.1788
   19521       1.1894
   19522       1.2199
   19523       1.2997
   19524       1.2552
   19525       1.3117
   19526       1.2911
   19527       1.3122
   19528       1.3158
   19529       1.2628
   19530       1.2716
   19531       1.3738
   19532       1.3636
   19533       1.3349
   19534       1.3927
   19535       1.3420
   19536       1.3145
   19537       1.3856
   19538       1.3146
   19539       1.4180
   19540       1.3700
   19541       1.3836
   19542       1.3661
   19543       1.3067
   19544       1.3149
   19545       1.4281
   19546       1.3195
   19547       1.2580
   19548       1.2873
   19549       1.3621
   19550       1.2816
   19551       1.2644
   19552       1.2442
   19553       1.1826
   19554       1.2827
   19555       1.2666
   19556       1.2647
   19557       1.2641
   19558       1.3042
   19559       1.4392
   19560       1.4399
   19561       1.4326
   19562       1.3172
   19563       1.3491
   19564       1.3498
   19565       1.4582
   19566       1.3459
   19567       1.3954
   19568       1.3217
   19569       1.2073
   19570       1.2919
   19571       1.3487
   19572       1.3107
   19573       1.3492
   19574       1.2771
   19575       1.2442
   19576       1.4288
   19577       1.4204
   19578       1.2565
   19579       1.2866
   19580       1.3638
   19581       1.2715
   19582       1.3456
   19583       1.3969
   19584       1.3083
   19585       1.2716
   19586       1.2574
   19587       1.1966
   19588       1.2125
   19589       1.2908
   19590       1.1742
   19591       1.2851
   19592       1.2789
   19593       1.2351
   19594       1.2811
   19595       1.3315
   19596       1.2914
   19597       1.2366
   19598       1.3103
   19599       1.3127
   19600       1.1911
   19601       1.1967
   19602       1.1765
   19603       1.2429
   19604       1.3195
   19605       1.2672
   19606       1.2102
   19607       1.2654
   19608       1.2484
   19609       1.2181
   19610       1.3138
   19611       1.2695
   19612       1.2431
   19613       1.2061
   19614       1.1224
   19615       1.0758
   19616       1.1418
   19617       1.0731
   19618       1.1401
   19619       1.1907
   19620       1.1193
   19621       1.1656
   19622       1.1084
   19623       1.1315
   19624       0.9710
   19625       1.0670
   19626       1.0919
   19627       1.1657
   19628       1.1279
   19629       1.1716
   19630       1.1933
   19631       1.1903
   19632       1.0998
   19633       1.0989
   19634       1.1961
   19635       1.2168
   19636       1.2770
   19637       1.2758
   19638       1.1771
   19639       1.0649
   19640       1.0527
   19641       1.1690
   19642       1.0749
   19643       1.1950
   19644       1.2427
   19645       1.2551
   19646       1.2446
   19647       1.2623
   19648       1.2318
   19649       1.2069
   19650       1.2108
   19651       1.1929
   19652       1.2908
   19653       1.3211
   19654       1.2709
   19655       1.3067
   19656       1.2763
   19657       1.2055
   19658       1.0916
   19659       1.1860
   19660       1.2457
   19661       1.2941
   19662       1.2764
   19663       1.2418
   19664       1.2687
   19665       1.2018
   19666       1.1749
   19667       1.1873
   19668       1.1284
   19669       1.1894
   19670       1.1106
   19671       1.1600
   19672       1.1697
   19673       1.1449
   19674       1.2007
   19675       1.2112
   19676       1.1238
   19677       1.1826
   19678       1.2961
   19679       1.2235
   19680       1.1816
   19681       1.2079
   19682       1.1961
   19683       1.1984
   19684       1.2960
   19685       1.3108
   19686       1.1986
   19687       1.1121
   19688       1.1977
   19689       1.1729
   19690       1.1366
   19691       1.1562
   19692       1.1149
   19693       1.0592
   19694       1.1095
   19695       1.2133
   19696       1.2651
   19697       1.2195
   19698       1.2948
   19699       1.1360
   19700       1.1942
   19701       1.3205
   19702       1.2972
   19703       1.2394
   19704       1.2274
   19705       1.2018
   19706       1.3151
   19707       1.3124
   19708       1.1887
   19709       1.2718
   19710       1.3222
   19711       1.3010
   19712       1.2815
   19713       1.2569
   19714       1.3225
   19715       1.2420
   19716       1.1690
   19717       1.2122
   19718       1.2841
   19719       1.2962
   19720       1.3298
   19721       1.3126
   19722       1.2860
   19723       1.3443
   19724       1.1939
   19725       1.1117
   19726       1.2090
   19727       1.1824
   19728       1.1885
   19729       1.1676
   19730       1.1807
   19731       1.0981
   19732       1.1341
   19733       1.1458
   19734       1.1935
   19735       1.1183
   19736       1.2615
   19737       1.0685
   19738       1.1383
   19739       1.1692
   19740       1.3152
   19741       1.2458
   19742       1.1681
   19743       1.2350
   19744       1.1844
   19745       1.1744
   19746       1.0672
   19747       1.2546
   19748       1.1994
   19749       1.3250
   19750       1.2549
   19751       1.2362
   19752       1.3195
   19753       1.2026
   19754       1.2084
   19755       1.1442
   19756       1.1810
   19757       1.1778
   19758       1.3048
   19759       1.2447
   19760       1.0786
   19761       1.2036
   19762       1.2245
   19763       1.1389
   19764       1.1253
   19765       1.2100
   19766       1.1596
   19767       1.0706
   19768       1.2888
   19769       1.1165
   19770       1.2109
   19771       1.2118
   19772       1.1779
   19773       1.1912
   19774       1.1285
   19775       1.1678
   19776       1.1639
   19777       1.2330
   19778       1.0876
   19779       1.2142
   19780       1.2384
   19781       1.2098
   19782       1.1324
   19783       1.1667
   19784       1.1831
   19785       1.2047
   19786       1.2629
   19787       1.3573
   19788       1.2984
   19789       1.3173
   19790       1.3057
   19791       1.2268
   19792       1.2625
   19793       1.2218
   19794       1.2797
   19795       1.3747
   19796       1.3210
   19797       1.2437
   19798       1.1912
   19799       1.2706
   19800       1.1010
   19801       1.1675
   19802       1.1757
   19803       1.2460
   19804       1.1514
   19805       1.1764
   19806       1.2752
   19807       1.2025
   19808       1.2166
   19809       1.1731
   19810       1.1925
   19811       1.2645
   19812       1.3351
   19813       1.2719
   19814       1.3909
   19815       1.3021
   19816       1.3522
   19817       1.2415
   19818       1.2823
   19819       1.3438
   19820       1.2705
   19821       1.1386
   19822       1.1907
   19823       1.1918
   19824       1.1309
   19825       1.2481
   19826       1.2576
   19827       1.1342
   19828       1.1237
   19829       1.0600
   19830       1.0766
   19831       1.2067
   19832       1.2509
   19833       1.2510
   19834       1.1953
   19835       1.1326
   19836       1.1682
   19837       1.2645
   19838       1.2326
   19839       1.3143
   19840       1.2031
   19841       1.0960
   19842       1.2397
   19843       1.1043
   19844       1.2682
   19845       1.2340
   19846       1.3156
   19847       1.2739
   19848       1.2338
   19849       1.2399
   19850       1.1876
   19851       1.2062
   19852       1.2088
   19853       1.2861
   19854       1.2592
   19855       1.3132
   19856       1.1439
   19857       1.1872
   19858       1.1636
   19859       1.1062
   19860       1.1914
   19861       1.1138
   19862       1.1556
   19863       1.1297
   19864       1.1466
   19865       1.1361
   19866       1.0988
   19867       1.2363
   19868       1.2176
   19869       1.1814
   19870       1.2191
   19871       1.2756
   19872       1.3710
   19873       1.4206
   19874       1.3918
   19875       1.3559
   19876       1.3269
   19877       1.2999
   19878       1.3723
   19879       1.3981
   19880       1.4383
   19881       1.4395
   19882       1.5065
   19883       1.3626
   19884       1.4203
   19885       1.3956
   19886       1.3693
   19887       1.3837
   19888       1.2948
   19889       1.3428
   19890       1.2371
   19891       1.3033
   19892       1.2657
   19893       1.2802
   19894       1.3719
   19895       1.2851
   19896       1.3738
   19897       1.2255
   19898       1.2126
   19899       1.1979
   19900       1.1199
   19901       1.1098
   19902       1.1288
   19903       1.2205
   19904       1.2464
   19905       1.2163
   19906       1.2784
   19907       1.3291
   19908       1.2602
   19909       1.1953
   19910       1.2101
   19911       1.1425
   19912       1.1176
   19913       1.2143
   19914       1.3387
   19915       1.3347
   19916       1.2070
   19917       1.2425
   19918       1.1495
   19919       1.0856
   19920       1.0215
   19921       1.0575
   19922       1.1336
   19923       1.2261
   19924       1.2578
   19925       1.1717
   19926       1.1308
   19927       1.0078
   19928       1.0643
   19929       1.0760
   19930       1.0509
   19931       1.1269
   19932       1.0837
   19933       1.0269
   19934       1.0654
   19935       1.0076
   19936       1.0124
   19937       1.0384
   19938       1.1196
   19939       1.1925
   19940       1.2634
   19941       1.0377
   19942       1.0431
   19943       1.0626
   19944       1.0046
   19945       0.9067
   19946       0.9865
   19947       0.9835
   19948       0.9805
   19949       0.8552
   19950       0.9741
   19951       1.0121
   19952       1.0092
   19953       0.8339
   19954       0.8696
   19955       0.9600
   19956       0.9537
   19957       0.9330
   19958       0.9208
   19959       0.9629
   19960       0.9716
   19961       1.0167
   19962       1.0510
   19963       1.0521
   19964       1.0763
   19965       1.1413
   19966       1.0682
   19967       0.9985
   19968       1.0044
   19969       1.1083
   19970       1.0575
   19971       1.0209
   19972       0.9980
   19973       1.0465
   19974       0.9582
   19975       1.0306
   19976       0.9823
   19977       0.9332
   19978       1.0711
   19979       1.1787
   19980       1.0222
   19981       1.0958
   19982       1.1139
   19983       1.1522
   19984       1.1221
   19985       1.0612
   19986       1.1374
   19987       1.0350
   19988       1.0750
   19989       1.1073
   19990       1.2407
   19991       1.2567
   19992       1.1248
   19993       1.1409
   19994       1.0527
   19995       0.9590
   19996       1.1791
   19997       1.2414
   19998       1.1705
   19999       1.1994
   20000       1.1692
   20001       1.1517
   20002       1.0979
   20003       1.0113
   20004       1.1327
   20005       1.0621
   20006       1.1261
   20007       1.0554
   20008       1.0255
   20009       1.0829
   20010       1.0755
   20011       1.0797
   20012       1.1334
   20013       1.0338
   20014       1.1300
   20015       1.1601
   20016       1.0376
   20017       1.1570
   20018       1.1377
   20019       1.1939
   20020       1.1523
   20021       1.2311
   20022       1.2377
   20023       1.2175
   20024       1.2081
   20025       1.1129
   20026       1.1675
   20027       1.2859
   20028       1.1032
   20029       1.1299
   20030       1.0540
   20031       1.1332
   20032       1.1129
   20033       1.1986
   20034       1.1379
   20035       1.0999
   20036       1.1846
   20037       1.2251
   20038       1.1020
   20039       1.1916
   20040       1.2963
   20041       1.1957
   20042       1.2600
   20043       1.3389
   20044       1.1928
   20045       1.2014
   20046       1.2152
   20047       1.2462
   20048       1.2111
   20049       1.2681
   20050       1.1808
   20051       1.1791
   20052       1.2897
   20053       1.1190
   20054       1.1169
   20055       1.2001
   20056       1.1544
   20057       1.2272
   20058       1.1447
   20059       1.1489
   20060       1.0826
   20061       1.0546
   20062       1.0782
   20063       1.0792
   20064       1.1396
   20065       1.2599
   20066       1.0779
   20067       1.1369
   20068       1.0855
   20069       1.1270
   20070       1.1159
   20071       1.1624
   20072       0.9909
   20073       1.0228
   20074       1.0939
   20075       1.0678
   20076       1.0631
   20077       1.0390
   20078       1.0036
   20079       0.9990
   20080       0.9781
   20081       1.0780
   20082       1.0662
   20083       1.0382
   20084       1.0104
   20085       0.9857
   20086       1.0901
   20087       0.9725
   20088       0.8752
   20089       0.9746
   20090       0.9084
   20091       0.9675
   20092       0.9838
   20093       0.9627
   20094       1.0407
   20095       1.1090
   20096       1.0551
   20097       1.0227
   20098       1.1020
   20099       1.1126
   20100       1.0548
   20101       1.1169
   20102       1.0535
   20103       1.1475
   20104       1.1573
   20105       1.1794
   20106       1.2104
   20107       1.3227
   20108       1.2616
   20109       1.1089
   20110       1.1445
   20111       1.2114
   20112       1.2611
   20113       1.1921
   20114       1.1554
   20115       1.2025
   20116       1.1386
   20117       1.2108
   20118       1.2645
   20119       1.3039
   20120       1.1535
   20121       1.1232
   20122       1.0849
   20123       1.1898
   20124       1.1992
   20125       1.2099
   20126       1.0764
   20127       1.0859
   20128       1.1109
   20129       1.0773
   20130       1.1764
   20131       1.1528
   20132       1.1558
   20133       1.1040
   20134       1.0586
   20135       1.0164
   20136       1.0811
   20137       1.0633
   20138       0.9981
   20139       1.1568
   20140       1.1398
   20141       1.1174
   20142       1.1649
   20143       1.2512
   20144       1.1610
   20145       1.0527
   20146       1.2646
   20147       1.3122
   20148       1.2729
   20149       1.1290
   20150       1.1482
   20151       1.0230
   20152       1.0115
   20153       1.0541
   20154       1.1186
   20155       1.1289
   20156       1.0586
   20157       1.0676
   20158       1.1420
   20159       1.0715
   20160       1.1591
   20161       1.1921
   20162       1.1769
   20163       1.0848
   20164       1.0030
   20165       1.0340
   20166       0.9771
   20167       1.0966
   20168       1.1149
   20169       1.1783
   20170       1.2213
   20171       1.2382
   20172       1.1498
   20173       1.2564
   20174       1.2551
   20175       1.0789
   20176       1.1187
   20177       1.0734
   20178       1.1753
   20179       1.0709
   20180       1.1201
   20181       1.1116
   20182       1.1868
   20183       1.1113
   20184       1.1342
   20185       1.1152
   20186       1.1008
   20187       1.1366
   20188       1.2514
   20189       1.1246
   20190       0.9395
   20191       1.0427
   20192       1.1163
   20193       0.9500
   20194       1.0767
   20195       1.0721
   20196       1.1610
   20197       1.1688
   20198       1.1829
   20199       1.2416
   20200       1.2119
   20201       1.1857
   20202       1.2116
   20203       1.2115
   20204       1.2134
   20205       1.1864
   20206       1.0766
   20207       1.1354
   20208       1.1310
   20209       1.1919
   20210       1.0604
   20211       1.1582
   20212       1.0230
   20213       1.1816
   20214       1.1294
   20215       1.1705
   20216       1.2711
   20217       1.2605
   20218       1.2626
   20219       1.3212
   20220       1.1128
   20221       1.1472
   20222       1.3124
   20223       1.3457
   20224       1.1823
   20225       1.2877
   20226       1.2248
   20227       1.2240
   20228       1.3497
   20229       1.3183
   20230       1.3148
   20231       1.2130
   20232       1.1878
   20233       1.2740
   20234       1.2874
   20235       1.2951
   20236       1.1227
   20237       1.1247
   20238       1.1595
   20239       1.0696
   20240       1.1206
   20241       1.1085
   20242       1.0537
   20243       1.1324
   20244       1.1236
   20245       1.1251
   20246       1.0942
   20247       1.0827
   20248       1.1934
   20249       1.1962
   20250       1.2161
   20251       1.2274
   20252       1.2146
   20253       1.1398
   20254       1.3005
   20255       1.1977
   20256       1.2253
   20257       1.1144
   20258       1.1366
   20259       1.0652
   20260       1.1587
   20261       1.1722
   20262       1.2224
   20263       1.1622
   20264       1.2110
   20265       1.1349
   20266       1.2301
   20267       1.1972
   20268       1.2033
   20269       1.2025
   20270       1.1266
   20271       1.1142
   20272       1.1891
   20273       1.0624
   20274       1.0817
   20275       1.1681
   20276       1.1167
   20277       1.0896
   20278       1.1004
   20279       1.1485
   20280       1.2523
   20281       1.1396
   20282       1.0819
   20283       1.1677
   20284       1.1583
   20285       1.1471
   20286       1.1688
   20287       1.1689
   20288       1.1808
   20289       1.2444
   20290       1.0996
   20291       1.2087
   20292       1.1665
   20293       1.1294
   20294       1.1080
   20295       1.1423
   20296       1.2221
   20297       1.1046
   20298       1.0306
   20299       1.0516
   20300       1.1558
   20301       1.1631
   20302       1.1702
   20303       1.2202
   20304       1.1577
   20305       1.0812
   20306       1.1892
   20307       1.1535
   20308       1.1283
   20309       1.1000
   20310       1.1683
   20311       1.2173
   20312       1.0464
   20313       1.0537
   20314       1.1812
   20315       1.2953
   20316       1.3309
   20317       1.1690
   20318       1.1854
   20319       1.2121
   20320       1.2464
   20321       1.1491
   20322       1.2271
   20323       1.2786
   20324       1.2469
   20325       1.1995
   20326       1.1803
   20327       1.1200
   20328       1.0810
   20329       1.2176
   20330       1.2444
   20331       1.2439
   20332       1.2486
   20333       1.3040
   20334       1.2676
   20335       1.1652
   20336       1.2699
   20337       1.3991
   20338       1.2937
   20339       1.2982
   20340       1.3251
   20341       1.2647
   20342       1.2679
   20343       1.2158
   20344       1.2447
   20345       1.3328
   20346       1.3596
   20347       1.2762
   20348       1.2580
   20349       1.2483
   20350       1.3269
   20351       1.2414
   20352       1.3158
   20353       1.3264
   20354       1.1975
   20355       1.2392
   20356       1.2418
   20357       1.0869
   20358       1.0209
   20359       1.1092
   20360       1.0726
   20361       1.0801
   20362       1.0479
   20363       1.1382
   20364       1.1019
   20365       1.0658
   20366       1.2216
   20367       1.0942
   20368       1.1277
   20369       1.1666
   20370       1.1267
   20371       1.2365
   20372       1.2327
   20373       1.2709
   20374       1.2317
   20375       1.2530
   20376       1.2753
   20377       1.1389
   20378       1.2572
   20379       1.2595
   20380       1.2365
   20381       1.2397
   20382       1.2568
   20383       1.3028
   20384       1.2406
   20385       1.3092
   20386       1.3388
   20387       1.2661
   20388       1.3370
   20389       1.3232
   20390       1.2552
   20391       1.2727
   20392       1.1976
   20393       1.1381
   20394       1.1327
   20395       1.2565
   20396       1.1777
   20397       1.1906
   20398       1.1636
   20399       1.2077
   20400       1.3168
   20401       1.2221
   20402       1.2005
   20403       1.0775
   20404       1.0732
   20405       1.1004
   20406       1.0883
   20407       1.0739
   20408       1.1575
   20409       1.0601
   20410       1.0292
   20411       1.0572
   20412       1.1034
   20413       1.1025
   20414       1.0728
   20415       1.0172
   20416       1.0490
   20417       0.9708
   20418       1.0181
   20419       1.0412
   20420       1.0398
   20421       1.1356
   20422       1.1246
   20423       1.1201
   20424       1.0950
   20425       1.0647
   20426       1.0810
   20427       1.0761
   20428       1.2796
   20429       1.0368
   20430       1.1118
   20431       1.3025
   20432       1.1482
   20433       1.1167
   20434       1.2442
   20435       1.1955
   20436       1.2233
   20437       1.2679
   20438       1.3563
   20439       1.1700
   20440       1.1493
   20441       1.1643
   20442       1.0860
   20443       1.1462
   20444       1.0229
   20445       1.1644
   20446       1.1854
   20447       1.1450
   20448       1.1703
   20449       1.2144
   20450       1.2252
   20451       1.2459
   20452       1.2594
   20453       1.3478
   20454       1.2081
   20455       1.1971
   20456       1.2248
   20457       1.3127
   20458       1.2212
   20459       1.1342
   20460       1.0942
   20461       1.1493
   20462       1.2106
   20463       1.1073
   20464       1.1375
   20465       1.1597
   20466       1.1191
   20467       1.1775
   20468       1.3302
   20469       1.1069
   20470       1.3072
   20471       1.2109
   20472       1.2541
   20473       1.2332
   20474       1.2572
   20475       1.3968
   20476       1.2201
   20477       1.3172
   20478       1.2086
   20479       1.2545
   20480       1.2298
   20481       1.1204
   20482       1.2051
   20483       1.2850
   20484       1.2509
   20485       1.2085
   20486       1.1840
   20487       1.2561
   20488       1.2360
   20489       1.3242
   20490       1.2058
   20491       1.1387
   20492       1.0759
   20493       1.0839
   20494       1.1951
   20495       1.0485
   20496       1.2482
   20497       1.1990
   20498       1.1845
   20499       1.3200
   20500       1.2468
   20501       1.3308
   20502       1.3153
   20503       1.1767
   20504       1.3585
   20505       1.2538
   20506       1.4149
   20507       1.2526
   20508       1.2571
   20509       1.2160
   20510       1.2882
   20511       1.2890
   20512       1.2629
   20513       1.4102
   20514       1.3834
   20515       1.3610
   20516       1.3751
   20517       1.3689
   20518       1.2880
   20519       1.3659
   20520       1.1456
   20521       1.2488
   20522       1.2423
   20523       1.2250
   20524       1.2746
   20525       1.1757
   20526       1.2488
   20527       1.2053
   20528       1.1905
   20529       1.1692
   20530       1.2201
   20531       1.1863
   20532       1.2812
   20533       1.2756
   20534       1.2709
   20535       1.4656
   20536       1.3767
   20537       1.3629
   20538       1.3802
   20539       1.3496
   20540       1.2431
   20541       1.2356
   20542       1.2239
   20543       1.3451
   20544       1.2656
   20545       1.2213
   20546       1.2707
   20547       1.3088
   20548       1.3133
   20549       1.3503
   20550       1.3425
   20551       1.3974
   20552       1.3068
   20553       1.4081
   20554       1.2090
   20555       1.2822
   20556       1.3013
   20557       1.4165
   20558       1.4063
   20559       1.4300
   20560       1.2812
   20561       1.3740
   20562       1.3161
   20563       1.2590
   20564       1.2796
   20565       1.3129
   20566       1.2786
   20567       1.2671
   20568       1.3180
   20569       1.4102
   20570       1.3619
   20571       1.3911
   20572       1.3838
   20573       1.3446
   20574       1.3463
   20575       1.2896
   20576       1.3152
   20577       1.2654
   20578       1.3105
   20579       1.3218
   20580       1.2565
   20581       1.2059
   20582       1.1203
   20583       1.1152
   20584       1.1079
   20585       1.2608
   20586       1.2143
   20587       1.2529
   20588       1.3209
   20589       1.2376
   20590       1.2474
   20591       1.3340
   20592       1.2544
   20593       1.1725
   20594       1.2194
   20595       1.2426
   20596       1.2026
   20597       1.2883
   20598       1.2919
   20599       1.2456
   20600       1.2603
   20601       1.2013
   20602       1.2485
   20603       1.3265
   20604       1.1742
   20605       1.2763
   20606       1.2159
   20607       1.2383
   20608       1.1470
   20609       1.2243
   20610       1.1476
   20611       1.1981
   20612       1.2734
   20613       1.2942
   20614       1.2060
   20615       1.2064
   20616       1.2201
   20617       1.2860
   20618       1.2162
   20619       1.4250
   20620       1.2883
   20621       1.2939
   20622       1.3965
   20623       1.3869
   20624       1.3452
   20625       1.3706
   20626       1.2170
   20627       1.3034
   20628       1.3187
   20629       1.4087
   20630       1.3886
   20631       1.3194
   20632       1.2863
   20633       1.2503
   20634       1.3521
   20635       1.3311
   20636       1.3350
   20637       1.2879
   20638       1.4782
   20639       1.3677
   20640       1.3058
   20641       1.3205
   20642       1.2775
   20643       1.3271
   20644       1.3332
   20645       1.2948
   20646       1.2429
   20647       1.2096
   20648       1.1641
   20649       1.1907
   20650       1.3739
   20651       1.3236
   20652       1.3388
   20653       1.3814
   20654       1.2896
   20655       1.3772
   20656       1.3802
   20657       1.4067
   20658       1.4109
   20659       1.4167
   20660       1.3878
   20661       1.2928
   20662       1.3299
   20663       1.2706
   20664       1.3651
   20665       1.2914
   20666       1.3284
   20667       1.2719
   20668       1.3474
   20669       1.2567
   20670       1.2728
   20671       1.3288
   20672       1.4236
   20673       1.2160
   20674       1.3303
   20675       1.1968
   20676       1.2163
   20677       1.2828
   20678       1.2090
   20679       1.3194
   20680       1.3719
   20681       1.3139
   20682       1.3929
   20683       1.3616
   20684       1.2391
   20685       1.2420
   20686       1.3116
   20687       1.3442
   20688       1.2412
   20689       1.2204
   20690       1.1867
   20691       1.2299
   20692       1.3295
   20693       1.2369
   20694       1.1810
   20695       1.2482
   20696       1.3163
   20697       1.3511
   20698       1.2407
   20699       1.2976
   20700       1.2325
   20701       1.3437
   20702       1.3664
   20703       1.3681
   20704       1.3818
   20705       1.3333
   20706       1.2985
   20707       1.2387
   20708       1.2448
   20709       1.3614
   20710       1.3576
   20711       1.2690
   20712       1.2629
   20713       1.2143
   20714       1.3681
   20715       1.3019
   20716       1.4349
   20717       1.3978
   20718       1.4218
   20719       1.3002
   20720       1.2499
   20721       1.2715
   20722       1.4805
   20723       1.3419
   20724       1.2742
   20725       1.3168
   20726       1.3290
   20727       1.2502
   20728       1.2805
   20729       1.3164
   20730       1.1857
   20731       1.1977
   20732       1.2918
   20733       1.3485
   20734       1.2066
   20735       1.1832
   20736       1.2820
   20737       1.2460
   20738       1.4011
   20739       1.3114
   20740       1.3872
   20741       1.2395
   20742       1.1955
   20743       1.2533
   20744       1.2201
   20745       1.3803
   20746       1.2575
   20747       1.2650
   20748       1.1657
   20749       1.2483
   20750       1.2223
   20751       1.2717
   20752       1.2598
   20753       1.3003
   20754       1.2023
   20755       1.2377
   20756       1.2974
   20757       1.3777
   20758       1.2168
   20759       1.2768
   20760       1.2971
   20761       1.2912
   20762       1.4050
   20763       1.3388
   20764       1.4312
   20765       1.3179
   20766       1.3717
   20767       1.4480
   20768       1.3761
   20769       1.2898
   20770       1.3323
   20771       1.3037
   20772       1.3182
   20773       1.3951
   20774       1.2682
   20775       1.4000
   20776       1.4150
   20777       1.3272
   20778       1.4683
   20779       1.4255
   20780       1.3409
   20781       1.4051
   20782       1.3511
   20783       1.4392
   20784       1.4497
   20785       1.4528
   20786       1.4777
   20787       1.4265
   20788       1.4359
   20789       1.4295
   20790       1.4454
   20791       1.4502
   20792       1.4216
   20793       1.4431
   20794       1.5083
   20795       1.5044
   20796       1.3892
   20797       1.4169
   20798       1.3723
   20799       1.4621
   20800       1.4732
   20801       1.4751
   20802       1.4594
   20803       1.3602
   20804       1.3917
   20805       1.2862
   20806       1.2742
   20807       1.3268
   20808       1.2226
   20809       1.2626
   20810       1.3541
   20811       1.3051
   20812       1.3060
   20813       1.3444
   20814       1.3305
   20815       1.2194
   20816       1.1789
   20817       1.3098
   20818       1.3394
   20819       1.2729
   20820       1.2846
   20821       1.2975
   20822       1.3644
   20823       1.3722
   20824       1.2880
   20825       1.3816
   20826       1.3284
   20827       1.2473
   20828       1.2316
   20829       1.2183
   20830       1.2498
   20831       1.1665
   20832       1.2121
   20833       1.2730
   20834       1.2765
   20835       1.2993
   20836       1.2969
   20837       1.2906
   20838       1.3284
   20839       1.3008
   20840       1.2533
   20841       1.2659
   20842       1.1825
   20843       1.2014
   20844       1.3213
   20845       1.2144
   20846       1.2088
   20847       1.1934
   20848       1.2920
   20849       1.2937
   20850       1.1883
   20851       1.1442
   20852       1.1485
   20853       1.2017
   20854       1.1734
   20855       1.2657
   20856       1.3694
   20857       1.2069
   20858       1.1885
   20859       1.2712
   20860       1.2242
   20861       1.2699
   20862       1.1789
   20863       1.1381
   20864       1.3727
   20865       1.3830
   20866       1.3667
   20867       1.3820
   20868       1.4512
   20869       1.4613
   20870       1.3815
   20871       1.4779
   20872       1.4104
   20873       1.4528
   20874       1.2271
   20875       1.2187
   20876       1.2375
   20877       1.2603
   20878       1.3915
   20879       1.3336
   20880       1.4001
   20881       1.3652
   20882       1.3462
   20883       1.4150
   20884       1.3887
   20885       1.3298
   20886       1.3483
   20887       1.3190
   20888       1.3293
   20889       1.2923
   20890       1.3154
   20891       1.2907
   20892       1.3293
   20893       1.3411
   20894       1.2509
   20895       1.3067
   20896       1.4594
   20897       1.3026
   20898       1.2830
   20899       1.2055
   20900       1.3633
   20901       1.2116
   20902       1.3847
   20903       1.3371
   20904       1.1746
   20905       1.3250
   20906       1.1791
   20907       1.2705
   20908       1.2673
   20909       1.2667
   20910       1.2653
   20911       1.2554
   20912       1.2310
   20913       1.3544
   20914       1.1980
   20915       1.1422
   20916       1.2005
   20917       1.2669
   20918       1.2488
   20919       1.2771
   20920       1.2838
   20921       1.2905
   20922       1.2150
   20923       1.2348
   20924       1.1859
   20925       1.2642
   20926       1.2637
   20927       1.2324
   20928       1.3112
   20929       1.2827
   20930       1.3588
   20931       1.2187
   20932       1.2528
   20933       1.2031
   20934       1.2166
   20935       1.1676
   20936       1.1369
   20937       1.3168
   20938       1.2659
   20939       1.2530
   20940       1.2653
   20941       1.2610
   20942       1.3075
   20943       1.3134
   20944       1.2290
   20945       1.2135
   20946       1.0658
   20947       1.2271
   20948       1.2107
   20949       1.3581
   20950       1.1799
   20951       1.2762
   20952       1.3594
   20953       1.1928
   20954       1.2800
   20955       1.1911
   20956       1.1895
   20957       1.1998
   20958       1.1704
   20959       1.1932
   20960       1.1785
   20961       1.2046
   20962       1.2020
   20963       1.2547
   20964       1.2405
   20965       1.2342
   20966       1.2558
   20967       1.2879
   20968       1.3000
   20969       1.2693
   20970       1.2693
   20971       1.1270
   20972       1.1293
   20973       1.1717
   20974       1.2646
   20975       1.2131
   20976       1.1888
   20977       1.3095
   20978       1.1716
   20979       1.2246
   20980       1.2433
   20981       1.2077
   20982       1.2544
   20983       1.2365
   20984       1.2566
   20985       1.1811
   20986       1.2908
   20987       1.3833
   20988       1.3078
   20989       1.3363
   20990       1.3537
   20991       1.3573
   20992       1.3704
   20993       1.3237
   20994       1.1833
   20995       1.1801
   20996       1.2109
   20997       1.2240
   20998       1.2066
   20999       1.1673
   21000       1.1711
   21001       1.2439
   21002       1.2648
   21003       1.3010
   21004       1.2446
   21005       1.2582
   21006       1.3274
   21007       1.1137
   21008       1.1344
   21009       1.1528
   21010       1.2160
   21011       1.1799
   21012       1.3224
   21013       1.4666
   21014       1.4516
   21015       1.3681
   21016       1.3583
   21017       1.3135
   21018       1.2770
   21019       1.3843
   21020       1.3860
   21021       1.3243
   21022       1.3280
   21023       1.2454
   21024       1.2813
   21025       1.2830
   21026       1.3072
   21027       1.4335
   21028       1.4198
   21029       1.3551
   21030       1.1847
   21031       1.2656
   21032       1.2746
   21033       1.2256
   21034       1.1944
   21035       1.2368
   21036       1.2993
   21037       1.3899
   21038       1.3798
   21039       1.1987
   21040       1.2881
   21041       1.3513
   21042       1.3510
   21043       1.4255
   21044       1.2971
   21045       1.3358
   21046       1.1665
   21047       1.3613
   21048       1.2832
   21049       1.1974
   21050       1.2821
   21051       1.2206
   21052       1.1720
   21053       1.1695
   21054       1.1430
   21055       1.1940
   21056       1.1932
   21057       1.1732
   21058       1.0559
   21059       1.0670
   21060       1.0682
   21061       1.0834
   21062       1.2218
   21063       1.1436
   21064       1.1128
   21065       1.1529
   21066       1.1639
   21067       1.1246
   21068       1.0774
   21069       1.0473
   21070       1.1066
   21071       1.1417
   21072       1.1619
   21073       1.0583
   21074       1.0932
   21075       0.9916
   21076       1.1384
   21077       1.1568
   21078       1.1383
   21079       1.1146
   21080       1.2233
   21081       1.3043
   21082       1.2606
   21083       1.2357
   21084       1.3268
   21085       1.2874
   21086       1.2647
   21087       1.2413
   21088       1.2392
   21089       1.1752
   21090       1.3345
   21091       1.2450
   21092       1.2083
   21093       1.2814
   21094       1.2314
   21095       1.4219
   21096       1.3082
   21097       1.2803
   21098       1.1230
   21099       1.1962
   21100       1.1215
   21101       1.2323
   21102       1.2219
   21103       1.2793
   21104       1.1397
   21105       1.2389
   21106       1.2230
   21107       1.2783
   21108       1.3432
   21109       1.3562
   21110       1.3443
   21111       1.3945
   21112       1.3356
   21113       1.3234
   21114       1.3630
   21115       1.3366
   21116       1.2472
   21117       1.2807
   21118       1.3304
   21119       1.2974
   21120       1.1614
   21121       1.2556
   21122       1.3269
   21123       1.3463
   21124       1.3752
   21125       1.1983
   21126       1.1693
   21127       1.2103
   21128       1.2462
   21129       1.2628
   21130       1.2125
   21131       1.3155
   21132       1.2812
   21133       1.2743
   21134       1.3690
   21135       1.3397
   21136       1.3119
   21137       1.3696
   21138       1.4259
   21139       1.3170
   21140       1.3700
   21141       1.3644
   21142       1.3654
   21143       1.3070
   21144       1.3632
   21145       1.3656
   21146       1.3665
   21147       1.2669
   21148       1.3401
   21149       1.3414
   21150       1.3670
   21151       1.2527
   21152       1.3081
   21153       1.3566
   21154       1.2683
   21155       1.3103
   21156       1.2262
   21157       1.4089
   21158       1.2460
   21159       1.3508
   21160       1.3479
   21161       1.4077
   21162       1.2856
   21163       1.1975
   21164       1.1607
   21165       1.2964
   21166       1.3346
   21167       1.3712
   21168       1.2938
   21169       1.2871
   21170       1.2098
   21171       1.2759
   21172       1.2943
   21173       1.2954
   21174       1.2079
   21175       1.3118
   21176       1.1977
   21177       1.3671
   21178       1.2383
   21179       1.2391
   21180       1.2495
   21181       1.2182
   21182       1.2618
   21183       1.3189
   21184       1.3346
   21185       1.3024
   21186       1.2039
   21187       1.2468
   21188       1.2565
   21189       1.2263
   21190       1.3242
   21191       1.3778
   21192       1.2855
   21193       1.2825
   21194       1.2859
   21195       1.3412
   21196       1.3237
   21197       1.3093
   21198       1.2780
   21199       1.3376
   21200       1.3236
   21201       1.5096
   21202       1.3495
   21203       1.3489
   21204       1.3110
   21205       1.3509
   21206       1.4081
   21207       1.3227
   21208       1.3768
   21209       1.5176
   21210       1.3620
   21211       1.2894
   21212       1.3789
   21213       1.3418
   21214       1.3251
   21215       1.3045
   21216       1.3469
   21217       1.2182
   21218       1.3066
   21219       1.2441
   21220       1.2808
   21221       1.3035
   21222       1.3260
   21223       1.1549
   21224       1.2778
   21225       1.2947
   21226       1.3514
   21227       1.2532
   21228       1.3275
   21229       1.3535
   21230       1.4245
   21231       1.3461
   21232       1.2497
   21233       1.2391
   21234       1.2644
   21235       1.2158
   21236       1.3267
   21237       1.2481
   21238       1.3188
   21239       1.2929
   21240       1.2946
   21241       1.3477
   21242       1.3785
   21243       1.3126
   21244       1.3364
   21245       1.3779
   21246       1.2779
   21247       1.1563
   21248       1.2942
   21249       1.1680
   21250       1.1609
   21251       1.2543
   21252       1.2686
   21253       1.2341
   21254       1.1540
   21255       1.2204
   21256       1.1830
   21257       1.2529
   21258       1.2869
   21259       1.3000
   21260       1.3654
   21261       1.3229
   21262       1.2901
   21263       1.1809
   21264       1.2742
   21265       1.2120
   21266       1.2575
   21267       1.2637
   21268       1.1789
   21269       1.2653
   21270       1.2719
   21271       1.2972
   21272       1.2229
   21273       1.2540
   21274       1.3217
   21275       1.4513
   21276       1.3037
   21277       1.2254
   21278       1.2256
   21279       1.2458
   21280       1.2810
   21281       1.3451
   21282       1.2202
   21283       1.2060
   21284       1.1910
   21285       1.2877
   21286       1.2717
   21287       1.2959
   21288       1.3453
   21289       1.2673
   21290       1.3146
   21291       1.2763
   21292       1.2436
   21293       1.3136
   21294       1.2248
   21295       1.2585
   21296       1.2443
   21297       1.2697
   21298       1.3239
   21299       1.2111
   21300       1.2928
   21301       1.2094
   21302       1.3213
   21303       1.3227
   21304       1.1992
   21305       1.1998
   21306       1.2861
   21307       1.2543
   21308       1.2934
   21309       1.3243
   21310       1.2881
   21311       1.2399
   21312       1.3659
   21313       1.3525
   21314       1.3503
   21315       1.3134
   21316       1.3245
   21317       1.2155
   21318       1.2560
   21319       1.3243
   21320       1.1999
   21321       1.1937
   21322       1.2054
   21323       1.2159
   21324       1.3234
   21325       1.2945
   21326       1.3710
   21327       1.3315
   21328       1.3528
   21329       1.3344
   21330       1.2060
   21331       1.3422
   21332       1.2811
   21333       1.1756
   21334       1.2152
   21335       1.2084
   21336       1.2631
   21337       1.2465
   21338       1.2897
   21339       1.3350
   21340       1.2713
   21341       1.1813
   21342       1.1583
   21343       1.1706
   21344       1.2402
   21345       1.1324
   21346       1.1038
   21347       1.0964
   21348       1.1750
   21349       1.1071
   21350       1.1086
   21351       1.1932
   21352       1.1143
   21353       1.2314
   21354       1.1828
   21355       1.2799
   21356       1.2813
   21357       1.1605
   21358       1.1710
   21359       1.1755
   21360       1.1941
   21361       1.3247
   21362       1.4672
   21363       1.4540
   21364       1.4011
   21365       1.3788
   21366       1.3868
   21367       1.4714
   21368       1.4198
   21369       1.3533
   21370       1.3056
   21371       1.3457
   21372       1.4090
   21373       1.3150
   21374       1.2859
   21375       1.3082
   21376       1.2364
   21377       1.2652
   21378       1.1769
   21379       1.1958
   21380       1.1061
   21381       1.1086
   21382       1.0914
   21383       1.2566
   21384       1.3027
   21385       1.2987
   21386       1.3005
   21387       1.3186
   21388       1.3513
   21389       1.2979
   21390       1.3787
   21391       1.3111
   21392       1.3349
   21393       1.2766
   21394       1.2726
   21395       1.2365
   21396       1.1655
   21397       1.0970
   21398       1.1846
   21399       1.2348
   21400       1.2234
   21401       1.3004
   21402       1.1114
   21403       1.1616
   21404       1.1904
   21405       1.2159
   21406       1.2449
   21407       1.1241
   21408       1.3778
   21409       1.4390
   21410       1.4798
   21411       1.3783
   21412       1.2546
   21413       1.3801
   21414       1.4123
   21415       1.2991
   21416       1.4131
   21417       1.3752
   21418       1.2969
   21419       1.3236
   21420       1.1650
   21421       1.2551
   21422       1.2974
   21423       1.2590
   21424       1.2491
   21425       1.3626
   21426       1.3236
   21427       1.2983
   21428       1.3296
   21429       1.2350
   21430       1.2830
   21431       1.2627
   21432       1.2078
   21433       1.3472
   21434       1.3033
   21435       1.3466
   21436       1.2681
   21437       1.3182
   21438       1.3501
   21439       1.1432
   21440       1.1336
   21441       1.1839
   21442       1.1731
   21443       1.1235
   21444       1.1532
   21445       1.1163
   21446       1.1780
   21447       1.0420
   21448       0.9937
   21449       1.0524
   21450       1.1597
   21451       1.1819
   21452       1.0917
   21453       1.1436
   21454       1.1273
   21455       1.1346
   21456       1.2547
   21457       1.1622
   21458       1.1077
   21459       1.2039
   21460       1.2497
   21461       1.2373
   21462       1.0880
   21463       1.0392
   21464       1.1810
   21465       1.1626
   21466       1.1274
   21467       1.1444
   21468       1.1973
   21469       1.2940
   21470       1.1507
   21471       1.1599
   21472       1.1358
   21473       1.2287
   21474       1.2817
   21475       1.0631
   21476       1.0394
   21477       1.1289
   21478       1.0265
   21479       1.0573
   21480       0.9997
   21481       1.0709
   21482       1.0881
   21483       1.0507
   21484       1.1471
   21485       1.2076
   21486       1.1684
   21487       1.2101
   21488       1.1816
   21489       1.0861
   21490       1.0888
   21491       1.1027
   21492       1.1866
   21493       1.1699
   21494       1.1742
   21495       1.1234
   21496       1.0375
   21497       1.1863
   21498       1.1502
   21499       1.0018
   21500       1.0649
   21501       1.1236
   21502       1.0525
   21503       1.0978
   21504       1.1724
   21505       1.1271
   21506       1.0619
   21507       0.9572
   21508       1.0357
   21509       1.0452
   21510       1.2212
   21511       1.0375
   21512       1.0599
   21513       1.1354
   21514       1.1261
   21515       1.0847
   21516       1.0683
   21517       1.0981
   21518       1.0762
   21519       1.1228
   21520       1.0935
   21521       1.2246
   21522       1.1274
   21523       1.0536
   21524       1.0755
   21525       1.1383
   21526       1.1385
   21527       1.0169
   21528       1.1147
   21529       1.0961
   21530       1.1754
   21531       1.1465
   21532       1.2002
   21533       1.2258
   21534       1.0827
   21535       1.1207
   21536       1.1213
   21537       1.1190
   21538       1.1698
   21539       1.2213
   21540       1.1647
   21541       1.1492
   21542       1.1519
   21543       1.0780
   21544       1.0785
   21545       1.1547
   21546       1.1019
   21547       1.2287
   21548       1.0986
   21549       1.1155
   21550       1.1703
   21551       1.1684
   21552       1.1476
   21553       1.1453
   21554       1.1439
   21555       1.1529
   21556       1.0958
   21557       1.2114
   21558       1.1676
   21559       1.1035
   21560       1.0860
   21561       1.2364
   21562       1.2117
   21563       1.1955
   21564       1.2210
   21565       1.1925
   21566       1.1306
   21567       1.1088
   21568       1.1080
   21569       1.0074
   21570       1.0090
   21571       1.0080
   21572       1.0429
   21573       1.0254
   21574       1.0280
   21575       1.1565
   21576       1.1455
   21577       1.0935
   21578       1.1578
   21579       1.0603
   21580       1.1037
   21581       1.1790
   21582       1.2069
   21583       1.2251
   21584       1.1673
   21585       1.1632
   21586       1.0603
   21587       1.1111
   21588       1.1725
   21589       1.1012
   21590       1.1114
   21591       1.0812
   21592       1.1554
   21593       1.2094
   21594       1.2772
   21595       1.1816
   21596       1.2507
   21597       1.1875
   21598       1.2380
   21599       1.2322
   21600       1.2052
   21601       1.1611
   21602       1.0879
   21603       1.1285
   21604       1.0947
   21605       1.0723
   21606       1.0852
   21607       1.1516
   21608       1.0543
   21609       1.1863
   21610       1.0490
   21611       1.1182
   21612       1.0926
   21613       1.1214
   21614       1.1529
   21615       1.1272
   21616       1.1137
   21617       1.1559
   21618       1.1499
   21619       1.0845
   21620       1.1201
   21621       1.1361
   21622       1.1924
   21623       1.1781
   21624       1.2140
   21625       1.2354
   21626       1.2636
   21627       1.3220
   21628       1.4043
   21629       1.1868
   21630       1.1644
   21631       1.1609
   21632       1.1574
   21633       1.2423
   21634       1.1919
   21635       1.2076
   21636       1.2159
   21637       1.2330
   21638       1.1338
   21639       1.1479
   21640       1.2327
   21641       1.2512
   21642       1.2836
   21643       1.2924
   21644       1.2094
   21645       1.2182
   21646       1.2442
   21647       1.2431
   21648       1.2822
   21649       1.3123
   21650       1.2692
   21651       1.2954
   21652       1.3669
   21653       1.3042
   21654       1.3041
   21655       1.2313
   21656       1.2776
   21657       1.3346
   21658       1.2582
   21659       1.2523
   21660       1.1771
   21661       1.2324
   21662       1.2068
   21663       1.2644
   21664       1.2346
   21665       1.1252
   21666       1.2125
   21667       1.0726
   21668       1.1139
   21669       1.1009
   21670       1.1156
   21671       1.1705
   21672       1.2063
   21673       1.1767
   21674       1.1875
   21675       1.0987
   21676       1.0938
   21677       1.2313
   21678       1.1403
   21679       1.2009
   21680       1.0282
   21681       1.0447
   21682       1.1198
   21683       1.1852
   21684       1.1717
   21685       1.1776
   21686       1.1327
   21687       1.2711
   21688       1.1079
   21689       1.2370
   21690       1.1728
   21691       1.2027
   21692       1.2257
   21693       1.1478
   21694       1.1097
   21695       1.1338
   21696       1.1083
   21697       1.0502
   21698       1.1590
   21699       1.2649
   21700       1.2015
   21701       1.2144
   21702       1.1747
   21703       1.1376
   21704       1.2256
   21705       1.2018
   21706       1.1222
   21707       1.2745
   21708       1.2694
   21709       1.1985
   21710       1.2205
   21711       1.0345
   21712       1.1368
   21713       1.1655
   21714       1.2467
   21715       1.2846
   21716       1.2375
   21717       1.3035
   21718       1.3083
   21719       1.2465
   21720       1.2298
   21721       1.1951
   21722       1.3482
   21723       1.3373
   21724       1.2822
   21725       1.2300
   21726       1.2587
   21727       1.3760
   21728       1.2336
   21729       1.2525
   21730       1.2553
   21731       1.2272
   21732       1.1823
   21733       1.1013
   21734       1.1972
   21735       1.1601
   21736       1.1722
   21737       1.1998
   21738       1.1344
   21739       1.1732
   21740       1.2238
   21741       1.2839
   21742       1.2511
   21743       1.1425
   21744       1.2489
   21745       1.2376
   21746       1.2408
   21747       1.1900
   21748       1.1856
   21749       0.9811
   21750       1.1433
   21751       1.2038
   21752       1.1839
   21753       1.1803
   21754       1.1606
   21755       1.1112
   21756       1.0129
   21757       1.0876
   21758       1.0670
   21759       1.0789
   21760       1.0839
   21761       1.1851
   21762       1.0516
   21763       1.1595
   21764       1.2252
   21765       1.2591
   21766       1.2714
   21767       1.2245
   21768       1.2464
   21769       1.2778
   21770       1.1686
   21771       1.2203
   21772       1.2550
   21773       1.1283
   21774       1.2423
   21775       1.2065
   21776       1.1998
   21777       1.3706
   21778       1.3996
   21779       1.3934
   21780       1.4363
   21781       1.3923
   21782       1.3973
   21783       1.4293
   21784       1.4541
   21785       1.4642
   21786       1.2457
   21787       1.3464
   21788       1.2315
   21789       1.2870
   21790       1.2516
   21791       1.3112
   21792       1.2741
   21793       1.2393
   21794       1.3859
   21795       1.2743
   21796       1.1640
   21797       1.2018
   21798       1.1979
   21799       1.2177
   21800       1.2942
   21801       1.1774
   21802       1.1460
   21803       1.2320
   21804       1.2836
   21805       1.2591
   21806       1.2586
   21807       1.3253
   21808       1.2682
   21809       1.3379
   21810       1.2925
   21811       1.3767
   21812       1.3413
   21813       1.2518
   21814       1.2363
   21815       1.2851
   21816       1.2285
   21817       1.2091
   21818       1.0473
   21819       1.0621
   21820       1.1166
   21821       1.0036
   21822       1.0060
   21823       1.1244
   21824       1.1390
   21825       1.1525
   21826       1.2714
   21827       1.1325
   21828       1.1395
   21829       1.0861
   21830       1.1936
   21831       1.1127
   21832       1.1706
   21833       1.1671
   21834       1.0615
   21835       1.1321
   21836       1.1881
   21837       1.1444
   21838       1.1257
   21839       1.1982
   21840       1.2343
   21841       1.1936
   21842       1.2036
   21843       1.1211
   21844       1.1965
   21845       1.1813
   21846       1.1898
   21847       1.1863
   21848       1.1727
   21849       1.1572
   21850       1.1099
   21851       1.0246
   21852       1.1056
   21853       1.0315
   21854       1.2289
   21855       1.2721
   21856       1.1179
   21857       1.0925
   21858       1.1903
   21859       1.1156
   21860       1.0320
   21861       1.1633
   21862       1.1138
   21863       1.0786
   21864       1.2228
   21865       1.0911
   21866       1.2594
   21867       1.2235
   21868       1.2660
   21869       1.3165
   21870       1.2737
   21871       1.2396
   21872       1.3126
   21873       1.2347
   21874       1.2202
   21875       1.2016
   21876       1.1304
   21877       1.2347
   21878       1.3385
   21879       1.2894
   21880       1.2973
   21881       1.2886
   21882       1.3534
   21883       1.4283
   21884       1.3354
   21885       1.2609
   21886       1.2374
   21887       1.3174
   21888       1.2291
   21889       1.3017
   21890       1.3993
   21891       1.3485
   21892       1.3562
   21893       1.3000
   21894       1.2327
   21895       1.3964
   21896       1.3991
   21897       1.3644
   21898       1.2521
   21899       1.2834
   21900       1.3398
   21901       1.3974
   21902       1.2740
   21903       1.2543
   21904       1.2690
   21905       1.2340
   21906       1.2833
   21907       1.3615
   21908       1.3630
   21909       1.4116
   21910       1.4454
   21911       1.3992
   21912       1.3663
   21913       1.3616
   21914       1.3538
   21915       1.4548
   21916       1.4710
   21917       1.5264
   21918       1.4026
   21919       1.3563
   21920       1.3644
   21921       1.4069
   21922       1.4362
   21923       1.4936
   21924       1.4189
   21925       1.3392
   21926       1.3990
   21927       1.2685
   21928       1.3862
   21929       1.3364
   21930       1.4039
   21931       1.3455
   21932       1.3755
   21933       1.2879
   21934       1.2510
   21935       1.3114
   21936       1.2437
   21937       1.2080
   21938       1.3111
   21939       1.3359
   21940       1.3125
   21941       1.3079
   21942       1.2593
   21943       1.2444
   21944       1.3656
   21945       1.4014
   21946       1.3951
   21947       1.3248
   21948       1.2399
   21949       1.2789
   21950       1.2649
   21951       1.1382
   21952       1.2827
   21953       1.3244
   21954       1.3733
   21955       1.3070
   21956       1.3409
   21957       1.2955
   21958       1.3371
   21959       1.4335
   21960       1.3912
   21961       1.3010
   21962       1.3093
   21963       1.4802
   21964       1.2524
   21965       1.3364
   21966       1.2894
   21967       1.3210
   21968       1.2853
   21969       1.2636
   21970       1.3161
   21971       1.2211
   21972       1.2344
   21973       1.4271
   21974       1.3128
   21975       1.4021
   21976       1.3881
   21977       1.2672
   21978       1.3390
   21979       1.4152
   21980       1.3459
   21981       1.3341
   21982       1.2970
   21983       1.1770
   21984       1.2513
   21985       1.2725
   21986       1.2697
   21987       1.4099
   21988       1.3691
   21989       1.2759
   21990       1.4188
   21991       1.2856
   21992       1.2093
   21993       1.2588
   21994       1.1876
   21995       1.2107
   21996       1.2446
   21997       1.2767
   21998       1.2973
   21999       1.2535
   22000       1.2475
   22001       1.2434
   22002       1.2262
   22003       1.2041
   22004       1.2753
   22005       1.2292
   22006       1.3061
   22007       1.2530
   22008       1.2088
   22009       1.1205
   22010       1.1107
   22011       1.1192
   22012       1.1972
   22013       1.2621
   22014       1.2709
   22015       1.1393
   22016       1.0571
   22017       1.2226
   22018       1.1092
   22019       1.1510
   22020       1.2001
   22021       1.3377
   22022       1.2503
   22023       1.2527
   22024       1.3102
   22025       1.3715
   22026       1.4135
   22027       1.4288
   22028       1.2374
   22029       1.2161
   22030       1.3634
   22031       1.3567
   22032       1.2837
   22033       1.3813
   22034       1.3235
   22035       1.2616
   22036       1.2965
   22037       1.2753
   22038       1.2239
   22039       1.3286
   22040       1.3711
   22041       1.2913
   22042       1.2813
   22043       1.2773
   22044       1.3304
   22045       1.2251
   22046       1.1432
   22047       1.2039
   22048       1.2983
   22049       1.1378
   22050       1.2750
   22051       1.4516
   22052       1.2811
   22053       1.3642
   22054       1.2410
   22055       1.2849
   22056       1.3303
   22057       1.1917
   22058       1.0719
   22059       1.1365
   22060       1.2236
   22061       1.1687
   22062       1.1066
   22063       1.1192
   22064       1.2350
   22065       1.2434
   22066       1.2628
   22067       1.3185
   22068       1.3377
   22069       1.2701
   22070       1.1764
   22071       1.2098
   22072       1.2994
   22073       1.3806
   22074       1.2971
   22075       1.2790
   22076       1.3612
   22077       1.3569
   22078       1.3801
   22079       1.4595
   22080       1.3644
   22081       1.3850
   22082       1.3641
   22083       1.2454
   22084       1.2842
   22085       1.3118
   22086       1.2830
   22087       1.1473
   22088       1.3062
   22089       1.2282
   22090       1.2206
   22091       1.2022
   22092       1.1771
   22093       1.1689
   22094       1.3004
   22095       1.1431
   22096       1.1560
   22097       1.1916
   22098       1.1327
   22099       1.2561
   22100       1.2198
   22101       1.2624
   22102       1.2940
   22103       1.4052
   22104       1.2351
   22105       1.4347
   22106       1.3851
   22107       1.3673
   22108       1.4472
   22109       1.3679
   22110       1.3461
   22111       1.4540
   22112       1.3136
   22113       1.4364
   22114       1.2776
   22115       1.2066
   22116       1.3215
   22117       1.2967
   22118       1.4252
   22119       1.4073
   22120       1.2833
   22121       1.1916
   22122       1.3252
   22123       1.2420
   22124       1.2423
   22125       1.2848
   22126       1.2482
   22127       1.2641
   22128       1.1875
   22129       1.1952
   22130       1.2837
   22131       1.2116
   22132       1.2834
   22133       1.1933
   22134       1.2986
   22135       1.1508
   22136       1.1688
   22137       1.3262
   22138       1.1851
   22139       1.2798
   22140       1.1919
   22141       1.2648
   22142       1.2703
   22143       1.2956
   22144       1.3442
   22145       1.3300
   22146       1.2468
   22147       1.2786
   22148       1.2643
   22149       1.3678
   22150       1.2284
   22151       1.3333
   22152       1.2121
   22153       1.3361
   22154       1.3460
   22155       1.3720
   22156       1.3232
   22157       1.3265
   22158       1.2983
   22159       1.2898
   22160       1.3563
   22161       1.3164
   22162       1.3137
   22163       1.3386
   22164       1.2844
   22165       1.2845
   22166       1.2973
   22167       1.2421
   22168       1.2956
   22169       1.3066
   22170       1.2479
   22171       1.3181
   22172       1.3556
   22173       1.3512
   22174       1.2205
   22175       1.1588
   22176       1.1742
   22177       1.1672
   22178       1.2100
   22179       1.1847
   22180       1.1269
   22181       1.1635
   22182       1.0682
   22183       1.0680
   22184       1.0412
   22185       1.1674
   22186       1.1461
   22187       1.0670
   22188       1.0947
   22189       1.2241
   22190       1.1609
   22191       1.2558
   22192       1.2628
   22193       1.1923
   22194       1.2336
   22195       1.0734
   22196       1.1757
   22197       1.2159
   22198       1.1569
   22199       1.2683
   22200       1.2971
   22201       1.2387
   22202       1.2376
   22203       1.2515
   22204       1.1580
   22205       1.2273
   22206       1.2596
   22207       1.3111
   22208       1.2015
   22209       1.2917
   22210       1.2539
   22211       1.2829
   22212       1.2332
   22213       1.1654
   22214       1.1993
   22215       1.1655
   22216       1.2506
   22217       1.0871
   22218       1.1515
   22219       1.1991
   22220       1.0799
   22221       1.1992
   22222       1.1334
   22223       1.2434
   22224       1.1484
   22225       1.1458
   22226       1.1766
   22227       1.1891
   22228       1.2784
   22229       1.2502
   22230       1.3491
   22231       1.2895
   22232       1.2964
   22233       1.2918
   22234       1.3010
   22235       1.3191
   22236       1.3112
   22237       1.2327
   22238       1.3029
   22239       1.2760
   22240       1.2429
   22241       1.2291
   22242       1.1472
   22243       1.3113
   22244       1.2484
   22245       1.1778
   22246       1.3399
   22247       1.1344
   22248       1.0728
   22249       1.0866
   22250       1.1007
   22251       1.0323
   22252       1.1124
   22253       1.0571
   22254       1.0803
   22255       1.0374
   22256       1.0867
   22257       1.1702
   22258       1.0690
   22259       1.1470
   22260       1.1756
   22261       1.2261
   22262       1.0898
   22263       1.1754
   22264       1.2444
   22265       1.2918
   22266       1.2179
   22267       1.2439
   22268       1.2005
   22269       1.1435
   22270       1.1546
   22271       1.1795
   22272       1.2176
   22273       1.2316
   22274       1.1776
   22275       1.3865
   22276       1.4117
   22277       1.4177
   22278       1.2851
   22279       1.3830
   22280       1.2899
   22281       1.3298
   22282       1.2394
   22283       1.3428
   22284       1.3757
   22285       1.3466
   22286       1.2479
   22287       1.0702
   22288       1.2354
   22289       1.2293
   22290       1.2182
   22291       1.1863
   22292       1.3020
   22293       1.1805
   22294       1.2957
   22295       1.2782
   22296       1.3023
   22297       1.2308
   22298       1.2041
   22299       1.2358
   22300       1.3612
   22301       1.1988
   22302       1.2603
   22303       1.3043
   22304       1.1997
   22305       1.1460
   22306       1.2815
   22307       1.1858
   22308       1.2709
   22309       1.2912
   22310       1.2231
   22311       1.1762
   22312       1.1306
   22313       1.1890
   22314       1.2270
   22315       1.2467
   22316       1.2391
   22317       1.2987
   22318       1.2861
   22319       1.3810
   22320       1.4389
   22321       1.2517
   22322       1.1541
   22323       1.2489
   22324       1.2560
   22325       1.1470
   22326       1.2722
   22327       1.1927
   22328       1.1612
   22329       1.3213
   22330       1.2656
   22331       1.2612
   22332       1.2526
   22333       1.4034
   22334       1.1614
   22335       1.3046
   22336       1.1629
   22337       1.1085
   22338       1.2107
   22339       1.1527
   22340       1.2943
   22341       1.2541
   22342       1.3460
   22343       1.3921
   22344       1.2440
   22345       1.2709
   22346       1.2178
   22347       1.1414
   22348       1.2719
   22349       1.2888
   22350       1.1497
   22351       1.1969
   22352       1.3050
   22353       1.2808
   22354       1.3492
   22355       1.3105
   22356       1.3218
   22357       1.3071
   22358       1.2922
   22359       1.2486
   22360       1.1888
   22361       1.2797
   22362       1.4095
   22363       1.2303
   22364       1.4140
   22365       1.3674
   22366       1.4364
   22367       1.3383
   22368       1.2742
   22369       1.1999
   22370       1.2930
   22371       1.2267
   22372       1.3695
   22373       1.3763
   22374       1.3399
   22375       1.2452
   22376       1.2319
   22377       1.2773
   22378       1.4358
   22379       1.3926
   22380       1.3954
   22381       1.2346
   22382       1.2501
   22383       1.2555
   22384       1.3046
   22385       1.2583
   22386       1.2945
   22387       1.3274
   22388       1.1997
   22389       1.2113
   22390       1.2076
   22391       1.2516
   22392       1.2545
   22393       1.2740
   22394       1.1981
   22395       1.4227
   22396       1.2485
   22397       1.3510
   22398       1.4607
   22399       1.5496
   22400       1.5388
   22401       1.2872
   22402       1.3365
   22403       1.2268
   22404       1.1691
   22405       1.1165
   22406       1.1652
   22407       1.2067
   22408       1.2719
   22409       1.3313
   22410       1.3281
   22411       1.2467
   22412       1.3353
   22413       1.2521
   22414       1.2391
   22415       1.2851
   22416       1.3080
   22417       1.2724
   22418       1.3225
   22419       1.2577
   22420       1.2979
   22421       1.3275
   22422       1.2995
   22423       1.3322
   22424       1.2363
   22425       1.3216
   22426       1.3937
   22427       1.2905
   22428       1.2010
   22429       1.2475
   22430       1.1537
   22431       1.1231
   22432       1.2660
   22433       1.1588
   22434       1.1386
   22435       1.1716
   22436       1.2094
   22437       1.1459
   22438       1.1344
   22439       1.2089
   22440       1.2664
   22441       1.3491
   22442       1.2236
   22443       1.1974
   22444       1.3047
   22445       1.2428
   22446       1.1417
   22447       1.1469
   22448       1.1653
   22449       1.1615
   22450       1.1860
   22451       1.2763
   22452       1.3266
   22453       1.3518
   22454       1.3474
   22455       1.2343
   22456       1.2589
   22457       1.3343
   22458       1.3254
   22459       1.1973
   22460       1.3207
   22461       1.3695
   22462       1.3278
   22463       1.2480
   22464       1.2663
   22465       1.2257
   22466       1.2971
   22467       1.2400
   22468       1.1494
   22469       1.3309
   22470       1.1670
   22471       1.1772
   22472       1.3073
   22473       1.3280
   22474       1.1530
   22475       1.1714
   22476       1.1631
   22477       1.1236
   22478       1.1649
   22479       1.1368
   22480       1.2400
   22481       1.1679
   22482       1.0924
   22483       1.1716
   22484       1.1786
   22485       1.1477
   22486       1.1808
   22487       1.1771
   22488       1.1651
   22489       1.1394
   22490       1.1286
   22491       1.1192
   22492       1.0758
   22493       1.1850
   22494       1.1197
   22495       1.1558
   22496       1.1009
   22497       1.1367
   22498       1.1435
   22499       1.1781
   22500       1.1067
   22501       1.0133
   22502       1.0225
   22503       1.0593
   22504       1.1598
   22505       1.1995
   22506       1.2707
   22507       1.3278
   22508       1.2626
   22509       1.0338
   22510       1.1063
   22511       1.0926
   22512       1.2777
   22513       1.3086
   22514       1.2791
   22515       1.3453
   22516       1.4450
   22517       1.3352
   22518       1.3554
   22519       1.3191
   22520       1.3025
   22521       1.3095
   22522       1.3556
   22523       1.2484
   22524       1.2240
   22525       1.2719
   22526       1.2846
   22527       1.0804
   22528       1.1607
   22529       1.0651
   22530       1.0926
   22531       1.1816
   22532       1.1452
   22533       1.1198
   22534       1.0447
   22535       1.1718
   22536       1.1211
   22537       1.0936
   22538       1.3233
   22539       1.3307
   22540       1.2533
   22541       1.1579
   22542       1.1948
   22543       1.2182
   22544       1.1534
   22545       1.1575
   22546       1.1436
   22547       1.1037
   22548       1.1367
   22549       1.0620
   22550       0.9244
   22551       1.1090
   22552       1.1774
   22553       1.1754
   22554       1.1379
   22555       1.0885
   22556       1.1038
   22557       0.9920
   22558       1.0477
   22559       1.0755
   22560       1.1666
   22561       1.1794
   22562       1.1848
   22563       1.1402
   22564       1.0608
   22565       1.0340
   22566       1.1981
   22567       1.0977
   22568       1.1552
   22569       1.1446
   22570       1.1879
   22571       1.1204
   22572       1.1145
   22573       1.1116
   22574       1.1970
   22575       1.1359
   22576       1.1777
   22577       1.1544
   22578       1.2604
   22579       1.2425
   22580       1.2452
   22581       1.3149
   22582       1.3160
   22583       1.2503
   22584       1.2703
   22585       1.3717
   22586       1.1753
   22587       1.2567
   22588       1.3281
   22589       1.3542
   22590       1.1969
   22591       1.1730
   22592       1.2722
   22593       1.2696
   22594       1.2091
   22595       1.1957
   22596       1.3107
   22597       1.2856
   22598       1.3336
   22599       1.1879
   22600       1.3320
   22601       1.1683
   22602       1.2742
   22603       1.2981
   22604       1.4000
   22605       1.2741
   22606       1.2336
   22607       1.3075
   22608       1.3056
   22609       1.2649
   22610       1.3619
   22611       1.2453
   22612       1.1910
   22613       1.2274
   22614       1.2531
   22615       1.2275
   22616       1.2107
   22617       1.1848
   22618       1.2386
   22619       1.1984
   22620       1.1195
   22621       1.2247
   22622       1.1576
   22623       1.1844
   22624       1.1747
   22625       1.1195
   22626       1.1594
   22627       1.2113
   22628       1.1187
   22629       1.2313
   22630       1.3480
   22631       1.1844
   22632       1.2076
   22633       1.1998
   22634       1.0891
   22635       1.0368
   22636       1.0643
   22637       1.1492
   22638       1.1315
   22639       1.2522
   22640       1.2470
   22641       1.2324
   22642       1.1944
   22643       1.2174
   22644       1.0849
   22645       1.1240
   22646       1.1587
   22647       1.2201
   22648       1.2592
   22649       1.2910
   22650       1.2017
   22651       1.2549
   22652       1.2111
   22653       1.2348
   22654       1.1610
   22655       1.0916
   22656       1.2093
   22657       1.2005
   22658       1.2482
   22659       1.2036
   22660       1.2330
   22661       1.1537
   22662       1.2047
   22663       1.2497
   22664       1.2149
   22665       1.1830
   22666       1.1592
   22667       1.1163
   22668       1.2806
   22669       1.3371
   22670       1.3318
   22671       1.3589
   22672       1.3841
   22673       1.3258
   22674       1.2089
   22675       1.2765
   22676       1.1615
   22677       1.1764
   22678       1.3713
   22679       1.2761
   22680       1.1809
   22681       1.1996
   22682       1.1960
   22683       1.1874
   22684       1.1030
   22685       1.2121
   22686       1.1246
   22687       1.1761
   22688       1.1833
   22689       1.2160
   22690       1.1098
   22691       1.2653
   22692       1.2447
   22693       1.2812
   22694       1.2585
   22695       1.1909
   22696       1.2478
   22697       1.1772
   22698       1.1775
   22699       1.2644
   22700       1.1761
   22701       1.2310
   22702       1.2889
   22703       1.3376
   22704       1.3327
   22705       1.2641
   22706       1.3486
   22707       1.3118
   22708       1.2889
   22709       1.1723
   22710       1.2101
   22711       1.2726
   22712       1.2470
   22713       1.2348
   22714       1.2622
   22715       1.3778
   22716       1.3253
   22717       1.2355
   22718       1.2632
   22719       1.3518
   22720       1.4037
   22721       1.3298
   22722       1.1610
   22723       1.2810
   22724       1.2597
   22725       1.3127
   22726       1.3447
   22727       1.2203
   22728       1.2361
   22729       1.2040
   22730       1.3120
   22731       1.1666
   22732       1.1417
   22733       1.0790
   22734       1.1478
   22735       1.1517
   22736       1.1649
   22737       1.1114
   22738       1.2358
   22739       1.1048
   22740       1.1524
   22741       1.2531
   22742       1.1993
   22743       1.2236
   22744       1.1656
   22745       1.2572
   22746       1.2609
   22747       1.2601
   22748       1.2298
   22749       1.2504
   22750       1.3000
   22751       1.1944
   22752       1.1581
   22753       1.2209
   22754       1.2328
   22755       1.2188
   22756       1.2904
   22757       1.2248
   22758       1.1900
   22759       1.3029
   22760       1.3063
   22761       1.3844
   22762       1.3413
   22763       1.1948
   22764       1.2316
   22765       1.2097
   22766       1.1709
   22767       1.1649
   22768       1.1301
   22769       1.1826
   22770       1.1805
   22771       1.1612
   22772       1.1720
   22773       1.1576
   22774       1.2432
   22775       1.1912
   22776       1.2552
   22777       1.3101
   22778       1.2381
   22779       1.2126
   22780       1.3217
   22781       1.3040
   22782       1.4253
   22783       1.4217
   22784       1.3844
   22785       1.3782
   22786       1.3128
   22787       1.4284
   22788       1.3599
   22789       1.2908
   22790       1.3238
   22791       1.3025
   22792       1.2533
   22793       1.2004
   22794       1.1852
   22795       1.1821
   22796       1.2056
   22797       1.2383
   22798       1.2231
   22799       1.2075
   22800       1.1677
   22801       1.1699
   22802       1.2531
   22803       1.1966
   22804       1.3644
   22805       1.1680
   22806       1.2278
   22807       1.2636
   22808       1.2267
   22809       1.2396
   22810       1.1641
   22811       1.2334
   22812       1.2518
   22813       1.2813
   22814       1.2611
   22815       1.2238
   22816       1.1728
   22817       1.1881
   22818       1.3280
   22819       1.2446
   22820       1.1037
   22821       1.2657
   22822       1.2976
   22823       1.0788
   22824       1.2406
   22825       1.2957
   22826       1.2475
   22827       1.1407
   22828       1.0780
   22829       1.1401
   22830       1.2100
   22831       1.2357
   22832       1.1024
   22833       1.1955
   22834       1.1996
   22835       1.1454
   22836       1.2864
   22837       1.1894
   22838       1.3343
   22839       1.2438
   22840       1.3024
   22841       1.2370
   22842       1.3155
   22843       1.3776
   22844       1.3530
   22845       1.2453
   22846       1.2902
   22847       1.3891
   22848       1.3321
   22849       1.1884
   22850       1.2330
   22851       1.2078
   22852       1.1790
   22853       1.1547
   22854       1.1926
   22855       1.1588
   22856       1.2175
   22857       1.2657
   22858       1.3549
   22859       1.2060
   22860       1.2771
   22861       1.2582
   22862       1.2086
   22863       1.1375
   22864       1.1671
   22865       1.1469
   22866       1.1664
   22867       1.1365
   22868       1.1634
   22869       1.1094
   22870       1.1444
   22871       1.1575
   22872       1.1632
   22873       1.1488
   22874       1.1043
   22875       1.2684
   22876       1.1993
   22877       1.1322
   22878       1.1014
   22879       1.0414
   22880       1.0267
   22881       1.1249
   22882       1.1080
   22883       1.1877
   22884       1.1354
   22885       1.1685
   22886       1.0948
   22887       1.1127
   22888       1.3149
   22889       1.2656
   22890       1.2135
   22891       1.2571
   22892       1.3112
   22893       1.2528
   22894       1.3000
   22895       1.2016
   22896       1.2401
   22897       1.1124
   22898       1.2679
   22899       1.2304
   22900       1.2591
   22901       1.2832
   22902       1.1908
   22903       1.1359
   22904       1.1088
   22905       1.2047
   22906       1.2498
   22907       1.2281
   22908       1.2597
   22909       1.1811
   22910       1.2608
   22911       1.2726
   22912       1.2751
   22913       1.1438
   22914       1.2132
   22915       1.1637
   22916       1.2360
   22917       1.1396
   22918       1.2466
   22919       1.1202
   22920       1.1863
   22921       1.1167
   22922       1.0617
   22923       1.1218
   22924       1.1363
   22925       1.1445
   22926       1.1332
   22927       1.1767
   22928       1.2693
   22929       1.1558
   22930       1.2105
   22931       1.0186
   22932       1.2206
   22933       1.2389
   22934       1.3273
   22935       1.2649
   22936       1.2334
   22937       1.2736
   22938       1.2474
   22939       1.2513
   22940       1.2777
   22941       1.2368
   22942       1.1888
   22943       1.2341
   22944       1.2869
   22945       1.1358
   22946       1.0992
   22947       1.1360
   22948       1.1551
   22949       1.2101
   22950       1.3010
   22951       1.2792
   22952       1.2778
   22953       1.1706
   22954       1.2476
   22955       1.2827
   22956       1.2349
   22957       1.1433
   22958       1.2869
   22959       1.3928
   22960       1.2970
   22961       1.0766
   22962       1.1574
   22963       1.1829
   22964       1.2425
   22965       1.2943
   22966       1.2346
   22967       1.2321
   22968       1.3309
   22969       1.4170
   22970       1.4241
   22971       1.3065
   22972       1.3348
   22973       1.3892
   22974       1.4856
   22975       1.4551
   22976       1.4017
   22977       1.3791
   22978       1.4707
   22979       1.3485
   22980       1.4249
   22981       1.3994
   22982       1.4996
   22983       1.4838
   22984       1.4201
   22985       1.3057
   22986       1.4182
   22987       1.3041
   22988       1.3818
   22989       1.2686
   22990       1.2896
   22991       1.2706
   22992       1.1744
   22993       1.2554
   22994       1.1773
   22995       1.2022
   22996       1.2451
   22997       1.2472
   22998       1.3354
   22999       1.1633
   23000       1.1425
   23001       1.0786
   23002       1.1554
   23003       1.2040
   23004       1.1955
   23005       1.2473
   23006       1.3258
   23007       1.3318
   23008       1.3123
   23009       1.4260
   23010       1.3526
   23011       1.3471
   23012       1.3162
   23013       1.1723
   23014       1.2172
   23015       1.3248
   23016       1.2256
   23017       1.2263
   23018       1.2043
   23019       1.1359
   23020       1.3258
   23021       1.2757
   23022       1.2111
   23023       1.1440
   23024       1.2104
   23025       1.2639
   23026       1.3120
   23027       1.3717
   23028       1.1784
   23029       1.2905
   23030       1.3383
   23031       1.2965
   23032       1.3333
   23033       1.3543
   23034       1.2845
   23035       1.2459
   23036       1.2957
   23037       1.2878
   23038       1.2479
   23039       1.2990
   23040       1.2255
   23041       1.2853
   23042       1.2708
   23043       1.2729
   23044       1.3754
   23045       1.3258
   23046       1.3582
   23047       1.2018
   23048       1.3277
   23049       1.3314
   23050       1.3932
   23051       1.3503
   23052       1.3611
   23053       1.3773
   23054       1.2248
   23055       1.2253
   23056       1.2563
   23057       1.1975
   23058       1.1829
   23059       1.0965
   23060       1.2128
   23061       1.2022
   23062       1.4087
   23063       1.3604
   23064       1.3186
   23065       1.3173
   23066       1.3391
   23067       1.4049
   23068       1.1874
   23069       1.1800
   23070       1.2481
   23071       1.1852
   23072       1.2880
   23073       1.2363
   23074       1.2937
   23075       1.3056
   23076       1.3346
   23077       1.3097
   23078       1.2987
   23079       1.3491
   23080       1.3736
   23081       1.3607
   23082       1.3173
   23083       1.4143
   23084       1.3523
   23085       1.4381
   23086       1.3544
   23087       1.2837
   23088       1.3075
   23089       1.3146
   23090       1.3259
   23091       1.4097
   23092       1.2955
   23093       1.3765
   23094       1.2722
   23095       1.2787
   23096       1.3483
   23097       1.3286
   23098       1.2901
   23099       1.4045
   23100       1.3927
   23101       1.2876
   23102       1.3507
   23103       1.4539
   23104       1.4061
   23105       1.4167
   23106       1.4462
   23107       1.4858
   23108       1.4416
   23109       1.3409
   23110       1.2478
   23111       1.4547
   23112       1.3963
   23113       1.3882
   23114       1.4933
   23115       1.4344
   23116       1.4208
   23117       1.4803
   23118       1.4191
   23119       1.4628
   23120       1.4444
   23121       1.3971
   23122       1.3858
   23123       1.3751
   23124       1.2448
   23125       1.3131
   23126       1.1401
   23127       1.2442
   23128       1.2502
   23129       1.0678
   23130       1.1936
   23131       1.1345
   23132       1.1470
   23133       1.0184
   23134       1.1006
   23135       1.2333
   23136       1.1684
   23137       1.2521
   23138       1.2170
   23139       1.1526
   23140       1.2225
   23141       1.2147
   23142       1.2485
   23143       1.2141
   23144       1.2568
   23145       1.2036
   23146       1.1839
   23147       1.2210
   23148       1.2698
   23149       1.2309
   23150       1.1969
   23151       1.2444
   23152       1.3034
   23153       1.2381
   23154       1.2785
   23155       1.1386
   23156       1.0895
   23157       1.2106
   23158       1.1464
   23159       1.1972
   23160       1.2232
   23161       1.2106
   23162       1.2462
   23163       1.3637
   23164       1.2196
   23165       1.1131
   23166       1.1556
   23167       1.1488
   23168       1.2025
   23169       1.1787
   23170       1.2912
   23171       1.2109
   23172       1.3057
   23173       1.3152
   23174       1.2539
   23175       1.2165
   23176       1.2239
   23177       1.2531
   23178       1.2090
   23179       1.1710
   23180       1.2642
   23181       1.1645
   23182       1.2396
   23183       1.1735
   23184       1.1604
   23185       1.2618
   23186       1.0913
   23187       1.0948
   23188       1.1560
   23189       1.1721
   23190       1.2111
   23191       1.2349
   23192       1.1922
   23193       1.1972
   23194       1.2258
   23195       1.1041
   23196       1.0041
   23197       1.0670
   23198       1.1191
   23199       1.2231
   23200       1.1816
   23201       1.1606
   23202       1.0025
   23203       1.1315
   23204       1.2088
   23205       1.2671
   23206       1.2060
   23207       1.2238
   23208       1.2628
   23209       1.2794
   23210       1.2387
   23211       1.2758
   23212       1.1565
   23213       1.2090
   23214       1.2356
   23215       1.2197
   23216       1.2829
   23217       1.2289
   23218       1.2636
   23219       1.2287
   23220       1.3458
   23221       1.3097
   23222       1.3756
   23223       1.3815
   23224       1.2490
   23225       1.2750
   23226       1.4351
   23227       1.3184
   23228       1.3320
   23229       1.3421
   23230       1.5259
   23231       1.4402
   23232       1.3788
   23233       1.5467
   23234       1.3015
   23235       1.3457
   23236       1.3654
   23237       1.4752
   23238       1.2493
   23239       1.4206
   23240       1.3696
   23241       1.2567
   23242       1.2670
   23243       1.3832
   23244       1.3400
   23245       1.2936
   23246       1.3848
   23247       1.3493
   23248       1.2564
   23249       1.3554
   23250       1.3455
   23251       1.1824
   23252       1.2392
   23253       1.2270
   23254       1.2770
   23255       1.2779
   23256       1.3385
   23257       1.3185
   23258       1.2847
   23259       1.3334
   23260       1.2446
   23261       1.2085
   23262       1.1847
   23263       1.2461
   23264       1.2014
   23265       1.2528
   23266       1.1313
   23267       1.2266
   23268       1.2421
   23269       1.1988
   23270       1.2630
   23271       1.2623
   23272       1.1713
   23273       1.2804
   23274       1.1943
   23275       1.3053
   23276       1.1974
   23277       1.2519
   23278       1.2269
   23279       1.2316
   23280       1.1365
   23281       1.2400
   23282       1.1922
   23283       1.2353
   23284       1.2674
   23285       1.2272
   23286       1.1406
   23287       1.1171
   23288       1.1680
   23289       1.1299
   23290       1.1545
   23291       1.2104
   23292       1.1394
   23293       1.1283
   23294       1.1545
   23295       1.2403
   23296       1.1650
   23297       1.1047
   23298       1.1066
   23299       1.2849
   23300       1.2117
   23301       1.2379
   23302       1.2994
   23303       1.2556
   23304       1.2686
   23305       1.3531
   23306       1.2092
   23307       1.2946
   23308       1.2343
   23309       1.2897
   23310       1.4079
   23311       1.2640
   23312       1.2442
   23313       1.3568
   23314       1.2776
   23315       1.2689
   23316       1.3514
   23317       1.2162
   23318       1.2723
   23319       1.3242
   23320       1.2357
   23321       1.1627
   23322       1.1285
   23323       1.1656
   23324       1.3564
   23325       1.1811
   23326       1.2705
   23327       1.2380
   23328       1.2288
   23329       1.2053
   23330       1.2381
   23331       1.2770
   23332       1.2076
   23333       1.2279
   23334       1.1547
   23335       1.1828
   23336       1.1518
   23337       1.1945
   23338       1.1926
   23339       1.1970
   23340       1.1774
   23341       1.1848
   23342       1.1334
   23343       1.1307
   23344       1.1333
   23345       1.1322
   23346       1.2594
   23347       1.1676
   23348       1.1923
   23349       1.2590
   23350       1.2096
   23351       1.2850
   23352       1.2180
   23353       1.2801
   23354       1.2369
   23355       1.1062
   23356       1.3322
   23357       1.3046
   23358       1.2816
   23359       1.1583
   23360       1.2538
   23361       1.1962
   23362       1.1596
   23363       1.2294
   23364       1.4096
   23365       1.3201
   23366       1.3352
   23367       1.2963
   23368       1.3905
   23369       1.3137
   23370       1.2537
   23371       1.1877
   23372       1.2736
   23373       1.1771
   23374       1.0964
   23375       1.1997
   23376       1.2099
   23377       1.1847
   23378       1.2660
   23379       1.2282
   23380       1.3397
   23381       1.3467
   23382       1.3057
   23383       1.2325
   23384       1.2604
   23385       1.3735
   23386       1.2692
   23387       1.2958
   23388       1.1930
   23389       1.2449
   23390       1.2251
   23391       1.2669
   23392       1.1714
   23393       1.2572
   23394       1.3140
   23395       1.2240
   23396       1.2686
   23397       1.2471
   23398       1.2605
   23399       1.2928
   23400       1.2999
   23401       1.2346
   23402       1.2890
   23403       1.2157
   23404       1.3087
   23405       1.2697
   23406       1.1797
   23407       1.1579
   23408       1.2432
   23409       1.1563
   23410       1.1315
   23411       1.2215
   23412       1.2677
   23413       1.1667
   23414       1.2005
   23415       1.3170
   23416       1.2104
   23417       1.3226
   23418       1.2135
   23419       1.2334
   23420       1.1573
   23421       1.2136
   23422       1.3517
   23423       1.4432
   23424       1.2877
   23425       1.3634
   23426       1.2688
   23427       1.2213
   23428       1.3079
   23429       1.3796
   23430       1.4489
   23431       1.3360
   23432       1.3411
   23433       1.2587
   23434       1.2969
   23435       1.4328
   23436       1.2333
   23437       1.1678
   23438       1.1758
   23439       1.3502
   23440       1.2110
   23441       1.0916
   23442       1.0828
   23443       1.2509
   23444       1.1444
   23445       1.1561
   23446       1.3124
   23447       1.1213
   23448       1.1547
   23449       1.1078
   23450       1.2315
   23451       1.3093
   23452       1.2330
   23453       1.3191
   23454       1.2877
   23455       1.2108
   23456       1.1932
   23457       1.1841
   23458       1.2503
   23459       1.1473
   23460       1.2492
   23461       1.1606
   23462       1.2353
   23463       1.2880
   23464       1.3674
   23465       1.1998
   23466       1.2280
   23467       1.2007
   23468       1.3632
   23469       1.2948
   23470       1.2663
   23471       1.3223
   23472       1.3298
   23473       1.2383
   23474       1.3238
   23475       1.2306
   23476       1.2367
   23477       1.0816
   23478       1.0944
   23479       1.1542
   23480       1.1816
   23481       1.2203
   23482       1.2440
   23483       1.2786
   23484       1.1936
   23485       1.1647
   23486       1.2946
   23487       1.2678
   23488       1.1842
   23489       1.1921
   23490       1.1561
   23491       1.2636
   23492       1.2251
   23493       1.1750
   23494       1.2029
   23495       1.2419
   23496       1.1900
   23497       1.1518
   23498       1.1854
   23499       1.2601
   23500       1.0859
   23501       1.2185
   23502       1.2760
   23503       1.1929
   23504       1.2839
   23505       1.2656
   23506       1.1867
   23507       1.2592
   23508       1.2698
   23509       1.2328
   23510       1.1794
   23511       1.2698
   23512       1.0745
   23513       1.0705
   23514       1.2257
   23515       1.1941
   23516       1.2165
   23517       1.2174
   23518       1.2768
   23519       1.2692
   23520       1.0972
   23521       1.2102
   23522       1.2011
   23523       1.1476
   23524       1.0807
   23525       1.1540
   23526       1.1507
   23527       1.2136
   23528       1.2077
   23529       1.2240
   23530       1.2287
   23531       1.2267
   23532       1.1340
   23533       1.1956
   23534       1.1904
   23535       1.2227
   23536       1.2940
   23537       1.4642
   23538       1.4292
   23539       1.3639
   23540       1.3599
   23541       1.4183
   23542       1.4074
   23543       1.3629
   23544       1.3517
   23545       1.4125
   23546       1.4239
   23547       1.3842
   23548       1.2301
   23549       1.2188
   23550       1.2873
   23551       1.1398
   23552       1.2330
   23553       1.1764
   23554       1.2003
   23555       1.2187
   23556       1.2872
   23557       1.2263
   23558       1.0891
   23559       1.3766
   23560       1.3111
   23561       1.2136
   23562       1.2527
   23563       1.2707
   23564       1.3277
   23565       1.2414
   23566       1.1282
   23567       1.2169
   23568       1.1655
   23569       1.1620
   23570       1.2262
   23571       1.2135
   23572       1.1534
   23573       1.0828
   23574       1.2196
   23575       1.1507
   23576       1.2345
   23577       1.1851
   23578       1.1248
   23579       1.1588
   23580       1.2246
   23581       1.2525
   23582       1.2008
   23583       1.1728
   23584       1.2997
   23585       1.3806
   23586       1.2435
   23587       1.2975
   23588       1.2346
   23589       1.2760
   23590       1.3411
   23591       1.2708
   23592       1.2874
   23593       1.3163
   23594       1.1138
   23595       1.1567
   23596       1.1758
   23597       1.1714
   23598       1.2217
   23599       1.0130
   23600       1.1221
   23601       1.1897
   23602       1.2101
   23603       1.1981
   23604       1.1959
   23605       1.0216
   23606       1.1705
   23607       1.1604
   23608       1.1726
   23609       1.2393
   23610       1.2498
   23611       1.1930
   23612       1.1151
   23613       1.1776
   23614       1.0693
   23615       1.1603
   23616       1.1543
   23617       1.1207
   23618       1.2407
   23619       1.3057
   23620       1.3022
   23621       1.2485
   23622       1.2296
   23623       1.2480
   23624       1.3540
   23625       1.3989
   23626       1.3862
   23627       1.4498
   23628       1.2512
   23629       1.1519
   23630       1.2356
   23631       1.2386
   23632       1.2191
   23633       1.2939
   23634       1.3743
   23635       1.3242
   23636       1.2901
   23637       1.3442
   23638       1.3174
   23639       1.4218
   23640       1.3886
   23641       1.2960
   23642       1.3510
   23643       1.5317
   23644       1.3096
   23645       1.2856
   23646       1.2210
   23647       1.2491
   23648       1.2068
   23649       1.2954
   23650       1.2109
   23651       1.2058
   23652       1.1459
   23653       1.1471
   23654       1.2351
   23655       1.1756
   23656       1.0796
   23657       1.1344
   23658       1.0965
   23659       1.1461
   23660       1.2956
   23661       1.2205
   23662       1.1893
   23663       1.2313
   23664       1.2627
   23665       1.3013
   23666       1.2843
   23667       1.2942
   23668       1.3436
   23669       1.2629
   23670       1.2701
   23671       1.2881
   23672       1.4200
   23673       1.4101
   23674       1.3315
   23675       1.3821
   23676       1.3467
   23677       1.3758
   23678       1.2632
   23679       1.3323
   23680       1.2734
   23681       1.1871
   23682       1.2669
   23683       1.2185
   23684       1.1465
   23685       1.2522
   23686       1.1884
   23687       1.1844
   23688       1.2516
   23689       1.3242
   23690       1.2836
   23691       1.3378
   23692       1.2892
   23693       1.2404
   23694       1.2575
   23695       1.2226
   23696       1.2009
   23697       1.1515
   23698       1.2098
   23699       1.2053
   23700       1.2081
   23701       1.2333
   23702       1.1495
   23703       1.3798
   23704       1.2348
   23705       1.3253
   23706       1.3182
   23707       1.2677
   23708       1.2614
   23709       1.2201
   23710       1.1915
   23711       1.1034
   23712       1.1603
   23713       1.2023
   23714       1.2653
   23715       1.2514
   23716       1.2989
   23717       1.2819
   23718       1.1837
   23719       1.1500
   23720       1.1895
   23721       1.3068
   23722       1.2263
   23723       1.1175
   23724       1.2421
   23725       1.3020
   23726       1.2724
   23727       1.2790
   23728       1.2448
   23729       1.3193
   23730       1.3100
   23731       1.3703
   23732       1.3728
   23733       1.3140
   23734       1.3751
   23735       1.2935
   23736       1.2222
   23737       1.2989
   23738       1.2085
   23739       1.1678
   23740       1.2940
   23741       1.3067
   23742       1.3075
   23743       1.3891
   23744       1.2900
   23745       1.2802
   23746       1.2351
   23747       1.2106
   23748       1.2392
   23749       1.2698
   23750       1.2184
   23751       1.1818
   23752       1.1759
   23753       1.2266
   23754       1.1735
   23755       1.2192
   23756       1.2509
   23757       1.2245
   23758       1.2240
   23759       1.1834
   23760       1.2714
   23761       1.3151
   23762       1.2023
   23763       1.1958
   23764       1.2440
   23765       1.2734
   23766       1.2933
   23767       1.2025
   23768       1.2546
   23769       1.3786
   23770       1.2476
   23771       1.2514
   23772       1.3114
   23773       1.3315
   23774       1.2657
   23775       1.4201
   23776       1.3410
   23777       1.3106
   23778       1.2472
   23779       1.2978
   23780       1.2506
   23781       1.2085
   23782       1.1860
   23783       1.2369
   23784       1.3547
   23785       1.2663
   23786       1.2910
   23787       1.3195
   23788       1.2375
   23789       1.2239
   23790       1.2391
   23791       1.2513
   23792       1.2989
   23793       1.3245
   23794       1.2074
   23795       1.1916
   23796       1.2575
   23797       1.3064
   23798       1.1987
   23799       1.3528
   23800       1.2662
   23801       1.3231
   23802       1.2865
   23803       1.2209
   23804       1.2605
   23805       1.3627
   23806       1.2854
   23807       1.3180
   23808       1.4024
   23809       1.3505
   23810       1.3588
   23811       1.3299
   23812       1.2837
   23813       1.1731
   23814       1.1967
   23815       1.2031
   23816       1.2680
   23817       1.1571
   23818       1.2010
   23819       1.2224
   23820       1.2726
   23821       1.3991
   23822       1.3560
   23823       1.3666
   23824       1.3966
   23825       1.2586
   23826       1.3103
   23827       1.2473
   23828       1.2425
   23829       1.3127
   23830       1.2890
   23831       1.2172
   23832       1.2515
   23833       1.2302
   23834       1.3358
   23835       1.2639
   23836       1.2395
   23837       1.3122
   23838       1.3624
   23839       1.3660
   23840       1.3223
   23841       1.2946
   23842       1.2880
   23843       1.3134
   23844       1.3277
   23845       1.2820
   23846       1.2695
   23847       1.3851
   23848       1.3049
   23849       1.2610
   23850       1.2735
   23851       1.0370
   23852       1.1437
   23853       1.2035
   23854       1.0974
   23855       1.1961
   23856       1.1671
   23857       1.1571
   23858       1.0661
   23859       1.0690
   23860       1.1491
   23861       1.1288
   23862       1.1801
   23863       1.1110
   23864       1.2346
   23865       1.2342
   23866       1.2106
   23867       1.2858
   23868       1.2093
   23869       1.2310
   23870       1.2151
   23871       1.1818
   23872       1.2711
   23873       1.1633
   23874       1.1898
   23875       1.1971
   23876       1.1387
   23877       1.1855
   23878       1.2406
   23879       1.0603
   23880       1.2334
   23881       1.2990
   23882       1.2556
   23883       1.2051
   23884       1.2038
   23885       1.1694
   23886       1.1902
   23887       1.1165
   23888       1.1964
   23889       1.1572
   23890       1.1042
   23891       1.0524
   23892       1.1143
   23893       1.1448
   23894       1.1131
   23895       1.2257
   23896       1.2504
   23897       1.2586
   23898       1.1585
   23899       1.2048
   23900       1.2064
   23901       1.2260
   23902       1.3196
   23903       1.2131
   23904       1.2847
   23905       1.2461
   23906       1.1638
   23907       1.1678
   23908       1.1277
   23909       1.2468
   23910       1.2506
   23911       1.2851
   23912       1.1890
   23913       1.1194
   23914       1.1759
   23915       1.2321
   23916       1.2440
   23917       1.1905
   23918       1.1690
   23919       1.2485
   23920       1.3886
   23921       1.2556
   23922       1.2162
   23923       1.2688
   23924       1.2849
   23925       1.3606
   23926       1.2116
   23927       1.2519
   23928       1.2273
   23929       1.1574
   23930       1.1940
   23931       1.2593
   23932       1.2066
   23933       1.2553
   23934       1.1154
   23935       1.2280
   23936       1.1882
   23937       1.2355
   23938       1.1833
   23939       1.1865
   23940       1.2228
   23941       1.1787
   23942       1.2134
   23943       1.2664
   23944       1.3242
   23945       1.3344
   23946       1.3003
   23947       1.3054
   23948       1.2846
   23949       1.3263
   23950       1.2902
   23951       1.2806
   23952       1.2734
   23953       1.3217
   23954       1.2534
   23955       1.2519
   23956       1.2258
   23957       1.2599
   23958       1.2053
   23959       1.2011
   23960       1.1999
   23961       1.1968
   23962       1.0969
   23963       1.2857
   23964       1.2776
   23965       1.2871
   23966       1.3267
   23967       1.2869
   23968       1.1364
   23969       1.2876
   23970       1.3185
   23971       1.2754
   23972       1.2567
   23973       1.1515
   23974       1.1756
   23975       1.2606
   23976       1.2291
   23977       1.2594
   23978       1.2765
   23979       1.3077
   23980       1.3020
   23981       1.2920
   23982       1.3719
   23983       1.2072
   23984       1.1612
   23985       1.2575
   23986       1.1468
   23987       1.1447
   23988       1.1926
   23989       1.2555
   23990       1.2517
   23991       1.3087
   23992       1.2918
   23993       1.2132
   23994       1.2003
   23995       1.3342
   23996       1.2634
   23997       1.3265
   23998       1.3241
   23999       1.3299
   24000       1.2321
   24001       1.2236
   24002       1.1962
   24003       1.1760
   24004       1.3221
   24005       1.3774
   24006       1.2690
   24007       1.2643
   24008       1.3770
   24009       1.2896
   24010       1.3103
   24011       1.2574
   24012       1.2897
   24013       1.2497
   24014       1.3189
   24015       1.2117
   24016       1.2297
   24017       1.3316
   24018       1.2570
   24019       1.2705
   24020       1.2511
   24021       1.2476
   24022       1.2374
   24023       1.2872
   24024       1.3578
   24025       1.2558
   24026       1.2704
   24027       1.2906
   24028       1.3296
   24029       1.3155
   24030       1.3323
   24031       1.2623
   24032       1.1153
   24033       1.0339
   24034       1.0491
   24035       1.1417
   24036       1.0770
   24037       1.3168
   24038       1.1716
   24039       1.1271
   24040       1.0871
   24041       1.1728
   24042       1.2996
   24043       1.1646
   24044       1.2775
   24045       1.1835
   24046       1.2841
   24047       1.2756
   24048       1.2951
   24049       1.1710
   24050       1.1768
   24051       1.1191
   24052       1.2504
   24053       1.2780
   24054       1.4060
   24055       1.2667
   24056       1.1809
   24057       1.2105
   24058       1.3073
   24059       1.1857
   24060       1.3028
   24061       1.2617
   24062       1.3006
   24063       1.4310
   24064       1.3590
   24065       1.3004
   24066       1.3633
   24067       1.4392
   24068       1.3698
   24069       1.3502
   24070       1.2887
   24071       1.2588
   24072       1.2148
   24073       1.1005
   24074       1.1459
   24075       1.0616
   24076       1.0555
   24077       1.1789
   24078       1.1758
   24079       1.1136
   24080       1.1702
   24081       1.1582
   24082       1.1658
   24083       1.1622
   24084       1.2979
   24085       1.3393
   24086       1.3057
   24087       1.2410
   24088       1.1766
   24089       1.1978
   24090       1.0549
   24091       1.1009
   24092       1.2214
   24093       1.2203
   24094       1.2794
   24095       1.2003
   24096       1.0982
   24097       1.2656
   24098       1.2507
   24099       1.2438
   24100       1.2330
   24101       1.2710
   24102       1.2385
   24103       1.2118
   24104       1.2733
   24105       1.3268
   24106       1.2270
   24107       1.2115
   24108       1.2731
   24109       1.1884
   24110       1.1653
   24111       1.3356
   24112       1.1782
   24113       1.1409
   24114       1.1183
   24115       1.2595
   24116       1.1415
   24117       1.1289
   24118       1.1695
   24119       1.1416
   24120       1.1613
   24121       1.1712
   24122       1.1969
   24123       1.2625
   24124       1.2808
   24125       1.1574
   24126       1.2357
   24127       1.1968
   24128       1.0952
   24129       1.2858
   24130       1.2161
   24131       1.1800
   24132       1.1344
   24133       1.1596
   24134       1.2226
   24135       1.2026
   24136       1.2241
   24137       1.1353
   24138       1.3016
   24139       1.2634
   24140       1.2751
   24141       1.3336
   24142       1.2891
   24143       1.2058
   24144       1.3120
   24145       1.1459
   24146       1.2479
   24147       1.3319
   24148       1.3074
   24149       1.2291
   24150       1.2468
   24151       1.2831
   24152       1.1779
   24153       1.1940
   24154       1.2015
   24155       1.3172
   24156       1.1769
   24157       1.3702
   24158       1.2863
   24159       1.3056
   24160       1.2828
   24161       1.2850
   24162       1.3275
   24163       1.4021
   24164       1.3367
   24165       1.4534
   24166       1.4201
   24167       1.3890
   24168       1.3573
   24169       1.2169
   24170       1.3081
   24171       1.3545
   24172       1.4064
   24173       1.1355
   24174       1.3816
   24175       1.2345
   24176       1.2101
   24177       1.1345
   24178       1.3201
   24179       1.2042
   24180       1.2100
   24181       1.1847
   24182       1.2174
   24183       1.1748
   24184       1.2382
   24185       1.2380
   24186       1.1861
   24187       1.1435
   24188       1.1217
   24189       1.2582
   24190       1.2175
   24191       1.2207
   24192       1.2860
   24193       1.3161
   24194       1.2794
   24195       1.2715
   24196       1.2702
   24197       1.3398
   24198       1.1463
   24199       1.0863
   24200       1.2587
   24201       1.1710
   24202       1.1230
   24203       1.1511
   24204       1.1748
   24205       1.1586
   24206       1.1577
   24207       1.2048
   24208       1.2467
   24209       1.1589
   24210       1.2832
   24211       1.2567
   24212       1.1640
   24213       1.2912
   24214       1.2402
   24215       1.3437
   24216       1.3294
   24217       1.3770
   24218       1.3797
   24219       1.3590
   24220       1.3330
   24221       1.3833
   24222       1.3437
   24223       1.2246
   24224       1.1456
   24225       1.2089
   24226       1.1369
   24227       1.1650
   24228       1.2078
   24229       1.2208
   24230       1.3121
   24231       1.2535
   24232       1.2397
   24233       1.1432
   24234       1.1433
   24235       1.0932
   24236       1.2674
   24237       1.3049
   24238       1.3721
   24239       1.2740
   24240       1.2265
   24241       1.1604
   24242       1.3103
   24243       1.1751
   24244       1.1555
   24245       1.2933
   24246       1.3245
   24247       1.3202
   24248       1.3378
   24249       1.4195
   24250       1.2787
   24251       1.3466
   24252       1.3455
   24253       1.2859
   24254       1.2051
   24255       1.1814
   24256       1.2429
   24257       1.2138
   24258       1.3411
   24259       1.2836
   24260       1.3935
   24261       1.3127
   24262       1.3234
   24263       1.3442
   24264       1.2993
   24265       1.2872
   24266       1.3882
   24267       1.3048
   24268       1.3406
   24269       1.4345
   24270       1.3414
   24271       1.3163
   24272       1.4124
   24273       1.3849
   24274       1.3552
   24275       1.3297
   24276       1.3045
   24277       1.4975
   24278       1.3811
   24279       1.3527
   24280       1.3399
   24281       1.3632
   24282       1.2172
   24283       1.3514
   24284       1.4624
   24285       1.3519
   24286       1.4282
   24287       1.4368
   24288       1.3924
   24289       1.3848
   24290       1.4273
   24291       1.2902
   24292       1.4352
   24293       1.3881
   24294       1.4973
   24295       1.3426
   24296       1.3612
   24297       1.2149
   24298       1.2806
   24299       1.2256
   24300       1.2971
   24301       1.3361
   24302       1.2481
   24303       1.1837
   24304       1.1802
   24305       1.2336
   24306       1.2287
   24307       1.1987
   24308       1.2025
   24309       1.3059
   24310       1.3349
   24311       1.1225
   24312       1.2516
   24313       1.2821
   24314       1.2308
   24315       1.2632
   24316       1.2724
   24317       1.2787
   24318       1.2960
   24319       1.3407
   24320       1.1721
   24321       1.1036
   24322       1.2300
   24323       1.3509
   24324       1.2664
   24325       1.2092
   24326       1.3228
   24327       1.3246
   24328       1.3850
   24329       1.3046
   24330       1.4351
   24331       1.2359
   24332       1.1887
   24333       1.2776
   24334       1.2498
   24335       1.2215
   24336       1.2646
   24337       1.2900
   24338       1.3053
   24339       1.2752
   24340       1.3421
   24341       1.4158
   24342       1.3317
   24343       1.4479
   24344       1.4194
   24345       1.3963
   24346       1.3124
   24347       1.1858
   24348       1.2465
   24349       1.2634
   24350       1.1823
   24351       1.2767
   24352       1.2642
   24353       1.2143
   24354       1.2466
   24355       1.2554
   24356       1.2814
   24357       1.2947
   24358       1.2490
   24359       1.1801
   24360       1.2329
   24361       1.1497
   24362       1.2682
   24363       1.3614
   24364       1.3562
   24365       1.2059
   24366       1.2675
   24367       1.1761
   24368       1.3632
   24369       1.3367
   24370       1.2472
   24371       1.2667
   24372       1.1691
   24373       1.2647
   24374       1.2739
   24375       1.2893
   24376       1.3009
   24377       1.2009
   24378       1.2528
   24379       1.3140
   24380       1.4049
   24381       1.2898
   24382       1.2502
   24383       1.1673
   24384       1.1735
   24385       1.2308
   24386       1.2359
   24387       1.3665
   24388       1.2643
   24389       1.1883
   24390       1.1477
   24391       1.2396
   24392       1.3118
   24393       1.4277
   24394       1.3360
   24395       1.3222
   24396       1.2762
   24397       1.3189
   24398       1.3530
   24399       1.2506
   24400       1.3250
   24401       1.3225
   24402       1.3171
   24403       1.3504
   24404       1.2471
   24405       1.2401
   24406       1.2922
   24407       1.2782
   24408       1.3316
   24409       1.3007
   24410       1.1271
   24411       1.1552
   24412       1.1983
   24413       1.2046
   24414       1.2060
   24415       1.1667
   24416       1.1726
   24417       1.1913
   24418       1.1423
   24419       1.2620
   24420       1.3386
   24421       1.4382
   24422       1.4830
   24423       1.2820
   24424       1.4025
   24425       1.3051
   24426       1.2921
   24427       1.3640
   24428       1.2497
   24429       1.3500
   24430       1.1801
   24431       1.2265
   24432       1.3077
   24433       1.2114
   24434       1.2614
   24435       1.2437
   24436       1.2656
   24437       1.2620
   24438       1.3343
   24439       1.3216
   24440       1.2832
   24441       1.0940
   24442       1.1692
   24443       1.3858
   24444       1.3423
   24445       1.3047
   24446       1.4151
   24447       1.2956
   24448       1.3334
   24449       1.2685
   24450       1.3320
   24451       1.4076
   24452       1.2958
   24453       1.3789
   24454       1.3605
   24455       1.2473
   24456       1.3400
   24457       1.3503
   24458       1.3605
   24459       1.4055
   24460       1.3503
   24461       1.2889
   24462       1.2748
   24463       1.3084
   24464       1.3130
   24465       1.4041
   24466       1.4793
   24467       1.2776
   24468       1.2946
   24469       1.2933
   24470       1.2799
   24471       1.3471
   24472       1.3071
   24473       1.3487
   24474       1.2604
   24475       1.2712
   24476       1.2624
   24477       1.2890
   24478       1.2877
   24479       1.1396
   24480       1.2408
   24481       1.2145
   24482       1.1830
   24483       1.2519
   24484       1.3458
   24485       1.1943
   24486       1.1666
   24487       1.2788
   24488       1.1676
   24489       1.2417
   24490       1.2943
   24491       1.3846
   24492       1.2398
   24493       1.2349
   24494       1.1352
   24495       1.2483
   24496       1.3203
   24497       1.3114
   24498       1.3074
   24499       1.1792
   24500       1.2640
   24501       1.3119
   24502       1.3423
   24503       1.2702
   24504       1.2837
   24505       1.4430
   24506       1.4369
   24507       1.2808
   24508       1.2914
   24509       1.3614
   24510       1.3457
   24511       1.3071
   24512       1.2259
   24513       1.3140
   24514       1.3058
   24515       1.3514
   24516       1.2915
   24517       1.2643
   24518       1.3649
   24519       1.4388
   24520       1.4134
   24521       1.3762
   24522       1.3810
   24523       1.2571
   24524       1.1847
   24525       1.3253
   24526       1.3354
   24527       1.3071
   24528       1.3227
   24529       1.3365
   24530       1.3591
   24531       1.3820
   24532       1.3773
   24533       1.2991
   24534       1.3547
   24535       1.2613
   24536       1.3671
   24537       1.4011
   24538       1.4875
   24539       1.4542
   24540       1.3462
   24541       1.3509
   24542       1.2890
   24543       1.3067
   24544       1.2876
   24545       1.3543
   24546       1.2964
   24547       1.4058
   24548       1.4279
   24549       1.4201
   24550       1.5163
   24551       1.4918
   24552       1.3634
   24553       1.3007
   24554       1.2472
   24555       1.2550
   24556       1.3333
   24557       1.2211
   24558       1.3038
   24559       1.2981
   24560       1.3501
   24561       1.2502
   24562       1.3094
   24563       1.2962
   24564       1.3401
   24565       1.2896
   24566       1.3080
   24567       1.4977
   24568       1.3322
   24569       1.3820
   24570       1.3993
   24571       1.2947
   24572       1.2427
   24573       1.2065
   24574       1.2841
   24575       1.2832
   24576       1.2391
   24577       1.2135
   24578       1.3527
   24579       1.2678
   24580       1.3222
   24581       1.1166
   24582       1.1820
   24583       1.1773
   24584       1.1881
   24585       1.2161
   24586       1.2125
   24587       1.1984
   24588       1.1879
   24589       1.2651
   24590       1.2715
   24591       1.1884
   24592       1.2625
   24593       1.2104
   24594       1.2765
   24595       1.3275
   24596       1.3351
   24597       1.3623
   24598       1.1616
   24599       1.2753
   24600       1.3122
   24601       1.3543
   24602       1.1977
   24603       1.1386
   24604       1.0424
   24605       1.2926
   24606       1.2968
   24607       1.1878
   24608       1.2961
   24609       1.2775
   24610       1.2946
   24611       1.2131
   24612       1.2105
   24613       1.1770
   24614       1.2740
   24615       1.2684
   24616       1.2752
   24617       1.2587
   24618       1.3394
   24619       1.4157
   24620       1.3316
   24621       1.3873
   24622       1.3872
   24623       1.4187
   24624       1.4493
   24625       1.5167
   24626       1.5366
   24627       1.2921
   24628       1.4143
   24629       1.4259
   24630       1.2571
   24631       1.5708
   24632       1.3411
   24633       1.4675
   24634       1.4731
   24635       1.5076
   24636       1.3426
   24637       1.3873
   24638       1.3740
   24639       1.3115
   24640       1.3677
   24641       1.4310
   24642       1.4411
   24643       1.2862
   24644       1.2849
   24645       1.2420
   24646       1.3155
   24647       1.3279
   24648       1.2997
   24649       1.2629
   24650       1.3355
   24651       1.4068
   24652       1.4019
   24653       1.4812
   24654       1.3850
   24655       1.4001
   24656       1.3116
   24657       1.3851
   24658       1.2923
   24659       1.3112
   24660       1.2266
   24661       1.2276
   24662       1.2995
   24663       1.2547
   24664       1.3641
   24665       1.3005
   24666       1.2807
   24667       1.3264
   24668       1.4464
   24669       1.3480
   24670       1.3462
   24671       1.3365
   24672       1.4484
   24673       1.3867
   24674       1.4077
   24675       1.4712
   24676       1.4262
   24677       1.3148
   24678       1.2464
   24679       1.1797
   24680       1.2048
   24681       1.1781
   24682       1.2867
   24683       1.2411
   24684       1.3297
   24685       1.2418
   24686       1.2608
   24687       1.4469
   24688       1.3796
   24689       1.3251
   24690       1.2889
   24691       1.3177
   24692       1.3507
   24693       1.3855
   24694       1.3269
   24695       1.3009
   24696       1.3021
   24697       1.3660
   24698       1.2951
   24699       1.2740
   24700       1.3525
   24701       1.1909
   24702       1.3003
   24703       1.2207
   24704       1.1873
   24705       1.2858
   24706       1.2470
   24707       1.2834
   24708       1.3346
   24709       1.3795
   24710       1.3759
   24711       1.4116
   24712       1.3480
   24713       1.2951
   24714       1.3086
   24715       1.3246
   24716       1.3905
   24717       1.2551
   24718       1.3699
   24719       1.3846
   24720       1.4136
   24721       1.3401
   24722       1.3394
   24723       1.3369
   24724       1.4113
   24725       1.5156
   24726       1.4451
   24727       1.3894
   24728       1.4905
   24729       1.5287
   24730       1.3043
   24731       1.3086
   24732       1.3941
   24733       1.3944
   24734       1.5041
   24735       1.4706
   24736       1.2242
   24737       1.3425
   24738       1.2814
   24739       1.3645
   24740       1.2366
   24741       1.2957
   24742       1.3557
   24743       1.4462
   24744       1.5012
   24745       1.3836
   24746       1.3082
   24747       1.2567
   24748       1.2909
   24749       1.2095
   24750       1.4029
   24751       1.3655
   24752       1.4326
   24753       1.2700
   24754       1.1449
   24755       1.2716
   24756       1.3118
   24757       1.1688
   24758       1.2329
   24759       1.1792
   24760       1.2694
   24761       1.2182
   24762       1.2926
   24763       1.3382
   24764       1.3438
   24765       1.3493
   24766       1.1643
   24767       1.1561
   24768       1.1603
   24769       1.2150
   24770       1.2833
   24771       1.2107
   24772       1.1672
   24773       1.2255
   24774       1.2781
   24775       1.1774
   24776       1.2053
   24777       1.1769
   24778       1.2128
   24779       1.1677
   24780       1.1550
   24781       1.0510
   24782       1.1768
   24783       1.0901
   24784       1.2478
   24785       1.2146
   24786       1.3349
   24787       1.3132
   24788       1.2564
   24789       1.1623
   24790       1.1370
   24791       1.1614
   24792       1.1696
   24793       1.3283
   24794       1.2906
   24795       1.1886
   24796       1.3186
   24797       1.3449
   24798       1.2613
   24799       1.3878
   24800       1.3006
   24801       1.2944
   24802       1.3685
   24803       1.2849
   24804       1.3649
   24805       1.2062
   24806       1.1734
   24807       1.2712
   24808       1.2267
   24809       1.2381
   24810       1.2662
   24811       1.2441
   24812       1.2964
   24813       1.2691
   24814       1.2710
   24815       1.3225
   24816       1.2676
   24817       1.3762
   24818       1.2860
   24819       1.3635
   24820       1.3438
   24821       1.2609
   24822       1.2011
   24823       1.2561
   24824       1.2179
   24825       1.3572
   24826       1.1891
   24827       1.1591
   24828       1.3679
   24829       1.1359
   24830       1.2379
   24831       1.1930
   24832       1.4013
   24833       1.4490
   24834       1.3579
   24835       1.3164
   24836       1.2912
   24837       1.3770
   24838       1.3320
   24839       1.3023
   24840       1.2770
   24841       1.3434
   24842       1.3686
   24843       1.2989
   24844       1.3562
   24845       1.4335
   24846       1.3919
   24847       1.3627
   24848       1.3195
   24849       1.3074
   24850       1.3217
   24851       1.2217
   24852       1.2050
   24853       1.2587
   24854       1.2759
   24855       1.2597
   24856       1.2920
   24857       1.2876
   24858       1.2809
   24859       1.2968
   24860       1.3038
   24861       1.3185
   24862       1.2683
   24863       1.1971
   24864       1.2078
   24865       1.1735
   24866       1.2102
   24867       1.2784
   24868       1.2591
   24869       1.2237
   24870       1.2881
   24871       1.3517
   24872       1.2432
   24873       1.1501
   24874       1.2041
   24875       1.2774
   24876       1.2348
   24877       1.2147
   24878       1.3543
   24879       1.3110
   24880       1.1857
   24881       1.2070
   24882       1.2583
   24883       1.3575
   24884       1.3762
   24885       1.1940
   24886       1.1460
   24887       1.2758
   24888       1.3251
   24889       1.3901
   24890       1.2640
   24891       1.3645
   24892       1.3679
   24893       1.3997
   24894       1.2899
   24895       1.2757
   24896       1.3954
   24897       1.4051
   24898       1.4667
   24899       1.4200
   24900       1.3871
   24901       1.4386
   24902       1.4012
   24903       1.4760
   24904       1.3890
   24905       1.4906
   24906       1.4768
   24907       1.4141
   24908       1.3315
   24909       1.3882
   24910       1.4676
   24911       1.4314
   24912       1.4118
   24913       1.3423
   24914       1.4511
   24915       1.3497
   24916       1.3874
   24917       1.4139
   24918       1.3576
   24919       1.4371
   24920       1.3694
   24921       1.4975
   24922       1.5903
   24923       1.4676
   24924       1.4999
   24925       1.3290
   24926       1.4253
   24927       1.3743
   24928       1.5486
   24929       1.3688
   24930       1.4189
   24931       1.3801
   24932       1.5244
   24933       1.4484
   24934       1.2847
   24935       1.4448
   24936       1.4594
   24937       1.3913
   24938       1.6351
   24939       1.4359
   24940       1.5238
   24941       1.5140
   24942       1.3753
   24943       1.5464
   24944       1.4709
   24945       1.3641
   24946       1.4093
   24947       1.2525
   24948       1.3448
   24949       1.3585
   24950       1.3347
   24951       1.2489
   24952       1.2233
   24953       1.2776
   24954       1.3306
   24955       1.3360
   24956       1.3132
   24957       1.3089
   24958       1.2975
   24959       1.3702
   24960       1.3369
   24961       1.3383
   24962       1.3200
   24963       1.4339
   24964       1.3416
   24965       1.3656
   24966       1.1724
   24967       1.2514
   24968       1.2028
   24969       1.0917
   24970       1.1383
   24971       1.2044
   24972       1.2692
   24973       1.1512
   24974       1.1592
   24975       1.2827
   24976       1.2369
   24977       1.3184
   24978       1.1967
   24979       1.2098
   24980       1.2563
   24981       1.2487
   24982       1.2523
   24983       1.4130
   24984       1.4088
   24985       1.2643
   24986       1.3658
   24987       1.2859
   24988       1.3061
   24989       1.3192
   24990       1.3961
   24991       1.2381
   24992       1.3438
   24993       1.3214
   24994       1.2717
   24995       1.2774
   24996       1.4094
   24997       1.3128
   24998       1.3500
   24999       1.2407
   25000       1.2359
   25001       1.2521
   25002       1.2389
   25003       1.2628
   25004       1.4337
   25005       1.3275
   25006       1.2073
   25007       1.3566
   25008       1.3151
   25009       1.3110
   25010       1.2824
   25011       1.3478
   25012       1.3058
   25013       1.4330
   25014       1.3718
   25015       1.3044
   25016       1.3008
   25017       1.3200
   25018       1.2423
   25019       1.2341
   25020       1.3228
   25021       1.3854
   25022       1.3577
   25023       1.3026
   25024       1.1961
   25025       1.2361
   25026       1.1820
   25027       1.3318
   25028       1.3109
   25029       1.2978
   25030       1.2483
   25031       1.1302
   25032       1.0551
   25033       1.1040
   25034       1.1845
   25035       1.2295
   25036       1.2702
   25037       1.2167
   25038       1.1992
   25039       1.3419
   25040       1.1940
   25041       1.2331
   25042       1.3462
   25043       1.2651
   25044       1.2937
   25045       1.2496
   25046       1.3518
   25047       1.3898
   25048       1.3111
   25049       1.2754
   25050       1.2076
   25051       1.2411
   25052       1.3127
   25053       1.2655
   25054       1.3583
   25055       1.4186
   25056       1.2281
   25057       1.3518
   25058       1.3759
   25059       1.2624
   25060       1.1938
   25061       1.2368
   25062       1.2402
   25063       1.1678
   25064       1.1029
   25065       1.1655
   25066       1.2313
   25067       1.2754
   25068       1.2787
   25069       1.2078
   25070       1.2790
   25071       1.3244
   25072       1.3040
   25073       1.3196
   25074       1.1796
   25075       1.1411
   25076       1.2414
   25077       1.2484
   25078       1.3353
   25079       1.3979
   25080       1.4049
   25081       1.3027
   25082       1.3199
   25083       1.4036
   25084       1.4466
   25085       1.2986
   25086       1.2431
   25087       1.3005
   25088       1.4054
   25089       1.3051
   25090       1.2880
   25091       1.2863
   25092       1.2824
   25093       1.1965
   25094       1.3694
   25095       1.3615
   25096       1.3800
   25097       1.3922
   25098       1.3310
   25099       1.2900
   25100       1.3712
   25101       1.2569
   25102       1.1540
   25103       1.2200
   25104       1.1583
   25105       1.2419
   25106       1.1381
   25107       1.2620
   25108       1.3043
   25109       1.3332
   25110       1.1289
   25111       1.2009
   25112       1.2823
   25113       1.2731
   25114       1.2529
   25115       1.1912
   25116       1.2755
   25117       1.2862
   25118       1.3024
   25119       1.2802
   25120       1.2945
   25121       1.3324
   25122       1.3372
   25123       1.3019
   25124       1.3093
   25125       1.3023
   25126       1.3475
   25127       1.3728
   25128       1.3576
   25129       1.3202
   25130       1.2382
   25131       1.4017
   25132       1.3632
   25133       1.2801
   25134       1.3274
   25135       1.1527
   25136       1.2675
   25137       1.2399
   25138       1.2255
   25139       1.0961
   25140       1.2569
   25141       1.2248
   25142       1.3219
   25143       1.3183
   25144       1.1993
   25145       1.2413
   25146       1.2211
   25147       1.3121
   25148       1.2860
   25149       1.2356
   25150       1.2135
   25151       1.2136
   25152       1.2946
   25153       1.2807
   25154       1.1567
   25155       1.2468
   25156       1.2903
   25157       1.2305
   25158       1.3136
   25159       1.1726
   25160       1.1974
   25161       1.1804
   25162       1.1404
   25163       1.0312
   25164       1.0556
   25165       1.1075
   25166       1.2146
   25167       1.1943
   25168       1.1399
   25169       1.1872
   25170       1.2429
   25171       1.1828
   25172       1.0576
   25173       1.1501
   25174       1.3051
   25175       1.2523
   25176       1.0788
   25177       1.0562
   25178       1.0543
   25179       1.2409
   25180       1.0907
   25181       1.1796
   25182       1.2392
   25183       1.1186
   25184       1.2918
   25185       1.2905
   25186       1.3126
   25187       1.2368
   25188       1.2112
   25189       1.2217
   25190       1.1751
   25191       1.1778
   25192       1.2112
   25193       1.2531
   25194       1.2455
   25195       1.1373
   25196       1.2433
   25197       1.1698
   25198       1.1509
   25199       1.3457
   25200       1.2359
   25201       1.2334
   25202       1.2011
   25203       1.3039
   25204       1.3806
   25205       1.2695
   25206       1.1688
   25207       1.2438
   25208       1.2493
   25209       1.2468
   25210       1.3304
   25211       1.3052
   25212       1.4073
   25213       1.2891
   25214       1.3200
   25215       1.3644
   25216       1.3261
   25217       1.3072
   25218       1.2213
   25219       1.2525
   25220       1.2378
   25221       1.1930
   25222       1.2671
   25223       1.2202
   25224       1.2260
   25225       1.3228
   25226       1.2992
   25227       1.3817
   25228       1.4779
   25229       1.4254
   25230       1.3852
   25231       1.3094
   25232       1.3022
   25233       1.3186
   25234       1.2183
   25235       1.2570
   25236       1.2328
   25237       1.1974
   25238       1.2615
   25239       1.3399
   25240       1.2908
   25241       1.3558
   25242       1.2625
   25243       1.3618
   25244       1.2921
   25245       1.2928
   25246       1.2630
   25247       1.2998
   25248       1.2098
   25249       1.1489
   25250       1.2497
   25251       1.1024
   25252       1.2651
   25253       1.2661
   25254       1.2862
   25255       1.2125
   25256       1.3346
   25257       1.1226
   25258       1.2153
   25259       1.2090
   25260       1.1598
   25261       1.1223
   25262       1.3471
   25263       1.3715
   25264       1.4136
   25265       1.3434
   25266       1.2456
   25267       1.3291
   25268       1.3326
   25269       1.2283
   25270       1.3761
   25271       1.2923
   25272       1.2913
   25273       1.3311
   25274       1.4323
   25275       1.4543
   25276       1.3583
   25277       1.2840
   25278       1.3245
   25279       1.3113
   25280       1.5025
   25281       1.4542
   25282       1.3345
   25283       1.3671
   25284       1.3627
   25285       1.2474
   25286       1.2763
   25287       1.2882
   25288       1.3730
   25289       1.2084
   25290       1.1858
   25291       1.1764
   25292       1.1467
   25293       1.1978
   25294       1.1989
   25295       1.2035
   25296       1.2348
   25297       1.1944
   25298       1.2624
   25299       1.2355
   25300       1.2741
   25301       1.3111
   25302       1.2639
   25303       1.1751
   25304       1.2208
   25305       1.2334
   25306       1.2421
   25307       1.2707
   25308       1.3463
   25309       1.4282
   25310       1.3767
   25311       1.3150
   25312       1.3853
   25313       1.2231
   25314       1.1449
   25315       1.3759
   25316       1.2319
   25317       1.3617
   25318       1.3388
   25319       1.2804
   25320       1.2466
   25321       1.4009
   25322       1.3615
   25323       1.3549
   25324       1.2895
   25325       1.3275
   25326       1.2088
   25327       1.2679
   25328       1.2988
   25329       1.2556
   25330       1.2163
   25331       1.2377
   25332       1.1522
   25333       1.1539
   25334       1.2150
   25335       1.1977
   25336       1.2424
   25337       1.2524
   25338       1.3467
   25339       1.2096
   25340       1.2243
   25341       1.1108
   25342       1.2778
   25343       1.2183
   25344       1.1886
   25345       1.2293
   25346       1.3449
   25347       1.3477
   25348       1.2858
   25349       1.2506
   25350       1.2867
   25351       1.4157
   25352       1.4683
   25353       1.3522
   25354       1.2095
   25355       1.3274
   25356       1.3109
   25357       1.2710
   25358       1.3227
   25359       1.3111
   25360       1.2100
   25361       1.3012
   25362       1.1321
   25363       1.2020
   25364       1.3498
   25365       1.2378
   25366       1.3514
   25367       1.3401
   25368       1.3913
   25369       1.3212
   25370       1.2271
   25371       1.3080
   25372       1.4104
   25373       1.2860
   25374       1.3997
   25375       1.3625
   25376       1.3655
   25377       1.2591
   25378       1.2533
   25379       1.2961
   25380       1.2154
   25381       1.2986
   25382       1.3197
   25383       1.2127
   25384       1.3022
   25385       1.2468
   25386       1.4300
   25387       1.3345
   25388       1.3538
   25389       1.3421
   25390       1.2914
   25391       1.3939
   25392       1.2723
   25393       1.2072
   25394       1.1133
   25395       0.9949
   25396       1.1730
   25397       1.2269
   25398       1.2238
   25399       1.2227
   25400       1.2793
   25401       1.2428
   25402       1.2540
   25403       1.2800
   25404       1.2532
   25405       1.2832
   25406       1.3738
   25407       1.2279
   25408       1.2201
   25409       1.2098
   25410       1.2402
   25411       1.2641
   25412       1.3028
   25413       1.3101
   25414       1.2339
   25415       1.2046
   25416       1.2369
   25417       1.1968
   25418       1.1841
   25419       1.1688
   25420       1.0617
   25421       1.0829
   25422       1.1968
   25423       1.1699
   25424       1.2816
   25425       1.2260
   25426       1.2264
   25427       1.2656
   25428       1.2332
   25429       1.1906
   25430       1.2691
   25431       1.2568
   25432       1.2508
   25433       1.2576
   25434       1.2522
   25435       1.2701
   25436       1.3090
   25437       1.1880
   25438       1.2360
   25439       1.3205
   25440       1.3127
   25441       1.2954
   25442       1.1904
   25443       1.2225
   25444       1.2688
   25445       1.3087
   25446       1.3098
   25447       1.4271
   25448       1.3573
   25449       1.3698
   25450       1.3190
   25451       1.2738
   25452       1.3042
   25453       1.2806
   25454       1.2970
   25455       1.2277
   25456       1.2335
   25457       1.3441
   25458       1.2737
   25459       1.2684
   25460       1.2513
   25461       1.3550
   25462       1.3064
   25463       1.2652
   25464       1.3103
   25465       1.2069
   25466       1.2545
   25467       1.2083
   25468       1.1854
   25469       1.2483
   25470       1.2392
   25471       1.3355
   25472       1.1692
   25473       1.3110
   25474       1.1786
   25475       1.0683
   25476       1.1124
   25477       1.0510
   25478       1.2448
   25479       1.2148
   25480       1.1717
   25481       1.1871
   25482       1.2467
   25483       1.2018
   25484       1.2116
   25485       1.1338
   25486       1.0222
   25487       1.0965
   25488       1.0731
   25489       1.1129
   25490       1.0971
   25491       1.2542
   25492       1.1165
   25493       1.1861
   25494       1.0855
   25495       1.1690
   25496       1.0584
   25497       1.1697
   25498       1.1559
   25499       1.1244
   25500       1.1847
   25501       1.0897
   25502       1.1483
   25503       1.1596
   25504       1.1980
   25505       1.0542
   25506       1.1663
   25507       1.2065
   25508       1.1439
   25509       1.1751
   25510       1.1460
   25511       1.2566
   25512       1.1619
   25513       1.1644
   25514       1.1673
   25515       1.2488
   25516       1.1654
   25517       1.0569
   25518       1.0410
   25519       1.0465
   25520       1.1439
   25521       1.1844
   25522       1.1808
   25523       1.1144
   25524       1.2928
   25525       1.1538
   25526       1.1734
   25527       1.0218
   25528       1.0927
   25529       1.1131
   25530       1.1410
   25531       1.2096
   25532       1.2225
   25533       1.1740
   25534       1.1374
   25535       1.1981
   25536       1.1675
   25537       1.1070
   25538       1.1037
   25539       1.1120
   25540       1.1169
   25541       1.2168
   25542       1.1927
   25543       1.1142
   25544       1.2352
   25545       1.2002
   25546       1.2158
   25547       1.2515
   25548       1.2013
   25549       1.1687
   25550       1.1795
   25551       1.2569
   25552       1.0086
   25553       1.1226
   25554       1.2610
   25555       1.2528
   25556       1.2534
   25557       1.1793
   25558       1.1858
   25559       1.2415
   25560       1.2414
   25561       1.2613
   25562       1.2317
   25563       1.2019
   25564       1.2359
   25565       1.1449
   25566       1.2256
   25567       1.2567
   25568       1.2324
   25569       1.2813
   25570       1.1020
   25571       1.2375
   25572       1.2882
   25573       1.2774
   25574       1.2660
   25575       1.2770
   25576       1.3078
   25577       1.3526
   25578       1.2946
   25579       1.3270
   25580       1.3399
   25581       1.3436
   25582       1.3336
   25583       1.3602
   25584       1.3209
   25585       1.2519
   25586       1.2038
   25587       1.2324
   25588       1.2870
   25589       1.3262
   25590       1.3453
   25591       1.3799
   25592       1.2778
   25593       1.3499
   25594       1.3093
   25595       1.2843
   25596       1.3535
   25597       1.2140
   25598       1.3468
   25599       1.3379
   25600       1.2731
   25601       1.2387
   25602       1.3562
   25603       1.2947
   25604       1.1478
   25605       1.3468
   25606       1.4500
   25607       1.3273
   25608       1.2973
   25609       1.2296
   25610       1.3013
   25611       1.3730
   25612       1.3726
   25613       1.2379
   25614       1.2959
   25615       1.3192
   25616       1.2712
   25617       1.2592
   25618       1.2271
   25619       1.2471
   25620       1.2539
   25621       1.1995
   25622       1.2635
   25623       1.2009
   25624       1.2517
   25625       1.3053
   25626       1.3104
   25627       1.4336
   25628       1.3528
   25629       1.3102
   25630       1.2746
   25631       1.3081
   25632       1.4292
   25633       1.3025
   25634       1.2692
   25635       1.2869
   25636       1.1604
   25637       1.3368
   25638       1.2336
   25639       1.2218
   25640       1.2313
   25641       1.2617
   25642       1.2063
   25643       1.2307
   25644       1.2053
   25645       1.1594
   25646       1.1572
   25647       1.1713
   25648       1.1447
   25649       1.1181
   25650       1.2238
   25651       1.3010
   25652       1.1966
   25653       1.1509
   25654       1.1940
   25655       1.2113
   25656       1.1723
   25657       1.2321
   25658       1.0765
   25659       1.2184
   25660       1.1517
   25661       1.0880
   25662       0.9821
   25663       1.0304
   25664       1.1464
   25665       1.2480
   25666       1.1576
   25667       1.1523
   25668       1.0944
   25669       1.1465
   25670       1.1977
   25671       1.1905
   25672       1.0984
   25673       1.1446
   25674       1.1235
   25675       1.1355
   25676       1.2613
   25677       1.2319
   25678       1.2710
   25679       1.2577
   25680       1.2685
   25681       1.1879
   25682       1.1270
   25683       1.1553
   25684       0.9840
   25685       1.0734
   25686       1.0781
   25687       1.1298
   25688       1.2620
   25689       1.2181
   25690       1.2201
   25691       1.1954
   25692       1.2568
   25693       1.1629
   25694       1.1460
   25695       1.0274
   25696       1.1546
   25697       1.0414
   25698       1.1120
   25699       1.0396
   25700       1.1126
   25701       1.0881
   25702       1.1195
   25703       1.1817
   25704       1.1246
   25705       1.1534
   25706       1.1026
   25707       1.2295
   25708       1.1812
   25709       1.2398
   25710       1.1899
   25711       1.2260
   25712       1.1669
   25713       1.3754
   25714       1.1419
   25715       1.1335
   25716       1.0968
   25717       1.1127
   25718       1.1516
   25719       1.0405
   25720       1.0545
   25721       1.0465
   25722       1.1237
   25723       1.1267
   25724       0.9791
   25725       0.8953
   25726       1.0154
   25727       0.9509
   25728       1.0186
   25729       0.9976
   25730       1.0312
   25731       1.1374
   25732       1.0376
   25733       1.0982
   25734       0.9711
   25735       1.1143
   25736       1.2039
   25737       1.2506
   25738       1.1484
   25739       1.0808
   25740       1.1403
   25741       1.1927
   25742       0.9990
   25743       1.0101
   25744       1.0811
   25745       1.1635
   25746       1.0684
   25747       1.1321
   25748       1.0626
   25749       1.0676
   25750       1.0549
   25751       1.1010
   25752       1.0413
   25753       1.1131
   25754       1.1627
   25755       1.0609
   25756       1.0895
   25757       1.3232
   25758       1.1934
   25759       1.1961
   25760       1.0852
   25761       1.1699
   25762       1.1998
   25763       1.3001
   25764       1.2892
   25765       1.1835
   25766       1.2099
   25767       1.1770
   25768       1.1739
   25769       1.1981
   25770       1.1833
   25771       1.2094
   25772       1.2454
   25773       1.1190
   25774       1.1352
   25775       1.1656
   25776       1.2540
   25777       1.1607
   25778       1.2833
   25779       1.3026
   25780       1.0673
   25781       1.2289
   25782       1.1594
   25783       1.1430
   25784       1.1317
   25785       1.0695
   25786       1.1069
   25787       1.2155
   25788       1.1455
   25789       1.0862
   25790       1.2829
   25791       1.2570
   25792       1.2840
   25793       1.1575
   25794       1.2011
   25795       1.2206
   25796       1.1217
   25797       1.1566
   25798       1.1825
   25799       1.1395
   25800       1.1037
   25801       1.1705
   25802       1.2278
   25803       1.0868
   25804       1.0481
   25805       1.1194
   25806       1.1624
   25807       1.1397
   25808       1.0196
   25809       1.0917
   25810       1.0139
   25811       1.0386
   25812       1.0807
   25813       1.0881
   25814       1.0985
   25815       1.1187
   25816       1.1626
   25817       1.2043
   25818       1.1784
   25819       1.2872
   25820       1.1693
   25821       1.0751
   25822       1.1103
   25823       1.1445
   25824       1.1698
   25825       1.2864
   25826       1.2560
   25827       1.2128
   25828       1.3453
   25829       1.2541
   25830       1.1411
   25831       1.2522
   25832       1.2146
   25833       1.2570
   25834       1.3058
   25835       1.2273
   25836       1.1951
   25837       1.2470
   25838       1.0896
   25839       1.0835
   25840       1.0920
   25841       1.0244
   25842       1.0176
   25843       1.0369
   25844       1.1151
   25845       1.2480
   25846       1.1290
   25847       1.0364
   25848       1.1434
   25849       1.0983
   25850       1.1015
   25851       1.1236
   25852       1.1499
   25853       1.0855
   25854       1.1110
   25855       1.1330
   25856       1.1137
   25857       1.0871
   25858       1.0132
   25859       1.0293
   25860       1.1503
   25861       1.0564
   25862       1.0674
   25863       0.9827
   25864       1.0343
   25865       1.0045
   25866       1.0292
   25867       0.9987
   25868       1.0251
   25869       1.0361
   25870       1.0003
   25871       1.0962
   25872       1.1071
   25873       1.0728
   25874       1.0714
   25875       1.0162
   25876       1.0390
   25877       0.9229
   25878       1.0586
   25879       1.0058
   25880       1.0457
   25881       1.0472
   25882       1.1117
   25883       1.0651
   25884       1.0781
   25885       1.2580
   25886       1.1270
   25887       1.0851
   25888       1.1018
   25889       1.1197
   25890       0.9916
   25891       1.0985
   25892       1.0219
   25893       1.0093
   25894       1.1380
   25895       1.0327
   25896       0.9140
   25897       1.1053
   25898       1.0768
   25899       0.9605
   25900       0.9515
   25901       0.9566
   25902       0.9537
   25903       1.0209
   25904       1.0981
   25905       1.1157
   25906       1.0609
   25907       1.0588
   25908       0.9930
   25909       1.0191
   25910       1.1189
   25911       1.1390
   25912       1.1482
   25913       1.0993
   25914       1.0612
   25915       1.0447
   25916       1.1505
   25917       1.0353
   25918       1.1033
   25919       1.1585
   25920       1.1439
   25921       1.0460
   25922       1.0325
   25923       1.0091
   25924       1.1530
   25925       1.1772
   25926       1.1890
   25927       1.0762
   25928       1.2391
   25929       1.2159
   25930       1.1957
   25931       1.1557
   25932       1.2283
   25933       1.2479
   25934       1.1276
   25935       1.2894
   25936       1.1913
   25937       1.3036
   25938       1.2053
   25939       1.3362
   25940       1.2619
   25941       1.2182
   25942       1.2712
   25943       1.2906
   25944       1.3318
   25945       1.2877
   25946       1.3123
   25947       1.2529
   25948       1.2897
   25949       1.2176
   25950       1.2196
   25951       1.2199
   25952       1.1910
   25953       1.2132
   25954       1.1331
   25955       1.1047
   25956       1.1241
   25957       1.1209
   25958       1.1143
   25959       1.1841
   25960       1.2002
   25961       1.3561
   25962       1.2942
   25963       1.2504
   25964       1.2431
   25965       1.2836
   25966       1.1314
   25967       1.2750
   25968       1.1789
   25969       1.2632
   25970       1.2614
   25971       1.2502
   25972       1.2049
   25973       1.1994
   25974       1.1652
   25975       1.2120
   25976       1.2323
   25977       1.1875
   25978       1.0939
   25979       1.1927
   25980       1.1442
   25981       0.9996
   25982       1.0669
   25983       1.0716
   25984       1.1320
   25985       1.1358
   25986       1.2096
   25987       1.1739
   25988       1.1877
   25989       1.1453
   25990       1.1522
   25991       1.1873
   25992       1.3883
   25993       1.2174
   25994       1.3301
   25995       1.1727
   25996       1.1712
   25997       1.1650
   25998       1.2177
   25999       1.2948
   26000       1.1598
   26001       1.0863
   26002       1.1823
   26003       1.2057
   26004       1.1713
   26005       1.2651
   26006       1.3196
   26007       1.3669
   26008       1.2557
   26009       1.1765
   26010       1.1939
   26011       1.3074
   26012       1.2637
   26013       1.3690
   26014       1.3068
   26015       1.2948
   26016       1.2325
   26017       1.2275
   26018       1.3880
   26019       1.3641
   26020       1.3886
   26021       1.3806
   26022       1.4380
   26023       1.3113
   26024       1.3895
   26025       1.3932
   26026       1.3500
   26027       1.3490
   26028       1.3390
   26029       1.2816
   26030       1.3865
   26031       1.4273
   26032       1.4180
   26033       1.4891
   26034       1.4044
   26035       1.2691
   26036       1.3654
   26037       1.3570
   26038       1.4749
   26039       1.3802
   26040       1.2191
   26041       1.3072
   26042       1.5097
   26043       1.3286
   26044       1.4849
   26045       1.5139
   26046       1.4127
   26047       1.3210
   26048       1.3191
   26049       1.3798
   26050       1.5022
   26051       1.3762
   26052       1.3695
   26053       1.3945
   26054       1.3601
   26055       1.3353
   26056       1.2478
   26057       1.1916
   26058       1.3253
   26059       1.2868
   26060       1.4136
   26061       1.4318
   26062       1.4674
   26063       1.4053
   26064       1.2766
   26065       1.3032
   26066       1.2625
   26067       1.2383
   26068       1.2902
   26069       1.2511
   26070       1.2209
   26071       1.2461
   26072       1.1943
   26073       1.2414
   26074       1.2154
   26075       1.3213
   26076       1.1891
   26077       1.2490
   26078       1.2689
   26079       1.2789
   26080       1.2337
   26081       1.1147
   26082       1.1320
   26083       1.2097
   26084       1.2672
   26085       1.1755
   26086       1.1927
   26087       1.2579
   26088       1.2181
   26089       1.2687
   26090       1.1519
   26091       1.2005
   26092       1.3708
   26093       1.3366
   26094       1.2920
   26095       1.1471
   26096       1.3129
   26097       1.3075
   26098       1.2195
   26099       1.3239
   26100       1.2616
   26101       1.3347
   26102       1.3331
   26103       1.3910
   26104       1.1557
   26105       1.1905
   26106       1.3907
   26107       1.4207
   26108       1.3014
   26109       1.4123
   26110       1.2805
   26111       1.2702
   26112       1.2552
   26113       1.2373
   26114       1.2513
   26115       1.2495
   26116       1.2941
   26117       1.3190
   26118       1.2290
   26119       1.1221
   26120       1.1490
   26121       1.2799
   26122       1.1698
   26123       1.3190
   26124       1.3167
   26125       1.2574
   26126       1.2197
   26127       1.2774
   26128       1.2658
   26129       1.3306
   26130       1.3680
   26131       1.2729
   26132       1.1292
   26133       1.3697
   26134       1.3569
   26135       1.3672
   26136       1.3824
   26137       1.3222
   26138       1.2519
   26139       1.2499
   26140       1.2240
   26141       1.1167
   26142       1.0768
   26143       1.1721
   26144       1.0824
   26145       1.0980
   26146       1.2506
   26147       1.1602
   26148       1.3032
   26149       1.3441
   26150       1.2696
   26151       1.2195
   26152       1.2168
   26153       1.2030
   26154       1.1632
   26155       1.1343
   26156       1.1699
   26157       1.2016
   26158       1.2074
   26159       1.0859
   26160       1.2080
   26161       1.2107
   26162       1.2944
   26163       1.2331
   26164       1.2676
   26165       1.2343
   26166       1.0494
   26167       1.1916
   26168       1.2665
   26169       1.2684
   26170       1.3431
   26171       1.3484
   26172       1.2747
   26173       1.2533
   26174       1.3467
   26175       1.2195
   26176       1.3804
   26177       1.3245
   26178       1.2339
   26179       1.2363
   26180       1.4042
   26181       1.2426
   26182       1.3750
   26183       1.2312
   26184       1.2475
   26185       1.3424
   26186       1.3350
   26187       1.2743
   26188       1.3403
   26189       1.3864
   26190       1.2332
   26191       1.3793
   26192       1.2480
   26193       1.1841
   26194       1.2612
   26195       1.2836
   26196       1.1905
   26197       1.3110
   26198       1.2436
   26199       1.2847
   26200       1.2720
   26201       1.3308
   26202       1.3451
   26203       1.1848
   26204       1.1937
   26205       1.2014
   26206       1.2987
   26207       1.3324
   26208       1.2646
   26209       1.2510
   26210       1.1635
   26211       1.2935
   26212       1.1892
   26213       1.3441
   26214       1.2190
   26215       1.3355
   26216       1.2465
   26217       1.3295
   26218       1.2819
   26219       1.3045
   26220       1.2439
   26221       1.1218
   26222       1.1864
   26223       1.2115
   26224       1.2818
   26225       1.2552
   26226       1.3282
   26227       1.3822
   26228       1.2839
   26229       1.3183
   26230       1.1799
   26231       1.1533
   26232       1.0955
   26233       1.1461
   26234       1.1580
   26235       1.0895
   26236       1.1765
   26237       1.2491
   26238       1.2486
   26239       1.2326
   26240       1.2368
   26241       1.3036
   26242       1.2493
   26243       1.2673
   26244       1.1322
   26245       1.3035
   26246       1.2113
   26247       1.2524
   26248       1.3952
   26249       1.2023
   26250       1.2885
   26251       1.3609
   26252       1.3479
   26253       1.3590
   26254       1.3399
   26255       1.2572
   26256       1.3699
   26257       1.2301
   26258       1.3795
   26259       1.3679
   26260       1.3542
   26261       1.2854
   26262       1.2583
   26263       1.0218
   26264       1.1260
   26265       1.1095
   26266       1.2463
   26267       1.0475
   26268       1.0914
   26269       1.0685
   26270       1.1015
   26271       1.0443
   26272       1.0143
   26273       1.0293
   26274       1.2189
   26275       1.2099
   26276       1.2310
   26277       1.1932
   26278       1.1886
   26279       1.0753
   26280       1.0730
   26281       1.3192
   26282       1.3710
   26283       1.3199
   26284       1.3356
   26285       1.3858
   26286       1.3273
   26287       1.4051
   26288       1.4474
   26289       1.3467
   26290       1.4012
   26291       1.3500
   26292       1.4057
   26293       1.4908
   26294       1.3844
   26295       1.4562
   26296       1.3586
   26297       1.4069
   26298       1.2967
   26299       1.3331
   26300       1.2560
   26301       1.2426
   26302       1.2485
   26303       1.1254
   26304       1.1777
   26305       1.1787
   26306       1.2444
   26307       1.3057
   26308       1.3344
   26309       1.1436
   26310       1.1522
   26311       1.1135
   26312       1.2621
   26313       1.1943
   26314       1.1342
   26315       1.0995
   26316       1.0973
   26317       1.1060
   26318       1.0921
   26319       1.1648
   26320       1.1348
   26321       1.1789
   26322       0.9371
   26323       1.0752
   26324       1.0508
   26325       1.1801
   26326       1.1115
   26327       1.0990
   26328       1.0642
   26329       1.0781
   26330       1.3237
   26331       1.1515
   26332       1.1611
   26333       1.0653
   26334       1.2068
   26335       1.1469
   26336       1.1350
   26337       1.1025
   26338       1.1892
   26339       1.2176
   26340       1.1474
   26341       1.1761
   26342       1.1878
   26343       1.2046
   26344       1.2006
   26345       1.2688
   26346       1.1859
   26347       1.2339
   26348       1.3138
   26349       1.1496
   26350       1.2562
   26351       1.1511
   26352       1.1795
   26353       1.2649
   26354       1.1191
   26355       1.0907
   26356       1.1251
   26357       1.1464
   26358       1.1004
   26359       1.2204
   26360       1.3250
   26361       1.2396
   26362       1.1700
   26363       1.1999
   26364       1.1022
   26365       1.1795
   26366       1.1733
   26367       1.0637
   26368       1.0922
   26369       1.2370
   26370       1.2734
   26371       1.1962
   26372       1.2875
   26373       1.1536
   26374       1.2230
   26375       1.1943
   26376       1.2578
   26377       1.1414
   26378       1.2183
   26379       1.3182
   26380       1.2309
   26381       1.1916
   26382       1.2578
   26383       1.0564
   26384       1.2149
   26385       1.0661
   26386       1.0877
   26387       1.0432
   26388       1.1918
   26389       1.1708
   26390       1.2680
   26391       1.0897
   26392       1.2015
   26393       1.1917
   26394       1.0670
   26395       1.1388
   26396       1.1629
   26397       1.1068
   26398       1.1348
   26399       1.2292
   26400       1.1380
   26401       1.1354
   26402       1.2167
   26403       1.1421
   26404       1.2426
   26405       1.1426
   26406       1.1628
   26407       1.1726
   26408       1.1429
   26409       1.2701
   26410       1.1497
   26411       1.2200
   26412       1.1821
   26413       1.1177
   26414       1.2043
   26415       1.2124
   26416       1.1115
   26417       1.1223
   26418       1.1279
   26419       1.2360
   26420       1.1188
   26421       1.1652
   26422       1.1390
   26423       1.2104
   26424       1.1922
   26425       1.1081
   26426       1.0153
   26427       0.9829
   26428       1.0880
   26429       1.1414
   26430       1.0986
   26431       0.9972
   26432       1.0856
   26433       1.0029
   26434       1.0534
   26435       1.1250
   26436       1.1298
   26437       0.9939
   26438       1.1194
   26439       1.0537
   26440       1.0420
   26441       1.0486
   26442       1.1469
   26443       1.1405
   26444       1.1612
   26445       1.0448
   26446       1.0631
   26447       1.0629
   26448       1.0043
   26449       1.0602
   26450       1.1033
   26451       1.2399
   26452       1.1834
   26453       1.1750
   26454       1.1483
   26455       1.1673
   26456       1.1125
   26457       1.0226
   26458       0.9423
   26459       1.0134
   26460       1.0688
   26461       1.0752
   26462       1.0338
   26463       1.0342
   26464       1.0734
   26465       1.1275
   26466       1.0957
   26467       1.1012
   26468       1.0906
   26469       1.0759
   26470       1.1034
   26471       1.0965
   26472       1.0046
   26473       1.0634
   26474       1.2243
   26475       1.0931
   26476       1.0365
   26477       0.9920
   26478       1.0555
   26479       0.9804
   26480       1.0479
   26481       1.1876
   26482       1.0818
   26483       1.0431
   26484       1.0608
   26485       0.9847
   26486       1.0689
   26487       1.1070
   26488       1.2549
   26489       1.2434
   26490       1.2890
   26491       1.2697
   26492       1.3196
   26493       1.1978
   26494       1.3612
   26495       1.3236
   26496       1.2463
   26497       1.2739
   26498       1.2788
   26499       1.2674
   26500       1.2448
   26501       1.2930
   26502       1.2007
   26503       1.2840
   26504       1.1666
   26505       1.2343
   26506       1.2601
   26507       1.2827
   26508       1.2640
   26509       1.2746
   26510       1.1967
   26511       1.0686
   26512       1.1349
   26513       1.0737
   26514       1.2028
   26515       1.1285
   26516       1.2240
   26517       1.1624
   26518       1.1223
   26519       1.2204
   26520       1.2393
   26521       1.2653
   26522       1.2419
   26523       1.1146
   26524       1.0445
   26525       1.0604
   26526       1.1143
   26527       1.1154
   26528       1.0680
   26529       1.0665
   26530       1.0975
   26531       1.1359
   26532       1.0762
   26533       1.1263
   26534       1.1614
   26535       1.0316
   26536       1.0143
   26537       1.1954
   26538       1.1969
   26539       1.1986
   26540       1.1674
   26541       1.3135
   26542       1.1988
   26543       1.2829
   26544       1.1937
   26545       1.1796
   26546       1.3106
   26547       1.2202
   26548       1.1311
   26549       1.3885
   26550       1.3384
   26551       1.3732
   26552       1.3815
   26553       1.4134
   26554       1.3000
   26555       1.2981
   26556       1.3534
   26557       1.2180
   26558       1.1481
   26559       1.1481
   26560       1.1517
   26561       1.1453
   26562       1.2038
   26563       1.1484
   26564       1.2174
   26565       1.3380
   26566       1.1740
   26567       1.1841
   26568       1.1476
   26569       1.1994
   26570       1.1587
   26571       1.1433
   26572       1.2131
   26573       1.1140
   26574       1.1443
   26575       1.0985
   26576       1.0686
   26577       0.9799
   26578       0.9291
   26579       1.0442
   26580       1.0590
   26581       1.0581
   26582       1.1298
   26583       0.9869
   26584       1.1247
   26585       1.0800
   26586       1.1516
   26587       1.1996
   26588       1.1131
   26589       1.2907
   26590       1.2148
   26591       1.1594
   26592       1.0915
   26593       1.1982
   26594       1.2664
   26595       1.1788
   26596       1.2949
   26597       1.1569
   26598       1.1301
   26599       0.9685
   26600       1.0722
   26601       1.2297
   26602       1.0106
   26603       1.2185
   26604       1.1932
   26605       1.1690
   26606       1.1915
   26607       1.1802
   26608       1.2486
   26609       1.2342
   26610       1.3067
   26611       1.1914
   26612       1.3355
   26613       1.1992
   26614       1.2598
   26615       1.2830
   26616       1.2961
   26617       1.2300
   26618       1.2091
   26619       1.3155
   26620       1.2566
   26621       1.1049
   26622       1.0690
   26623       1.0501
   26624       1.3267
   26625       1.2389
   26626       1.1324
   26627       1.1780
   26628       1.1865
   26629       1.1827
   26630       1.2688
   26631       1.2512
   26632       1.1842
   26633       1.2657
   26634       1.2591
   26635       1.3634
   26636       1.1769
   26637       1.2954
   26638       1.1927
   26639       1.1985
   26640       1.1847
   26641       1.1168
   26642       1.1485
   26643       1.1951
   26644       1.2115
   26645       1.0928
   26646       1.1272
   26647       1.1809
   26648       1.1780
   26649       1.2638
   26650       1.2800
   26651       1.3283
   26652       1.2318
   26653       1.2319
   26654       1.2621
   26655       1.3158
   26656       1.2866
   26657       1.3890
   26658       1.1707
   26659       1.2252
   26660       1.1673
   26661       1.1269
   26662       1.1709
   26663       1.1652
   26664       1.1834
   26665       1.1904
   26666       1.2675
   26667       1.2309
   26668       1.1481
   26669       1.1714
   26670       1.1927
   26671       1.2307
   26672       1.2096
   26673       1.2901
   26674       1.2149
   26675       1.0939
   26676       1.2127
   26677       1.1400
   26678       1.2290
   26679       1.1727
   26680       1.1620
   26681       1.1859
   26682       1.0954
   26683       1.1741
   26684       1.0751
   26685       1.0909
   26686       1.1190
   26687       1.0924
   26688       1.1983
   26689       1.1266
   26690       1.2143
   26691       1.1458
   26692       1.0414
   26693       1.0823
   26694       1.2268
   26695       1.1875
   26696       1.2546
   26697       1.1850
   26698       1.2642
   26699       1.1824
   26700       1.1826
   26701       1.0648
   26702       1.1006
   26703       1.0729
   26704       1.2247
   26705       1.2358
   26706       1.1278
   26707       1.1471
   26708       1.1573
   26709       1.1604
   26710       1.1273
   26711       1.1982
   26712       1.1278
   26713       1.1387
   26714       1.1722
   26715       1.1529
   26716       1.1355
   26717       1.0313
   26718       1.0989
   26719       1.1881
   26720       1.2024
   26721       1.1727
   26722       1.1955
   26723       1.2078
   26724       1.1760
   26725       1.1652
   26726       1.0743
   26727       1.1093
   26728       1.0636
   26729       1.1666
   26730       1.0247
   26731       1.1658
   26732       0.9857
   26733       1.1309
   26734       1.0953
   26735       1.1453
   26736       1.1706
   26737       1.1501
   26738       1.2361
   26739       1.2449
   26740       1.1898
   26741       1.2531
   26742       1.2172
   26743       1.3273
   26744       1.2426
   26745       1.3757
   26746       1.1719
   26747       1.3014
   26748       1.2925
   26749       1.1891
   26750       1.2244
   26751       1.1764
   26752       1.1414
   26753       1.1473
   26754       1.1044
   26755       1.1672
   26756       1.2188
   26757       1.1774
   26758       1.0712
   26759       1.0744
   26760       1.0944
   26761       1.0818
   26762       1.2685
   26763       1.0807
   26764       1.2576
   26765       1.0353
   26766       1.1871
   26767       1.1389
   26768       1.2271
   26769       1.0750
   26770       1.0625
   26771       1.2276
   26772       1.2969
   26773       1.2188
   26774       1.2318
   26775       1.1317
   26776       1.1533
   26777       1.1499
   26778       1.1537
   26779       1.1729
   26780       1.0928
   26781       1.1181
   26782       1.2342
   26783       1.2212
   26784       1.3095
   26785       1.1915
   26786       1.3276
   26787       1.1973
   26788       1.1160
   26789       1.2247
   26790       1.2426
   26791       1.2407
   26792       1.1873
   26793       1.1692
   26794       1.2693
   26795       1.1517
   26796       1.3479
   26797       1.2249
   26798       1.1818
   26799       1.2905
   26800       1.3740
   26801       1.2685
   26802       1.2837
   26803       1.3405
   26804       1.2467
   26805       1.2583
   26806       1.3355
   26807       1.3528
   26808       1.3415
   26809       1.3888
   26810       1.4023
   26811       1.3727
   26812       1.3824
   26813       1.1445
   26814       1.1893
   26815       1.1973
   26816       1.1894
   26817       1.2180
   26818       1.3211
   26819       1.2561
   26820       1.3637
   26821       1.3440
   26822       1.2950
   26823       1.3080
   26824       1.3171
   26825       1.3688
   26826       1.3410
   26827       1.3665
   26828       1.4188
   26829       1.3362
   26830       1.2701
   26831       1.2817
   26832       1.2754
   26833       1.1832
   26834       1.2390
   26835       1.2360
   26836       1.3335
   26837       1.2811
   26838       1.2533
   26839       1.2064
   26840       1.1559
   26841       1.1488
   26842       1.1632
   26843       1.1982
   26844       1.2075
   26845       1.2369
   26846       1.1429
   26847       1.1926
   26848       1.1730
   26849       1.0524
   26850       1.2673
   26851       1.2144
   26852       1.2280
   26853       1.2982
   26854       1.3777
   26855       1.3671
   26856       1.2483
   26857       1.3125
   26858       1.2961
   26859       1.1779
   26860       1.1818
   26861       1.3569
   26862       1.2739
   26863       1.3619
   26864       1.3235
   26865       1.2474
   26866       1.3416
   26867       1.4252
   26868       1.2406
   26869       1.1103
   26870       1.1663
   26871       1.1765
   26872       1.1798
   26873       1.2043
   26874       1.2097
   26875       1.1961
   26876       1.2736
   26877       1.2791
   26878       1.2710
   26879       1.2944
   26880       1.1943
   26881       1.3219
   26882       1.2939
   26883       1.3370
   26884       1.3660
   26885       1.3315
   26886       1.2490
   26887       1.1814
   26888       1.2342
   26889       1.1511
   26890       1.2027
   26891       1.1925
   26892       1.1745
   26893       1.2204
   26894       1.3508
   26895       1.2631
   26896       1.3356
   26897       1.3907
   26898       1.4290
   26899       1.4680
   26900       1.5061
   26901       1.6289
   26902       1.6083
   26903       1.4619
   26904       1.4678
   26905       1.3765
   26906       1.3542
   26907       1.3131
   26908       1.4037
   26909       1.3721
   26910       1.2167
   26911       1.2750
   26912       1.2548
   26913       1.2892
   26914       1.2656
   26915       1.3485
   26916       1.3221
   26917       1.4131
   26918       1.2354
   26919       1.2123
   26920       1.1610
   26921       1.1774
   26922       1.3296
   26923       1.2803
   26924       1.1704
   26925       1.2450
   26926       1.2667
   26927       1.2572
   26928       1.2593
   26929       1.2371
   26930       1.3193
   26931       1.2286
   26932       1.1305
   26933       1.1717
   26934       1.2736
   26935       1.2971
   26936       1.2395
   26937       1.2423
   26938       1.2536
   26939       1.1925
   26940       1.1967
   26941       1.2100
   26942       1.1753
   26943       1.1353
   26944       1.1340
   26945       1.1906
   26946       1.3079
   26947       1.2294
   26948       1.1833
   26949       1.2198
   26950       1.1950
   26951       1.1785
   26952       1.1976
   26953       1.1641
   26954       1.3485
   26955       1.2398
   26956       1.2845
   26957       1.3611
   26958       1.1919
   26959       1.3756
   26960       1.1039
   26961       1.2963
   26962       1.3087
   26963       1.2423
   26964       1.1945
   26965       1.3124
   26966       1.2798
   26967       1.1692
   26968       1.1161
   26969       1.1814
   26970       1.2122
   26971       1.2196
   26972       1.2563
   26973       1.2440
   26974       1.1394
   26975       1.2986
   26976       1.2408
   26977       1.1007
   26978       1.1012
   26979       1.1222
   26980       1.1358
   26981       1.1442
   26982       1.1330
   26983       1.1937
   26984       1.1529
   26985       1.2637
   26986       1.2111
   26987       1.0900
   26988       1.0770
   26989       1.2290
   26990       1.2434
   26991       1.3292
   26992       1.1911
   26993       1.2224
   26994       1.3001
   26995       1.3344
   26996       1.3792
   26997       1.3401
   26998       1.2808
   26999       1.2162
   27000       1.1845
   27001       1.2330
   27002       1.2877
   27003       1.2309
   27004       1.2719
   27005       1.1195
   27006       1.2918
   27007       1.2917
   27008       1.3496
   27009       1.2744
   27010       1.2663
   27011       1.3274
   27012       1.2707
   27013       1.1823
   27014       1.2442
   27015       1.1738
   27016       1.3271
   27017       1.2785
   27018       1.2596
   27019       1.2469
   27020       1.2855
   27021       1.3569
   27022       1.2119
   27023       1.3637
   27024       1.3206
   27025       1.1767
   27026       1.2454
   27027       1.1029
   27028       1.2315
   27029       1.2233
   27030       1.1634
   27031       1.2136
   27032       1.3514
   27033       1.4141
   27034       1.5426
   27035       1.3841
   27036       1.2670
   27037       1.3193
   27038       1.2046
   27039       1.3080
   27040       1.3128
   27041       1.3086
   27042       1.2943
   27043       1.2708
   27044       1.3241
   27045       1.2913
   27046       1.3176
   27047       1.4104
   27048       1.4059
   27049       1.3787
   27050       1.3743
   27051       1.3340
   27052       1.2985
   27053       1.3352
   27054       1.2401
   27055       1.4004
   27056       1.3192
   27057       1.5530
   27058       1.3465
   27059       1.3107
   27060       1.2060
   27061       1.2486
   27062       1.3330
   27063       1.3310
   27064       1.2831
   27065       1.3006
   27066       1.2535
   27067       1.3212
   27068       1.2168
   27069       1.2733
   27070       1.1425
   27071       1.1879
   27072       1.1806
   27073       1.1710
   27074       1.2359
   27075       1.2755
   27076       1.1154
   27077       1.2035
   27078       1.1660
   27079       1.1970
   27080       1.1530
   27081       1.1681
   27082       1.2205
   27083       1.3806
   27084       1.2903
   27085       1.3649
   27086       1.3129
   27087       1.3293
   27088       1.2139
   27089       1.2514
   27090       1.2091
   27091       1.1510
   27092       1.1733
   27093       1.1185
   27094       1.1319
   27095       1.2543
   27096       1.1429
   27097       1.3434
   27098       1.1259
   27099       1.1990
   27100       1.0398
   27101       1.0300
   27102       1.1758
   27103       1.2600
   27104       1.2453
   27105       1.2682
   27106       1.2811
   27107       1.2418
   27108       1.2122
   27109       1.1231
   27110       1.2765
   27111       1.2952
   27112       1.3142
   27113       1.3846
   27114       1.3589
   27115       1.2637
   27116       1.1940
   27117       1.3597
   27118       1.3231
   27119       1.3343
   27120       1.3422
   27121       1.3422
   27122       1.2612
   27123       1.3067
   27124       1.2385
   27125       1.3121
   27126       1.2454
   27127       1.3495
   27128       1.3418
   27129       1.2382
   27130       1.2279
   27131       1.2183
   27132       1.1793
   27133       1.1911
   27134       1.1083
   27135       1.2631
   27136       1.1940
   27137       1.1682
   27138       1.1368
   27139       1.1370
   27140       1.1987
   27141       1.1551
   27142       1.1322
   27143       0.9947
   27144       1.1452
   27145       1.1048
   27146       1.2138
   27147       1.1826
   27148       1.2329
   27149       1.2578
   27150       1.3434
   27151       1.2687
   27152       1.4493
   27153       1.2279
   27154       1.2037
   27155       1.2950
   27156       1.3215
   27157       1.4024
   27158       1.2715
   27159       1.3055
   27160       1.2738
   27161       1.2782
   27162       1.3080
   27163       1.4438
   27164       1.3246
   27165       1.3155
   27166       1.2983
   27167       1.2129
   27168       1.2895
   27169       1.2777
   27170       1.2363
   27171       1.1381
   27172       1.1838
   27173       1.2628
   27174       1.1682
   27175       1.1162
   27176       1.1079
   27177       1.2218
   27178       1.2042
   27179       1.2331
   27180       1.1940
   27181       1.1863
   27182       1.2727
   27183       1.2583
   27184       1.2988
   27185       1.3030
   27186       1.2921
   27187       1.2541
   27188       1.1984
   27189       1.3004
   27190       1.2937
   27191       1.2031
   27192       1.2458
   27193       1.1977
   27194       1.1849
   27195       1.2648
   27196       1.1520
   27197       1.1577
   27198       1.1933
   27199       1.2248
   27200       1.0704
   27201       1.0939
   27202       1.1855
   27203       1.1881
   27204       1.2461
   27205       1.2338
   27206       1.2092
   27207       1.3250
   27208       1.3671
   27209       1.2237
   27210       1.3377
   27211       1.2409
   27212       1.2144
   27213       1.1913
   27214       1.2023
   27215       1.1815
   27216       1.3057
   27217       1.3891
   27218       1.1899
   27219       1.1271
   27220       1.1310
   27221       1.1689
   27222       1.0889
   27223       1.0990
   27224       1.1556
   27225       1.1964
   27226       1.1500
   27227       1.2582
   27228       1.2035
   27229       1.2448
   27230       1.1565
   27231       1.2861
   27232       1.2148
   27233       1.1526
   27234       1.1752
   27235       1.1565
   27236       1.1445
   27237       1.3053
   27238       1.1733
   27239       1.1488
   27240       1.1556
   27241       1.2350
   27242       1.1503
   27243       1.2380
   27244       1.1678
   27245       1.2258
   27246       1.1682
   27247       1.1228
   27248       1.1954
   27249       1.1396
   27250       1.1843
   27251       1.1319
   27252       1.0579
   27253       1.1714
   27254       1.1794
   27255       1.0623
   27256       1.1777
   27257       1.2507
   27258       1.2912
   27259       1.1574
   27260       1.1188
   27261       1.1062
   27262       1.1644
   27263       1.1007
   27264       1.0970
   27265       1.0932
   27266       1.1074
   27267       1.1916
   27268       1.2610
   27269       1.1729
   27270       1.2137
   27271       1.2125
   27272       1.2616
   27273       1.2235
   27274       1.1896
   27275       1.1446
   27276       1.1164
   27277       1.1008
   27278       1.2928
   27279       1.1869
   27280       1.0793
   27281       1.0844
   27282       1.1351
   27283       1.1446
   27284       1.0504
   27285       1.1072
   27286       1.1372
   27287       1.1279
   27288       1.1953
   27289       1.2056
   27290       1.1100
   27291       1.2019
   27292       1.2436
   27293       1.1144
   27294       1.0256
   27295       1.0900
   27296       1.0772
   27297       1.0130
   27298       1.1011
   27299       1.1385
   27300       1.1293
   27301       1.1014
   27302       1.0346
   27303       1.0407
   27304       1.0901
   27305       1.0188
   27306       0.9749
   27307       0.9907
   27308       0.9523
   27309       1.0491
   27310       1.1085
   27311       1.0814
   27312       1.0815
   27313       1.1694
   27314       1.2013
   27315       1.1239
   27316       1.2387
   27317       1.2111
   27318       1.2007
   27319       1.2034
   27320       1.0569
   27321       1.1418
   27322       1.1719
   27323       1.1334
   27324       1.2858
   27325       1.1702
   27326       1.3147
   27327       1.2906
   27328       1.3202
   27329       1.2753
   27330       1.2280
   27331       1.1039
   27332       1.0451
   27333       1.0078
   27334       1.0317
   27335       1.0931
   27336       1.0878
   27337       1.2134
   27338       1.2227
   27339       1.1635
   27340       1.1670
   27341       1.1301
   27342       1.1630
   27343       0.9701
   27344       1.0399
   27345       1.2183
   27346       1.0715
   27347       1.1626
   27348       1.0374
   27349       1.0943
   27350       1.1432
   27351       1.1645
   27352       1.0877
   27353       1.0894
   27354       1.1295
   27355       1.1064
   27356       1.1078
   27357       1.1685
   27358       1.1134
   27359       1.0791
   27360       1.1319
   27361       1.0227
   27362       1.0785
   27363       1.1770
   27364       1.0437
   27365       1.1018
   27366       1.0890
   27367       1.1054
   27368       1.0365
   27369       1.1732
   27370       1.2167
   27371       1.1295
   27372       1.1788
   27373       1.1445
   27374       1.1608
   27375       1.1186
   27376       1.1040
   27377       1.2217
   27378       1.1972
   27379       1.1552
   27380       1.2010
   27381       1.1859
   27382       1.1738
   27383       1.2766
   27384       1.0726
   27385       1.1967
   27386       1.1722
   27387       1.1482
   27388       1.1922
   27389       1.1693
   27390       1.1480
   27391       1.0930
   27392       1.1773
   27393       1.2189
   27394       1.1833
   27395       1.2066
   27396       1.1567
   27397       1.1486
   27398       1.1439
   27399       1.0615
   27400       1.0787
   27401       1.0688
   27402       0.9812
   27403       1.1064
   27404       1.1121
   27405       1.1658
   27406       1.0900
   27407       1.1395
   27408       1.1449
   27409       1.0419
   27410       1.0843
   27411       1.0609
   27412       1.2151
   27413       1.3588
   27414       1.1560
   27415       1.1610
   27416       1.2189
   27417       1.1796
   27418       1.2887
   27419       1.3097
   27420       1.1620
   27421       1.1570
   27422       1.1429
   27423       1.0826
   27424       1.1166
   27425       1.0999
   27426       1.1477
   27427       1.1612
   27428       1.0580
   27429       1.1160
   27430       1.1604
   27431       1.2642
   27432       1.1335
   27433       1.1099
   27434       1.1025
   27435       1.1960
   27436       1.2010
   27437       1.2422
   27438       1.2224
   27439       1.1845
   27440       1.1742
   27441       1.2255
   27442       1.2091
   27443       1.2480
   27444       1.1932
   27445       1.1669
   27446       1.1672
   27447       1.2756
   27448       1.2057
   27449       1.2394
   27450       1.2988
   27451       1.1944
   27452       1.2786
   27453       1.2676
   27454       1.1557
   27455       1.0729
   27456       1.2059
   27457       1.1133
   27458       1.1581
   27459       1.2484
   27460       1.2528
   27461       1.2198
   27462       1.3714
   27463       1.2383
   27464       1.2514
   27465       1.2655
   27466       1.2284
   27467       1.4230
   27468       1.2223
   27469       1.2509
   27470       1.2229
   27471       1.2868
   27472       1.2967
   27473       1.3050
   27474       1.1850
   27475       1.1913
   27476       1.2038
   27477       1.2183
   27478       1.2642
   27479       1.1359
   27480       1.1830
   27481       1.1604
   27482       1.1818
   27483       1.2792
   27484       1.2308
   27485       1.1968
   27486       1.2510
   27487       1.2586
   27488       1.3733
   27489       1.3226
   27490       1.2775
   27491       1.3500
   27492       1.2120
   27493       1.3636
   27494       1.3286
   27495       1.3196
   27496       1.3407
   27497       1.3125
   27498       1.3769
   27499       1.3536
   27500       1.3856
   27501       1.3733
   27502       1.3847
   27503       1.3329
   27504       1.4036
   27505       1.4143
   27506       1.3161
   27507       1.3766
   27508       1.4016
   27509       1.3018
   27510       1.2275
   27511       1.2918
   27512       1.2922
   27513       1.3027
   27514       1.4916
   27515       1.4298
   27516       1.3685
   27517       1.3344
   27518       1.2193
   27519       1.2885
   27520       1.2552
   27521       1.4279
   27522       1.3806
   27523       1.2778
   27524       1.2447
   27525       1.3196
   27526       1.3483
   27527       1.3235
   27528       1.3180
   27529       1.2899
   27530       1.3341
   27531       1.2315
   27532       1.1661
   27533       1.2278
   27534       1.3443
   27535       1.3824
   27536       1.2764
   27537       1.3791
   27538       1.2526
   27539       1.2543
   27540       1.3786
   27541       1.4071
   27542       1.3931
   27543       1.3210
   27544       1.3200
   27545       1.3037
   27546       1.2959
   27547       1.2393
   27548       1.2373
   27549       1.2907
   27550       1.2107
   27551       1.3003
   27552       1.3027
   27553       1.3090
   27554       1.4397
   27555       1.3756
   27556       1.2110
   27557       1.1864
   27558       1.1716
   27559       1.1915
   27560       1.2815
   27561       1.2669
   27562       1.2152
   27563       1.2314
   27564       1.0843
   27565       1.0391
   27566       1.2263
   27567       1.2209
   27568       1.1275
   27569       1.1761
   27570       1.1822
   27571       1.1771
   27572       1.2832
   27573       1.2439
   27574       1.0785
   27575       1.1368
   27576       1.0892
   27577       1.1314
   27578       1.1971
   27579       1.2410
   27580       1.2242
   27581       1.2751
   27582       1.1843
   27583       1.0938
   27584       1.0722
   27585       1.1806
   27586       1.1416
   27587       1.0477
   27588       1.1417
   27589       1.1404
   27590       1.0627
   27591       1.1708
   27592       1.1103
   27593       1.1394
   27594       1.1293
   27595       1.1758
   27596       0.9751
   27597       1.0523
   27598       1.1299
   27599       1.0842
   27600       1.1316
   27601       1.0681
   27602       1.0175
   27603       1.0672
   27604       1.0225
   27605       1.0931
   27606       1.1666
   27607       1.2143
   27608       1.2374
   27609       1.2097
   27610       1.1810
   27611       1.1644
   27612       1.1956
   27613       1.2759
   27614       1.2765
   27615       1.2610
   27616       1.2861
   27617       1.3649
   27618       1.3401
   27619       1.3428
   27620       1.4064
   27621       1.3603
   27622       1.3480
   27623       1.2687
   27624       1.2891
   27625       1.2038
   27626       1.2764
   27627       1.1834
   27628       1.2306
   27629       1.2038
   27630       1.1000
   27631       1.0599
   27632       1.1267
   27633       1.1020
   27634       1.1207
   27635       1.1005
   27636       1.1087
   27637       1.1112
   27638       1.1948
   27639       1.0413
   27640       1.1189
   27641       1.1700
   27642       1.0589
   27643       1.1946
   27644       1.1171
   27645       1.2812
   27646       1.1530
   27647       1.2388
   27648       1.1724
   27649       1.1243
   27650       1.0845
   27651       1.1227
   27652       1.1853
   27653       1.1181
   27654       1.2789
   27655       1.2247
   27656       1.0701
   27657       1.1866
   27658       1.2309
   27659       1.2076
   27660       1.2082
   27661       1.2539
   27662       1.2338
   27663       1.2246
   27664       1.2107
   27665       1.1276
   27666       1.1663
   27667       1.0343
   27668       1.1032
   27669       1.2299
   27670       1.2139
   27671       1.1478
   27672       1.0843
   27673       1.3172
   27674       1.1026
   27675       1.1748
   27676       1.1335
   27677       1.1376
   27678       1.2002
   27679       1.2355
   27680       1.2653
   27681       1.2412
   27682       1.2643
   27683       1.2378
   27684       1.2727
   27685       1.2171
   27686       1.2442
   27687       1.2550
   27688       1.2521
   27689       1.1666
   27690       1.1905
   27691       1.2441
   27692       1.2241
   27693       1.2809
   27694       1.1861
   27695       1.2279
   27696       1.1184
   27697       1.2382
   27698       1.2174
   27699       1.1691
   27700       1.1825
   27701       1.3163
   27702       1.3959
   27703       1.4029
   27704       1.3167
   27705       1.2806
   27706       1.2237
   27707       1.1211
   27708       1.2028
   27709       1.2909
   27710       1.1777
   27711       1.1245
   27712       1.2546
   27713       1.2227
   27714       1.2575
   27715       1.2065
   27716       1.2506
   27717       1.2025
   27718       1.2410
   27719       1.3137
   27720       1.2799
   27721       1.1652
   27722       1.2152
   27723       1.2945
   27724       1.3106
   27725       1.3037
   27726       1.1586
   27727       1.2367
   27728       1.2849
   27729       1.2306
   27730       1.2359
   27731       1.2659
   27732       1.2343
   27733       1.1609
   27734       1.0960
   27735       1.1229
   27736       1.1459
   27737       1.2750
   27738       1.1001
   27739       1.1080
   27740       1.1487
   27741       1.0850
   27742       1.0535
   27743       1.0790
   27744       1.1136
   27745       1.0266
   27746       1.0764
   27747       1.1307
   27748       1.1166
   27749       1.0677
   27750       1.0823
   27751       1.1336
   27752       1.1257
   27753       1.0298
   27754       1.1052
   27755       1.1152
   27756       1.1593
   27757       1.1633
   27758       1.1918
   27759       1.2631
   27760       1.2804
   27761       1.2211
   27762       1.1343
   27763       1.1114
   27764       1.1888
   27765       1.2807
   27766       1.2191
   27767       1.2110
   27768       1.1149
   27769       1.1713
   27770       1.1828
   27771       1.1421
   27772       1.2768
   27773       1.2131
   27774       1.1729
   27775       1.1355
   27776       1.3223
   27777       1.2615
   27778       1.2547
   27779       1.2197
   27780       1.1809
   27781       1.2580
   27782       1.2150
   27783       1.1652
   27784       1.0278
   27785       1.1151
   27786       1.1769
   27787       1.1515
   27788       1.2484
   27789       1.2596
   27790       1.2755
   27791       1.2807
   27792       1.2690
   27793       1.2800
   27794       1.3201
   27795       1.2591
   27796       1.2988
   27797       1.3208
   27798       1.0540
   27799       1.1390
   27800       1.2559
   27801       1.1504
   27802       1.2431
   27803       1.1195
   27804       1.1144
   27805       1.1045
   27806       1.0358
   27807       1.1244
   27808       1.1777
   27809       1.1763
   27810       1.2179
   27811       1.1769
   27812       1.0988
   27813       1.0990
   27814       1.0605
   27815       1.1091
   27816       1.1022
   27817       1.0623
   27818       1.0897
   27819       1.1408
   27820       1.1336
   27821       1.1108
   27822       1.1203
   27823       1.0562
   27824       1.1582
   27825       1.1375
   27826       1.0281
   27827       1.0232
   27828       1.0987
   27829       1.1037
   27830       1.0734
   27831       1.0531
   27832       1.0780
   27833       1.0717
   27834       1.0841
   27835       1.1788
   27836       1.1444
   27837       1.1475
   27838       1.1728
   27839       1.1579
   27840       1.1782
   27841       1.1165
   27842       1.1621
   27843       1.1259
   27844       1.2351
   27845       1.2106
   27846       1.1418
   27847       1.1282
   27848       1.2479
   27849       1.0563
   27850       1.0693
   27851       1.1130
   27852       1.1290
   27853       1.1812
   27854       1.2059
   27855       1.1954
   27856       1.1326
   27857       1.2086
   27858       1.1717
   27859       1.1831
   27860       1.1887
   27861       1.2475
   27862       1.1768
   27863       1.2053
   27864       1.2447
   27865       1.0541
   27866       1.2079
   27867       1.1895
   27868       1.1158
   27869       1.1291
   27870       1.1190
   27871       1.2066
   27872       1.1040
   27873       1.1440
   27874       1.0311
   27875       1.0826
   27876       1.1851
   27877       1.1900
   27878       1.1766
   27879       1.0697
   27880       1.1000
   27881       1.0988
   27882       1.0922
   27883       1.1078
   27884       1.1248
   27885       1.1851
   27886       1.1185
   27887       1.1098
   27888       1.1790
   27889       1.1077
   27890       1.2290
   27891       1.2193
   27892       1.2865
   27893       1.1956
   27894       1.2372
   27895       1.1442
   27896       1.1158
   27897       1.1506
   27898       1.1753
   27899       1.0750
   27900       1.0492
   27901       1.0810
   27902       1.0912
   27903       1.0487
   27904       1.1495
   27905       1.1790
   27906       1.1434
   27907       1.2130
   27908       1.0996
   27909       1.2202
   27910       1.2132
   27911       1.2558
   27912       1.2896
   27913       1.2340
   27914       1.2975
   27915       1.2027
   27916       1.2183
   27917       1.1721
   27918       1.2048
   27919       1.2776
   27920       1.1781
   27921       1.3363
   27922       1.2077
   27923       1.2247
   27924       1.1605
   27925       1.1814
   27926       1.3197
   27927       1.3760
   27928       1.3367
   27929       1.3197
   27930       1.2686
   27931       1.3221
   27932       1.3215
   27933       1.2308
   27934       1.3407
   27935       1.2509
   27936       1.2336
   27937       1.1602
   27938       1.1852
   27939       1.2546
   27940       1.2827
   27941       1.3433
   27942       1.2514
   27943       1.2184
   27944       1.1433
   27945       1.1130
   27946       1.1866
   27947       1.2051
   27948       1.1721
   27949       1.1264
   27950       1.1671
   27951       1.2106
   27952       1.2845
   27953       1.2379
   27954       1.2873
   27955       1.2985
   27956       1.2195
   27957       1.2525
   27958       1.1990
   27959       1.2085
   27960       1.1862
   27961       0.9874
   27962       1.1539
   27963       1.0474
   27964       1.1189
   27965       1.0605
   27966       1.1158
   27967       1.1422
   27968       1.0897
   27969       1.2038
   27970       1.1185
   27971       1.0997
   27972       1.0813
   27973       1.2022
   27974       1.2527
   27975       1.1829
   27976       1.0684
   27977       1.0791
   27978       1.0122
   27979       1.0277
   27980       0.9518
   27981       0.9528
   27982       0.9608
   27983       1.0877
   27984       1.0406
   27985       1.2194
   27986       1.1854
   27987       1.0244
   27988       1.0810
   27989       1.0039
   27990       1.0675
   27991       1.1182
   27992       1.0576
   27993       1.0608
   27994       1.0622
   27995       1.1165
   27996       1.0134
   27997       0.9676
   27998       1.0880
   27999       1.0048
   28000       1.0222
   28001       1.0627
   28002       1.1346
   28003       1.0271
   28004       1.1521
   28005       1.0804
   28006       1.1288
   28007       1.1468
   28008       1.2717
   28009       1.1556
   28010       1.1157
   28011       1.1044
   28012       1.1818
   28013       1.1565
   28014       1.0686
   28015       1.0778
   28016       1.0101
   28017       1.1978
   28018       1.1476
   28019       1.1139
   28020       1.0779
   28021       1.0246
   28022       1.0102
   28023       0.9885
   28024       1.1223
   28025       1.1709
   28026       1.1728
   28027       1.1531
   28028       1.1128
   28029       1.1921
   28030       1.0671
   28031       1.1562
   28032       1.1446
   28033       1.1327
   28034       1.1124
   28035       1.1942
   28036       1.1320
   28037       1.1493
   28038       1.0882
   28039       1.0960
   28040       1.1140
   28041       1.2200
   28042       1.2344
   28043       1.2768
   28044       1.1146
   28045       1.1728
   28046       1.2799
   28047       1.1643
   28048       1.1259
   28049       1.0748
   28050       1.0584
   28051       1.1085
   28052       1.1145
   28053       1.0900
   28054       1.0100
   28055       1.0338
   28056       1.0146
   28057       0.9644
   28058       1.0087
   28059       1.0135
   28060       1.1111
   28061       1.0820
   28062       1.1953
   28063       1.1813
   28064       1.1061
   28065       1.1604
   28066       1.2143
   28067       1.1156
   28068       1.1493
   28069       1.0974
   28070       1.1265
   28071       1.2182
   28072       1.3860
   28073       1.1106
   28074       1.1085
   28075       1.1159
   28076       1.1580
   28077       1.2396
   28078       1.0763
   28079       1.1176
   28080       1.1744
   28081       1.1757
   28082       1.1397
   28083       1.1709
   28084       1.2480
   28085       1.1062
   28086       1.1543
   28087       1.0448
   28088       1.0175
   28089       1.0725
   28090       1.0527
   28091       1.1303
   28092       1.0199
   28093       1.0276
   28094       1.0523
   28095       1.1583
   28096       1.0134
   28097       1.1433
   28098       1.1889
   28099       1.0900
   28100       1.1899
   28101       1.2009
   28102       1.1640
   28103       1.1250
   28104       1.0693
   28105       1.0576
   28106       1.0329
   28107       1.0914
   28108       0.9830
   28109       1.0342
   28110       1.0852
   28111       1.0812
   28112       1.0775
   28113       1.0076
   28114       1.0130
   28115       1.0277
   28116       1.0463
   28117       0.9902
   28118       0.9826
   28119       0.9746
   28120       1.0465
   28121       1.0144
   28122       1.0216
   28123       0.9177
   28124       0.9704
   28125       1.0430
   28126       1.0402
   28127       0.9890
   28128       0.9688
   28129       1.0436
   28130       1.1600
   28131       1.0861
   28132       1.0660
   28133       1.0765
   28134       1.0897
   28135       1.1380
   28136       1.1617
   28137       1.1780
   28138       1.1617
   28139       1.0927
   28140       1.2091
   28141       1.1407
   28142       1.1396
   28143       1.2536
   28144       1.2216
   28145       1.2439
   28146       1.3256
   28147       1.2933
   28148       1.3325
   28149       1.2761
   28150       1.1732
   28151       1.3426
   28152       1.2541
   28153       1.1394
   28154       1.2415
   28155       1.2729
   28156       1.1954
   28157       1.2397
   28158       1.2634
   28159       1.2538
   28160       1.1305
   28161       1.1281
   28162       1.1436
   28163       1.1463
   28164       1.0428
   28165       1.0587
   28166       1.0830
   28167       1.0805
   28168       1.1759
   28169       1.0540
   28170       1.0683
   28171       1.1877
   28172       1.1390
   28173       1.0982
   28174       1.1883
   28175       1.1250
   28176       1.1779
   28177       1.1832
   28178       1.2117
   28179       1.1265
   28180       1.1898
   28181       1.1560
   28182       1.2200
   28183       1.1079
   28184       1.2505
   28185       1.1881
   28186       1.1257
   28187       1.1925
   28188       1.1607
   28189       1.1667
   28190       1.1823
   28191       1.2413
   28192       1.2195
   28193       1.2241
   28194       1.2606
   28195       1.1767
   28196       1.2066
   28197       1.1937
   28198       1.1585
   28199       1.1432
   28200       1.2323
   28201       1.2204
   28202       1.1604
   28203       1.1122
   28204       1.2193
   28205       1.1919
   28206       1.1892
   28207       1.2222
   28208       1.2384
   28209       1.2097
   28210       1.3113
   28211       1.1599
   28212       1.2530
   28213       1.1941
   28214       1.2457
   28215       1.1921
   28216       1.1926
   28217       1.1673
   28218       1.0695
   28219       1.0813
   28220       1.0996
   28221       1.0966
   28222       1.1445
   28223       1.1692
   28224       1.1187
   28225       1.1287
   28226       1.1299
   28227       1.1527
   28228       1.1829
   28229       1.0824
   28230       1.0925
   28231       1.0068
   28232       1.0730
   28233       1.1449
   28234       1.2242
   28235       1.1597
   28236       1.1821
   28237       1.2011
   28238       1.1322
   28239       1.1309
   28240       1.0910
   28241       1.1870
   28242       1.1310
   28243       1.2506
   28244       1.2777
   28245       1.1631
   28246       1.1829
   28247       1.1189
   28248       1.1357
   28249       1.0609
   28250       1.0810
   28251       1.1678
   28252       1.1003
   28253       1.1244
   28254       1.2527
   28255       1.1883
   28256       1.2002
   28257       1.1677
   28258       1.1659
   28259       1.0749
   28260       1.1269
   28261       1.1301
   28262       1.1123
   28263       1.1559
   28264       1.0939
   28265       1.1747
   28266       1.2174
   28267       1.1360
   28268       1.2881
   28269       1.1160
   28270       1.2245
   28271       1.2091
   28272       1.2328
   28273       1.1791
   28274       1.2150
   28275       1.1041
   28276       1.2959
   28277       1.2456
   28278       1.2554
   28279       1.1918
   28280       1.2346
   28281       1.2150
   28282       1.1783
   28283       1.1676
   28284       1.1556
   28285       1.1500
   28286       1.1000
   28287       1.2296
   28288       1.2695
   28289       1.2153
   28290       1.2541
   28291       1.2158
   28292       1.2309
   28293       1.2918
   28294       1.2656
   28295       1.2206
   28296       1.2801
   28297       1.2868
   28298       1.3116
   28299       1.2063
   28300       1.3265
   28301       1.2797
   28302       1.2063
   28303       1.2238
   28304       1.3018
   28305       1.3332
   28306       1.3065
   28307       1.2420
   28308       1.2655
   28309       1.2789
   28310       1.2193
   28311       1.2522
   28312       1.1978
   28313       1.2028
   28314       1.1972
   28315       1.1318
   28316       1.1777
   28317       1.2327
   28318       1.2374
   28319       1.1713
   28320       1.2282
   28321       1.1939
   28322       1.1399
   28323       1.1766
   28324       1.2530
   28325       1.1684
   28326       1.1451
   28327       1.1425
   28328       1.2148
   28329       1.2978
   28330       1.2860
   28331       1.3199
   28332       1.3094
   28333       1.3142
   28334       1.3044
   28335       1.3930
   28336       1.2325
   28337       1.2224
   28338       1.1491
   28339       1.3119
   28340       1.1776
   28341       1.2492
   28342       1.2697
   28343       1.2532
   28344       1.1887
   28345       1.2729
   28346       1.2571
   28347       1.3864
   28348       1.3444
   28349       1.1552
   28350       1.2331
   28351       1.2918
   28352       1.1220
   28353       1.1961
   28354       1.2911
   28355       1.2830
   28356       1.1994
   28357       1.1727
   28358       1.2110
   28359       1.2154
   28360       1.2462
   28361       1.1833
   28362       1.1689
   28363       1.1437
   28364       1.1340
   28365       1.0032
   28366       1.0286
   28367       1.0503
   28368       1.0682
   28369       1.0789
   28370       1.0661
   28371       1.0628
   28372       0.9733
   28373       1.0350
   28374       1.0390
   28375       1.0977
   28376       1.0966
   28377       1.0329
   28378       1.0644
   28379       1.0506
   28380       1.0371
   28381       1.0426
   28382       1.0293
   28383       1.1133
   28384       1.0049
   28385       1.1462
   28386       1.0763
   28387       1.0823
   28388       1.1617
   28389       1.1729
   28390       1.0904
   28391       1.1334
   28392       1.1342
   28393       1.0878
   28394       1.1797
   28395       1.2155
   28396       1.2029
   28397       1.1536
   28398       1.2754
   28399       1.2117
   28400       1.2240
   28401       1.0261
   28402       1.0294
   28403       1.1178
   28404       1.1489
   28405       1.1517
   28406       1.1585
   28407       1.0818
   28408       1.2449
   28409       1.1770
   28410       1.1565
   28411       1.0584
   28412       1.2054
   28413       1.0875
   28414       1.1564
   28415       1.1914
   28416       1.2964
   28417       1.1659
   28418       1.1381
   28419       1.1752
   28420       1.1121
   28421       1.1485
   28422       1.1522
   28423       1.1328
   28424       1.1897
   28425       1.0805
   28426       1.0945
   28427       1.2013
   28428       1.0906
   28429       1.1204
   28430       1.2425
   28431       1.1866
   28432       1.1124
   28433       1.1750
   28434       1.2313
   28435       1.1522
   28436       1.1318
   28437       1.1751
   28438       1.1610
   28439       1.1536
   28440       1.1794
   28441       1.1476
   28442       1.1548
   28443       1.2687
   28444       1.2979
   28445       1.2442
   28446       1.1550
   28447       1.1890
   28448       1.1825
   28449       1.1260
   28450       1.0598
   28451       1.1324
   28452       1.2138
   28453       1.2887
   28454       1.3110
   28455       1.3275
   28456       1.1318
   28457       1.2700
   28458       1.1540
   28459       1.1523
   28460       1.1651
   28461       1.1482
   28462       1.1964
   28463       1.2088
   28464       1.1008
   28465       1.1608
   28466       1.1935
   28467       1.1842
   28468       1.3750
   28469       1.3454
   28470       1.2309
   28471       1.2047
   28472       1.2795
   28473       1.2616
   28474       1.2426
   28475       1.1567
   28476       1.1591
   28477       1.1776
   28478       1.1177
   28479       1.1466
   28480       1.2236
   28481       1.1285
   28482       0.9871
   28483       1.0833
   28484       1.1709
   28485       1.0817
   28486       1.1219
   28487       1.0626
   28488       0.9711
   28489       0.9286
   28490       1.0124
   28491       1.0922
   28492       1.0162
   28493       1.0241
   28494       1.0324
   28495       0.9932
   28496       1.0022
   28497       1.0846
   28498       1.1135
   28499       1.0924
   28500       1.0947
   28501       1.0488
   28502       1.1449
   28503       1.0620
   28504       1.0728
   28505       1.0623
   28506       1.1232
   28507       1.1265
   28508       1.1379
   28509       1.0678
   28510       1.1208
   28511       1.1392
   28512       1.0939
   28513       1.0658
   28514       1.0834
   28515       1.0928
   28516       0.9715
   28517       1.0396
   28518       1.1354
   28519       1.0104
   28520       0.9737
   28521       1.0255
   28522       0.9463
   28523       0.9369
   28524       0.9228
   28525       0.8880
   28526       0.8433
   28527       0.9348
   28528       0.9773
   28529       0.9426
   28530       0.9637
   28531       1.0096
   28532       0.9922
   28533       1.0859
   28534       1.0682
   28535       1.0900
   28536       1.1455
   28537       1.1350
   28538       1.1261
   28539       1.1687
   28540       1.1302
   28541       1.0587
   28542       1.0408
   28543       1.0695
   28544       1.0953
   28545       1.1294
   28546       1.0922
   28547       1.1453
   28548       1.0607
   28549       1.1487
   28550       1.1488
   28551       1.2084
   28552       1.2599
   28553       1.1414
   28554       1.1943
   28555       1.2074
   28556       1.2321
   28557       1.3106
   28558       1.1246
   28559       1.1960
   28560       1.2995
   28561       1.2590
   28562       1.3066
   28563       1.2832
   28564       1.2981
   28565       1.0967
   28566       1.0445
   28567       1.0861
   28568       1.0672
   28569       1.0887
   28570       1.2464
   28571       1.1053
   28572       0.9828
   28573       1.0620
   28574       1.1329
   28575       1.1970
   28576       1.1722
   28577       1.1351
   28578       1.1910
   28579       1.1713
   28580       1.1649
   28581       1.1115
   28582       1.1477
   28583       1.3235
   28584       1.2487
   28585       1.2600
   28586       1.1705
   28587       1.1699
   28588       1.2274
   28589       1.2422
   28590       1.1359
   28591       1.2081
   28592       1.2591
   28593       1.2694
   28594       1.0940
   28595       1.0946
   28596       1.1534
   28597       1.1632
   28598       1.2056
   28599       1.1818
   28600       1.2685
   28601       1.1287
   28602       1.1409
   28603       1.1444
   28604       1.1298
   28605       1.1335
   28606       1.1946
   28607       1.2055
   28608       1.1913
   28609       1.2242
   28610       1.1741
   28611       1.1850
   28612       1.2683
   28613       1.1477
   28614       1.1792
   28615       1.1893
   28616       1.1744
   28617       1.2534
   28618       1.4180
   28619       1.2535
   28620       1.2562
   28621       1.3033
   28622       1.3134
   28623       1.1913
   28624       1.1621
   28625       1.1538
   28626       1.2040
   28627       1.2734
   28628       1.2793
   28629       1.2108
   28630       1.2842
   28631       1.2554
   28632       1.1330
   28633       1.2371
   28634       1.1649
   28635       1.1039
   28636       1.1481
   28637       1.1452
   28638       1.1749
   28639       1.2554
   28640       1.1868
   28641       1.1332
   28642       1.1220
   28643       1.2163
   28644       1.1548
   28645       1.1462
   28646       1.1031
   28647       1.0885
   28648       1.1482
   28649       1.1104
   28650       1.2075
   28651       1.0880
   28652       1.1279
   28653       1.1808
   28654       1.1983
   28655       1.2559
   28656       1.1388
   28657       1.1455
   28658       1.1271
   28659       1.1458
   28660       1.0029
   28661       1.0600
   28662       1.1130
   28663       1.0134
   28664       1.1274
   28665       1.0438
   28666       1.0106
   28667       1.0459
   28668       1.1552
   28669       1.0106
   28670       0.9560
   28671       1.0609
   28672       1.0276
   28673       1.0615
   28674       1.1516
   28675       1.2127
   28676       1.1906
   28677       1.1132
   28678       1.0553
   28679       0.9974
   28680       0.9653
   28681       1.0706
   28682       1.0974
   28683       1.1128
   28684       1.0135
   28685       0.9819
   28686       1.1151
   28687       0.9989
   28688       1.0673
   28689       1.0353
   28690       1.0086
   28691       1.0561
   28692       1.0600
   28693       0.9134
   28694       1.0775
   28695       1.1212
   28696       1.0481
   28697       1.0853
   28698       1.0705
   28699       1.1436
   28700       1.1866
   28701       1.1666
   28702       1.0644
   28703       1.0378
   28704       1.0239
   28705       1.0696
   28706       1.0829
   28707       1.1320
   28708       1.3046
   28709       1.1391
   28710       1.1980
   28711       1.1602
   28712       1.1860
   28713       1.2170
   28714       1.1926
   28715       1.1897
   28716       1.1528
   28717       1.0313
   28718       1.0390
   28719       1.0052
   28720       1.0917
   28721       1.0079
   28722       0.9063
   28723       0.8225
   28724       0.9364
   28725       1.0064
   28726       1.0042
   28727       0.9595
   28728       0.9514
   28729       0.8996
   28730       1.0146
   28731       1.0265
   28732       1.0357
   28733       1.1397
   28734       1.0689
   28735       0.9746
   28736       1.0631
   28737       1.1557
   28738       1.1218
   28739       1.0771
   28740       1.0106
   28741       1.1639
   28742       1.1432
   28743       1.1876
   28744       1.1383
   28745       1.1621
   28746       1.1640
   28747       1.1142
   28748       1.1278
   28749       1.2838
   28750       1.2260
   28751       1.2488
   28752       1.2525
   28753       1.2269
   28754       1.1551
   28755       1.2047
   28756       1.1129
   28757       1.1940
   28758       1.2029
   28759       1.1476
   28760       1.2075
   28761       1.2176
   28762       1.1787
   28763       1.2349
   28764       1.2933
   28765       1.2325
   28766       1.2681
   28767       1.1796
   28768       1.2851
   28769       1.1149
   28770       1.1855
   28771       1.2674
   28772       1.2138
   28773       1.1842
   28774       1.2547
   28775       1.1571
   28776       1.1600
   28777       1.1916
   28778       1.2396
   28779       1.2542
   28780       1.2707
   28781       1.2288
   28782       1.1200
   28783       1.2245
   28784       1.1991
   28785       1.1817
   28786       1.1600
   28787       1.1251
   28788       1.0196
   28789       1.0870
   28790       1.2232
   28791       1.0650
   28792       1.0943
   28793       1.1169
   28794       1.0821
   28795       1.1575
   28796       1.2609
   28797       1.2224
   28798       1.2256
   28799       1.1594
   28800       1.2081
   28801       1.2395
   28802       1.1712
   28803       1.2099
   28804       1.2497
   28805       1.3164
   28806       1.3356
   28807       1.2716
   28808       1.4055
   28809       1.2529
   28810       1.3345
   28811       1.2310
   28812       1.1927
   28813       1.1178
   28814       1.2016
   28815       1.1674
   28816       1.1345
   28817       1.1950
   28818       1.1236
   28819       1.1749
   28820       1.2638
   28821       1.2106
   28822       1.1336
   28823       1.2618
   28824       1.2453
   28825       1.2865
   28826       1.1541
   28827       1.2043
   28828       1.1875
   28829       0.9768
   28830       1.2044
   28831       1.0928
   28832       1.0637
   28833       1.1813
   28834       1.1606
   28835       1.0631
   28836       1.0722
   28837       1.1680
   28838       1.2195
   28839       1.3368
   28840       1.2772
   28841       1.1469
   28842       1.2543
   28843       1.1565
   28844       1.1696
   28845       0.9948
   28846       1.0404
   28847       1.0765
   28848       1.1100
   28849       1.1644
   28850       1.2393
   28851       1.2126
   28852       1.1303
   28853       1.1214
   28854       1.1612
   28855       1.0655
   28856       1.2566
   28857       1.2690
   28858       1.2644
   28859       1.2176
   28860       1.2062
   28861       1.2060
   28862       1.3214
   28863       1.3398
   28864       1.1819
   28865       1.1254
   28866       1.2148
   28867       1.2321
   28868       1.2433
   28869       1.1491
   28870       1.1452
   28871       1.1371
   28872       1.0510
   28873       1.1168
   28874       1.0830
   28875       1.1731
   28876       1.1194
   28877       1.0956
   28878       1.2822
   28879       1.2266
   28880       1.2149
   28881       1.0986
   28882       1.1312
   28883       1.2456
   28884       1.2654
   28885       1.1819
   28886       1.2767
   28887       1.2587
   28888       1.2394
   28889       1.1986
   28890       1.1890
   28891       1.1106
   28892       1.0722
   28893       1.0897
   28894       1.0724
   28895       1.2062
   28896       1.1480
   28897       1.1215
   28898       1.1368
   28899       1.1206
   28900       1.1783
   28901       1.0771
   28902       1.2202
   28903       1.0986
   28904       1.2116
   28905       1.1744
   28906       1.2420
   28907       1.1264
   28908       1.1810
   28909       1.1271
   28910       1.1973
   28911       1.0996
   28912       1.2699
   28913       1.2392
   28914       1.0442
   28915       1.3296
   28916       1.1786
   28917       1.2635
   28918       1.2838
   28919       1.1693
   28920       1.2750
   28921       1.2507
   28922       1.2589
   28923       1.2141
   28924       1.2732
   28925       1.2227
   28926       1.1324
   28927       1.1853
   28928       1.2047
   28929       1.2156
   28930       1.2480
   28931       1.1842
   28932       1.1754
   28933       1.2436
   28934       1.1704
   28935       1.1550
   28936       1.2528
   28937       1.1851
   28938       1.2167
   28939       1.3024
   28940       1.2660
   28941       1.2133
   28942       1.2358
   28943       1.2992
   28944       1.3009
   28945       1.2673
   28946       1.2199
   28947       1.3110
   28948       1.1362
   28949       1.2277
   28950       1.2529
   28951       1.1541
   28952       1.1703
   28953       1.2346
   28954       1.2162
   28955       1.2334
   28956       1.3030
   28957       1.3710
   28958       1.2577
   28959       1.1342
   28960       1.1677
   28961       1.0625
   28962       1.2242
   28963       1.0578
   28964       1.2015
   28965       1.2961
   28966       1.1368
   28967       1.1097
   28968       1.2112
   28969       1.2131
   28970       1.2115
   28971       1.2494
   28972       1.1693
   28973       1.1514
   28974       1.2142
   28975       1.1871
   28976       1.1025
   28977       1.3025
   28978       1.1652
   28979       1.1608
   28980       1.1022
   28981       1.1006
   28982       1.2710
   28983       1.1737
   28984       1.0621
   28985       0.9962
   28986       1.0622
   28987       1.0152
   28988       1.0583
   28989       0.9615
   28990       1.0533
   28991       1.0423
   28992       1.1417
   28993       1.0673
   28994       1.0781
   28995       1.2023
   28996       1.2063
   28997       1.0951
   28998       1.1699
   28999       1.1199
   29000       1.1470
   29001       1.1226
   29002       1.1082
   29003       1.0596
   29004       1.1260
   29005       1.1319
   29006       1.1033
   29007       1.2070
   29008       1.1134
   29009       1.0950
   29010       1.1828
   29011       1.1569
   29012       1.1354
   29013       1.1244
   29014       1.1004
   29015       1.1634
   29016       1.1913
   29017       1.2647
   29018       1.2722
   29019       1.1936
   29020       1.0528
   29021       1.1018
   29022       1.1353
   29023       1.0633
   29024       1.1398
   29025       1.1281
   29026       1.1788
   29027       1.0968
   29028       1.1988
   29029       1.2451
   29030       1.2070
   29031       1.1100
   29032       1.1592
   29033       1.2428
   29034       1.1945
   29035       1.2378
   29036       1.2773
   29037       1.2379
   29038       1.3010
   29039       1.3003
   29040       1.1831
   29041       1.1662
   29042       1.2925
   29043       1.2376
   29044       1.3340
   29045       1.3189
   29046       1.3662
   29047       1.2905
   29048       1.2709
   29049       1.2595
   29050       1.2183
   29051       1.2085
   29052       1.3330
   29053       1.2950
   29054       1.3222
   29055       1.2249
   29056       1.1453
   29057       1.2433
   29058       1.1509
   29059       1.1199
   29060       1.0991
   29061       1.1781
   29062       1.2337
   29063       1.2851
   29064       1.2897
   29065       1.3782
   29066       1.4261
   29067       1.3551
   29068       1.2289
   29069       1.1420
   29070       1.1524
   29071       1.2636
   29072       1.2427
   29073       1.1267
   29074       1.1757
   29075       1.2033
   29076       1.1902
   29077       1.3291
   29078       1.2181
   29079       1.1310
   29080       1.0724
   29081       1.2322
   29082       1.3024
   29083       1.1350
   29084       1.2381
   29085       1.1781
   29086       1.2946
   29087       1.3426
   29088       1.3209
   29089       1.3370
   29090       1.3548
   29091       1.2932
   29092       1.3327
   29093       1.4098
   29094       1.2146
   29095       1.2609
   29096       1.3026
   29097       1.3055
   29098       1.2839
   29099       1.1797
   29100       1.1406
   29101       1.2757
   29102       1.2065
   29103       1.1787
   29104       1.3241
   29105       1.1999
   29106       1.3649
   29107       1.3126
   29108       1.3088
   29109       1.3743
   29110       1.3092
   29111       1.1614
   29112       1.0382
   29113       1.2250
   29114       1.2457
   29115       1.1986
   29116       1.2670
   29117       1.1148
   29118       1.1988
   29119       1.2510
   29120       1.2451
   29121       1.3224
   29122       1.1319
   29123       1.0666
   29124       0.9634
   29125       1.2034
   29126       1.1524
   29127       1.2975
   29128       1.2577
   29129       1.1829
   29130       1.1346
   29131       1.3182
   29132       1.3065
   29133       1.2108
   29134       1.1901
   29135       1.1813
   29136       1.2287
   29137       1.1702
   29138       1.1534
   29139       1.3037
   29140       1.1438
   29141       1.0907
   29142       1.1714
   29143       1.1396
   29144       1.0910
   29145       1.2072
   29146       1.1726
   29147       1.1701
   29148       1.0854
   29149       1.1091
   29150       1.0992
   29151       1.0872
   29152       1.1422
   29153       1.1316
   29154       1.1476
   29155       1.1194
   29156       1.1602
   29157       1.1949
   29158       1.2370
   29159       1.2394
   29160       1.1879
   29161       1.2871
   29162       1.1775
   29163       1.1645
   29164       1.2023
   29165       1.2698
   29166       1.2813
   29167       1.2791
   29168       1.2840
   29169       1.2701
   29170       1.1127
   29171       1.1923
   29172       1.1464
   29173       1.0538
   29174       1.0133
   29175       1.1829
   29176       1.2434
   29177       1.2785
   29178       1.2542
   29179       1.1531
   29180       1.1497
   29181       1.1072
   29182       1.1961
   29183       1.0757
   29184       1.0508
   29185       1.2105
   29186       1.2145
   29187       1.1402
   29188       1.2296
   29189       1.3118
   29190       1.2648
   29191       1.3219
   29192       1.3298
   29193       1.2971
   29194       1.2231
   29195       1.2739
   29196       1.3622
   29197       1.3576
   29198       1.2589
   29199       1.3150
   29200       1.4018
   29201       1.3185
   29202       1.3989
   29203       1.3833
   29204       1.3342
   29205       1.4101
   29206       1.2938
   29207       1.3052
   29208       1.3169
   29209       1.2903
   29210       1.2643
   29211       1.2765
   29212       1.2149
   29213       1.1925
   29214       1.2104
   29215       1.2293
   29216       1.3629
   29217       1.2588
   29218       1.1447
   29219       1.2558
   29220       1.1673
   29221       1.2403
   29222       1.1787
   29223       1.2848
   29224       1.1595
   29225       1.1768
   29226       1.0640
   29227       1.1362
   29228       1.2076
   29229       1.3320
   29230       1.1915
   29231       1.1642
   29232       1.2083
   29233       1.2251
   29234       1.2716
   29235       1.3834
   29236       1.4041
   29237       1.2090
   29238       1.2310
   29239       1.2449
   29240       1.3077
   29241       1.3006
   29242       1.2139
   29243       1.2574
   29244       1.1478
   29245       1.1637
   29246       1.1836
   29247       1.2453
   29248       1.2305
   29249       1.2372
   29250       1.1909
   29251       1.1401
   29252       1.3295
   29253       1.2323
   29254       1.1596
   29255       1.2543
   29256       1.2138
   29257       1.2320
   29258       1.2394
   29259       1.2058
   29260       1.2920
   29261       1.2806
   29262       1.3039
   29263       1.2718
   29264       1.2455
   29265       1.1510
   29266       1.1229
   29267       1.1229
   29268       1.1356
   29269       1.1322
   29270       1.0393
   29271       1.0724
   29272       1.0391
   29273       1.0550
   29274       1.0181
   29275       1.0165
   29276       1.0386
   29277       0.9679
   29278       1.0165
   29279       0.9999
   29280       1.0046
   29281       0.9956
   29282       0.9035
   29283       1.0631
   29284       0.9942
   29285       0.9407
   29286       0.9940
   29287       1.0203
   29288       1.0587
   29289       1.0222
   29290       1.0600
   29291       1.0351
   29292       1.0701
   29293       1.0044
   29294       1.0224
   29295       0.9945
   29296       1.0807
   29297       1.0439
   29298       1.1196
   29299       1.0879
   29300       1.1140
   29301       1.0319
   29302       1.1050
   29303       1.0936
   29304       1.1900
   29305       1.1269
   29306       1.0713
   29307       1.1405
   29308       1.0361
   29309       1.0388
   29310       1.0748
   29311       1.1370
   29312       1.1378
   29313       1.0883
   29314       1.1763
   29315       1.2122
   29316       1.1794
   29317       1.1486
   29318       1.0980
   29319       1.1950
   29320       1.2173
   29321       1.1825
   29322       1.1652
   29323       1.0826
   29324       1.1928
   29325       1.1526
   29326       1.1976
   29327       1.1348
   29328       1.2731
   29329       1.1697
   29330       1.2592
   29331       1.2292
   29332       1.1230
   29333       1.2342
   29334       1.0983
   29335       1.1210
   29336       1.1489
   29337       1.0946
   29338       1.0205
   29339       1.1355
   29340       1.1139
   29341       1.1246
   29342       1.0349
   29343       1.1575
   29344       1.3184
   29345       1.2156
   29346       1.2007
   29347       1.1081
   29348       1.1809
   29349       1.2800
   29350       1.1810
   29351       1.1609
   29352       1.2787
   29353       1.1662
   29354       1.1830
   29355       1.2205
   29356       1.1829
   29357       1.0586
   29358       1.1260
   29359       1.1380
   29360       1.0226
   29361       1.1218
   29362       1.1229
   29363       1.0674
   29364       1.1606
   29365       1.0425
   29366       1.0939
   29367       1.1254
   29368       1.0685
   29369       1.1197
   29370       1.2489
   29371       1.0244
   29372       1.0858
   29373       1.0718
   29374       1.0470
   29375       0.9929
   29376       1.0349
   29377       0.9334
   29378       0.9721
   29379       0.9369
   29380       1.0672
   29381       1.0905
   29382       1.0604
   29383       1.1171
   29384       0.9592
   29385       0.9698
   29386       1.0217
   29387       0.9759
   29388       1.0352
   29389       1.0494
   29390       1.0602
   29391       1.1268
   29392       1.1934
   29393       1.1465
   29394       1.1836
   29395       1.1757
   29396       1.0902
   29397       1.1153
   29398       1.1672
   29399       1.0735
   29400       1.1573
   29401       1.0257
   29402       1.1320
   29403       1.0634
   29404       1.1175
   29405       1.1097
   29406       1.0457
   29407       1.0498
   29408       1.1191
   29409       1.0787
   29410       1.0041
   29411       1.1552
   29412       1.0809
   29413       1.0357
   29414       1.0076
   29415       0.9755
   29416       1.0197
   29417       1.0791
   29418       1.1449
   29419       1.1506
   29420       1.0282
   29421       1.0075
   29422       1.1154
   29423       1.1666
   29424       1.1712
   29425       1.0344
   29426       1.0970
   29427       1.1492
   29428       1.0099
   29429       1.0751
   29430       1.0950
   29431       1.1564
   29432       1.2023
   29433       1.0561
   29434       1.0332
   29435       0.9692
   29436       1.0134
   29437       1.0667
   29438       1.0534
   29439       0.9079
   29440       1.0413
   29441       1.0733
   29442       1.1988
   29443       1.1515
   29444       1.1030
   29445       1.1216
   29446       1.1727
   29447       1.0891
   29448       1.0946
   29449       1.0036
   29450       0.9511
   29451       1.0367
   29452       1.0808
   29453       1.1349
   29454       1.0425
   29455       1.1048
   29456       1.1060
   29457       1.0153
   29458       1.0769
   29459       1.0786
   29460       1.0464
   29461       1.0756
   29462       1.0725
   29463       1.1087
   29464       1.1676
   29465       1.1173
   29466       1.1320
   29467       1.1413
   29468       1.1268
   29469       1.1619
   29470       1.1779
   29471       1.0986
   29472       1.1711
   29473       1.1059
   29474       1.0301
   29475       1.0221
   29476       1.0625
   29477       1.0676
   29478       1.0841
   29479       1.1371
   29480       1.0190
   29481       1.1471
   29482       1.2260
   29483       1.0789
   29484       1.0952
   29485       1.1662
   29486       1.1222
   29487       1.0874
   29488       1.0210
   29489       1.0953
   29490       1.0614
   29491       0.9533
   29492       1.0269
   29493       0.9904
   29494       0.9990
   29495       0.9475
   29496       0.9073
   29497       1.1467
   29498       1.0116
   29499       1.1288
   29500       1.0520
   29501       1.0370
   29502       0.9864
   29503       1.0961
   29504       1.1191
   29505       1.0271
   29506       1.0158
   29507       1.1757
   29508       1.0232
   29509       1.0534
   29510       1.0977
   29511       0.9972
   29512       1.0190
   29513       1.0589
   29514       0.9834
   29515       0.9642
   29516       1.0837
   29517       0.9662
   29518       0.9454
   29519       0.9938
   29520       0.9581
   29521       1.0519
   29522       1.0343
   29523       1.0825
   29524       0.9444
   29525       0.9984
   29526       1.0138
   29527       0.9993
   29528       0.9755
   29529       1.0076
   29530       0.9662
   29531       0.9663
   29532       0.9006
   29533       0.9298
   29534       1.0228
   29535       1.0884
   29536       1.0601
   29537       1.0467
   29538       1.0289
   29539       1.1062
   29540       0.8855
   29541       0.9250
   29542       0.9349
   29543       1.0216
   29544       1.0439
   29545       1.0140
   29546       1.0185
   29547       1.0859
   29548       1.1025
   29549       1.0431
   29550       1.0804
   29551       1.0952
   29552       1.0788
   29553       1.0252
   29554       1.1521
   29555       1.1241
   29556       1.0715
   29557       1.0388
   29558       1.1436
   29559       1.0395
   29560       1.1017
   29561       1.1460
   29562       1.1881
   29563       1.1326
   29564       1.0756
   29565       1.1066
   29566       1.1010
   29567       1.0383
   29568       0.9263
   29569       0.9936
   29570       0.9649
   29571       1.0843
   29572       0.9817
   29573       1.0617
   29574       1.0915
   29575       0.9739
   29576       1.0263
   29577       1.0490
   29578       1.0911
   29579       1.1547
   29580       1.1359
   29581       1.2761
   29582       1.1349
   29583       1.0941
   29584       1.1781
   29585       1.0446
   29586       1.0904
   29587       0.9964
   29588       1.0439
   29589       1.1354
   29590       1.1387
   29591       1.0171
   29592       1.1342
   29593       1.1655
   29594       1.0444
   29595       1.0881
   29596       1.0352
   29597       1.0735
   29598       0.9442
   29599       0.9675
   29600       0.9178
   29601       1.0151
   29602       1.0642
   29603       1.1774
   29604       1.0950
   29605       1.0646
   29606       1.1389
   29607       1.1486
   29608       1.1507
   29609       1.0064
   29610       0.9963
   29611       1.0172
   29612       1.0255
   29613       1.1706
   29614       1.1144
   29615       1.1980
   29616       1.1947
   29617       1.1481
   29618       1.1013
   29619       1.0868
   29620       1.1011
   29621       1.1439
   29622       1.1328
   29623       1.1276
   29624       1.1523
   29625       1.0061
   29626       1.1921
   29627       0.9955
   29628       1.0677
   29629       1.0913
   29630       1.0435
   29631       1.1196
   29632       1.0455
   29633       1.0426
   29634       1.0408
   29635       1.0486
   29636       1.2023
   29637       1.2356
   29638       1.0909
   29639       1.1287
   29640       1.1201
   29641       0.9457
   29642       1.1189
   29643       1.0703
   29644       1.0854
   29645       1.0732
   29646       1.0186
   29647       1.0377
   29648       0.9130
   29649       1.0218
   29650       0.9626
   29651       0.9191
   29652       0.9415
   29653       0.9024
   29654       1.0078
   29655       0.9341
   29656       1.0410
   29657       1.0300
   29658       0.9586
   29659       0.9794
   29660       0.9685
   29661       1.0131
   29662       1.1631
   29663       1.1933
   29664       1.2043
   29665       1.0667
   29666       1.2585
   29667       1.1596
   29668       1.0880
   29669       1.0976
   29670       1.0163
   29671       1.0733
   29672       1.0217
   29673       1.1479
   29674       1.0057
   29675       0.9837
   29676       0.9192
   29677       1.0306
   29678       1.0431
   29679       1.0713
   29680       1.0182
   29681       0.9656
   29682       0.9140
   29683       1.0500
   29684       1.0202
   29685       1.0118
   29686       0.9025
   29687       0.9448
   29688       1.0396
   29689       1.0258
   29690       1.0379
   29691       1.1377
   29692       1.0288
   29693       1.1066
   29694       1.1006
   29695       1.0382
   29696       1.0872
   29697       1.0741
   29698       0.9926
   29699       1.0118
   29700       1.0419
   29701       1.0766
   29702       1.1000
   29703       1.0630
   29704       0.9490
   29705       0.9552
   29706       0.8994
   29707       0.9593
   29708       1.0462
   29709       1.0429
   29710       0.9844
   29711       0.9873
   29712       1.0482
   29713       1.0341
   29714       1.0290
   29715       1.0164
   29716       1.0793
   29717       1.0296
   29718       1.0049
   29719       0.9835
   29720       0.9846
   29721       0.9971
   29722       0.9787
   29723       1.0272
   29724       1.0119
   29725       1.0489
   29726       1.0219
   29727       1.0006
   29728       1.0200
   29729       0.9232
   29730       1.0976
   29731       1.0800
   29732       1.1283
   29733       1.0328
   29734       0.9709
   29735       1.0650
   29736       1.0375
   29737       1.0970
   29738       1.0656
   29739       1.0292
   29740       1.1725
   29741       1.0771
   29742       1.1424
   29743       1.2122
   29744       1.3011
   29745       1.2480
   29746       1.1932
   29747       1.0767
   29748       1.1144
   29749       1.2518
   29750       1.1079
   29751       1.0885
   29752       1.1045
   29753       1.2134
   29754       1.2321
   29755       1.2305
   29756       1.2460
   29757       1.1692
   29758       1.2560
   29759       1.2268
   29760       1.1393
   29761       1.1367
   29762       1.1790
   29763       1.2233
   29764       1.2090
   29765       1.1599
   29766       1.1482
   29767       1.1578
   29768       1.1796
   29769       1.3187
   29770       1.1541
   29771       1.2503
   29772       1.1292
   29773       1.1479
   29774       1.1615
   29775       1.2090
   29776       1.2726
   29777       1.2279
   29778       1.1711
   29779       1.2140
   29780       1.0580
   29781       1.1274
   29782       1.1603
   29783       1.1815
   29784       1.2200
   29785       1.1430
   29786       1.0847
   29787       1.0548
   29788       1.1382
   29789       1.1646
   29790       1.0683
   29791       1.1099
   29792       1.0664
   29793       1.1863
   29794       1.1597
   29795       1.0557
   29796       1.1852
   29797       1.0746
   29798       1.1021
   29799       1.1359
   29800       1.0204
   29801       1.1304
   29802       1.0539
   29803       1.0194
   29804       0.9852
   29805       0.9894
   29806       0.9791
   29807       0.9503
   29808       1.1006
   29809       1.1045
   29810       1.1162
   29811       1.0914
   29812       1.1056
   29813       1.3270
   29814       1.2308
   29815       1.1110
   29816       1.1292
   29817       1.1291
   29818       1.0243
   29819       1.1426
   29820       1.1188
   29821       1.0172
   29822       1.0688
   29823       1.1341
   29824       1.0731
   29825       1.0089
   29826       0.9705
   29827       0.9827
   29828       1.0034
   29829       1.0069
   29830       0.9365
   29831       1.0080
   29832       1.0237
   29833       1.1276
   29834       1.0981
   29835       0.9942
   29836       1.0842
   29837       0.9998
   29838       0.9544
   29839       0.9702
   29840       1.0832
   29841       1.0900
   29842       1.0283
   29843       1.0138
   29844       1.1168
   29845       1.0149
   29846       0.9805
   29847       1.0193
   29848       0.9963
   29849       1.1245
   29850       1.0757
   29851       1.0477
   29852       1.0942
   29853       1.0796
   29854       1.0784
   29855       1.0604
   29856       1.2033
   29857       1.0558
   29858       1.1336
   29859       1.0894
   29860       1.1240
   29861       1.0726
   29862       0.9886
   29863       0.9925
   29864       1.0076
   29865       0.9871
   29866       1.1225
   29867       1.0610
   29868       0.9973
   29869       1.0257
   29870       1.0077
   29871       1.1195
   29872       1.1185
   29873       1.1822
   29874       1.0517
   29875       1.0711
   29876       1.1234
   29877       1.0166
   29878       0.9994
   29879       1.0931
   29880       1.1461
   29881       1.1194
   29882       1.1696
   29883       1.1450
   29884       1.1075
   29885       1.0798
   29886       1.0631
   29887       1.0588
   29888       1.1441
   29889       1.1416
   29890       1.1304
   29891       1.0828
   29892       1.1941
   29893       1.2026
   29894       1.1820
   29895       1.2726
   29896       1.2978
   29897       1.3346
   29898       1.2918
   29899       1.2652
   29900       1.2547
   29901       1.3736
   29902       1.2692
   29903       1.2527
   29904       1.2407
   29905       1.1949
   29906       1.1956
   29907       1.1572
   29908       1.1144
   29909       1.1459
   29910       1.2012
   29911       1.2337
   29912       1.2125
   29913       1.1537
   29914       1.2096
   29915       1.1421
   29916       1.1532
   29917       1.0825
   29918       1.0855
   29919       1.1243
   29920       1.1113
   29921       1.2176
   29922       1.2166
   29923       1.1489
   29924       1.2305
   29925       1.2046
   29926       1.1203
   29927       1.1159
   29928       1.1414
   29929       1.1152
   29930       1.1178
   29931       1.1447
   29932       1.1202
   29933       1.0757
   29934       1.0873
   29935       1.1698
   29936       1.0245
   29937       1.1663
   29938       1.0890
   29939       1.1550
   29940       1.2228
   29941       1.2343
   29942       1.2146
   29943       1.1078
   29944       1.1509
   29945       1.2081
   29946       1.1587
   29947       1.0994
   29948       1.0681
   29949       1.1281
   29950       1.1397
   29951       1.0499
   29952       1.1493
   29953       1.0453
   29954       1.1502
   29955       1.1767
   29956       1.1508
   29957       1.2023
   29958       1.2174
   29959       1.1900
   29960       1.2091
   29961       1.2224
   29962       1.1955
   29963       1.1716
   29964       1.1701
   29965       1.3208
   29966       1.3032
   29967       1.2871
   29968       1.2524
   29969       1.2382
   29970       1.1879
   29971       1.2145
   29972       1.2293
   29973       1.1813
   29974       1.0604
   29975       1.0593
   29976       1.1178
   29977       1.1566
   29978       1.0043
   29979       1.1287
   29980       1.1550
   29981       1.1120
   29982       1.1084
   29983       1.1213
   29984       1.1266
   29985       1.0121
   29986       1.1346
   29987       1.1152
   29988       1.1873
   29989       1.1402
   29990       1.1871
   29991       1.0388
   29992       1.0519
   29993       1.1191
   29994       1.1910
   29995       1.0103
   29996       1.1214
   29997       1.1190
   29998       1.0727
   29999       0.9706
   30000       1.0563
   30001       1.0735
   30002       0.9158
   30003       1.0460
   30004       1.0284
   30005       1.2818
   30006       1.1285
   30007       1.0493
   30008       1.1242
   30009       1.0683
   30010       1.2060
   30011       1.1585
   30012       1.1534
   30013       1.1341
   30014       1.0401
   30015       1.0338
   30016       1.2011
   30017       1.1487
   30018       1.1603
   30019       1.2929
   30020       1.1748
   30021       1.2114
   30022       1.0620
   30023       1.1458
   30024       1.2152
   30025       1.1176
   30026       1.2407
   30027       1.1304
   30028       1.1404
   30029       1.2292
   30030       1.1205
   30031       1.2100
   30032       1.1754
   30033       1.2213
   30034       1.1730
   30035       1.0729
   30036       1.1243
   30037       1.1557
   30038       1.2447
   30039       1.0561
   30040       1.0752
   30041       1.1462
   30042       1.1895
   30043       1.1910
   30044       1.1810
   30045       1.1463
   30046       1.2243
   30047       1.1771
   30048       1.1406
   30049       1.1744
   30050       1.1830
   30051       1.1959
   30052       1.1941
   30053       1.1657
   30054       1.1091
   30055       1.2192
   30056       0.9821
   30057       1.0047
   30058       1.0365
   30059       1.1173
   30060       1.0951
   30061       1.0621
   30062       1.1937
   30063       1.1222
   30064       1.0940
   30065       1.1456
   30066       1.2191
   30067       1.1873
   30068       1.1346
   30069       1.2619
   30070       1.2996
   30071       1.0778
   30072       1.1400
   30073       1.0656
   30074       1.3252
   30075       1.1682
   30076       1.1833
   30077       1.0806
   30078       1.2248
   30079       1.0889
   30080       1.1461
   30081       1.1104
   30082       1.0465
   30083       1.1375
   30084       1.2124
   30085       1.2372
   30086       1.2685
   30087       1.2241
   30088       1.0885
   30089       1.1314
   30090       1.1175
   30091       1.2863
   30092       1.1420
   30093       1.1668
   30094       1.1761
   30095       1.1642
   30096       1.0784
   30097       1.0777
   30098       1.1596
   30099       1.1090
   30100       1.2024
   30101       1.1697
   30102       1.1108
   30103       1.1652
   30104       1.2778
   30105       1.1861
   30106       1.1847
   30107       1.0490
   30108       1.1680
   30109       1.0832
   30110       1.0682
   30111       1.0363
   30112       1.0819
   30113       1.0849
   30114       1.0657
   30115       0.9623
   30116       1.0061
   30117       0.9876
   30118       1.0686
   30119       1.0437
   30120       1.1467
   30121       1.0862
   30122       1.1519
   30123       1.1642
   30124       1.1008
   30125       1.1778
   30126       1.2348
   30127       1.1005
   30128       1.1463
   30129       1.1352
   30130       1.1313
   30131       1.1769
   30132       1.0951
   30133       1.1404
   30134       1.0929
   30135       1.1583
   30136       1.1283
   30137       1.1414
   30138       1.1927
   30139       1.1790
   30140       1.0239
   30141       1.1979
   30142       1.1782
   30143       1.2641
   30144       1.1133
   30145       1.0355
   30146       1.0762
   30147       1.0987
   30148       1.0459
   30149       1.0484
   30150       1.1029
   30151       1.1167
   30152       0.9991
   30153       1.1408
   30154       1.1941
   30155       1.1556
   30156       1.2042
   30157       1.0980
   30158       1.2726
   30159       1.1387
   30160       1.1787
   30161       1.0796
   30162       0.9751
   30163       1.0379
   30164       1.0553
   30165       1.0382
   30166       1.0537
   30167       1.0163
   30168       0.9844
   30169       1.0618
   30170       1.0328
   30171       1.1243
   30172       1.0822
   30173       1.0597
   30174       1.1121
   30175       0.9851
   30176       1.1337
   30177       1.0915
   30178       0.9255
   30179       0.9270
   30180       1.0588
   30181       1.2425
   30182       1.0203
   30183       1.0831
   30184       1.0832
   30185       1.0504
   30186       1.0960
   30187       1.0537
   30188       0.9995
   30189       1.0688
   30190       1.1073
   30191       1.1933
   30192       1.0355
   30193       1.0249
   30194       1.0309
   30195       1.1184
   30196       1.1277
   30197       1.1023
   30198       1.1218
   30199       1.0586
   30200       1.0211
   30201       1.0282
   30202       1.0272
   30203       1.1422
   30204       0.9693
   30205       1.0135
   30206       1.0762
   30207       1.0238
   30208       1.1337
   30209       1.0440
   30210       0.9621
   30211       1.0562
   30212       1.0122
   30213       1.0810
   30214       1.0767
   30215       1.0805
   30216       1.0862
   30217       1.0613
   30218       1.2207
   30219       1.0905
   30220       1.2139
   30221       1.1868
   30222       1.1832
   30223       1.1401
   30224       1.2937
   30225       1.1317
   30226       1.2015
   30227       1.1529
   30228       1.2335
   30229       1.2599
   30230       0.9941
   30231       1.0192
   30232       1.0777
   30233       1.0819
   30234       1.1653
   30235       1.1749
   30236       1.0418
   30237       1.0836
   30238       1.0527
   30239       1.0203
   30240       1.0524
   30241       1.0783
   30242       1.1599
   30243       1.0736
   30244       1.2107
   30245       1.0889
   30246       1.0115
   30247       1.0394
   30248       1.1057
   30249       1.1060
   30250       1.0859
   30251       1.1537
   30252       0.9300
   30253       0.9903
   30254       1.0490
   30255       1.0275
   30256       1.2009
   30257       1.1026
   30258       1.1053
   30259       1.0266
   30260       1.0355
   30261       1.0978
   30262       1.1494
   30263       1.1593
   30264       1.0684
   30265       1.1040
   30266       1.1574
   30267       1.1000
   30268       1.1164
   30269       1.1349
   30270       1.0876
   30271       0.9855
   30272       0.9595
   30273       1.0605
   30274       1.0599
   30275       1.0331
   30276       1.0879
   30277       1.1168
   30278       1.0041
   30279       0.9646
   30280       0.9819
   30281       1.1408
   30282       1.0460
   30283       1.0146
   30284       1.1075
   30285       1.1695
   30286       1.1122
   30287       1.1243
   30288       1.1277
   30289       1.0404
   30290       1.0689
   30291       1.0646
   30292       1.1806
   30293       1.1797
   30294       1.1368
   30295       1.0648
   30296       1.1713
   30297       1.0766
   30298       1.1027
   30299       1.1129
   30300       1.1076
   30301       1.1597
   30302       1.1001
   30303       1.0415
   30304       1.1619
   30305       1.2013
   30306       1.1276
   30307       1.1468
   30308       1.1648
   30309       1.2175
   30310       1.0792
   30311       1.1916
   30312       1.2703
   30313       1.2373
   30314       1.2235
   30315       1.0073
   30316       1.1402
   30317       1.0162
   30318       1.0507
   30319       0.9958
   30320       1.1470
   30321       1.0740
   30322       1.1609
   30323       1.1742
   30324       1.1207
   30325       1.0943
   30326       0.9778
   30327       1.1320
   30328       1.1083
   30329       1.0828
   30330       1.1287
   30331       1.0781
   30332       1.1264
   30333       1.1137
   30334       1.1659
   30335       1.1796
   30336       0.9775
   30337       1.0372
   30338       1.0535
   30339       1.1378
   30340       1.0776
   30341       1.0960
   30342       1.0933
   30343       1.0845
   30344       1.0853
   30345       1.0759
   30346       0.9656
   30347       0.9875
   30348       0.9149
   30349       0.8497
   30350       0.9569
   30351       0.9696
   30352       0.9008
   30353       1.0161
   30354       1.0221
   30355       1.0272
   30356       0.9309
   30357       1.0308
   30358       1.1021
   30359       1.0895
   30360       0.9265
   30361       1.0165
   30362       1.0656
   30363       1.0131
   30364       1.0207
   30365       1.0249
   30366       1.1026
   30367       1.0971
   30368       1.1596
   30369       0.9593
   30370       1.0407
   30371       1.1527
   30372       1.0531
   30373       1.1002
   30374       1.0863
   30375       1.0470
   30376       1.0891
   30377       1.0388
   30378       1.1077
   30379       1.1124
   30380       1.1273
   30381       1.1020
   30382       1.1005
   30383       1.0672
   30384       1.1410
   30385       1.2155
   30386       1.1700
   30387       1.1012
   30388       1.2559
   30389       1.2010
   30390       1.0646
   30391       1.0742
   30392       1.0364
   30393       1.1484
   30394       1.0633
   30395       1.2386
   30396       1.0771
   30397       1.2140
   30398       1.1088
   30399       1.0571
   30400       1.1217
   30401       1.1614
   30402       1.1870
   30403       1.1302
   30404       1.2066
   30405       1.2441
   30406       1.1614
   30407       1.1755
   30408       1.0958
   30409       1.2603
   30410       1.1086
   30411       1.2108
   30412       1.2193
   30413       1.1675
   30414       1.1878
   30415       1.0825
   30416       1.1597
   30417       1.1199
   30418       1.1445
   30419       1.1018
   30420       1.1621
   30421       1.1949
   30422       1.1538
   30423       1.1316
   30424       1.1845
   30425       1.2119
   30426       1.0782
   30427       1.2059
   30428       1.2245
   30429       1.0836
   30430       1.0979
   30431       1.1855
   30432       1.0591
   30433       1.1690
   30434       1.1869
   30435       1.1455
   30436       1.1869
   30437       1.1460
   30438       1.1584
   30439       1.0666
   30440       1.0920
   30441       1.1396
   30442       1.0083
   30443       1.0427
   30444       1.1228
   30445       1.0337
   30446       1.1196
   30447       0.9910
   30448       1.0425
   30449       1.0763
   30450       1.0980
   30451       1.0379
   30452       1.1159
   30453       1.0985
   30454       1.1014
   30455       1.0560
   30456       1.1779
   30457       1.1057
   30458       1.0236
   30459       1.0682
   30460       1.0916
   30461       0.9979
   30462       1.1441
   30463       1.0099
   30464       1.0812
   30465       1.1225
   30466       1.1142
   30467       1.1049
   30468       1.1306
   30469       1.0080
   30470       1.0526
   30471       1.0996
   30472       1.0768
   30473       1.0629
   30474       1.0758
   30475       1.0796
   30476       1.0000
   30477       1.0674
   30478       0.9291
   30479       1.0907
   30480       1.0426
   30481       1.0863
   30482       0.9832
   30483       1.0087
   30484       0.9474
   30485       1.1155
   30486       1.0861
   30487       1.0518
   30488       1.0933
   30489       1.1489
   30490       1.0582
   30491       1.0232
   30492       1.0338
   30493       1.0928
   30494       1.0820
   30495       1.1688
   30496       1.1408
   30497       1.1129
   30498       1.1843
   30499       1.0690
   30500       1.1409
   30501       1.0243
   30502       1.1199
   30503       1.0519
   30504       1.0211
   30505       0.9641
   30506       1.0196
   30507       0.9668
   30508       1.0184
   30509       0.9195
   30510       0.9410
   30511       0.9726
   30512       0.8912
   30513       1.0187
   30514       0.9309
   30515       0.9957
   30516       1.0524
   30517       0.9705
   30518       1.0810
   30519       0.9669
   30520       0.9050
   30521       1.0464
   30522       1.0777
   30523       1.0801
   30524       1.0604
   30525       0.9913
   30526       1.0826
   30527       1.1607
   30528       1.0921
   30529       1.1708
   30530       1.1608
   30531       1.0442
   30532       1.0038
   30533       1.1812
   30534       1.1143
   30535       1.1992
   30536       1.3107
   30537       1.3149
   30538       1.2713
   30539       1.2187
   30540       1.0696
   30541       1.1462
   30542       1.1006
   30543       1.1419
   30544       1.0987
   30545       1.0523
   30546       1.0822
   30547       1.0627
   30548       1.1470
   30549       1.1155
   30550       1.1274
   30551       1.1661
   30552       1.1453
   30553       1.0836
   30554       1.0517
   30555       1.1320
   30556       1.0994
   30557       1.0589
   30558       1.0643
   30559       1.1098
   30560       1.0856
   30561       1.1668
   30562       1.1135
   30563       1.1112
   30564       1.1232
   30565       1.0434
   30566       1.0916
   30567       1.1762
   30568       1.1303
   30569       1.1742
   30570       1.1110
   30571       0.9274
   30572       1.0415
   30573       1.0623
   30574       1.0179
   30575       1.0236
   30576       1.0789
   30577       1.0042
   30578       1.1438
   30579       1.0285
   30580       1.0571
   30581       1.0795
   30582       1.1377
   30583       1.1057
   30584       0.9958
   30585       1.0312
   30586       1.0457
   30587       1.0170
   30588       1.0273
   30589       1.1005
   30590       1.0178
   30591       1.0673
   30592       1.0574
   30593       1.0290
   30594       1.0334
   30595       1.0136
   30596       1.0147
   30597       0.9943
   30598       1.1253
   30599       1.1121
   30600       0.9987
   30601       0.9676
   30602       1.0055
   30603       1.0420
   30604       1.0557
   30605       1.1151
   30606       1.0451
   30607       0.9515
   30608       1.1244
   30609       0.9774
   30610       1.0839
   30611       1.1294
   30612       1.1224
   30613       0.9938
   30614       1.0219
   30615       1.0612
   30616       1.1793
   30617       1.0639
   30618       1.2061
   30619       1.1427
   30620       1.1411
   30621       1.1131
   30622       1.2423
   30623       1.1169
   30624       1.3097
   30625       1.1164
   30626       1.0829
   30627       1.0217
   30628       1.1022
   30629       1.1425
   30630       1.1307
   30631       1.2214
   30632       1.1604
   30633       1.1300
   30634       1.0252
   30635       1.1965
   30636       1.1579
   30637       1.2117
   30638       1.2360
   30639       1.0634
   30640       1.0358
   30641       0.9523
   30642       1.0250
   30643       1.0852
   30644       1.1121
   30645       1.1352
   30646       0.9950
   30647       1.0444
   30648       1.0677
   30649       1.0411
   30650       1.0639
   30651       1.1265
   30652       1.1214
   30653       1.1290
   30654       1.0766
   30655       1.1304
   30656       1.0525
   30657       1.1808
   30658       1.1507
   30659       1.1455
   30660       1.0973
   30661       1.0968
   30662       1.0661
   30663       0.9208
   30664       1.0240
   30665       0.9565
   30666       0.9920
   30667       1.1212
   30668       1.1123
   30669       1.1668
   30670       1.0149
   30671       0.9970
   30672       1.1827
   30673       1.0812
   30674       1.0507
   30675       0.9521
   30676       1.0475
   30677       1.1144
   30678       1.0603
   30679       1.0603
   30680       1.0939
   30681       1.2235
   30682       1.1614
   30683       1.0953
   30684       1.1955
   30685       1.0908
   30686       1.1339
   30687       1.2503
   30688       1.2458
   30689       1.1615
   30690       1.1670
   30691       1.2088
   30692       1.1773
   30693       1.1694
   30694       1.1878
   30695       1.1727
   30696       1.1013
   30697       1.0657
   30698       1.1239
   30699       1.0673
   30700       1.1178
   30701       1.1046
   30702       1.0415
   30703       1.2022
   30704       1.1236
   30705       1.1436
   30706       1.2375
   30707       1.0732
   30708       1.1253
   30709       1.0603
   30710       1.1800
   30711       1.1910
   30712       1.2340
   30713       1.1011
   30714       1.1485
   30715       1.0760
   30716       1.1334
   30717       1.0919
   30718       1.1764
   30719       1.0514
   30720       1.1230
   30721       1.1456
   30722       1.1397
   30723       1.1644
   30724       1.1144
   30725       1.1162
   30726       1.0773
   30727       1.1203
   30728       1.0992
   30729       1.0615
   30730       1.0561
   30731       1.0742
   30732       1.0745
   30733       1.0491
   30734       1.0170
   30735       1.0713
   30736       1.1593
   30737       1.0948
   30738       1.0644
   30739       0.9734
   30740       1.0489
   30741       1.0263
   30742       1.0079
   30743       1.0974
   30744       0.9392
   30745       0.9048
   30746       0.9751
   30747       1.0396
   30748       0.9471
   30749       1.0048
   30750       0.9453
   30751       0.9603
   30752       0.9533
   30753       1.0597
   30754       0.9318
   30755       1.0670
   30756       0.9372
   30757       0.9416
   30758       0.9201
   30759       0.9077
   30760       0.9504
   30761       0.9969
   30762       0.9059
   30763       0.9468
   30764       1.0228
   30765       1.0180
   30766       1.1284
   30767       1.0904
   30768       1.1042
   30769       1.1208
   30770       0.9475
   30771       0.9926
   30772       1.1158
   30773       1.1353
   30774       1.1298
   30775       0.9556
   30776       0.9538
   30777       1.0345
   30778       1.1538
   30779       1.1691
   30780       1.0912
   30781       1.0155
   30782       1.0662
   30783       1.0713
   30784       1.0180
   30785       1.0150
   30786       1.0321
   30787       0.9954
   30788       1.0694
   30789       0.9922
   30790       1.0313
   30791       0.9116
   30792       1.0067
   30793       0.9194
   30794       0.9546
   30795       0.9101
   30796       1.0245
   30797       1.0504
   30798       1.0648
   30799       1.0497
   30800       0.9917
   30801       1.0212
   30802       1.0322
   30803       1.0067
   30804       0.9754
   30805       0.9961
   30806       0.9959
   30807       0.9618
   30808       0.9328
   30809       0.9678
   30810       1.1367
   30811       1.0928
   30812       0.9885
   30813       1.0172
   30814       1.0380
   30815       0.9904
   30816       1.0498
   30817       1.0137
   30818       0.9886
   30819       0.9933
   30820       0.9710
   30821       1.0198
   30822       0.9970
   30823       1.1245
   30824       1.1196
   30825       1.0561
   30826       1.1140
   30827       1.1208
   30828       1.0837
   30829       1.0188
   30830       1.0261
   30831       1.0965
   30832       1.0241
   30833       1.0316
   30834       1.0598
   30835       1.0735
   30836       1.1409
   30837       1.1471
   30838       1.0654
   30839       1.1309
   30840       1.1970
   30841       1.1309
   30842       1.2012
   30843       1.1962
   30844       1.1155
   30845       1.0953
   30846       1.0478
   30847       1.2296
   30848       1.1849
   30849       1.2041
   30850       1.1689
   30851       1.1034
   30852       1.1646
   30853       1.1262
   30854       1.0162
   30855       1.1326
   30856       1.0950
   30857       1.1445
   30858       1.2952
   30859       1.1804
   30860       1.1363
   30861       1.1875
   30862       1.1261
   30863       1.1451
   30864       1.1095
   30865       1.0778
   30866       1.1283
   30867       1.0484
   30868       1.0266
   30869       0.9829
   30870       0.9996
   30871       1.1529
   30872       0.9121
   30873       0.9704
   30874       1.0196
   30875       1.1762
   30876       0.8896
   30877       1.0271
   30878       1.1675
   30879       1.0702
   30880       0.9802
   30881       1.1265
   30882       1.0484
   30883       1.0538
   30884       0.9795
   30885       1.1427
   30886       1.0230
   30887       1.0642
   30888       1.0456
   30889       1.1216
   30890       1.0317
   30891       1.0302
   30892       1.0874
   30893       1.1554
   30894       1.1168
   30895       1.1789
   30896       1.0798
   30897       1.1066
   30898       1.1408
   30899       1.1088
   30900       1.0956
   30901       1.0869
   30902       1.1399
   30903       1.0495
   30904       1.0949
   30905       1.0235
   30906       1.0660
   30907       1.1709
   30908       1.0756
   30909       1.1723
   30910       1.1404
   30911       0.8993
   30912       1.0429
   30913       1.0261
   30914       1.0975
   30915       1.0828
   30916       1.1754
   30917       1.0949
   30918       1.0722
   30919       1.1502
   30920       1.1898
   30921       1.1810
   30922       1.2633
   30923       1.1174
   30924       1.1703
   30925       1.0418
   30926       1.0072
   30927       1.1373
   30928       0.9819
   30929       1.0528
   30930       1.1067
   30931       1.1073
   30932       1.1280
   30933       1.1491
   30934       1.1344
   30935       1.1390
   30936       1.3281
   30937       1.2745
   30938       1.1963
   30939       1.2247
   30940       1.1748
   30941       1.1336
   30942       1.1293
   30943       1.2016
   30944       1.1842
   30945       1.2217
   30946       1.1083
   30947       1.2012
   30948       1.1357
   30949       1.1920
   30950       1.1397
   30951       1.1117
   30952       1.0463
   30953       1.2008
   30954       1.2356
   30955       1.0979
   30956       1.1574
   30957       1.1677
   30958       1.0914
   30959       1.1788
   30960       1.1637
   30961       1.2609
   30962       1.1822
   30963       1.1907
   30964       1.2603
   30965       1.1668
   30966       0.9877
   30967       1.1439
   30968       1.1788
   30969       1.2197
   30970       1.2358
   30971       1.1871
   30972       1.1774
   30973       1.2439
   30974       1.1162
   30975       1.0821
   30976       1.0942
   30977       1.1001
   30978       1.0559
   30979       1.1202
   30980       1.1198
   30981       0.9426
   30982       0.9533
   30983       0.9982
   30984       0.9445
   30985       1.1103
   30986       1.0090
   30987       1.0991
   30988       1.0227
   30989       1.0145
   30990       1.1420
   30991       1.1787
   30992       1.1214
   30993       1.2123
   30994       1.1769
   30995       1.2024
   30996       1.1639
   30997       1.2465
   30998       1.2061
   30999       1.0655
   31000       1.1532
   31001       1.1474
   31002       1.1566
   31003       1.0660
   31004       1.1349
   31005       1.1460
   31006       1.0206
   31007       1.2379
   31008       1.2034
   31009       1.0476
   31010       1.1037
   31011       1.0115
   31012       1.0586
   31013       1.0324
   31014       1.0497
   31015       1.0691
   31016       1.0096
   31017       1.1170
   31018       1.0022
   31019       1.1402
   31020       1.0733
   31021       1.0806
   31022       1.1200
   31023       1.1341
   31024       1.0444
   31025       1.1052
   31026       1.1565
   31027       1.1522
   31028       1.0136
   31029       1.0514
   31030       1.0298
   31031       1.0856
   31032       1.1249
   31033       1.1781
   31034       1.2340
   31035       1.2343
   31036       1.1521
   31037       1.1351
   31038       1.1185
   31039       1.1300
   31040       1.0636
   31041       1.1141
   31042       1.1548
   31043       1.0478
   31044       1.0636
   31045       1.1039
   31046       1.1888
   31047       1.1407
   31048       1.0957
   31049       1.1628
   31050       1.1787
   31051       1.1756
   31052       1.1352
   31053       1.1505
   31054       1.1974
   31055       1.1977
   31056       1.1943
   31057       1.0610
   31058       1.1400
   31059       1.0684
   31060       1.1851
   31061       1.1405
   31062       1.2270
   31063       1.3563
   31064       1.1851
   31065       1.1811
   31066       1.1509
   31067       1.1293
   31068       1.1641
   31069       1.2506
   31070       1.2411
   31071       1.1280
   31072       1.1668
   31073       1.2545
   31074       1.1902
   31075       1.1502
   31076       1.1176
   31077       1.0930
   31078       1.1935
   31079       1.1232
   31080       1.2383
   31081       1.2231
   31082       1.1346
   31083       1.1385
   31084       1.0627
   31085       1.2150
   31086       1.2587
   31087       1.1743
   31088       1.1809
   31089       1.2505
   31090       1.2385
   31091       1.0955
   31092       1.1751
   31093       1.2613
   31094       1.2639
   31095       1.3075
   31096       1.2723
   31097       1.3528
   31098       1.3315
   31099       1.2410
   31100       1.2329
   31101       1.1366
   31102       1.1715
   31103       1.1883
   31104       1.1036
   31105       1.1614
   31106       1.0904
   31107       1.1074
   31108       1.1242
   31109       1.0496
   31110       1.0942
   31111       1.0043
   31112       1.1307
   31113       1.0997
   31114       1.0555
   31115       1.2184
   31116       1.0630
   31117       1.1253
   31118       1.1553
   31119       1.1522
   31120       1.1997
   31121       1.0853
   31122       1.1274
   31123       1.2459
   31124       1.1433
   31125       1.1351
   31126       1.1864
   31127       1.0065
   31128       1.0224
   31129       1.1086
   31130       1.1965
   31131       1.1583
   31132       1.2161
   31133       1.1723
   31134       1.1901
   31135       1.1070
   31136       1.1619
   31137       1.1432
   31138       1.1972
   31139       1.2714
   31140       1.1580
   31141       1.1320
   31142       1.2354
   31143       1.1846
   31144       1.2309
   31145       1.1938
   31146       1.2124
   31147       1.1480
   31148       1.1717
   31149       1.2021
   31150       1.0562
   31151       1.1322
   31152       1.2218
   31153       1.2382
   31154       1.3808
   31155       1.2146
   31156       1.1333
   31157       1.1582
   31158       1.2467
   31159       1.1318
   31160       1.1247
   31161       1.1042
   31162       1.1563
   31163       1.1346
   31164       1.1281
   31165       1.1935
   31166       1.2003
   31167       1.2016
   31168       1.0985
   31169       1.1731
   31170       1.2198
   31171       1.1450
   31172       1.1741
   31173       1.0628
   31174       1.2047
   31175       1.1937
   31176       1.3024
   31177       1.1287
   31178       1.0957
   31179       1.1532
   31180       1.2176
   31181       1.3271
   31182       1.2849
   31183       1.1599
   31184       1.2207
   31185       1.2271
   31186       1.1993
   31187       1.1945
   31188       1.2273
   31189       1.2430
   31190       1.2040
   31191       1.1075
   31192       1.1303
   31193       1.1183
   31194       1.1634
   31195       1.1710
   31196       1.0611
   31197       1.0890
   31198       1.0878
   31199       1.2030
   31200       1.1334
   31201       1.0122
   31202       1.0209
   31203       1.1886
   31204       1.1030
   31205       1.0872
   31206       1.0432
   31207       0.9845
   31208       0.9957
   31209       1.0416
   31210       1.0648
   31211       1.1064
   31212       1.1315
   31213       1.0022
   31214       1.0496
   31215       1.0832
   31216       1.0236
   31217       1.1363
   31218       1.0534
   31219       1.1246
   31220       1.1418
   31221       1.0929
   31222       1.2030
   31223       1.0749
   31224       1.0764
   31225       1.0984
   31226       1.0776
   31227       1.1340
   31228       1.1208
   31229       1.2198
   31230       1.2076
   31231       1.1208
   31232       1.0163
   31233       1.0640
   31234       1.0926
   31235       1.0472
   31236       1.2067
   31237       1.1190
   31238       1.1815
   31239       1.0277
   31240       1.1902
   31241       1.1484
   31242       1.1074
   31243       1.1517
   31244       1.0779
   31245       1.2187
   31246       1.1301
   31247       1.0516
   31248       1.1374
   31249       1.1383
   31250       1.1100
   31251       1.1513
   31252       1.1231
   31253       1.2022
   31254       1.1610
   31255       1.1526
   31256       1.1322
   31257       1.1173
   31258       1.0917
   31259       1.0209
   31260       0.9831
   31261       1.1087
   31262       1.1698
   31263       1.0986
   31264       1.1155
   31265       1.1810
   31266       0.9820
   31267       1.1533
   31268       1.1077
   31269       1.1318
   31270       1.0937
   31271       1.1236
   31272       1.1288
   31273       1.0781
   31274       0.9921
   31275       1.0605
   31276       1.0715
   31277       1.0047
   31278       1.0480
   31279       1.0855
   31280       1.0692
   31281       1.0611
   31282       1.0782
   31283       1.1548
   31284       1.0494
   31285       1.0892
   31286       1.1385
   31287       1.0021
   31288       1.0669
   31289       1.2047
   31290       1.1747
   31291       1.2534
   31292       1.1849
   31293       1.2246
   31294       1.2028
   31295       1.1969
   31296       1.1364
   31297       1.2582
   31298       1.1909
   31299       1.2538
   31300       1.3793
   31301       1.2751
   31302       1.2564
   31303       1.2712
   31304       1.2146
   31305       1.1115
   31306       1.1327
   31307       1.0470
   31308       1.2032
   31309       1.2099
   31310       1.2109
   31311       1.1486
   31312       1.1514
   31313       1.2258
   31314       1.2282
   31315       1.1451
   31316       1.0518
   31317       1.1932
   31318       1.1702
   31319       1.2198
   31320       1.0860
   31321       1.1893
   31322       1.2064
   31323       1.2438
   31324       1.1427
   31325       1.2319
   31326       1.0986
   31327       1.0990
   31328       1.1680
   31329       1.0923
   31330       1.0593
   31331       1.0885
   31332       0.9885
   31333       1.0300
   31334       1.1514
   31335       1.0079
   31336       1.0109
   31337       1.0274
   31338       1.0672
   31339       1.0682
   31340       0.9606
   31341       0.9282
   31342       0.9489
   31343       0.9417
   31344       0.9888
   31345       0.8960
   31346       1.0189
   31347       0.9397
   31348       0.9551
   31349       0.9863
   31350       1.0127
   31351       0.9694
   31352       0.9932
   31353       1.0311
   31354       1.0711
   31355       0.9660
   31356       1.1043
   31357       1.1615
   31358       1.1909
   31359       1.0667
   31360       1.1469
   31361       1.1514
   31362       1.1524
   31363       1.0905
   31364       1.1073
   31365       1.0286
   31366       1.1197
   31367       1.1188
   31368       1.0315
   31369       1.0512
   31370       1.1357
   31371       1.0782
   31372       1.1375
   31373       1.1286
   31374       1.0761
   31375       1.1135
   31376       1.1043
   31377       1.1394
   31378       1.1340
   31379       1.2609
   31380       1.2746
   31381       1.2552
   31382       1.2569
   31383       1.1724
   31384       1.2860
   31385       1.2676
   31386       1.2718
   31387       1.2085
   31388       1.1621
   31389       1.2066
   31390       1.1625
   31391       0.9900
   31392       1.1331
   31393       1.0715
   31394       1.1304
   31395       1.2358
   31396       1.1010
   31397       1.2072
   31398       1.1584
   31399       1.1684
   31400       1.1546
   31401       1.3865
   31402       1.1918
   31403       1.1783
   31404       1.1377
   31405       1.0280
   31406       1.1184
   31407       1.1438
   31408       1.1078
   31409       0.9941
   31410       1.0409
   31411       1.1483
   31412       1.1329
   31413       1.0652
   31414       1.1008
   31415       1.0865
   31416       1.0566
   31417       1.0482
   31418       1.1384
   31419       1.0249
   31420       0.9934
   31421       1.0393
   31422       1.1033
   31423       1.0727
   31424       1.0893
   31425       1.1184
   31426       1.1865
   31427       1.2575
   31428       1.0918
   31429       1.2080
   31430       1.1229
   31431       1.1600
   31432       1.1045
   31433       1.0800
   31434       1.1480
   31435       1.1019
   31436       1.1284
   31437       1.1238
   31438       0.9444
   31439       1.0599
   31440       1.1754
   31441       1.1236
   31442       1.0918
   31443       1.1696
   31444       1.1794
   31445       1.2663
   31446       1.1455
   31447       1.1780
   31448       1.0572
   31449       1.1500
   31450       1.0399
   31451       0.9548
   31452       1.0026
   31453       0.9439
   31454       1.0243
   31455       0.9500
   31456       1.1108
   31457       1.0667
   31458       0.9994
   31459       1.1651
   31460       1.1033
   31461       1.1835
   31462       1.0605
   31463       1.0788
   31464       1.0857
   31465       1.1090
   31466       1.0095
   31467       1.0330
   31468       1.0280
   31469       1.0770
   31470       1.1474
   31471       1.1056
   31472       1.1073
   31473       1.0797
   31474       1.0977
   31475       1.1132
   31476       1.0790
   31477       1.0569
   31478       1.1134
   31479       0.9958
   31480       1.1045
   31481       1.0802
   31482       1.1202
   31483       1.1305
   31484       1.1250
   31485       1.0781
   31486       1.1812
   31487       1.1591
   31488       1.1491
   31489       1.1253
   31490       1.0334
   31491       1.1004
   31492       1.1037
   31493       1.0785
   31494       0.9886
   31495       1.0298
   31496       1.2384
   31497       1.1024
   31498       1.2088
   31499       1.1364
   31500       1.2255
   31501       1.1802
   31502       1.1258
   31503       1.0664
   31504       1.0641
   31505       1.0262
   31506       1.0387
   31507       1.0793
   31508       1.1087
   31509       1.0767
   31510       1.0204
   31511       1.0642
   31512       1.0907
   31513       0.9780
   31514       1.0896
   31515       1.0935
   31516       1.0884
   31517       1.0548
   31518       1.1343
   31519       1.0904
   31520       1.0854
   31521       0.9719
   31522       0.9891
   31523       1.0043
   31524       1.0660
   31525       1.1042
   31526       1.0333
   31527       1.0156
   31528       1.0516
   31529       1.0081
   31530       0.9936
   31531       1.0349
   31532       1.0758
   31533       0.9441
   31534       0.9070
   31535       0.9597
   31536       0.9839
   31537       0.9491
   31538       1.0345
   31539       1.0894
   31540       0.9788
   31541       0.9876
   31542       1.1265
   31543       0.9827
   31544       0.9125
   31545       0.9347
   31546       1.0580
   31547       0.8883
   31548       1.1307
   31549       1.0917
   31550       0.9694
   31551       0.9242
   31552       0.9854
   31553       1.0621
   31554       1.0629
   31555       1.0941
   31556       1.1264
   31557       0.9390
   31558       1.0814
   31559       1.0892
   31560       1.0912
   31561       1.1040
   31562       1.0710
   31563       1.0098
   31564       1.0300
   31565       1.0507
   31566       1.0577
   31567       0.9649
   31568       1.0665
   31569       1.0973
   31570       0.9804
   31571       1.0616
   31572       1.0588
   31573       0.9697
   31574       0.9430
   31575       1.0216
   31576       0.9734
   31577       1.0740
   31578       1.0862
   31579       1.0237
   31580       1.1645
   31581       1.0485
   31582       1.1116
   31583       1.1173
   31584       1.0217
   31585       1.0354
   31586       0.8990
   31587       0.9342
   31588       1.0403
   31589       1.0246
   31590       1.1246
   31591       1.0000
   31592       1.0361
   31593       1.0018
   31594       1.0046
   31595       1.0970
   31596       1.0628
   31597       1.0048
   31598       1.0531
   31599       1.0220
   31600       1.0234
   31601       0.9887
   31602       1.0900
   31603       1.1409
   31604       1.1659
   31605       1.1128
   31606       1.0714
   31607       1.0154
   31608       1.0488
   31609       1.0971
   31610       0.9847
   31611       0.9991
   31612       1.1296
   31613       1.0793
   31614       1.0673
   31615       1.1071
   31616       1.0711
   31617       0.9766
   31618       1.1161
   31619       1.2029
   31620       1.1366
   31621       1.1307
   31622       1.0936
   31623       0.9724
   31624       1.0604
   31625       0.9477
   31626       0.9700
   31627       0.9198
   31628       0.9959
   31629       0.9503
   31630       0.9790
   31631       0.9119
   31632       0.8972
   31633       0.8782
   31634       0.8264
   31635       0.8865
   31636       1.0264
   31637       0.8733
   31638       0.8961
   31639       0.9374
   31640       0.9059
   31641       0.8823
   31642       0.9422
   31643       0.8979
   31644       0.9707
   31645       1.0662
   31646       1.0647
   31647       0.9512
   31648       1.0003
   31649       1.0197
   31650       0.9886
   31651       1.0674
   31652       0.9581
   31653       0.9575
   31654       0.9773
   31655       1.0099
   31656       0.9960
   31657       1.1149
   31658       1.0480
   31659       1.0603
   31660       0.9189
   31661       1.0219
   31662       1.0359
   31663       0.8363
   31664       0.9699
   31665       0.9466
   31666       0.9723
   31667       0.9145
   31668       1.0266
   31669       1.0014
   31670       1.0430
   31671       0.9737
   31672       1.0853
   31673       1.0952
   31674       1.1483
   31675       0.9768
   31676       0.9448
   31677       1.1162
   31678       0.9425
   31679       1.0099
   31680       0.9522
   31681       0.9932
   31682       1.0010
   31683       1.0257
   31684       0.9795
   31685       0.9813
   31686       1.0392
   31687       1.0365
   31688       1.0222
   31689       1.0791
   31690       1.1491
   31691       1.2022
   31692       1.2101
   31693       1.1415
   31694       1.2344
   31695       1.1741
   31696       1.2004
   31697       1.1735
   31698       1.1385
   31699       1.1493
   31700       1.1882
   31701       1.1690
   31702       1.1341
   31703       1.0398
   31704       1.0826
   31705       1.0610
   31706       0.9830
   31707       0.9299
   31708       1.0314
   31709       0.9649
   31710       0.9857
   31711       0.9382
   31712       0.9508
   31713       0.9307
   31714       1.0102
   31715       1.0574
   31716       1.0119
   31717       0.9605
   31718       1.0075
   31719       1.0923
   31720       1.0070
   31721       1.0699
   31722       0.9912
   31723       1.0706
   31724       0.9487
   31725       0.9692
   31726       1.0710
   31727       1.1134
   31728       1.0137
   31729       1.0152
   31730       1.0391
   31731       1.0679
   31732       1.1401
   31733       1.0570
   31734       0.9620
   31735       0.9351
   31736       1.0294
   31737       0.9669
   31738       0.9748
   31739       1.0187
   31740       1.0146
   31741       1.0983
   31742       1.0167
   31743       0.9873
   31744       0.9950
   31745       1.0395
   31746       1.0680
   31747       0.9226
   31748       1.0398
   31749       1.0057
   31750       0.9954
   31751       1.1035
   31752       0.8920
   31753       0.9873
   31754       0.9511
   31755       0.9963
   31756       1.0484
   31757       0.9980
   31758       0.9858
   31759       1.0059
   31760       0.9972
   31761       0.9961
   31762       1.0195
   31763       1.0372
   31764       1.1602
   31765       1.0509
   31766       1.0704
   31767       1.0847
   31768       1.1268
   31769       0.9766
   31770       1.0839
   31771       1.0442
   31772       1.1067
   31773       1.0132
   31774       1.0493
   31775       1.0496
   31776       0.9986
   31777       1.0168
   31778       1.0231
   31779       1.1096
   31780       1.0701
   31781       1.0717
   31782       1.0178
   31783       0.9539
   31784       0.9364
   31785       0.9505
   31786       0.8731
   31787       0.9547
   31788       0.9964
   31789       0.9947
   31790       0.9880
   31791       1.0969
   31792       1.0401
   31793       1.0678
   31794       1.1238
   31795       0.9686
   31796       1.0189
   31797       1.1308
   31798       0.9795
   31799       1.1004
   31800       1.0811
   31801       1.1048
   31802       1.1271
   31803       1.1104
   31804       1.1608
   31805       1.1200
   31806       1.1450
   31807       1.1223
   31808       1.0862
   31809       1.0972
   31810       1.1321
   31811       1.1032
   31812       1.1746
   31813       1.1094
   31814       1.1532
   31815       1.1540
   31816       1.1254
   31817       1.0996
   31818       1.1955
   31819       1.1679
   31820       1.1950
   31821       1.1075
   31822       0.9859
   31823       1.0055
   31824       1.0506
   31825       0.9493
   31826       1.1099
   31827       0.9847
   31828       1.0072
   31829       1.0766
   31830       1.0958
   31831       1.0270
   31832       1.0420
   31833       1.0169
   31834       1.0750
   31835       0.9588
   31836       1.1225
   31837       1.1364
   31838       1.2253
   31839       1.1145
   31840       1.1372
   31841       1.0896
   31842       1.1248
   31843       1.1208
   31844       1.0625
   31845       1.0439
   31846       1.0966
   31847       0.9722
   31848       0.9748
   31849       1.0772
   31850       1.1018
   31851       1.0294
   31852       1.0445
   31853       1.0512
   31854       1.0069
   31855       1.0352
   31856       1.0968
   31857       1.0727
   31858       1.0859
   31859       1.0146
   31860       0.9959
   31861       1.1092
   31862       1.0805
   31863       1.1466
   31864       1.0718
   31865       1.0332
   31866       1.1401
   31867       1.0705
   31868       1.0332
   31869       1.0946
   31870       1.0918
   31871       1.0508
   31872       1.0840
   31873       1.1256
   31874       1.0812
   31875       1.0367
   31876       0.9813
   31877       1.0543
   31878       0.9896
   31879       0.9401
   31880       0.9961
   31881       1.0868
   31882       1.0034
   31883       0.9538
   31884       0.9734
   31885       0.9568
   31886       0.9624
   31887       0.9210
   31888       0.9375
   31889       0.9863
   31890       0.9698
   31891       1.0617
   31892       1.0549
   31893       0.9864
   31894       1.0562
   31895       0.9793
   31896       1.0786
   31897       0.9889
   31898       1.0520
   31899       1.1007
   31900       1.2461
   31901       1.0650
   31902       1.0296
   31903       1.0511
   31904       1.0464
   31905       0.9869
   31906       1.0773
   31907       1.0879
   31908       1.1359
   31909       1.1873
   31910       1.1026
   31911       1.1170
   31912       0.9852
   31913       1.0228
   31914       1.0366
   31915       1.0449
   31916       1.1190
   31917       1.1371
   31918       1.0466
   31919       0.9325
   31920       1.0321
   31921       0.9459
   31922       1.0225
   31923       0.9845
   31924       1.0126
   31925       0.9841
   31926       1.0076
   31927       1.0147
   31928       1.0668
   31929       1.1101
   31930       1.1692
   31931       1.1582
   31932       1.0953
   31933       1.1366
   31934       1.1557
   31935       1.0985
   31936       1.1496
   31937       1.2618
   31938       1.1933
   31939       1.0556
   31940       1.1502
   31941       1.1603
   31942       1.2110
   31943       1.1046
   31944       1.0134
   31945       1.2842
   31946       1.0883
   31947       1.0432
   31948       1.1496
   31949       1.0584
   31950       1.0099
   31951       1.2028
   31952       1.1504
   31953       1.1299
   31954       1.0474
   31955       1.0322
   31956       1.0635
   31957       1.0000
   31958       1.0002
   31959       1.0010
   31960       1.0825
   31961       1.0061
   31962       0.9055
   31963       1.0911
   31964       1.0328
   31965       1.0879
   31966       1.1097
   31967       1.2957
   31968       1.1049
   31969       1.0793
   31970       0.9535
