#Frame        Histone
       1       0.0000
       2       0.6073
       3       0.6374
       4       0.6085
       5       0.6550
       6       0.7493
       7       0.7683
       8       0.7591
       9       0.7452
      10       0.7614
      11       0.7781
      12       0.6977
      13       0.7675
      14       0.7504
      15       0.7145
      16       0.7181
      17       0.7366
      18       0.7122
      19       0.7873
      20       0.7937
      21       0.8446
      22       0.8161
      23       0.8047
      24       0.8075
      25       0.8336
      26       0.8278
      27       0.8669
      28       0.8401
      29       0.8147
      30       0.8140
      31       0.8375
      32       0.8363
      33       0.8314
      34       0.8493
      35       0.8720
      36       0.9153
      37       0.8993
      38       0.8251
      39       0.8253
      40       0.9109
      41       0.8964
      42       0.9501
      43       0.8548
      44       0.8795
      45       0.9289
      46       0.9311
      47       0.8765
      48       0.8920
      49       0.8732
      50       0.8604
      51       0.8734
      52       0.8770
      53       0.8927
      54       0.8916
      55       0.8676
      56       0.9246
      57       0.9442
      58       0.9320
      59       0.9609
      60       0.8965
      61       1.0232
      62       0.9795
      63       0.9569
      64       0.9395
      65       0.9478
      66       0.9838
      67       1.0316
      68       0.9591
      69       1.0128
      70       0.9915
      71       0.9692
      72       1.0248
      73       1.0388
      74       1.0222
      75       1.0142
      76       1.0289
      77       1.0049
      78       0.9976
      79       0.9875
      80       0.9968
      81       0.9747
      82       1.0134
      83       1.0181
      84       1.0148
      85       0.9839
      86       0.9549
      87       0.9557
      88       0.9637
      89       0.9506
      90       0.9933
      91       1.0206
      92       0.9962
      93       1.0063
      94       0.9990
      95       1.0049
      96       0.9275
      97       0.9269
      98       0.9325
      99       0.9328
     100       0.9565
     101       0.9557
     102       1.0131
     103       1.0242
     104       1.0207
     105       0.9857
     106       0.9961
     107       0.9640
     108       1.0833
     109       1.0173
     110       1.0259
     111       1.0210
     112       0.9691
     113       0.9525
     114       0.9781
     115       0.9545
     116       1.0146
     117       1.0147
     118       1.0614
     119       1.0659
     120       0.9868
     121       1.0497
     122       1.0779
     123       1.0429
     124       1.0837
     125       1.0648
     126       1.0793
     127       1.0585
     128       1.0693
     129       1.0582
     130       1.0738
     131       1.0409
     132       1.0319
     133       1.0761
     134       1.1034
     135       1.0773
     136       1.0835
     137       1.1349
     138       1.1047
     139       1.1655
     140       1.1114
     141       1.1008
     142       1.0908
     143       1.0281
     144       1.0377
     145       1.0105
     146       1.0078
     147       1.0339
     148       1.0363
     149       1.0925
     150       1.0912
     151       1.0996
     152       1.0902
     153       1.0695
     154       1.0835
     155       1.0625
     156       1.0856
     157       1.0887
     158       1.0807
     159       1.0643
     160       1.0464
     161       1.0871
     162       1.1158
     163       1.1297
     164       1.0950
     165       1.0801
     166       1.0487
     167       1.0518
     168       1.1225
     169       1.0866
     170       1.0951
     171       1.0929
     172       1.0729
     173       1.0898
     174       1.0968
     175       1.0868
     176       1.1066
     177       1.1180
     178       1.0770
     179       1.0874
     180       1.1737
     181       1.1312
     182       1.0787
     183       1.1062
     184       1.0890
     185       1.0980
     186       1.0355
     187       1.0423
     188       1.0605
     189       1.0798
     190       1.0929
     191       1.0618
     192       1.0937
     193       1.0891
     194       1.1013
     195       1.0940
     196       1.1103
     197       1.1455
     198       1.1475
     199       1.2035
     200       1.1561
     201       1.1803
     202       1.1857
     203       1.2163
     204       1.1900
     205       1.1840
     206       1.1932
     207       1.1656
     208       1.1669
     209       1.2179
     210       1.1879
     211       1.1556
     212       1.2450
     213       1.2067
     214       1.2335
     215       1.2176
     216       1.1786
     217       1.2591
     218       1.1950
     219       1.1693
     220       1.1724
     221       1.2021
     222       1.1993
     223       1.2243
     224       1.2220
     225       1.2106
     226       1.1850
     227       1.2011
     228       1.1980
     229       1.2372
     230       1.2902
     231       1.2330
     232       1.1770
     233       1.2397
     234       1.2242
     235       1.2144
     236       1.2574
     237       1.2229
     238       1.1958
     239       1.2545
     240       1.3066
     241       1.2552
     242       1.2449
     243       1.2469
     244       1.2432
     245       1.2586
     246       1.2140
     247       1.2401
     248       1.2485
     249       1.2030
     250       1.2437
     251       1.3298
     252       1.2686
     253       1.2902
     254       1.2918
     255       1.2434
     256       1.2842
     257       1.3299
     258       1.3229
     259       1.3140
     260       1.2963
     261       1.3069
     262       1.2913
     263       1.3024
     264       1.3022
     265       1.3123
     266       1.3050
     267       1.3078
     268       1.2552
     269       1.2977
     270       1.2632
     271       1.2665
     272       1.2858
     273       1.2335
     274       1.2663
     275       1.2721
     276       1.2694
     277       1.2598
     278       1.2330
     279       1.2752
     280       1.2381
     281       1.3456
     282       1.2732
     283       1.3169
     284       1.3179
     285       1.2950
     286       1.3168
     287       1.2695
     288       1.3034
     289       1.3939
     290       1.3248
     291       1.2938
     292       1.2821
     293       1.3481
     294       1.3775
     295       1.3343
     296       1.3139
     297       1.2829
     298       1.3341
     299       1.2129
     300       1.1759
     301       1.1954
     302       1.2284
     303       1.2676
     304       1.2265
     305       1.2873
     306       1.2195
     307       1.2229
     308       1.2047
     309       1.2188
     310       1.2435
     311       1.2125
     312       1.2727
     313       1.2074
     314       1.2682
     315       1.2239
     316       1.2870
     317       1.2629
     318       1.2412
     319       1.2762
     320       1.2760
     321       1.2901
     322       1.2676
     323       1.2879
     324       1.2042
     325       1.1955
     326       1.2942
     327       1.3181
     328       1.2734
     329       1.3676
     330       1.2900
     331       1.2880
     332       1.2574
     333       1.2559
     334       1.2711
     335       1.3529
     336       1.3362
     337       1.2813
     338       1.2741
     339       1.2443
     340       1.2614
     341       1.2601
     342       1.2284
     343       1.2414
     344       1.2690
     345       1.3024
     346       1.3097
     347       1.2736
     348       1.2666
     349       1.2978
     350       1.3821
     351       1.3113
     352       1.2755
     353       1.2486
     354       1.2189
     355       1.2964
     356       1.2958
     357       1.2755
     358       1.3211
     359       1.3406
     360       1.3703
     361       1.3586
     362       1.3572
     363       1.2800
     364       1.3191
     365       1.3040
     366       1.3550
     367       1.3528
     368       1.3384
     369       1.3301
     370       1.4024
     371       1.3958
     372       1.4044
     373       1.4059
     374       1.3651
     375       1.3549
     376       1.3722
     377       1.3899
     378       1.3022
     379       1.3275
     380       1.4380
     381       1.3736
     382       1.3248
     383       1.2804
     384       1.2868
     385       1.3122
     386       1.3158
     387       1.3577
     388       1.3249
     389       1.2518
     390       1.3117
     391       1.3673
     392       1.3141
     393       1.3388
     394       1.3215
     395       1.3293
     396       1.3307
     397       1.3941
     398       1.4056
     399       1.4331
     400       1.4158
     401       1.3638
     402       1.3528
     403       1.3419
     404       1.3885
     405       1.3313
     406       1.3668
     407       1.3614
     408       1.4263
     409       1.4200
     410       1.4151
     411       1.5018
     412       1.3797
     413       1.3996
     414       1.3981
     415       1.3397
     416       1.3730
     417       1.3944
     418       1.4008
     419       1.3871
     420       1.3373
     421       1.3744
     422       1.3970
     423       1.4786
     424       1.4300
     425       1.4356
     426       1.4205
     427       1.4478
     428       1.3570
     429       1.3948
     430       1.4432
     431       1.4491
     432       1.3706
     433       1.3942
     434       1.4222
     435       1.3751
     436       1.4120
     437       1.4003
     438       1.4020
     439       1.3672
     440       1.4462
     441       1.4417
     442       1.5660
     443       1.4007
     444       1.4720
     445       1.3847
     446       1.4039
     447       1.4110
     448       1.4603
     449       1.4311
     450       1.4428
     451       1.5147
     452       1.5133
     453       1.3871
     454       1.3792
     455       1.4145
     456       1.4356
     457       1.4407
     458       1.3887
     459       1.4125
     460       1.3641
     461       1.4125
     462       1.4105
     463       1.3377
     464       1.3655
     465       1.4117
     466       1.4069
     467       1.4671
     468       1.4103
     469       1.4079
     470       1.4218
     471       1.4473
     472       1.3875
     473       1.4105
     474       1.4768
     475       1.5010
     476       1.5299
     477       1.4721
     478       1.5062
     479       1.4467
     480       1.4174
     481       1.5671
     482       1.4923
     483       1.4767
     484       1.5012
     485       1.4202
     486       1.4789
     487       1.5450
     488       1.5195
     489       1.5495
     490       1.5105
     491       1.5661
     492       1.5420
     493       1.5497
     494       1.5142
     495       1.5077
     496       1.4485
     497       1.4967
     498       1.5603
     499       1.5533
     500       1.4814
     501       1.5011
     502       1.5179
     503       1.5780
     504       1.6313
     505       1.5870
     506       1.5563
     507       1.5001
     508       1.5386
     509       1.5471
     510       1.6045
     511       1.5097
     512       1.4972
     513       1.5177
     514       1.6032
     515       1.5920
     516       1.6222
     517       1.5311
     518       1.5021
     519       1.5402
     520       1.5009
     521       1.5327
     522       1.5021
     523       1.5826
     524       1.4866
     525       1.5690
     526       1.5669
     527       1.6065
     528       1.6019
     529       1.6323
     530       1.6114
     531       1.6209
     532       1.5921
     533       1.5677
     534       1.5011
     535       1.6282
     536       1.5419
     537       1.6047
     538       1.5808
     539       1.5662
     540       1.5112
     541       1.5020
     542       1.5927
     543       1.5477
     544       1.5636
     545       1.5539
     546       1.5869
     547       1.5718
     548       1.5057
     549       1.4782
     550       1.5023
     551       1.4347
     552       1.5096
     553       1.5174
     554       1.5074
     555       1.5298
     556       1.5096
     557       1.5314
     558       1.6376
     559       1.4951
     560       1.5480
     561       1.5113
     562       1.5066
     563       1.5861
     564       1.6420
     565       1.5623
     566       1.5724
     567       1.5444
     568       1.5826
     569       1.5521
     570       1.5035
     571       1.4840
     572       1.5278
     573       1.4781
     574       1.5729
     575       1.6056
     576       1.6819
     577       1.6342
     578       1.5895
     579       1.5732
     580       1.5364
     581       1.5363
     582       1.6152
     583       1.6119
     584       1.6240
     585       1.5454
     586       1.6421
     587       1.6749
     588       1.5812
     589       1.5983
     590       1.5886
     591       1.6143
     592       1.7104
     593       1.6792
     594       1.6367
     595       1.6200
     596       1.5592
     597       1.6185
     598       1.6528
     599       1.5922
     600       1.5719
     601       1.5742
     602       1.5929
     603       1.5364
     604       1.5841
     605       1.5935
     606       1.5799
     607       1.5298
     608       1.5006
     609       1.5901
     610       1.6040
     611       1.6163
     612       1.6669
     613       1.6343
     614       1.5569
     615       1.6355
     616       1.6339
     617       1.6361
     618       1.7491
     619       1.6752
     620       1.5951
     621       1.6398
     622       1.6666
     623       1.6253
     624       1.6316
     625       1.6290
     626       1.6668
     627       1.6170
     628       1.6005
     629       1.6067
     630       1.5724
     631       1.5990
     632       1.5828
     633       1.6355
     634       1.6246
     635       1.6418
     636       1.6663
     637       1.6610
     638       1.6402
     639       1.6135
     640       1.6543
     641       1.7258
     642       1.8036
     643       1.7509
     644       1.6917
     645       1.6493
     646       1.6348
     647       1.6915
     648       1.7033
     649       1.6343
     650       1.6671
     651       1.6409
     652       1.7174
     653       1.6025
     654       1.6480
     655       1.7181
     656       1.6244
     657       1.7113
     658       1.6760
     659       1.6468
     660       1.6020
     661       1.5848
     662       1.5833
     663       1.5820
     664       1.5283
     665       1.5343
     666       1.5449
     667       1.5605
     668       1.5903
     669       1.6570
     670       1.6096
     671       1.6328
     672       1.6283
     673       1.6823
     674       1.6997
     675       1.5642
     676       1.6127
     677       1.5531
     678       1.6192
     679       1.5815
     680       1.6257
     681       1.5518
     682       1.6419
     683       1.6922
     684       1.6740
     685       1.6957
     686       1.6450
     687       1.6219
     688       1.6217
     689       1.5935
     690       1.7058
     691       1.7195
     692       1.6853
     693       1.7334
     694       1.6144
     695       1.6749
     696       1.6673
     697       1.7208
     698       1.6857
     699       1.7491
     700       1.7534
     701       1.7414
     702       1.7320
     703       1.6992
     704       1.7267
     705       1.7351
     706       1.6498
     707       1.7024
     708       1.6253
     709       1.6889
     710       1.6333
     711       1.5829
     712       1.6121
     713       1.6323
     714       1.6963
     715       1.5865
     716       1.6775
     717       1.7088
     718       1.7353
     719       1.6852
     720       1.6779
     721       1.7490
     722       1.7093
     723       1.6907
     724       1.6814
     725       1.7348
     726       1.7012
     727       1.7176
     728       1.6975
     729       1.7518
     730       1.7124
     731       1.8113
     732       1.7899
     733       1.6904
     734       1.6846
     735       1.6573
     736       1.6683
     737       1.6428
     738       1.6533
     739       1.6775
     740       1.6927
     741       1.7143
     742       1.6998
     743       1.6670
     744       1.7782
     745       1.6207
     746       1.6733
     747       1.6535
     748       1.6768
     749       1.5956
     750       1.5439
     751       1.6822
     752       1.5458
     753       1.5671
     754       1.6302
     755       1.6112
     756       1.6632
     757       1.6150
     758       1.6232
     759       1.5992
     760       1.6135
     761       1.6120
     762       1.6254
     763       1.6731
     764       1.6625
     765       1.6338
     766       1.5596
     767       1.6015
     768       1.6340
     769       1.6814
     770       1.6438
     771       1.7102
     772       1.7832
     773       1.6559
     774       1.6504
     775       1.6011
     776       1.6524
     777       1.6427
     778       1.6873
     779       1.5847
     780       1.5479
     781       1.6243
     782       1.5521
     783       1.5225
     784       1.5581
     785       1.5924
     786       1.5539
     787       1.6208
     788       1.5422
     789       1.5381
     790       1.6262
     791       1.6653
     792       1.6631
     793       1.6397
     794       1.6618
     795       1.6546
     796       1.6281
     797       1.6217
     798       1.6404
     799       1.6118
     800       1.6372
     801       1.6154
     802       1.6329
     803       1.6462
     804       1.6756
     805       1.6906
     806       1.6684
     807       1.6195
     808       1.5978
     809       1.5767
     810       1.6299
     811       1.6269
     812       1.6306
     813       1.7094
     814       1.5817
     815       1.6232
     816       1.6317
     817       1.6305
     818       1.5780
     819       1.5117
     820       1.5601
     821       1.5752
     822       1.5694
     823       1.5884
     824       1.5796
     825       1.6115
     826       1.6510
     827       1.6839
     828       1.6277
     829       1.6777
     830       1.5903
     831       1.5450
     832       1.5124
     833       1.5308
     834       1.5777
     835       1.5648
     836       1.5227
     837       1.5435
     838       1.6581
     839       1.6657
     840       1.6525
     841       1.7249
     842       1.7234
     843       1.6813
     844       1.7246
     845       1.6846
     846       1.6604
     847       1.7363
     848       1.8283
     849       1.8235
     850       1.8103
     851       1.7629
     852       1.7837
     853       1.7573
     854       1.7825
     855       1.7651
     856       1.7230
     857       1.8208
     858       1.8100
     859       1.7297
     860       1.8019
     861       1.8155
     862       1.7702
     863       1.6904
     864       1.7313
     865       1.7287
     866       1.7888
     867       1.7736
     868       1.7897
     869       1.7879
     870       1.7616
     871       1.7449
     872       1.7871
     873       1.7530
     874       1.8293
     875       1.7631
     876       1.8056
     877       1.7663
     878       1.7978
     879       1.8221
     880       1.8093
     881       1.7752
     882       1.7441
     883       1.6149
     884       1.6376
     885       1.6471
     886       1.7113
     887       1.6774
     888       1.7330
     889       1.6506
     890       1.7462
     891       1.7233
     892       1.6678
     893       1.6898
     894       1.6049
     895       1.6101
     896       1.5694
     897       1.6773
     898       1.6526
     899       1.6937
     900       1.6460
     901       1.6035
     902       1.5706
     903       1.6240
     904       1.6241
     905       1.7450
     906       1.7530
     907       1.7153
     908       1.6890
     909       1.7251
     910       1.7424
     911       1.6966
     912       1.6479
     913       1.6173
     914       1.6409
     915       1.6462
     916       1.7217
     917       1.7055
     918       1.6981
     919       1.7806
     920       1.7877
     921       1.7285
     922       1.7699
     923       1.7575
     924       1.7574
     925       1.6483
     926       1.6707
     927       1.6987
     928       1.6714
     929       1.7045
     930       1.7165
     931       1.6841
     932       1.6993
     933       1.6814
     934       1.7383
     935       1.7096
     936       1.7003
     937       1.6720
     938       1.7137
     939       1.7287
     940       1.7972
     941       1.7845
     942       1.8136
     943       1.7471
     944       1.7588
     945       1.7142
     946       1.7208
     947       1.7568
     948       1.7661
     949       1.7797
     950       1.7258
     951       1.7543
     952       1.7426
     953       1.7759
     954       1.8206
     955       1.8510
     956       1.7955
     957       1.8250
     958       1.8150
     959       1.8173
     960       1.7943
     961       1.7611
     962       1.7726
     963       1.7779
     964       1.7484
     965       1.8101
     966       1.8846
     967       1.8832
     968       1.8935
     969       1.9307
     970       1.8415
     971       1.8265
     972       1.8225
     973       1.7660
     974       1.8121
     975       1.7793
     976       1.7136
     977       1.7357
     978       1.6240
     979       1.7503
     980       1.7016
     981       1.6623
     982       1.6891
     983       1.6706
     984       1.7656
     985       1.7567
     986       1.8418
     987       1.7557
     988       1.7490
     989       1.7745
     990       1.7885
     991       1.7894
     992       1.7740
     993       1.7684
     994       1.8509
     995       1.8758
     996       1.7847
     997       1.8888
     998       1.8294
     999       1.7744
    1000       1.8183
    1001       1.8239
    1002       1.8805
    1003       1.8642
    1004       1.8755
    1005       1.7850
    1006       1.9066
    1007       1.8768
    1008       1.8696
    1009       1.8469
    1010       1.9372
    1011       1.9416
    1012       1.9184
    1013       2.0107
    1014       1.9095
    1015       1.9460
    1016       1.8915
    1017       1.8902
    1018       1.8968
    1019       1.8665
    1020       1.9028
    1021       1.8730
    1022       1.9421
    1023       1.9007
    1024       1.8380
    1025       1.8104
    1026       1.9593
    1027       1.8795
    1028       1.8431
    1029       1.8834
    1030       1.8536
    1031       1.8318
    1032       1.9268
    1033       1.8815
    1034       1.8573
    1035       1.8175
    1036       1.8661
    1037       1.8862
    1038       1.8510
    1039       1.8320
    1040       1.8641
    1041       1.9260
    1042       1.9500
    1043       1.9853
    1044       1.9428
    1045       1.8991
    1046       1.9589
    1047       1.9673
    1048       1.9004
    1049       1.8734
    1050       1.9213
    1051       1.8621
    1052       1.8814
    1053       1.8447
    1054       1.8015
    1055       1.8478
    1056       1.8277
    1057       1.8983
    1058       1.9553
    1059       1.8720
    1060       1.8483
    1061       1.8133
    1062       1.8327
    1063       1.8477
    1064       1.7765
    1065       1.8092
    1066       1.8855
    1067       1.8374
    1068       1.7774
    1069       1.8386
    1070       1.8064
    1071       1.8614
    1072       1.8331
    1073       1.7730
    1074       1.8678
    1075       1.8629
    1076       1.8521
    1077       1.8144
    1078       1.7939
    1079       1.8714
    1080       1.8813
    1081       1.8818
    1082       1.8806
    1083       1.8703
    1084       1.8676
    1085       1.8105
    1086       1.9087
    1087       1.9353
    1088       1.8404
    1089       1.8768
    1090       1.8965
    1091       1.8631
    1092       1.7779
    1093       1.8186
    1094       1.8698
    1095       1.9021
    1096       1.8811
    1097       1.8890
    1098       1.8618
    1099       1.8396
    1100       1.8842
    1101       1.8188
    1102       1.8671
    1103       1.7646
    1104       1.8392
    1105       1.7752
    1106       1.7711
    1107       1.8044
    1108       1.7556
    1109       1.8555
    1110       1.8031
    1111       1.7839
    1112       1.8469
    1113       1.7842
    1114       1.8876
    1115       1.8709
    1116       1.8930
    1117       1.8917
    1118       1.8515
    1119       1.8022
    1120       1.8604
    1121       1.8170
    1122       1.8818
    1123       1.8989
    1124       1.8964
    1125       1.9330
    1126       1.8430
    1127       1.8786
    1128       1.9181
    1129       1.8669
    1130       1.8225
    1131       1.8934
    1132       1.8763
    1133       1.8660
    1134       1.8431
    1135       1.8059
    1136       1.8144
    1137       1.7895
    1138       1.7888
    1139       1.7315
    1140       1.7720
    1141       1.8239
    1142       1.8571
    1143       1.8930
    1144       1.8956
    1145       1.9006
    1146       1.8702
    1147       1.8998
    1148       1.8620
    1149       1.8733
    1150       1.8853
    1151       1.9142
    1152       1.9346
    1153       1.8915
    1154       1.8724
    1155       1.8464
    1156       1.8340
    1157       1.9061
    1158       1.9604
    1159       1.8555
    1160       1.9160
    1161       1.8844
    1162       1.8901
    1163       1.9030
    1164       1.9315
    1165       1.9467
    1166       1.8787
    1167       2.0053
    1168       1.9443
    1169       1.9742
    1170       2.0458
    1171       2.0119
    1172       2.0605
    1173       2.0763
    1174       2.0772
    1175       2.0385
    1176       1.9889
    1177       1.9950
    1178       1.9524
    1179       1.8859
    1180       1.9609
    1181       1.9219
    1182       2.0604
    1183       2.0238
    1184       2.1070
    1185       2.0210
    1186       1.9745
    1187       1.9088
    1188       1.9927
    1189       1.9481
    1190       1.9722
    1191       1.9797
    1192       2.0215
    1193       1.9660
    1194       1.9401
    1195       1.9152
    1196       1.9112
    1197       2.0253
    1198       2.0266
    1199       2.0154
    1200       2.0220
    1201       2.0310
    1202       1.9504
    1203       2.0474
    1204       1.9642
    1205       2.0569
    1206       2.0357
    1207       2.0049
    1208       1.9902
    1209       2.0233
    1210       2.0163
    1211       1.9924
    1212       1.9848
    1213       1.9461
    1214       1.9685
    1215       2.0122
    1216       2.0705
    1217       2.0718
    1218       2.0639
    1219       2.0407
    1220       2.0901
    1221       2.0285
    1222       2.0475
    1223       2.0630
    1224       2.0528
    1225       2.0465
    1226       2.0835
    1227       2.0629
    1228       2.0381
    1229       2.0260
    1230       1.9596
    1231       1.9206
    1232       1.9648
    1233       1.9960
    1234       1.9624
    1235       1.9931
    1236       1.9694
    1237       1.9172
    1238       1.8992
    1239       1.9362
    1240       1.8868
    1241       1.9464
    1242       1.9949
    1243       1.9183
    1244       1.8742
    1245       1.9194
    1246       1.9434
    1247       1.9729
    1248       1.8975
    1249       2.0327
    1250       1.9755
    1251       1.9398
    1252       1.9548
    1253       2.0042
    1254       1.9582
    1255       1.9268
    1256       1.8788
    1257       1.9191
    1258       1.9583
    1259       1.8992
    1260       1.9916
    1261       1.9489
    1262       1.9041
    1263       1.9485
    1264       1.9269
    1265       2.0233
    1266       1.9802
    1267       1.9571
    1268       1.9428
    1269       1.8906
    1270       1.9215
    1271       1.8320
    1272       1.8526
    1273       1.9403
    1274       2.0101
    1275       1.8328
    1276       1.8817
    1277       1.8778
    1278       1.8961
    1279       1.8969
    1280       1.8979
    1281       1.9754
    1282       1.9426
    1283       1.9903
    1284       1.9991
    1285       1.9874
    1286       2.0096
    1287       2.0156
    1288       1.9822
    1289       1.8834
    1290       1.8434
    1291       1.9030
    1292       2.0033
    1293       2.0112
    1294       2.0039
    1295       2.0110
    1296       1.9949
    1297       2.0177
    1298       2.0243
    1299       2.0760
    1300       2.0141
    1301       1.9570
    1302       2.0312
    1303       1.9750
    1304       2.0293
    1305       2.0333
    1306       1.9357
    1307       2.0089
    1308       1.9713
    1309       2.0047
    1310       1.9583
    1311       1.9750
    1312       1.9323
    1313       1.9541
    1314       1.8769
    1315       1.9074
    1316       1.9253
    1317       1.9417
    1318       1.9003
    1319       1.9468
    1320       1.9718
    1321       1.9264
    1322       1.9213
    1323       1.9224
    1324       1.9189
    1325       1.9264
    1326       1.9632
    1327       1.9108
    1328       1.9432
    1329       1.9370
    1330       2.0076
    1331       1.9290
    1332       1.9418
    1333       1.9801
    1334       1.9221
    1335       1.9128
    1336       1.9336
    1337       1.9537
    1338       1.9335
    1339       2.0382
    1340       2.0117
    1341       2.0266
    1342       1.9930
    1343       1.9910
    1344       1.9924
    1345       2.0756
    1346       2.0171
    1347       1.9735
    1348       2.0086
    1349       2.0294
    1350       2.0799
    1351       2.1110
    1352       2.0623
    1353       2.0490
    1354       1.9794
    1355       1.9698
    1356       1.9887
    1357       1.9613
    1358       1.9793
    1359       1.9825
    1360       2.0082
    1361       2.0867
    1362       2.0889
    1363       2.0452
    1364       2.0506
    1365       2.0483
    1366       2.0694
    1367       2.0502
    1368       2.0792
    1369       2.1167
    1370       2.0420
    1371       2.0125
    1372       2.1182
    1373       1.8886
    1374       1.9590
    1375       1.8772
    1376       1.8860
    1377       1.8142
    1378       1.8508
    1379       1.8124
    1380       1.8088
    1381       1.8126
    1382       1.8726
    1383       1.8736
    1384       1.7967
    1385       1.8573
    1386       1.9065
    1387       1.9298
    1388       1.8860
    1389       1.8624
    1390       1.8969
    1391       1.8888
    1392       1.8516
    1393       1.8460
    1394       1.8198
    1395       1.8752
    1396       1.8035
    1397       1.8250
    1398       1.8295
    1399       1.8195
    1400       1.8068
    1401       1.7604
    1402       1.7326
    1403       1.8053
    1404       1.7690
    1405       1.7207
    1406       1.7253
    1407       1.7630
    1408       1.8245
    1409       1.7855
    1410       1.7477
    1411       1.7406
    1412       1.7485
    1413       1.7520
    1414       1.8102
    1415       1.8914
    1416       1.8385
    1417       1.8261
    1418       1.8007
    1419       1.8052
    1420       1.8622
    1421       1.8260
    1422       1.9225
    1423       1.9806
    1424       1.9687
    1425       1.9149
    1426       1.8868
    1427       1.8676
    1428       1.9281
    1429       1.8806
    1430       1.8753
    1431       1.9096
    1432       1.9058
    1433       1.8691
    1434       1.8823
    1435       1.9012
    1436       1.9100
    1437       1.8842
    1438       1.9438
    1439       1.9066
    1440       1.8683
    1441       1.8937
    1442       1.8197
    1443       1.7981
    1444       1.8720
    1445       1.7972
    1446       1.7359
    1447       1.7740
    1448       1.7779
    1449       1.8020
    1450       1.8467
    1451       1.8543
    1452       1.8005
    1453       1.8736
    1454       1.9437
    1455       1.9577
    1456       1.9403
    1457       2.0043
    1458       1.9698
    1459       2.0020
    1460       1.9180
    1461       1.9222
    1462       1.8885
    1463       1.8883
    1464       1.9694
    1465       1.9731
    1466       1.9786
    1467       2.0451
    1468       1.9452
    1469       2.0009
    1470       1.9599
    1471       1.9854
    1472       1.8826
    1473       1.8678
    1474       1.8542
    1475       1.8792
    1476       1.9273
    1477       1.9756
    1478       1.9420
    1479       1.9623
    1480       1.9098
    1481       1.9321
    1482       1.8985
    1483       1.8738
    1484       1.8939
    1485       1.9752
    1486       1.9586
    1487       1.9637
    1488       1.9743
    1489       1.9867
    1490       1.9618
    1491       1.8748
    1492       1.9335
    1493       1.8826
    1494       1.8582
    1495       1.8287
    1496       1.8719
    1497       1.8549
    1498       1.8553
    1499       1.8503
    1500       1.8582
    1501       1.8296
    1502       1.8893
    1503       1.9250
    1504       1.9823
    1505       2.0028
    1506       2.0064
    1507       2.0434
    1508       2.0350
    1509       2.0933
    1510       1.9920
    1511       1.9137
    1512       1.9793
    1513       1.9061
    1514       1.9816
    1515       1.9800
    1516       2.0108
    1517       1.9472
    1518       1.9605
    1519       2.0390
    1520       1.9697
    1521       1.9563
    1522       1.9769
    1523       1.9692
    1524       1.9941
    1525       1.9358
    1526       2.0126
    1527       2.0163
    1528       2.0156
    1529       1.9787
    1530       2.0044
    1531       2.0319
    1532       1.9827
    1533       2.0361
    1534       2.0081
    1535       2.0202
    1536       2.0387
    1537       2.0724
    1538       2.0867
    1539       2.1161
    1540       2.0236
    1541       2.0126
    1542       1.9917
    1543       1.9840
    1544       1.9584
    1545       1.9507
    1546       1.9980
    1547       2.0249
    1548       1.9748
    1549       1.9918
    1550       1.9738
    1551       1.9524
    1552       1.9257
    1553       1.9259
    1554       1.9306
    1555       1.9912
    1556       1.9503
    1557       1.9426
    1558       1.9429
    1559       1.9106
    1560       1.9758
    1561       2.0767
    1562       1.9877
    1563       2.0141
    1564       2.0333
    1565       1.9650
    1566       1.9577
    1567       2.0227
    1568       2.0798
    1569       2.0909
    1570       2.0952
    1571       2.1197
    1572       2.1117
    1573       2.0348
    1574       2.0696
    1575       2.1759
    1576       2.1704
    1577       2.0526
    1578       2.0801
    1579       2.0452
    1580       2.0642
    1581       2.0493
    1582       2.0618
    1583       2.0490
    1584       2.0061
    1585       1.9800
    1586       2.0158
    1587       2.0518
    1588       1.9616
    1589       2.0079
    1590       2.0485
    1591       2.0311
    1592       1.9802
    1593       1.9488
    1594       2.0251
    1595       2.0118
    1596       2.0061
    1597       2.0685
    1598       2.0549
    1599       1.9759
    1600       2.0046
    1601       1.9574
    1602       2.0196
    1603       2.0568
    1604       2.0887
    1605       2.0381
    1606       2.0347
    1607       2.0278
    1608       2.0187
    1609       2.0419
    1610       2.0390
    1611       1.9952
    1612       2.0983
    1613       2.0283
    1614       2.0361
    1615       2.0750
    1616       2.0613
    1617       2.0391
    1618       2.0097
    1619       2.0462
    1620       1.9819
    1621       1.9620
    1622       2.0061
    1623       2.0472
    1624       2.0261
    1625       2.0109
    1626       1.9946
    1627       2.0821
    1628       2.0281
    1629       1.9526
    1630       1.9749
    1631       2.0034
    1632       2.0533
    1633       1.9864
    1634       2.0682
    1635       1.9752
    1636       2.0254
    1637       1.9965
    1638       2.0830
    1639       1.9210
    1640       1.9410
    1641       1.9882
    1642       2.0291
    1643       1.9020
    1644       1.9282
    1645       1.8966
    1646       1.8776
    1647       1.9941
    1648       1.9810
    1649       2.0513
    1650       2.0215
    1651       2.0045
    1652       2.0903
    1653       2.0440
    1654       2.0435
    1655       2.0256
    1656       2.0534
    1657       2.0037
    1658       2.0318
    1659       2.0443
    1660       2.0487
    1661       1.9646
    1662       1.9322
    1663       1.9284
    1664       1.9149
    1665       1.9526
    1666       1.9280
    1667       1.9577
    1668       1.9822
    1669       1.9378
    1670       1.9258
    1671       1.9932
    1672       1.9975
    1673       1.9477
    1674       1.9906
    1675       2.0247
    1676       1.9618
    1677       1.9909
    1678       1.9724
    1679       1.9895
    1680       1.9214
    1681       1.9218
    1682       1.9254
    1683       1.9070
    1684       1.8641
    1685       1.8818
    1686       1.9046
    1687       1.8688
    1688       1.8514
    1689       1.9271
    1690       1.8830
    1691       1.9473
    1692       1.9321
    1693       1.9253
    1694       1.8830
    1695       1.8080
    1696       1.7935
    1697       1.8520
    1698       1.8778
    1699       1.9067
    1700       1.8414
    1701       1.8400
    1702       1.8334
    1703       1.8444
    1704       1.8994
    1705       1.8851
    1706       1.9502
    1707       1.9898
    1708       1.9535
    1709       1.9976
    1710       1.9839
    1711       2.0497
    1712       1.9216
    1713       1.8742
    1714       1.9656
    1715       1.8979
    1716       1.9254
    1717       1.9338
    1718       1.9487
    1719       1.9817
    1720       1.9839
    1721       2.1008
    1722       2.0442
    1723       2.0228
    1724       2.0240
    1725       1.9700
    1726       1.9259
    1727       1.9050
    1728       1.9887
    1729       1.9700
    1730       1.8939
    1731       1.8342
    1732       1.8898
    1733       1.9356
    1734       1.8557
    1735       1.9243
    1736       1.8940
    1737       1.8490
    1738       1.9410
    1739       1.8926
    1740       1.9022
    1741       1.9267
    1742       1.8614
    1743       1.8683
    1744       1.8786
    1745       1.8676
    1746       1.9150
    1747       1.8620
    1748       1.8584
    1749       1.8261
    1750       1.8658
    1751       1.8633
    1752       1.8539
    1753       1.9220
    1754       1.9253
    1755       1.9015
    1756       1.9024
    1757       1.9036
    1758       1.9219
    1759       2.0302
    1760       1.9881
    1761       1.9898
    1762       2.0535
    1763       2.0926
    1764       2.0865
    1765       2.0390
    1766       2.0493
    1767       2.1103
    1768       2.1130
    1769       2.1377
    1770       2.0951
    1771       2.0749
    1772       2.0057
    1773       2.0543
    1774       2.0883
    1775       2.0893
    1776       2.0139
    1777       2.0652
    1778       2.0557
    1779       2.0354
    1780       2.0368
    1781       2.0127
    1782       2.1022
    1783       2.1092
    1784       2.0338
    1785       2.0016
    1786       1.9534
    1787       1.9560
    1788       1.9818
    1789       2.0161
    1790       2.0565
    1791       1.9451
    1792       1.9922
    1793       1.9854
    1794       1.9197
    1795       1.9515
    1796       2.0035
    1797       1.9940
    1798       1.9512
    1799       1.9866
    1800       1.9990
    1801       2.0030
    1802       1.9975
    1803       1.8864
    1804       1.9896
    1805       1.9395
    1806       1.9492
    1807       1.9105
    1808       1.8964
    1809       1.9338
    1810       1.9306
    1811       1.8993
    1812       1.9223
    1813       1.9197
    1814       1.9636
    1815       1.9651
    1816       1.8756
    1817       1.8115
    1818       1.8372
    1819       1.8634
    1820       1.8476
    1821       1.8531
    1822       1.8965
    1823       1.9506
    1824       1.9867
    1825       1.9878
    1826       2.0415
    1827       2.0759
    1828       2.0389
    1829       2.0066
    1830       2.0488
    1831       2.0135
    1832       2.0689
    1833       2.0479
    1834       2.0082
    1835       2.0781
    1836       2.0863
    1837       2.0860
    1838       2.0057
    1839       1.9567
    1840       2.0695
    1841       2.0924
    1842       2.0797
    1843       2.0775
    1844       2.0663
    1845       2.0708
    1846       2.1398
    1847       2.0513
    1848       2.0990
    1849       2.0862
    1850       2.1177
    1851       2.0959
    1852       2.0456
    1853       2.0234
    1854       2.0669
    1855       1.9949
    1856       2.0778
    1857       2.0616
    1858       2.0651
    1859       1.9994
    1860       2.1087
    1861       1.9781
    1862       1.9770
    1863       2.0361
    1864       2.1044
    1865       2.0981
    1866       2.1259
    1867       2.1180
    1868       2.0961
    1869       2.0924
    1870       2.1014
    1871       2.0731
    1872       1.9906
    1873       2.0783
    1874       2.1615
    1875       2.0527
    1876       2.1788
    1877       2.1341
    1878       2.1247
    1879       2.1142
    1880       2.0991
    1881       2.0959
    1882       2.0737
    1883       2.0068
    1884       2.0590
    1885       1.9883
    1886       2.0144
    1887       2.0033
    1888       1.9997
    1889       2.0316
    1890       1.9437
    1891       2.0113
    1892       1.9402
    1893       1.9674
    1894       2.0183
    1895       2.0801
    1896       1.9851
    1897       1.9640
    1898       2.0215
    1899       1.9847
    1900       2.0195
    1901       2.1214
    1902       2.1356
    1903       2.1423
    1904       2.1147
    1905       2.1283
    1906       2.0967
    1907       2.1100
    1908       2.1009
    1909       2.0743
    1910       2.0498
    1911       1.9726
    1912       2.0680
    1913       2.0073
    1914       2.0152
    1915       2.0306
    1916       2.0849
    1917       2.0678
    1918       2.0329
    1919       1.9826
    1920       2.0755
    1921       2.1269
    1922       2.0888
    1923       2.0484
    1924       2.1122
    1925       2.1559
    1926       2.0442
    1927       2.1580
    1928       2.1062
    1929       2.1231
    1930       2.1401
    1931       2.0781
    1932       2.1372
    1933       2.0820
    1934       2.1130
    1935       2.0350
    1936       2.0091
    1937       2.1080
    1938       2.0856
    1939       2.1077
    1940       2.1034
    1941       2.0931
    1942       2.0871
    1943       2.1294
    1944       2.1533
    1945       2.1677
    1946       2.1361
    1947       2.2312
    1948       2.1667
    1949       2.1001
    1950       2.0720
    1951       1.9969
    1952       2.0507
    1953       2.0304
    1954       2.1111
    1955       2.0820
    1956       2.0904
    1957       2.0343
    1958       2.0395
    1959       2.0791
    1960       2.0570
    1961       2.0648
    1962       2.0688
    1963       2.1735
    1964       2.1354
    1965       2.1250
    1966       2.1653
    1967       2.2026
    1968       2.1253
    1969       2.1339
    1970       2.2108
    1971       2.1984
    1972       2.2722
    1973       2.2335
    1974       2.3052
    1975       2.2361
    1976       2.2191
    1977       2.2504
    1978       2.2572
    1979       2.2777
    1980       2.2578
    1981       2.2455
    1982       2.3253
    1983       2.2413
    1984       2.2702
    1985       2.2250
    1986       2.2156
    1987       2.2246
    1988       2.2607
    1989       2.1331
    1990       2.1384
    1991       2.1928
    1992       2.2036
    1993       2.2143
    1994       2.2055
    1995       2.2021
    1996       2.1466
    1997       2.1994
    1998       2.1989
    1999       2.1380
    2000       2.1648
    2001       2.1564
    2002       2.1674
    2003       2.0975
    2004       2.1152
    2005       2.0938
    2006       2.1057
    2007       2.1520
    2008       2.2057
    2009       2.1172
    2010       2.1694
    2011       2.1198
    2012       2.1479
    2013       1.9865
    2014       2.0087
    2015       2.0334
    2016       2.0366
    2017       2.0768
    2018       2.0595
    2019       2.0114
    2020       2.0554
    2021       2.0278
    2022       1.9791
    2023       2.0551
    2024       2.0527
    2025       1.9715
    2026       1.9930
    2027       1.9825
    2028       1.9497
    2029       1.9948
    2030       1.9215
    2031       1.9341
    2032       2.0108
    2033       1.9020
    2034       1.9631
    2035       1.8892
    2036       1.9358
    2037       1.9026
    2038       1.9960
    2039       1.9979
    2040       1.9329
    2041       1.9017
    2042       1.8666
    2043       2.0159
    2044       2.0197
    2045       1.9951
    2046       2.0499
    2047       2.0859
    2048       2.0622
    2049       2.0336
    2050       2.0987
    2051       2.0653
    2052       2.0990
    2053       2.0823
    2054       2.0408
    2055       2.0173
    2056       1.9763
    2057       1.9915
    2058       2.0369
    2059       2.0449
    2060       2.0525
    2061       2.0542
    2062       2.0383
    2063       2.0379
    2064       2.0968
    2065       2.0964
    2066       2.0962
    2067       2.1057
    2068       2.1037
    2069       2.0418
    2070       2.0109
    2071       2.0277
    2072       2.0197
    2073       1.9672
    2074       2.0387
    2075       2.0215
    2076       1.9896
    2077       1.9980
    2078       2.0092
    2079       1.9794
    2080       1.9507
    2081       2.0043
    2082       2.0333
    2083       2.0198
    2084       2.0212
    2085       1.9382
    2086       1.9906
    2087       1.9668
    2088       1.9163
    2089       1.9703
    2090       1.9905
    2091       1.9635
    2092       2.0187
    2093       2.0192
    2094       2.0336
    2095       2.1023
    2096       2.1109
    2097       2.1304
    2098       2.1429
    2099       2.1138
    2100       2.1001
    2101       2.1153
    2102       2.0695
    2103       2.0896
    2104       2.1121
    2105       2.0563
    2106       2.0835
    2107       2.0745
    2108       2.0454
    2109       2.0437
    2110       2.0326
    2111       2.0450
    2112       1.9593
    2113       2.0346
    2114       1.9692
    2115       2.0060
    2116       1.9552
    2117       1.9293
    2118       1.9938
    2119       2.0162
    2120       1.9765
    2121       1.9852
    2122       2.0093
    2123       1.9839
    2124       1.9254
    2125       2.0242
    2126       2.0004
    2127       2.0276
    2128       2.0297
    2129       2.0196
    2130       1.9906
    2131       1.9769
    2132       2.0609
    2133       2.0165
    2134       2.0887
    2135       2.0769
    2136       2.0391
    2137       2.0698
    2138       2.0732
    2139       2.0843
    2140       2.0886
    2141       2.0963
    2142       1.9848
    2143       2.0262
    2144       2.0518
    2145       2.0519
    2146       2.0482
    2147       2.0922
    2148       2.0826
    2149       2.0208
    2150       1.9724
    2151       2.0200
    2152       2.0245
    2153       2.0024
    2154       1.9798
    2155       2.0074
    2156       2.0687
    2157       2.0796
    2158       2.1814
    2159       2.0908
    2160       2.0541
    2161       2.1163
    2162       2.0465
    2163       2.1260
    2164       2.0613
    2165       2.0598
    2166       2.0768
    2167       2.0563
    2168       2.0606
    2169       2.0617
    2170       2.1119
    2171       2.0803
    2172       2.0782
    2173       2.0108
    2174       1.9983
    2175       2.0041
    2176       1.9857
    2177       1.9620
    2178       1.9661
    2179       1.9626
    2180       2.0626
    2181       2.0337
    2182       1.9917
    2183       1.9911
    2184       1.9265
    2185       1.9419
    2186       1.9945
    2187       2.0107
    2188       1.9586
    2189       1.9376
    2190       1.9834
    2191       2.0446
    2192       1.9694
    2193       1.9457
    2194       2.0185
    2195       2.0143
    2196       2.0686
    2197       2.0932
    2198       2.0410
    2199       2.0876
    2200       2.0446
    2201       2.0667
    2202       2.1225
    2203       2.0099
    2204       2.0163
    2205       2.1213
    2206       2.0544
    2207       2.0512
    2208       2.0906
    2209       2.0311
    2210       1.9704
    2211       1.9877
    2212       1.9746
    2213       1.9872
    2214       1.9713
    2215       1.8930
    2216       1.8676
    2217       1.9279
    2218       1.9147
    2219       1.9119
    2220       1.8888
    2221       1.8603
    2222       1.8500
    2223       1.8697
    2224       1.8950
    2225       1.8357
    2226       1.8407
    2227       1.8573
    2228       1.8989
    2229       1.9717
    2230       1.9434
    2231       1.9581
    2232       1.9823
    2233       1.9346
    2234       1.9132
    2235       1.9129
    2236       1.9674
    2237       1.9266
    2238       1.9422
    2239       1.9433
    2240       1.9494
    2241       1.8919
    2242       1.8919
    2243       1.9403
    2244       1.9412
    2245       1.9352
    2246       1.9958
    2247       1.9602
    2248       1.9444
    2249       1.9534
    2250       1.9346
    2251       1.9585
    2252       1.9154
    2253       1.9269
    2254       1.8739
    2255       1.9653
    2256       1.9735
    2257       1.9653
    2258       2.0245
    2259       2.0663
    2260       2.0610
    2261       2.0420
    2262       2.0753
    2263       2.1524
    2264       2.0769
    2265       2.0151
    2266       2.0264
    2267       2.0717
    2268       2.0705
    2269       2.1792
    2270       2.1910
    2271       2.0781
    2272       2.1569
    2273       2.1820
    2274       2.1402
    2275       2.1703
    2276       2.1282
    2277       2.0554
    2278       2.0496
    2279       2.1174
    2280       2.0681
    2281       2.0761
    2282       2.1431
    2283       2.1341
    2284       2.0671
    2285       2.0589
    2286       2.0469
    2287       2.0599
    2288       2.0677
    2289       1.9946
    2290       2.0245
    2291       2.0178
    2292       2.0727
    2293       1.9978
    2294       2.0746
    2295       2.0649
    2296       2.0546
    2297       2.0360
    2298       1.9953
    2299       2.0188
    2300       2.0137
    2301       2.0450
    2302       2.0024
    2303       2.0205
    2304       2.0084
    2305       2.0036
    2306       2.0567
    2307       1.9447
    2308       1.9132
    2309       1.9323
    2310       1.9785
    2311       2.0204
    2312       1.9975
    2313       2.0147
    2314       2.1188
    2315       2.0839
    2316       2.0665
    2317       2.0008
    2318       2.0026
    2319       1.9457
    2320       1.9887
    2321       1.9567
    2322       2.0620
    2323       2.0389
    2324       2.0802
    2325       2.0991
    2326       2.0042
    2327       1.9933
    2328       1.9806
    2329       1.9914
    2330       1.9435
    2331       2.0029
    2332       2.0137
    2333       1.9978
    2334       2.1236
    2335       2.0407
    2336       1.9845
    2337       2.0081
    2338       2.0438
    2339       2.0363
    2340       2.0717
    2341       2.1834
    2342       2.1299
    2343       2.1250
    2344       2.1587
    2345       2.0554
    2346       2.1066
    2347       2.0999
    2348       2.0521
    2349       2.0667
    2350       2.0522
    2351       2.0506
    2352       2.1159
    2353       2.0452
    2354       2.0572
    2355       2.0565
    2356       2.0155
    2357       2.0938
    2358       2.0885
    2359       2.0273
    2360       2.0809
    2361       2.0680
    2362       2.1501
    2363       2.1248
    2364       2.1546
    2365       2.1577
    2366       2.1311
    2367       2.2062
    2368       2.1657
    2369       2.1607
    2370       2.1023
    2371       2.0780
    2372       2.0916
    2373       2.0532
    2374       2.0501
    2375       2.0189
    2376       2.0612
    2377       2.0864
    2378       2.0686
    2379       2.0836
    2380       2.0887
    2381       2.0588
    2382       2.1159
    2383       2.0503
    2384       2.0371
    2385       2.0928
    2386       2.1245
    2387       2.1069
    2388       2.1249
    2389       2.1171
    2390       2.1300
    2391       2.1355
    2392       2.1658
    2393       2.1823
    2394       2.1227
    2395       2.0715
    2396       2.1171
    2397       2.1411
    2398       2.1147
    2399       2.0657
    2400       2.0280
    2401       2.0338
    2402       2.0794
    2403       2.1000
    2404       2.0828
    2405       2.0588
    2406       1.9865
    2407       2.0687
    2408       2.0483
    2409       2.0400
    2410       2.0250
    2411       2.1377
    2412       2.1509
    2413       2.0765
    2414       2.0789
    2415       2.1716
    2416       2.1375
    2417       2.1272
    2418       2.1170
    2419       2.1046
    2420       2.0944
    2421       2.0464
    2422       2.0318
    2423       2.0145
    2424       2.1367
    2425       2.0543
    2426       2.0269
    2427       1.9905
    2428       1.9740
    2429       2.0098
    2430       2.0084
    2431       2.1047
    2432       2.1021
    2433       2.0354
    2434       2.0426
    2435       1.9956
    2436       2.0694
    2437       2.0835
    2438       2.0413
    2439       2.0380
    2440       2.0912
    2441       2.1162
    2442       2.0458
    2443       2.0183
    2444       2.0333
    2445       2.0057
    2446       2.0221
    2447       1.9596
    2448       1.9790
    2449       2.0162
    2450       2.0519
    2451       2.0315
    2452       2.0601
    2453       2.1316
    2454       2.1730
    2455       2.1308
    2456       2.1410
    2457       2.0970
    2458       2.1534
    2459       2.1117
    2460       2.1005
    2461       2.1212
    2462       2.0465
    2463       2.1048
    2464       2.0333
    2465       2.0604
    2466       2.1189
    2467       2.0341
    2468       2.0756
    2469       2.1205
    2470       2.0710
    2471       2.0695
    2472       2.1492
    2473       2.1098
    2474       2.1430
    2475       2.1714
    2476       2.1312
    2477       2.1192
    2478       2.1024
    2479       2.0973
    2480       2.1948
    2481       2.1365
    2482       2.0699
    2483       2.1440
    2484       2.0921
    2485       2.0503
    2486       2.1293
    2487       2.1026
    2488       2.1586
    2489       2.1617
    2490       2.1652
    2491       2.1556
    2492       2.1270
    2493       2.0652
    2494       2.1341
    2495       2.1012
    2496       2.1640
    2497       2.1333
    2498       2.1685
    2499       2.0531
    2500       2.0343
    2501       1.9978
    2502       1.9932
    2503       2.0573
    2504       1.9903
    2505       2.0415
    2506       2.0152
    2507       2.0155
    2508       2.0461
    2509       2.0242
    2510       2.0320
    2511       1.9638
    2512       1.9855
    2513       2.0148
    2514       1.9920
    2515       1.9378
    2516       2.0178
    2517       2.0854
    2518       2.0294
    2519       2.0372
    2520       2.0669
    2521       2.0780
    2522       2.0723
    2523       2.0226
    2524       2.0645
    2525       2.0750
    2526       2.0589
    2527       2.1289
    2528       2.1169
    2529       2.0911
    2530       2.1024
    2531       2.0106
    2532       2.0374
    2533       2.0606
    2534       2.0555
    2535       2.0874
    2536       2.0431
    2537       2.0897
    2538       2.0420
    2539       2.0238
    2540       2.0266
    2541       1.9923
    2542       2.0936
    2543       2.0747
    2544       2.0552
    2545       2.0889
    2546       2.1717
    2547       2.1365
    2548       2.1653
    2549       2.1570
    2550       2.1414
    2551       2.1290
    2552       2.1427
    2553       2.0698
    2554       2.1367
    2555       2.1227
    2556       2.1440
    2557       2.1829
    2558       2.1491
    2559       2.0272
    2560       2.0932
    2561       2.1028
    2562       2.1173
    2563       2.0303
    2564       2.0690
    2565       2.0510
    2566       2.0698
    2567       2.0018
    2568       1.9969
    2569       2.0071
    2570       2.0944
    2571       2.0769
    2572       2.0458
    2573       1.9820
    2574       1.9748
    2575       1.9573
    2576       1.9327
    2577       1.9886
    2578       2.0226
    2579       2.0107
    2580       1.9579
    2581       1.9024
    2582       1.8620
    2583       1.9083
    2584       1.9098
    2585       1.9497
    2586       1.9209
    2587       1.9654
    2588       1.9956
    2589       2.0243
    2590       2.0576
    2591       2.0547
    2592       2.0476
    2593       2.0690
    2594       2.0352
    2595       2.1017
    2596       1.9735
    2597       1.9708
    2598       2.0444
    2599       2.0273
    2600       2.0691
    2601       2.0584
    2602       2.0788
    2603       2.0776
    2604       2.0636
    2605       2.1442
    2606       2.0585
    2607       2.1340
    2608       2.0551
    2609       2.1566
    2610       2.1436
    2611       2.2593
    2612       2.2626
    2613       2.1506
    2614       2.0422
    2615       2.0841
    2616       2.0565
    2617       2.1109
    2618       2.0470
    2619       2.0128
    2620       1.9853
    2621       2.0587
    2622       2.0777
    2623       1.9481
    2624       1.9280
    2625       2.0832
    2626       2.0315
    2627       2.0972
    2628       2.0937
    2629       2.0376
    2630       2.0290
    2631       1.9960
    2632       2.0154
    2633       2.0191
    2634       1.9941
    2635       1.9721
    2636       1.9659
    2637       1.9462
    2638       1.9317
    2639       1.9714
    2640       1.9519
    2641       1.9424
    2642       1.9547
    2643       1.9278
    2644       1.8797
    2645       1.9545
    2646       2.0037
    2647       1.9873
    2648       1.9580
    2649       1.9680
    2650       1.9405
    2651       1.9938
    2652       1.9840
    2653       1.9761
    2654       1.9674
    2655       1.9857
    2656       1.9942
    2657       1.9153
    2658       2.0622
    2659       2.0761
    2660       2.0412
    2661       2.0189
    2662       2.0187
    2663       2.0546
    2664       1.9825
    2665       1.9703
    2666       1.9772
    2667       2.0335
    2668       1.9545
    2669       1.9833
    2670       2.0101
    2671       2.0438
    2672       2.0699
    2673       2.0160
    2674       2.0286
    2675       2.0445
    2676       1.9962
    2677       2.0300
    2678       2.0463
    2679       2.1056
    2680       2.0984
    2681       2.1109
    2682       2.0580
    2683       2.0132
    2684       2.0340
    2685       2.0838
    2686       2.1651
    2687       2.1132
    2688       2.0669
    2689       2.0248
    2690       2.0780
    2691       2.0313
    2692       2.0643
    2693       2.0703
    2694       2.0337
    2695       1.9701
    2696       1.9838
    2697       2.0555
    2698       1.9887
    2699       2.0250
    2700       2.0385
    2701       2.0204
    2702       2.1036
    2703       2.0257
    2704       2.0123
    2705       2.0133
    2706       1.9600
    2707       2.0513
    2708       1.9946
    2709       1.9637
    2710       1.9753
    2711       1.9903
    2712       2.0586
    2713       2.0125
    2714       2.0188
    2715       2.0436
    2716       2.0202
    2717       2.0833
    2718       2.0765
    2719       2.0236
    2720       2.0414
    2721       2.0622
    2722       2.0210
    2723       2.0198
    2724       2.0076
    2725       2.0400
    2726       2.0486
    2727       2.0410
    2728       2.0364
    2729       2.0725
    2730       2.0318
    2731       1.9670
    2732       1.9221
    2733       1.9440
    2734       1.9231
    2735       1.8725
    2736       1.9416
    2737       1.9996
    2738       1.9567
    2739       1.9650
    2740       1.9870
    2741       1.9429
    2742       1.9705
    2743       1.9637
    2744       1.9606
    2745       1.9608
    2746       1.9644
    2747       1.9549
    2748       1.9597
    2749       1.9562
    2750       1.9154
    2751       1.9646
    2752       1.9780
    2753       1.9466
    2754       1.9440
    2755       1.9212
    2756       1.9531
    2757       1.9632
    2758       1.9394
    2759       1.9885
    2760       1.9450
    2761       1.9746
    2762       1.9324
    2763       2.0105
    2764       1.8485
    2765       1.9168
    2766       1.9961
    2767       2.0555
    2768       2.0146
    2769       1.9554
    2770       1.9936
    2771       1.9593
    2772       2.0650
    2773       1.9949
    2774       2.0213
    2775       2.0104
    2776       1.9422
    2777       1.9088
    2778       1.9222
    2779       2.0211
    2780       2.0052
    2781       1.9862
    2782       1.9574
    2783       1.9922
    2784       1.9847
    2785       1.9465
    2786       1.9515
    2787       2.0028
    2788       2.0405
    2789       2.0227
    2790       2.0002
    2791       1.9647
    2792       1.9761
    2793       2.0311
    2794       2.0794
    2795       2.0248
    2796       1.9718
    2797       1.9568
    2798       1.9824
    2799       1.8867
    2800       1.9127
    2801       1.8930
    2802       1.9226
    2803       1.9247
    2804       1.9681
    2805       2.0239
    2806       2.0238
    2807       2.0575
    2808       2.0246
    2809       2.0388
    2810       2.0864
    2811       2.0406
    2812       2.0258
    2813       2.0821
    2814       2.0505
    2815       2.0534
    2816       2.0152
    2817       2.0009
    2818       2.0735
    2819       2.0631
    2820       2.0125
    2821       1.9279
    2822       2.0756
    2823       2.0839
    2824       2.1079
    2825       2.0333
    2826       2.0591
    2827       2.0571
    2828       2.0998
    2829       2.0584
    2830       2.0170
    2831       2.0124
    2832       2.0850
    2833       2.0212
    2834       2.0141
    2835       2.0210
    2836       2.0182
    2837       2.1037
    2838       2.0957
    2839       2.0459
    2840       2.0927
    2841       2.0339
    2842       2.0674
    2843       2.0411
    2844       2.0804
    2845       2.0198
    2846       2.1272
    2847       2.0415
    2848       2.0711
    2849       2.0468
    2850       2.0457
    2851       2.0389
    2852       2.0327
    2853       2.0846
    2854       2.0218
    2855       2.0171
    2856       2.0237
    2857       1.9926
    2858       2.0452
    2859       2.0312
    2860       2.0801
    2861       2.0568
    2862       1.9947
    2863       2.0048
    2864       1.9456
    2865       1.9225
    2866       1.9458
    2867       2.0010
    2868       2.0649
    2869       2.0188
    2870       2.0219
    2871       2.0374
    2872       1.9826
    2873       2.0058
    2874       2.0076
    2875       2.0210
    2876       2.0233
    2877       1.9819
    2878       1.9754
    2879       1.9247
    2880       1.9015
    2881       1.9714
    2882       1.9536
    2883       1.9494
    2884       1.9737
    2885       1.9348
    2886       1.8900
    2887       1.9032
    2888       1.9765
    2889       1.9468
    2890       1.9792
    2891       2.0192
    2892       1.9745
    2893       1.9582
    2894       1.9895
    2895       1.9900
    2896       2.0365
    2897       1.9836
    2898       1.9386
    2899       1.9873
    2900       1.9722
    2901       2.0206
    2902       2.0909
    2903       2.0838
    2904       2.0439
    2905       2.0599
    2906       2.1060
    2907       2.0242
    2908       1.9841
    2909       1.9654
    2910       1.9037
    2911       2.0149
    2912       1.9765
    2913       2.0738
    2914       2.0374
    2915       2.0000
    2916       1.9650
    2917       1.9510
    2918       1.9131
    2919       1.9553
    2920       1.9444
    2921       1.9130
    2922       1.8910
    2923       1.8860
    2924       1.9672
    2925       1.9060
    2926       1.9084
    2927       1.8692
    2928       1.9246
    2929       1.8902
    2930       1.9386
    2931       1.8584
    2932       1.9308
    2933       1.9256
    2934       1.9466
    2935       2.0103
    2936       1.9977
    2937       2.0019
    2938       2.0409
    2939       1.9681
    2940       1.9643
    2941       1.9435
    2942       2.0458
    2943       2.0697
    2944       2.0414
    2945       1.9892
    2946       1.9617
    2947       1.9730
    2948       1.9651
    2949       2.0133
    2950       2.0021
    2951       1.9502
    2952       1.9476
    2953       1.9259
    2954       1.9668
    2955       1.9564
    2956       1.9630
    2957       1.9088
    2958       1.9083
    2959       1.8988
    2960       1.8838
    2961       1.9007
    2962       1.8912
    2963       1.8808
    2964       1.9064
    2965       1.9261
    2966       1.9245
    2967       1.9744
    2968       2.0180
    2969       1.9585
    2970       1.9990
    2971       1.9975
    2972       1.9730
    2973       1.9684
    2974       1.9972
    2975       1.9107
    2976       1.9373
    2977       1.8725
    2978       1.9230
    2979       1.8811
    2980       1.9064
    2981       1.9010
    2982       1.9153
    2983       1.9169
    2984       1.9808
    2985       2.0087
    2986       2.0267
    2987       1.9722
    2988       1.9370
    2989       1.9122
    2990       1.9716
    2991       2.0082
    2992       2.0468
    2993       1.9985
    2994       1.9413
    2995       1.9943
    2996       2.0518
    2997       1.9787
    2998       1.9811
    2999       2.0074
    3000       1.9879
    3001       1.9678
    3002       1.9986
    3003       1.9809
    3004       2.0224
    3005       2.0094
    3006       2.0006
    3007       1.9984
    3008       1.9838
    3009       2.0629
    3010       2.0461
    3011       2.0746
    3012       2.1132
    3013       2.1270
    3014       2.0418
    3015       2.0193
    3016       2.0751
    3017       2.0238
    3018       2.0089
    3019       2.0766
    3020       2.0709
    3021       2.0320
    3022       1.9987
    3023       2.1341
    3024       2.1004
    3025       2.0958
    3026       2.0530
    3027       2.0253
    3028       2.0521
    3029       2.0318
    3030       2.0043
    3031       2.0551
    3032       2.0581
    3033       2.0548
    3034       2.0256
    3035       2.0264
    3036       2.0604
    3037       2.0903
    3038       2.0379
    3039       2.0254
    3040       2.0733
    3041       2.0114
    3042       2.0269
    3043       2.0100
    3044       2.0598
    3045       2.1001
    3046       2.0510
    3047       2.1172
    3048       2.0624
    3049       1.9945
    3050       2.0502
    3051       1.9502
    3052       1.9505
    3053       1.9976
    3054       2.0293
    3055       2.0673
    3056       2.0060
    3057       2.0058
    3058       2.0369
    3059       1.9965
    3060       2.0257
    3061       1.9855
    3062       1.9985
    3063       1.9256
    3064       1.9539
    3065       1.9330
    3066       1.9257
    3067       1.9912
    3068       1.9997
    3069       1.9752
    3070       1.9481
    3071       1.9436
    3072       1.9787
    3073       1.9385
    3074       1.9471
    3075       1.8742
    3076       1.9468
    3077       1.8993
    3078       1.9225
    3079       1.9111
    3080       1.9745
    3081       1.9817
    3082       1.9428
    3083       2.0247
    3084       2.0244
    3085       2.0156
    3086       2.0081
    3087       1.9664
    3088       1.9830
    3089       2.0026
    3090       2.0265
    3091       1.9787
    3092       1.9975
    3093       2.0125
    3094       2.0357
    3095       2.0314
    3096       2.0397
    3097       2.0988
    3098       2.0276
    3099       2.0141
    3100       2.0154
    3101       1.9990
    3102       2.0886
    3103       2.0727
    3104       2.0204
    3105       2.0421
    3106       1.9971
    3107       2.0924
    3108       2.0120
    3109       2.0600
    3110       2.0049
    3111       2.0243
    3112       1.9845
    3113       2.0467
    3114       1.9739
    3115       1.9619
    3116       1.9578
    3117       1.9463
    3118       1.9171
    3119       1.9411
    3120       1.9557
    3121       1.9765
    3122       1.9461
    3123       1.9537
    3124       2.0478
    3125       2.0380
    3126       2.0178
    3127       2.0943
    3128       2.0098
    3129       2.0450
    3130       2.0253
    3131       2.1232
    3132       2.0534
    3133       2.0721
    3134       1.9952
    3135       1.9537
    3136       1.9908
    3137       2.0512
    3138       2.0362
    3139       2.0701
    3140       2.0923
    3141       1.9998
    3142       2.0064
    3143       1.9808
    3144       2.0467
    3145       1.9601
    3146       1.9522
    3147       1.9412
    3148       1.9460
    3149       1.9696
    3150       1.9469
    3151       1.9543
    3152       1.9353
    3153       1.9274
    3154       1.8812
    3155       1.9088
    3156       1.8430
    3157       1.8294
    3158       1.9102
    3159       1.8494
    3160       1.9055
    3161       1.8557
    3162       1.8967
    3163       1.8819
    3164       1.9192
    3165       1.8746
    3166       1.8998
    3167       1.9453
    3168       1.9294
    3169       1.9301
    3170       1.9679
    3171       1.9597
    3172       1.9357
    3173       1.8693
    3174       1.9406
    3175       1.9569
    3176       1.9493
    3177       1.9026
    3178       1.9658
    3179       1.9304
    3180       1.9449
    3181       1.9612
    3182       1.9942
    3183       1.9523
    3184       2.0081
    3185       1.9490
    3186       1.9608
    3187       1.9532
    3188       1.9626
    3189       1.9285
    3190       1.9122
    3191       1.8952
    3192       1.9081
    3193       1.9566
    3194       1.9122
    3195       1.9132
    3196       1.9206
    3197       1.9012
    3198       1.9296
    3199       1.9547
    3200       1.9299
    3201       1.9046
    3202       1.9010
    3203       1.9619
    3204       1.8424
    3205       1.9553
    3206       1.9251
    3207       1.8736
    3208       1.9189
    3209       1.9199
    3210       1.9529
    3211       1.9205
    3212       1.8701
    3213       1.9020
    3214       1.9511
    3215       1.8904
    3216       1.9848
    3217       1.9676
    3218       1.9494
    3219       1.9582
    3220       1.8194
    3221       1.8413
    3222       1.8943
    3223       1.8664
    3224       1.8521
    3225       1.9080
    3226       1.8955
    3227       1.9023
    3228       1.8613
    3229       1.9486
    3230       1.9339
    3231       1.8965
    3232       1.9354
    3233       1.8723
    3234       1.8324
    3235       1.8316
    3236       1.8361
    3237       1.8557
    3238       1.9187
    3239       1.8872
    3240       1.9100
    3241       1.9102
    3242       1.8554
    3243       1.8636
    3244       1.9079
    3245       1.8716
    3246       1.8540
    3247       1.8746
    3248       1.9458
    3249       1.9398
    3250       1.9294
    3251       1.9185
    3252       1.9008
    3253       1.9206
    3254       1.8575
    3255       1.8937
    3256       1.8672
    3257       1.8547
    3258       1.8592
    3259       1.8876
    3260       1.8441
    3261       1.8842
    3262       1.8899
    3263       1.8832
    3264       1.8897
    3265       1.8851
    3266       1.9617
    3267       1.9907
    3268       1.9581
    3269       1.9555
    3270       1.9475
    3271       1.9295
    3272       1.9687
    3273       1.9834
    3274       1.9614
    3275       2.0340
    3276       1.9849
    3277       1.9374
    3278       1.8950
    3279       1.9462
    3280       1.9044
    3281       1.8361
    3282       1.8540
    3283       1.9012
    3284       1.8815
    3285       1.9144
    3286       1.9347
    3287       1.9411
    3288       1.8608
    3289       1.8558
    3290       1.9070
    3291       1.8977
    3292       1.8661
    3293       1.8751
    3294       1.8340
    3295       1.8772
    3296       1.7928
    3297       1.8514
    3298       1.8691
    3299       1.9241
    3300       1.9330
    3301       1.8571
    3302       1.9564
    3303       1.9195
    3304       1.9605
    3305       1.8798
    3306       1.9440
    3307       1.9700
    3308       2.0461
    3309       1.9914
    3310       1.9719
    3311       1.9287
    3312       2.0224
    3313       1.9873
    3314       2.0166
    3315       1.9929
    3316       2.0502
    3317       1.9366
    3318       2.0168
    3319       2.0080
    3320       1.9947
    3321       1.9844
    3322       1.9137
    3323       1.9935
    3324       1.9528
    3325       1.9529
    3326       1.9422
    3327       1.9124
    3328       1.8903
    3329       1.9408
    3330       1.9601
    3331       1.9652
    3332       1.8996
    3333       1.9532
    3334       2.0029
    3335       2.0344
    3336       2.0940
    3337       2.0041
    3338       2.0275
    3339       2.0143
    3340       2.0200
    3341       1.9904
    3342       1.9321
    3343       2.0092
    3344       2.0222
    3345       2.0179
    3346       2.0643
    3347       2.0978
    3348       2.0258
    3349       2.0195
    3350       2.1085
    3351       2.0506
    3352       2.0570
    3353       2.0602
    3354       2.1100
    3355       2.0632
    3356       2.0451
    3357       1.9950
    3358       2.0334
    3359       1.9487
    3360       2.0041
    3361       1.9894
    3362       1.9217
    3363       1.9007
    3364       1.9365
    3365       1.8802
    3366       1.8917
    3367       1.9217
    3368       2.0445
    3369       2.0003
    3370       1.9524
    3371       1.9806
    3372       2.0286
    3373       1.9818
    3374       1.9631
    3375       1.9865
    3376       1.9833
    3377       1.9502
    3378       1.9931
    3379       1.9136
    3380       1.9826
    3381       1.9986
    3382       2.0214
    3383       1.9539
    3384       2.0499
    3385       1.9949
    3386       2.0248
    3387       1.9855
    3388       2.0109
    3389       1.9793
    3390       1.9538
    3391       1.9207
    3392       1.9673
    3393       1.9483
    3394       1.9856
    3395       1.9758
    3396       1.9744
    3397       1.9223
    3398       1.8752
    3399       1.8943
    3400       1.9511
    3401       1.9782
    3402       1.9105
    3403       1.9347
    3404       1.9257
    3405       1.9093
    3406       1.9107
    3407       1.9226
    3408       1.9567
    3409       1.8870
    3410       1.8715
    3411       1.8602
    3412       1.8329
    3413       1.8729
    3414       1.9172
    3415       1.8536
    3416       1.8573
    3417       1.8750
    3418       1.8925
    3419       1.8771
    3420       1.8985
    3421       1.9124
    3422       1.9007
    3423       1.8560
    3424       1.9108
    3425       1.9566
    3426       1.9258
    3427       1.9349
    3428       1.9117
    3429       1.9029
    3430       1.9786
    3431       1.9775
    3432       2.0266
    3433       1.9216
    3434       1.8745
    3435       1.8159
    3436       1.8954
    3437       1.8296
    3438       1.9250
    3439       1.8923
    3440       1.8972
    3441       1.9138
    3442       1.9345
    3443       1.9719
    3444       1.9179
    3445       1.9236
    3446       1.9337
    3447       1.9321
    3448       1.8895
    3449       1.8684
    3450       1.8338
    3451       1.8831
    3452       1.9433
    3453       1.9124
    3454       1.8763
    3455       1.8475
    3456       1.8440
    3457       1.8609
    3458       1.8582
    3459       1.8195
    3460       1.7826
    3461       1.8254
    3462       1.8079
    3463       1.8220
    3464       1.8379
    3465       1.8090
    3466       1.7724
    3467       1.8330
    3468       1.8201
    3469       1.7876
    3470       1.8269
    3471       1.7993
    3472       1.8191
    3473       1.8257
    3474       1.8771
    3475       1.8812
    3476       1.7963
    3477       1.7842
    3478       1.7720
    3479       1.7565
    3480       1.7949
    3481       1.8329
    3482       1.7889
    3483       1.7711
    3484       1.7693
    3485       1.7114
    3486       1.7590
    3487       1.7365
    3488       1.7263
    3489       1.7469
    3490       1.7840
    3491       1.7764
    3492       1.7396
    3493       1.7827
    3494       1.8209
    3495       1.7474
    3496       1.7535
    3497       1.7660
    3498       1.7631
    3499       1.8138
    3500       1.8185
    3501       1.8295
    3502       1.8098
    3503       1.8486
    3504       1.8089
    3505       1.7960
    3506       1.8182
    3507       1.8168
    3508       1.8516
    3509       1.8443
    3510       1.8360
    3511       1.8760
    3512       1.7905
    3513       1.8254
    3514       1.8198
    3515       1.8185
    3516       1.7760
    3517       1.8187
    3518       1.8062
    3519       1.8352
    3520       1.7842
    3521       1.7683
    3522       1.8186
    3523       1.8131
    3524       1.7811
    3525       1.8218
    3526       1.8124
    3527       1.7998
    3528       1.7919
    3529       1.7776
    3530       1.8253
    3531       1.8445
    3532       1.8019
    3533       1.7894
    3534       1.8259
    3535       1.8503
    3536       1.9158
    3537       1.8088
    3538       1.8935
    3539       1.8701
    3540       1.8619
    3541       1.8750
    3542       1.7832
    3543       1.7669
    3544       1.7606
    3545       1.7563
    3546       1.7942
    3547       1.7564
    3548       1.7147
    3549       1.7669
    3550       1.7336
    3551       1.7447
    3552       1.7695
    3553       1.7793
    3554       1.7900
    3555       1.7525
    3556       1.7737
    3557       1.7506
    3558       1.8140
    3559       1.7651
    3560       1.7934
    3561       1.8333
    3562       1.7729
    3563       1.7500
    3564       1.7592
    3565       1.7820
    3566       1.8505
    3567       1.7785
    3568       1.7816
    3569       1.8193
    3570       1.8194
    3571       1.8266
    3572       1.8272
    3573       1.8383
    3574       1.8218
    3575       1.8455
    3576       1.8633
    3577       1.8550
    3578       1.8871
    3579       1.8202
    3580       1.7556
    3581       1.7671
    3582       1.7674
    3583       1.8177
    3584       1.8084
    3585       1.8191
    3586       1.8194
    3587       1.8273
    3588       1.7758
    3589       1.7777
    3590       1.8000
    3591       1.7682
    3592       1.7629
    3593       1.7755
    3594       1.8131
    3595       1.7826
    3596       1.7666
    3597       1.8457
    3598       1.7600
    3599       1.7663
    3600       1.7936
    3601       1.8064
    3602       1.8531
    3603       1.8281
    3604       1.8510
    3605       1.8514
    3606       1.9145
    3607       1.8709
    3608       1.8811
    3609       1.8210
    3610       1.8616
    3611       1.8862
    3612       1.8331
    3613       1.8558
    3614       1.8954
    3615       1.8072
    3616       1.8343
    3617       1.8468
    3618       1.8246
    3619       1.7629
    3620       1.7926
    3621       1.7591
    3622       1.8418
    3623       1.7898
    3624       1.8638
    3625       1.8511
    3626       1.8742
    3627       1.8316
    3628       1.8156
    3629       1.7995
    3630       1.8001
    3631       1.7967
    3632       1.8065
    3633       1.8127
    3634       1.7312
    3635       1.8032
    3636       1.7739
    3637       1.7402
    3638       1.7702
    3639       1.7414
    3640       1.8181
    3641       1.7922
    3642       1.8097
    3643       1.7304
    3644       1.7788
    3645       1.7568
    3646       1.8637
    3647       1.8270
    3648       1.7647
    3649       1.8459
    3650       1.8063
    3651       1.7811
    3652       1.8565
    3653       1.8250
    3654       1.8256
    3655       1.8256
    3656       1.8402
    3657       1.7833
    3658       1.7852
    3659       1.7880
    3660       1.7819
    3661       1.7787
    3662       1.8279
    3663       1.8131
    3664       1.7777
    3665       1.8197
    3666       1.8531
    3667       1.8683
    3668       1.7654
    3669       1.8274
    3670       1.7801
    3671       1.8415
    3672       1.8830
    3673       1.8069
    3674       1.8773
    3675       1.8882
    3676       1.8486
    3677       1.8270
    3678       1.8288
    3679       1.7739
    3680       1.7851
    3681       1.8204
    3682       1.7517
    3683       1.8673
    3684       1.8287
    3685       1.7911
    3686       1.7260
    3687       1.7180
    3688       1.7529
    3689       1.7661
    3690       1.8017
    3691       1.8278
    3692       1.8570
    3693       1.8044
    3694       1.8073
    3695       1.8584
    3696       1.8729
    3697       1.7818
    3698       1.8208
    3699       1.8309
    3700       1.8280
    3701       1.8720
    3702       1.8469
    3703       1.8339
    3704       1.7976
    3705       1.8086
    3706       1.8556
    3707       1.8943
    3708       1.8955
    3709       1.8674
    3710       1.8354
    3711       1.8704
    3712       1.8430
    3713       1.8680
    3714       1.8815
    3715       1.9016
    3716       1.8733
    3717       1.8459
    3718       1.8801
    3719       1.8794
    3720       1.8673
    3721       1.8901
    3722       1.8696
    3723       1.8507
    3724       1.8403
    3725       1.7776
    3726       1.8149
    3727       1.8528
    3728       1.8628
    3729       1.8490
    3730       1.8208
    3731       1.8526
    3732       1.7926
    3733       1.7643
    3734       1.7767
    3735       1.8067
    3736       1.8643
    3737       1.8016
    3738       1.7343
    3739       1.7960
    3740       1.8086
    3741       1.7642
    3742       1.7574
    3743       1.8157
    3744       1.7937
    3745       1.7990
    3746       1.8213
    3747       1.8371
    3748       1.7683
    3749       1.7633
    3750       1.7281
    3751       1.7650
    3752       1.7831
    3753       1.8057
    3754       1.7377
    3755       1.7599
    3756       1.7206
    3757       1.7281
    3758       1.7129
    3759       1.7062
    3760       1.7337
    3761       1.7359
    3762       1.7362
    3763       1.7296
    3764       1.6839
    3765       1.7388
    3766       1.7292
    3767       1.7391
    3768       1.7349
    3769       1.8175
    3770       1.8221
    3771       1.8764
    3772       1.8136
    3773       1.8260
    3774       1.7636
    3775       1.8367
    3776       1.7838
    3777       1.8425
    3778       1.7878
    3779       1.7443
    3780       1.7824
    3781       1.7405
    3782       1.7704
    3783       1.7030
    3784       1.6796
    3785       1.7630
    3786       1.6855
    3787       1.7568
    3788       1.7387
    3789       1.7133
    3790       1.7069
    3791       1.6997
    3792       1.7322
    3793       1.6695
    3794       1.6909
    3795       1.7134
    3796       1.7148
    3797       1.7077
    3798       1.7075
    3799       1.6883
    3800       1.7403
    3801       1.7188
    3802       1.7253
    3803       1.7242
    3804       1.6915
    3805       1.6725
    3806       1.7184
    3807       1.7248
    3808       1.7143
    3809       1.7422
    3810       1.7057
    3811       1.7303
    3812       1.6698
    3813       1.7583
    3814       1.7434
    3815       1.8225
    3816       1.8017
    3817       1.7333
    3818       1.7880
    3819       1.8507
    3820       1.7969
    3821       1.7255
    3822       1.7538
    3823       1.7522
    3824       1.7159
    3825       1.7323
    3826       1.7480
    3827       1.7448
    3828       1.7741
    3829       1.7322
    3830       1.7122
    3831       1.7096
    3832       1.7820
    3833       1.7793
    3834       1.7664
    3835       1.7334
    3836       1.7476
    3837       1.7933
    3838       1.7739
    3839       1.8118
    3840       1.8385
    3841       1.7972
    3842       1.8259
    3843       1.7722
    3844       1.8367
    3845       1.8424
    3846       1.7814
    3847       1.7914
    3848       1.7928
    3849       1.7608
    3850       1.8722
    3851       1.8295
    3852       1.7895
    3853       1.8290
    3854       1.8077
    3855       1.8035
    3856       1.7632
    3857       1.7345
    3858       1.7401
    3859       1.8253
    3860       1.8008
    3861       1.8179
    3862       1.8278
    3863       1.7958
    3864       1.8511
    3865       1.8698
    3866       1.8987
    3867       1.9386
    3868       1.8578
    3869       1.8618
    3870       1.8027
    3871       1.7724
    3872       1.8255
    3873       1.7179
    3874       1.8007
    3875       1.7890
    3876       1.8439
    3877       1.7683
    3878       1.7558
    3879       1.8378
    3880       1.7830
    3881       1.8413
    3882       1.7594
    3883       1.8243
    3884       1.7807
    3885       1.7514
    3886       1.7725
    3887       1.7025
    3888       1.7827
    3889       1.8272
    3890       1.8153
    3891       1.7939
    3892       1.8144
    3893       1.7663
    3894       1.7623
    3895       1.7991
    3896       1.8519
    3897       1.8352
    3898       1.8064
    3899       1.7625
    3900       1.7706
    3901       1.8326
    3902       1.7713
    3903       1.7572
    3904       1.7676
    3905       1.7349
    3906       1.8315
    3907       1.7650
    3908       1.7626
    3909       1.7992
    3910       1.7823
    3911       1.7616
    3912       1.7909
    3913       1.8124
    3914       1.7487
    3915       1.7946
    3916       1.7517
    3917       1.8159
    3918       1.7921
    3919       1.7797
    3920       1.7665
    3921       1.7887
    3922       1.7591
    3923       1.7417
    3924       1.7197
    3925       1.7638
    3926       1.8077
    3927       1.8008
    3928       1.7999
    3929       1.7952
    3930       1.7924
    3931       1.7785
    3932       1.8515
    3933       1.8096
    3934       1.7600
    3935       1.8113
    3936       1.7891
    3937       1.7849
    3938       1.8269
    3939       1.7721
    3940       1.8111
    3941       1.8066
    3942       1.7895
    3943       1.8213
    3944       1.8107
    3945       1.8338
    3946       1.8160
    3947       1.8187
    3948       1.8645
    3949       1.8099
    3950       1.7814
    3951       1.8550
    3952       1.8710
    3953       1.8184
    3954       1.8655
    3955       1.8914
    3956       1.8369
    3957       1.8575
    3958       1.8148
    3959       1.7750
    3960       1.8864
    3961       1.8937
    3962       1.8442
    3963       1.8102
    3964       1.8202
    3965       1.8402
    3966       1.8252
    3967       1.8235
    3968       1.8871
    3969       1.8648
    3970       1.8689
    3971       1.8718
    3972       1.8334
    3973       1.8223
    3974       1.8032
    3975       1.8521
    3976       1.7849
    3977       1.7617
    3978       1.8046
    3979       1.7493
    3980       1.6976
    3981       1.7311
    3982       1.8083
    3983       1.7767
    3984       1.7529
    3985       1.8457
    3986       1.7865
    3987       1.7731
    3988       1.7845
    3989       1.8094
    3990       1.7874
    3991       1.8541
    3992       1.7707
    3993       1.7593
    3994       1.7964
    3995       1.8261
    3996       1.8336
    3997       1.7033
    3998       1.7381
    3999       1.7440
    4000       1.7513
    4001       1.7887
    4002       1.7331
    4003       1.7270
    4004       1.7670
    4005       1.7388
    4006       1.7461
    4007       1.7047
    4008       1.7376
    4009       1.7660
    4010       1.7743
    4011       1.7379
    4012       1.7602
    4013       1.7572
    4014       1.7875
    4015       1.8612
    4016       1.7884
    4017       1.8008
    4018       1.7847
    4019       1.7594
    4020       1.7722
    4021       1.7877
    4022       1.8746
    4023       1.8214
    4024       1.9230
    4025       1.8528
    4026       1.8664
    4027       1.8306
    4028       1.8357
    4029       1.8098
    4030       1.8635
    4031       1.8152
    4032       1.8548
    4033       1.8499
    4034       1.8504
    4035       1.8524
    4036       1.8541
    4037       1.8330
    4038       1.8184
    4039       1.8045
    4040       1.8222
    4041       1.7883
    4042       1.8229
    4043       1.8293
    4044       1.9005
    4045       1.8519
    4046       1.8611
    4047       1.8354
    4048       1.8067
    4049       1.7806
    4050       1.7823
    4051       1.8510
    4052       1.8074
    4053       1.8893
    4054       1.8956
    4055       1.9101
    4056       1.8217
    4057       1.8107
    4058       1.8066
    4059       1.8376
    4060       1.8135
    4061       1.8127
    4062       1.8439
    4063       1.8419
    4064       1.8746
    4065       1.8178
    4066       1.7773
    4067       1.8226
    4068       1.7887
    4069       1.8407
    4070       1.8565
    4071       1.9575
    4072       1.8837
    4073       1.9424
    4074       1.8846
    4075       1.9326
    4076       1.9311
    4077       1.8887
    4078       1.8790
    4079       1.9192
    4080       1.8815
    4081       1.9028
    4082       1.8984
    4083       1.8492
    4084       1.8828
    4085       1.9739
    4086       1.9186
    4087       1.9927
    4088       1.9905
    4089       1.9897
    4090       1.9776
    4091       1.9431
    4092       1.9424
    4093       1.9253
    4094       1.9479
    4095       2.0525
    4096       1.9785
    4097       1.9587
    4098       1.9148
    4099       1.8563
    4100       1.9487
    4101       1.9252
    4102       1.8821
    4103       1.9436
    4104       1.9552
    4105       1.9545
    4106       2.0433
    4107       1.9704
    4108       1.9558
    4109       1.9245
    4110       1.9408
    4111       2.0034
    4112       2.0042
    4113       1.9828
    4114       2.0192
    4115       1.9323
    4116       1.9377
    4117       1.9161
    4118       1.9494
    4119       1.9017
    4120       1.8166
    4121       1.8482
    4122       1.8676
    4123       1.7883
    4124       1.8253
    4125       1.8150
    4126       1.8449
    4127       1.8423
    4128       1.8556
    4129       1.8534
    4130       1.8312
    4131       1.8177
    4132       1.9131
    4133       1.8656
    4134       1.7945
    4135       1.8327
    4136       1.8074
    4137       1.8125
    4138       1.7598
    4139       1.7788
    4140       1.7245
    4141       1.7854
    4142       1.8269
    4143       1.8463
    4144       1.8880
    4145       1.8789
    4146       1.8606
    4147       1.7949
    4148       1.8293
    4149       1.8382
    4150       1.8503
    4151       1.8652
    4152       1.8747
    4153       1.8737
    4154       1.9200
    4155       1.9425
    4156       1.8735
    4157       1.9127
    4158       1.9227
    4159       1.9168
    4160       1.9139
    4161       1.9530
    4162       1.9585
    4163       1.9244
    4164       1.8938
    4165       1.9463
    4166       1.9559
    4167       1.9146
    4168       1.8621
    4169       1.9363
    4170       1.9348
    4171       1.9207
    4172       1.9100
    4173       2.0075
    4174       1.9552
    4175       1.9235
    4176       1.9003
    4177       1.8709
    4178       1.8836
    4179       1.9109
    4180       1.8397
    4181       1.9111
    4182       1.9353
    4183       1.9451
    4184       1.9117
    4185       1.8832
    4186       1.8737
    4187       1.9580
    4188       1.8694
    4189       1.8546
    4190       1.8479
    4191       1.8468
    4192       1.8678
    4193       1.8676
    4194       1.8503
    4195       1.8655
    4196       1.8942
    4197       1.9099
    4198       1.9145
    4199       1.8802
    4200       1.9454
    4201       1.9007
    4202       1.8841
    4203       1.9353
    4204       1.8997
    4205       1.8585
    4206       1.8198
    4207       1.8215
    4208       1.8404
    4209       1.8561
    4210       1.9261
    4211       1.8518
    4212       1.9324
    4213       1.9411
    4214       1.9201
    4215       1.9459
    4216       1.9529
    4217       1.9571
    4218       1.9458
    4219       1.8531
    4220       1.8639
    4221       1.9548
    4222       2.0003
    4223       1.9758
    4224       1.9267
    4225       1.9306
    4226       1.9836
    4227       1.9234
    4228       1.9481
    4229       1.9822
    4230       1.9110
    4231       1.9090
    4232       2.0240
    4233       1.9424
    4234       2.0176
    4235       1.9986
    4236       1.9061
    4237       1.8852
    4238       1.9064
    4239       1.9181
    4240       1.9166
    4241       1.9194
    4242       1.9769
    4243       1.9645
    4244       1.8997
    4245       1.9629
    4246       1.8925
    4247       1.9118
    4248       1.9210
    4249       2.0071
    4250       1.9870
    4251       1.9819
    4252       1.9222
    4253       1.9109
    4254       1.9009
    4255       1.8176
    4256       1.8290
    4257       1.8671
    4258       1.8667
    4259       1.7582
    4260       1.8357
    4261       1.9594
    4262       1.8701
    4263       1.8611
    4264       1.9177
    4265       1.9153
    4266       1.9422
    4267       1.9357
    4268       1.8853
    4269       1.9020
    4270       1.8910
    4271       1.9254
    4272       1.9223
    4273       1.9668
    4274       1.9450
    4275       1.9590
    4276       1.9634
    4277       1.9270
    4278       1.9559
    4279       1.8951
    4280       1.8903
    4281       1.8847
    4282       1.9193
    4283       1.8856
    4284       1.9926
    4285       1.9964
    4286       1.9661
    4287       1.9630
    4288       1.9152
    4289       1.9227
    4290       1.9841
    4291       1.9356
    4292       1.9850
    4293       1.9370
    4294       1.9518
    4295       1.9842
    4296       1.9553
    4297       2.0193
    4298       1.8894
    4299       1.9859
    4300       1.9286
    4301       1.9714
    4302       1.9247
    4303       1.9119
    4304       1.9173
    4305       1.9012
    4306       1.9581
    4307       1.9327
    4308       1.9025
    4309       1.8663
    4310       1.8621
    4311       1.8613
    4312       1.8456
    4313       1.7730
    4314       1.8263
    4315       1.7988
    4316       1.8025
    4317       1.8141
    4318       1.8096
    4319       1.8536
    4320       1.8442
    4321       1.8295
    4322       1.7970
    4323       1.8640
    4324       1.8634
    4325       1.8917
    4326       1.9289
    4327       1.8675
    4328       1.8515
    4329       1.8989
    4330       1.8713
    4331       1.8545
    4332       1.8339
    4333       1.8167
    4334       1.8741
    4335       1.8294
    4336       1.8547
    4337       1.8127
    4338       1.8735
    4339       1.8862
    4340       1.8920
    4341       1.8141
    4342       1.8965
    4343       1.9583
    4344       1.9800
    4345       1.9115
    4346       1.8937
    4347       1.8935
    4348       1.9145
    4349       1.8624
    4350       1.8533
    4351       1.9050
    4352       1.9670
    4353       1.9674
    4354       1.9711
    4355       1.9976
    4356       2.0278
    4357       1.9670
    4358       1.9757
    4359       1.9887
    4360       1.9434
    4361       1.9592
    4362       1.9111
    4363       1.9467
    4364       1.9626
    4365       1.9311
    4366       1.8664
    4367       1.8746
    4368       1.9638
    4369       1.9338
    4370       1.8386
    4371       1.8399
    4372       1.8645
    4373       1.8291
    4374       1.8183
    4375       1.8743
    4376       1.8449
    4377       1.8755
    4378       1.8752
    4379       1.9250
    4380       1.8941
    4381       1.8981
    4382       1.9257
    4383       1.8770
    4384       1.9123
    4385       1.8794
    4386       1.8561
    4387       1.9427
    4388       1.9083
    4389       1.8615
    4390       1.8899
    4391       1.8704
    4392       1.8557
    4393       1.8644
    4394       1.8853
    4395       1.8956
    4396       1.9348
    4397       1.9293
    4398       1.8654
    4399       1.8883
    4400       1.8539
    4401       1.8818
    4402       1.8503
    4403       1.8533
    4404       1.8348
    4405       1.8727
    4406       1.8589
    4407       1.8124
    4408       1.8130
    4409       1.8235
    4410       1.8477
    4411       1.8654
    4412       1.8297
    4413       1.8716
    4414       1.8707
    4415       1.8994
    4416       1.8699
    4417       1.9012
    4418       1.8643
    4419       1.8511
    4420       1.9302
    4421       1.9753
    4422       1.9255
    4423       1.9762
    4424       1.9621
    4425       1.9216
    4426       1.9495
    4427       1.9392
    4428       1.9655
    4429       2.0236
    4430       2.0065
    4431       1.9954
    4432       1.9736
    4433       1.9028
    4434       1.8702
    4435       1.9359
    4436       1.9595
    4437       1.9254
    4438       1.8767
    4439       1.9621
    4440       1.8983
    4441       1.8953
    4442       1.8629
    4443       1.8538
    4444       1.8715
    4445       1.8689
    4446       1.8451
    4447       1.8741
    4448       1.8340
    4449       1.8303
    4450       1.9810
    4451       1.8634
    4452       1.8611
    4453       1.8069
    4454       1.8875
    4455       1.9101
    4456       1.9032
    4457       1.9035
    4458       1.8913
    4459       1.8952
    4460       1.8735
    4461       1.8792
    4462       1.8931
    4463       1.8537
    4464       1.8546
    4465       1.8419
    4466       1.8299
    4467       1.8890
    4468       1.9032
    4469       1.8936
    4470       1.8455
    4471       1.8892
    4472       1.9644
    4473       1.9823
    4474       1.9386
    4475       1.9371
    4476       1.8671
    4477       1.9592
    4478       1.9275
    4479       1.9484
    4480       1.9705
    4481       1.9728
    4482       1.9436
    4483       1.9468
    4484       1.9675
    4485       1.9558
    4486       1.9430
    4487       2.0091
    4488       1.9735
    4489       1.9458
    4490       1.9567
    4491       1.9625
    4492       2.0575
    4493       2.0060
    4494       2.0040
    4495       2.0066
    4496       1.9776
    4497       2.0590
    4498       2.0651
    4499       2.0534
    4500       2.0458
    4501       2.1499
    4502       2.1327
    4503       2.1017
    4504       2.1400
    4505       2.1191
    4506       2.0656
    4507       2.0863
    4508       2.0942
    4509       2.0519
    4510       2.0260
    4511       2.0714
    4512       2.0935
    4513       2.0911
    4514       2.0662
    4515       2.0464
    4516       2.1008
    4517       2.1680
    4518       2.1070
    4519       2.0998
    4520       2.0568
    4521       2.0148
    4522       2.0832
    4523       2.1158
    4524       2.0715
    4525       2.1280
    4526       2.1170
    4527       2.1418
    4528       2.1618
    4529       2.1603
    4530       2.1474
    4531       2.1225
    4532       2.1694
    4533       2.1286
    4534       2.1800
    4535       2.1684
    4536       2.2205
    4537       2.1821
    4538       2.0811
    4539       2.1093
    4540       1.9912
    4541       1.9768
    4542       2.0534
    4543       2.0419
    4544       1.9663
    4545       2.0155
    4546       1.9723
    4547       2.0306
    4548       2.0129
    4549       2.0207
    4550       1.9204
    4551       1.9634
    4552       2.0164
    4553       1.9931
    4554       1.9489
    4555       1.9855
    4556       1.9299
    4557       1.9423
    4558       1.9522
    4559       1.9621
    4560       1.9829
    4561       1.9905
    4562       2.0069
    4563       1.9828
    4564       2.0186
    4565       2.0249
    4566       2.0480
    4567       2.0292
    4568       2.0631
    4569       2.0698
    4570       2.0393
    4571       1.9481
    4572       1.9573
    4573       1.9537
    4574       1.9868
    4575       1.9557
    4576       1.9071
    4577       1.9960
    4578       1.9500
    4579       2.0144
    4580       1.9386
    4581       1.9424
    4582       1.8767
    4583       1.8963
    4584       1.8973
    4585       1.8939
    4586       1.8573
    4587       1.9378
    4588       1.9376
    4589       1.8856
    4590       1.9602
    4591       1.9204
    4592       1.8870
    4593       1.9535
    4594       1.9165
    4595       1.9589
    4596       1.8987
    4597       1.8678
    4598       1.9247
    4599       1.9749
    4600       1.9757
    4601       1.9356
    4602       1.9532
    4603       1.9441
    4604       1.9777
    4605       1.9308
    4606       1.9023
    4607       1.9516
    4608       1.9553
    4609       1.9004
    4610       1.9990
    4611       1.9926
    4612       1.9915
    4613       1.9992
    4614       1.9807
    4615       1.9996
    4616       2.0358
    4617       2.0316
    4618       2.0488
    4619       2.0122
    4620       1.9955
    4621       2.0360
    4622       2.0290
    4623       1.9819
    4624       1.9800
    4625       2.0044
    4626       2.0011
    4627       2.0318
    4628       1.9847
    4629       2.0407
    4630       2.0625
    4631       2.0208
    4632       2.0459
    4633       2.0257
    4634       1.9975
    4635       2.0236
    4636       2.0804
    4637       2.0256
    4638       2.0005
    4639       1.9867
    4640       1.9928
    4641       1.9840
    4642       2.0308
    4643       2.0194
    4644       1.9495
    4645       1.9195
    4646       1.9495
    4647       1.9434
    4648       1.9490
    4649       1.9404
    4650       2.0256
    4651       2.0136
    4652       2.0247
    4653       2.0726
    4654       2.0420
    4655       1.9530
    4656       1.9350
    4657       1.9939
    4658       2.0386
    4659       1.9431
    4660       1.9653
    4661       1.9574
    4662       1.9624
    4663       2.0043
    4664       1.9180
    4665       1.9801
    4666       1.9681
    4667       1.9372
    4668       1.9646
    4669       1.9339
    4670       1.9843
    4671       1.9798
    4672       1.9820
    4673       1.9226
    4674       1.9792
    4675       1.9677
    4676       1.9915
    4677       1.9867
    4678       1.9751
    4679       1.9825
    4680       2.0041
    4681       2.0076
    4682       2.0060
    4683       2.0292
    4684       2.0020
    4685       1.9267
    4686       2.0514
    4687       1.9721
    4688       1.9557
    4689       1.9395
    4690       1.9463
    4691       1.9286
    4692       1.9866
    4693       1.9510
    4694       2.0013
    4695       1.9998
    4696       2.0409
    4697       2.1148
    4698       2.1504
    4699       2.1047
    4700       2.1012
    4701       2.0830
    4702       2.0781
    4703       2.1474
    4704       2.0080
    4705       2.0723
    4706       1.9942
    4707       2.0314
    4708       1.9641
    4709       1.9396
    4710       1.9214
    4711       1.9416
    4712       1.9592
    4713       1.9467
    4714       1.8749
    4715       1.8872
    4716       1.9598
    4717       1.9928
    4718       1.9722
    4719       1.9834
    4720       1.9180
    4721       1.8980
    4722       1.9745
    4723       1.9646
    4724       1.8401
    4725       1.9513
    4726       1.9466
    4727       1.9830
    4728       1.9867
    4729       1.9761
    4730       1.9739
    4731       1.9493
    4732       1.9609
    4733       1.9749
    4734       2.0058
    4735       1.9885
    4736       1.9852
    4737       1.9764
    4738       1.9934
    4739       2.0415
    4740       2.0718
    4741       2.0588
    4742       2.0354
    4743       2.0457
    4744       1.9937
    4745       2.0606
    4746       1.9577
    4747       2.0042
    4748       2.0511
    4749       2.0498
    4750       2.0338
    4751       2.0470
    4752       1.9684
    4753       1.9709
    4754       1.9172
    4755       1.9036
    4756       1.9256
    4757       1.9549
    4758       1.9156
    4759       1.9220
    4760       2.0101
    4761       1.9419
    4762       1.9561
    4763       1.9811
    4764       1.9445
    4765       1.9833
    4766       1.9576
    4767       1.9286
    4768       1.9368
    4769       1.9978
    4770       1.9902
    4771       1.9584
    4772       1.9675
    4773       1.9473
    4774       1.9292
    4775       1.9280
    4776       2.0239
    4777       1.9336
    4778       1.9406
    4779       1.9664
    4780       1.9682
    4781       1.9910
    4782       1.9933
    4783       1.9353
    4784       1.9710
    4785       1.9748
    4786       1.9690
    4787       1.9391
    4788       1.9443
    4789       1.9844
    4790       1.9809
    4791       2.0187
    4792       2.0655
    4793       2.0145
    4794       2.0133
    4795       2.0068
    4796       2.0086
    4797       1.9505
    4798       2.0274
    4799       2.0647
    4800       2.0354
    4801       1.9605
    4802       2.0470
    4803       1.9337
    4804       1.9548
    4805       1.9923
    4806       1.9796
    4807       2.0050
    4808       2.0087
    4809       2.1006
    4810       2.0379
    4811       2.0552
    4812       1.9886
    4813       2.0032
    4814       1.9534
    4815       2.0094
    4816       2.0414
    4817       2.0545
    4818       2.0143
    4819       2.0204
    4820       2.0252
    4821       2.0497
    4822       2.0945
    4823       2.0616
    4824       2.0590
    4825       2.0320
    4826       2.0094
    4827       1.9808
    4828       1.9679
    4829       2.0302
    4830       1.9946
    4831       2.0072
    4832       2.0720
    4833       2.0602
    4834       2.1122
    4835       2.0654
    4836       2.0248
    4837       2.0931
    4838       2.0587
    4839       2.0730
    4840       2.0173
    4841       2.0709
    4842       2.0266
    4843       2.0640
    4844       2.0387
    4845       2.0136
    4846       1.9974
    4847       1.9681
    4848       1.9873
    4849       1.9228
    4850       1.9517
    4851       1.9506
    4852       1.8578
    4853       1.9040
    4854       1.9033
    4855       1.8602
    4856       1.9402
    4857       1.8928
    4858       1.9735
    4859       1.9623
    4860       1.9734
    4861       1.8692
    4862       1.9082
    4863       1.9555
    4864       1.9827
    4865       1.9363
    4866       1.9714
    4867       2.0014
    4868       2.0203
    4869       1.9924
    4870       1.9618
    4871       1.9362
    4872       1.9317
    4873       1.9103
    4874       1.9470
    4875       1.9319
    4876       1.9462
    4877       1.9202
    4878       2.0427
    4879       1.9917
    4880       2.0152
    4881       1.9876
    4882       2.0397
    4883       1.9922
    4884       2.0130
    4885       1.9394
    4886       1.9104
    4887       1.9298
    4888       1.9816
    4889       1.9547
    4890       1.9007
    4891       1.8962
    4892       1.9001
    4893       1.8873
    4894       1.9340
    4895       1.9001
    4896       1.8771
    4897       1.8293
    4898       1.8889
    4899       1.8358
    4900       1.8643
    4901       1.8657
    4902       1.8286
    4903       1.8369
    4904       1.8616
    4905       1.8576
    4906       1.8425
    4907       1.8636
    4908       1.8251
    4909       1.9091
    4910       1.9087
    4911       1.9134
    4912       1.8449
    4913       1.9029
    4914       1.9690
    4915       1.9398
    4916       1.9107
    4917       1.9330
    4918       1.9027
    4919       1.8839
    4920       1.8819
    4921       1.9274
    4922       1.9196
    4923       1.9238
    4924       1.8948
    4925       1.8717
    4926       1.8801
    4927       1.9032
    4928       1.8905
    4929       1.9354
    4930       1.9255
    4931       1.8417
    4932       1.8743
    4933       1.8974
    4934       1.9721
    4935       1.9886
    4936       1.9820
    4937       2.0072
    4938       1.9890
    4939       1.9574
    4940       2.0047
    4941       2.0040
    4942       2.0080
    4943       1.9854
    4944       1.9910
    4945       1.9409
    4946       1.9365
    4947       1.9644
    4948       1.9487
    4949       1.9615
    4950       1.9504
    4951       1.9524
    4952       1.9938
    4953       2.0136
    4954       1.9525
    4955       1.9266
    4956       1.9237
    4957       1.9472
    4958       1.9105
    4959       1.9607
    4960       1.9587
    4961       1.9917
    4962       1.9367
    4963       1.9520
    4964       1.9902
    4965       1.9385
    4966       1.9828
    4967       2.0016
    4968       2.0237
    4969       2.0570
    4970       2.0599
    4971       2.0370
    4972       2.0456
    4973       2.0752
    4974       2.0302
    4975       2.0262
    4976       2.0524
    4977       1.9728
    4978       2.0053
    4979       1.9553
    4980       1.9378
    4981       1.9083
    4982       1.8884
    4983       1.9311
    4984       1.8947
    4985       1.9506
    4986       1.9418
    4987       1.9652
    4988       1.9414
    4989       1.8702
    4990       1.8633
    4991       1.9035
    4992       1.9061
    4993       1.8870
    4994       1.9394
    4995       1.9205
    4996       1.9434
    4997       1.9558
    4998       1.8754
    4999       1.8692
    5000       1.8738
    5001       1.8591
    5002       1.8281
    5003       1.8930
    5004       1.8739
    5005       1.9009
    5006       1.9161
    5007       1.9340
    5008       1.8653
    5009       1.8715
    5010       1.8894
    5011       1.9594
    5012       1.9556
    5013       2.0015
    5014       1.9264
    5015       1.9167
    5016       1.8858
    5017       1.9390
    5018       1.9103
    5019       1.8975
    5020       1.8844
    5021       1.8882
    5022       1.8963
    5023       1.8523
    5024       1.8780
    5025       1.8664
    5026       1.8839
    5027       1.8756
    5028       1.9449
    5029       1.8967
    5030       1.9626
    5031       1.9615
    5032       1.9186
    5033       1.8820
    5034       1.9491
    5035       1.9620
    5036       1.9075
    5037       1.9406
    5038       1.9183
    5039       1.9328
    5040       1.9144
    5041       1.9781
    5042       1.9839
    5043       1.9830
    5044       1.9204
    5045       1.9946
    5046       1.9979
    5047       1.9266
    5048       1.9569
    5049       1.9263
    5050       2.0223
    5051       2.1273
    5052       2.0863
    5053       2.0814
    5054       2.0642
    5055       1.9906
    5056       1.9469
    5057       1.9797
    5058       1.9549
    5059       1.9654
    5060       1.9451
    5061       1.8825
    5062       1.9225
    5063       1.9951
    5064       1.9331
    5065       1.9173
    5066       1.8890
    5067       1.9415
    5068       1.9666
    5069       2.0197
    5070       1.9676
    5071       1.9539
    5072       1.9272
    5073       1.9024
    5074       1.9167
    5075       1.9216
    5076       1.9660
    5077       1.9065
    5078       1.9220
    5079       1.9154
    5080       1.8995
    5081       1.9350
    5082       1.9088
    5083       1.9224
    5084       1.9426
    5085       1.9755
    5086       1.9792
    5087       1.9460
    5088       1.9445
    5089       1.8833
    5090       1.8684
    5091       1.8657
    5092       1.8662
    5093       1.9303
    5094       1.9032
    5095       1.8704
    5096       1.8450
    5097       1.8617
    5098       1.8341
    5099       1.8623
    5100       1.8730
    5101       1.8018
    5102       1.7705
    5103       1.7928
    5104       1.8044
    5105       1.9035
    5106       1.8572
    5107       1.8977
    5108       1.8183
    5109       1.8545
    5110       1.9192
    5111       1.8938
    5112       1.8792
    5113       1.8991
    5114       1.9132
    5115       1.8973
    5116       1.9409
    5117       1.9848
    5118       1.9431
    5119       1.9122
    5120       1.9751
    5121       1.9617
    5122       1.8793
    5123       1.8302
    5124       1.8217
    5125       1.8388
    5126       1.8699
    5127       1.8743
    5128       1.9309
    5129       1.8990
    5130       1.8732
    5131       1.9072
    5132       1.9021
    5133       1.8859
    5134       1.8552
    5135       1.9124
    5136       1.9030
    5137       1.9527
    5138       1.9159
    5139       1.9222
    5140       1.9567
    5141       1.9496
    5142       1.9035
    5143       1.9687
    5144       1.9418
    5145       1.9353
    5146       1.9226
    5147       1.9364
    5148       1.8583
    5149       1.9364
    5150       1.9182
    5151       1.9208
    5152       1.9250
    5153       1.9272
    5154       1.9490
    5155       1.9897
    5156       1.9599
    5157       1.9919
    5158       1.9750
    5159       2.0877
    5160       2.0610
    5161       2.0402
    5162       2.0271
    5163       2.0519
    5164       2.0542
    5165       2.0371
    5166       2.0165
    5167       1.9810
    5168       1.9568
    5169       1.9341
    5170       1.9625
    5171       1.9778
    5172       1.9752
    5173       1.9501
    5174       1.9563
    5175       1.9304
    5176       1.9310
    5177       1.8987
    5178       1.8933
    5179       1.8646
    5180       1.8688
    5181       1.8712
    5182       1.8802
    5183       1.9368
    5184       1.8851
    5185       1.8756
    5186       1.9035
    5187       1.8856
    5188       1.9133
    5189       1.8357
    5190       1.8764
    5191       1.8414
    5192       1.8726
    5193       1.8391
    5194       1.8627
    5195       1.8920
    5196       1.9595
    5197       1.8620
    5198       1.9176
    5199       1.9010
    5200       1.9077
    5201       1.9278
    5202       1.9269
    5203       1.9729
    5204       1.9040
    5205       1.9045
    5206       1.9206
    5207       1.8839
    5208       1.8918
    5209       1.9500
    5210       2.0103
    5211       1.9403
    5212       1.9211
    5213       1.9805
    5214       1.9604
    5215       1.9151
    5216       1.8738
    5217       1.9275
    5218       1.9467
    5219       1.9250
    5220       1.9938
    5221       1.9891
    5222       1.9938
    5223       1.9467
    5224       2.0143
    5225       2.0070
    5226       2.0104
    5227       2.0671
    5228       2.0355
    5229       1.9806
    5230       1.9744
    5231       1.9513
    5232       1.9758
    5233       1.9645
    5234       1.9441
    5235       1.9153
    5236       1.9789
    5237       1.9846
    5238       1.9809
    5239       1.9607
    5240       2.0012
    5241       2.0299
    5242       1.9965
    5243       2.0354
    5244       2.0017
    5245       2.0160
    5246       1.9451
    5247       1.9802
    5248       1.9663
    5249       1.8978
    5250       1.9196
    5251       1.9308
    5252       1.9190
    5253       1.9299
    5254       1.9422
    5255       1.9152
    5256       1.8877
    5257       1.8516
    5258       1.8719
    5259       1.8949
    5260       1.8441
    5261       1.8474
    5262       1.8864
    5263       1.8668
    5264       1.8865
    5265       1.8814
    5266       1.8383
    5267       1.9048
    5268       1.9168
    5269       1.9123
    5270       1.9158
    5271       1.9284
    5272       1.9075
    5273       1.8259
    5274       1.9189
    5275       1.8745
    5276       1.9005
    5277       1.9145
    5278       1.9034
    5279       1.9077
    5280       1.9275
    5281       1.8976
    5282       1.9024
    5283       1.8958
    5284       1.9205
    5285       1.8733
    5286       1.8775
    5287       1.8804
    5288       1.8964
    5289       1.9100
    5290       1.9915
    5291       1.9417
    5292       1.9620
    5293       1.9077
    5294       1.8843
    5295       1.8848
    5296       1.8761
    5297       1.9048
    5298       1.8826
    5299       1.8949
    5300       1.8576
    5301       1.9623
    5302       1.9295
    5303       1.9637
    5304       1.9754
    5305       2.0941
    5306       2.1606
    5307       2.1537
    5308       2.1767
    5309       2.2374
    5310       2.1152
    5311       2.1143
    5312       2.0580
    5313       2.1612
    5314       2.1156
    5315       2.2149
    5316       2.1202
    5317       2.0511
    5318       2.0117
    5319       2.1036
    5320       2.0248
    5321       2.0326
    5322       2.0497
    5323       2.0035
    5324       2.0535
    5325       2.0981
    5326       2.1073
    5327       2.1054
    5328       2.0431
    5329       2.0208
    5330       1.9911
    5331       1.9962
    5332       2.0747
    5333       2.0052
    5334       2.0560
    5335       2.0455
    5336       2.0080
    5337       2.0465
    5338       2.0744
    5339       2.0691
    5340       2.1001
    5341       2.0721
    5342       1.9898
    5343       1.9372
    5344       1.9923
    5345       2.0873
    5346       2.0120
    5347       2.1264
    5348       2.1257
    5349       2.0690
    5350       2.1229
    5351       2.1044
    5352       2.1743
    5353       2.1362
    5354       2.1492
    5355       2.1902
    5356       2.1377
    5357       2.0832
    5358       2.0464
    5359       2.1372
    5360       2.0842
    5361       2.1407
    5362       2.1066
    5363       2.0932
    5364       2.0450
    5365       2.0691
    5366       2.0852
    5367       2.0387
    5368       2.0185
    5369       1.9671
    5370       2.0037
    5371       1.9964
    5372       1.9497
    5373       2.0145
    5374       2.0332
    5375       2.0042
    5376       1.9578
    5377       2.0018
    5378       2.0882
    5379       2.0915
    5380       2.0370
    5381       2.0555
    5382       2.0219
    5383       2.0250
    5384       1.9832
    5385       1.9742
    5386       2.0303
    5387       2.0318
    5388       2.0432
    5389       2.0168
    5390       2.0636
    5391       2.0586
    5392       2.0784
    5393       2.0775
    5394       2.0097
    5395       1.9839
    5396       2.0247
    5397       1.9941
    5398       2.0862
    5399       2.0593
    5400       1.9693
    5401       1.9362
    5402       1.9673
    5403       1.9911
    5404       1.9865
    5405       1.9746
    5406       2.0003
    5407       1.9647
    5408       2.0267
    5409       1.9914
    5410       1.9503
    5411       2.0474
    5412       2.0645
    5413       2.0692
    5414       1.9595
    5415       1.9578
    5416       1.9590
    5417       2.0099
    5418       1.9534
    5419       1.9774
    5420       2.0183
    5421       1.9945
    5422       1.9762
    5423       1.9835
    5424       2.0018
    5425       1.9576
    5426       1.9787
    5427       2.0138
    5428       1.8840
    5429       1.9618
    5430       2.0400
    5431       2.0099
    5432       2.0016
    5433       1.9152
    5434       1.9518
    5435       1.9684
    5436       1.9457
    5437       1.9576
    5438       1.9898
    5439       1.9990
    5440       2.0359
    5441       2.0239
    5442       1.9855
    5443       2.0130
    5444       2.0091
    5445       2.0342
    5446       2.0227
    5447       2.0237
    5448       1.9960
    5449       1.9354
    5450       1.9581
    5451       1.9293
    5452       1.9262
    5453       1.9763
    5454       2.0481
    5455       2.0089
    5456       1.9891
    5457       1.9875
    5458       2.0388
    5459       1.9973
    5460       2.0693
    5461       2.0621
    5462       2.0467
    5463       2.0850
    5464       2.0266
    5465       2.0754
    5466       2.0411
    5467       2.0279
    5468       2.0403
    5469       1.9639
    5470       2.0045
    5471       1.9169
    5472       1.9093
    5473       1.9496
    5474       1.9717
    5475       1.9046
    5476       1.9646
    5477       1.9601
    5478       2.0081
    5479       1.9593
    5480       1.9200
    5481       1.9418
    5482       1.9383
    5483       1.9654
    5484       1.9119
    5485       1.9592
    5486       1.9499
    5487       1.9963
    5488       1.9951
    5489       1.9159
    5490       1.8932
    5491       1.9069
    5492       1.9740
    5493       1.9588
    5494       2.0047
    5495       1.9814
    5496       1.9561
    5497       1.9473
    5498       1.9813
    5499       1.9437
    5500       1.9513
    5501       1.9683
    5502       1.9634
    5503       1.8837
    5504       1.9404
    5505       1.9547
    5506       1.9175
    5507       1.9232
    5508       1.8848
    5509       1.9421
    5510       1.9122
    5511       1.9052
    5512       1.8971
    5513       1.9411
    5514       1.8572
    5515       1.8722
    5516       1.8920
    5517       1.9076
    5518       1.8741
    5519       1.9379
    5520       1.9457
    5521       1.9466
    5522       1.9527
    5523       1.9854
    5524       1.9074
    5525       1.9754
    5526       1.9199
    5527       1.9463
    5528       1.9232
    5529       1.9379
    5530       1.9414
    5531       1.9672
    5532       1.9829
    5533       1.9577
    5534       1.9443
    5535       1.8488
    5536       1.9443
    5537       1.9173
    5538       1.9510
    5539       1.9204
    5540       1.9299
    5541       1.9208
    5542       1.8966
    5543       1.9344
    5544       1.9248
    5545       1.9699
    5546       1.9045
    5547       1.9075
    5548       1.9778
    5549       1.8946
    5550       1.9520
    5551       1.9616
    5552       1.9127
    5553       1.9537
    5554       1.9759
    5555       1.9764
    5556       2.0196
    5557       1.9581
    5558       2.0081
    5559       1.9914
    5560       1.9368
    5561       1.9370
    5562       2.0320
    5563       1.9611
    5564       1.9726
    5565       1.9479
    5566       1.9683
    5567       1.9631
    5568       1.9422
    5569       1.9576
    5570       2.0415
    5571       2.0421
    5572       2.0090
    5573       2.0524
    5574       2.0058
    5575       2.0322
    5576       2.0191
    5577       2.0464
    5578       2.0488
    5579       1.9977
    5580       1.9973
    5581       1.9388
    5582       1.9901
    5583       2.0243
    5584       2.0660
    5585       2.0705
    5586       2.0380
    5587       2.0148
    5588       2.0593
    5589       2.0944
    5590       2.0630
    5591       1.9410
    5592       1.9912
    5593       1.9492
    5594       1.9600
    5595       2.0057
    5596       1.9647
    5597       1.9701
    5598       1.9858
    5599       2.0080
    5600       1.9891
    5601       1.9237
    5602       1.9510
    5603       2.0002
    5604       1.9972
    5605       1.9911
    5606       2.0415
    5607       2.0725
    5608       1.9741
    5609       2.0181
    5610       2.0399
    5611       2.0348
    5612       2.0154
    5613       1.9331
    5614       1.9725
    5615       1.9911
    5616       1.9792
    5617       1.9759
    5618       1.9364
    5619       1.9845
    5620       1.9894
    5621       1.9243
    5622       1.9314
    5623       1.9227
    5624       1.9432
    5625       1.9298
    5626       2.0074
    5627       1.9622
    5628       1.9650
    5629       1.9593
    5630       1.9393
    5631       1.9739
    5632       1.9655
    5633       1.9522
    5634       1.9613
    5635       1.9550
    5636       2.0615
    5637       2.0389
    5638       2.0103
    5639       1.9454
    5640       2.0055
    5641       2.0424
    5642       2.0441
    5643       1.9790
    5644       1.9855
    5645       1.9988
    5646       1.9523
    5647       1.9726
    5648       1.9209
    5649       1.9932
    5650       2.0384
    5651       1.9955
    5652       1.9895
    5653       1.9454
    5654       1.9553
    5655       1.9836
    5656       2.0268
    5657       1.9881
    5658       2.0564
    5659       2.0535
    5660       2.0325
    5661       2.0412
    5662       1.9840
    5663       1.9357
    5664       1.9638
    5665       2.0082
    5666       2.0282
    5667       2.0041
    5668       1.9956
    5669       1.9410
    5670       1.9435
    5671       1.9641
    5672       1.9406
    5673       1.9573
    5674       1.9435
    5675       1.9966
    5676       1.9967
    5677       1.9581
    5678       1.9668
    5679       1.9140
    5680       1.9666
    5681       1.9446
    5682       1.9685
    5683       1.9290
    5684       1.8510
    5685       1.8349
    5686       1.8642
    5687       1.8735
    5688       1.9155
    5689       1.8846
    5690       1.8971
    5691       1.9230
    5692       1.9137
    5693       1.9389
    5694       1.9131
    5695       1.9053
    5696       1.9113
    5697       1.8683
    5698       1.8739
    5699       1.8976
    5700       1.9175
    5701       2.0084
    5702       1.9688
    5703       1.9428
    5704       1.9584
    5705       2.0184
    5706       1.9805
    5707       1.9734
    5708       1.9894
    5709       1.9119
    5710       1.9360
    5711       1.8989
    5712       1.9370
    5713       1.9662
    5714       2.0125
    5715       1.9249
    5716       1.9406
    5717       1.9457
    5718       1.8861
    5719       1.9448
    5720       1.9276
    5721       1.9405
    5722       1.8942
    5723       1.9331
    5724       1.9297
    5725       1.9011
    5726       1.9377
    5727       1.9128
    5728       1.9486
    5729       1.9394
    5730       1.9485
    5731       1.8936
    5732       1.9387
    5733       1.8923
    5734       1.8618
    5735       1.9006
    5736       1.8508
    5737       1.8305
    5738       1.8030
    5739       1.8913
    5740       1.8806
    5741       1.8671
    5742       1.9067
    5743       1.8890
    5744       1.8987
    5745       1.9118
    5746       1.8767
    5747       1.9485
    5748       1.9646
    5749       1.9741
    5750       1.9849
    5751       1.9459
    5752       1.9397
    5753       1.8918
    5754       2.0029
    5755       2.0615
    5756       1.9576
    5757       1.9822
    5758       1.9609
    5759       1.9923
    5760       2.0342
    5761       2.0294
    5762       2.0421
    5763       2.0572
    5764       2.0223
    5765       2.0334
    5766       1.9622
    5767       2.0419
    5768       1.9640
    5769       1.9608
    5770       1.9277
    5771       1.9590
    5772       1.9699
    5773       1.9725
    5774       1.9409
    5775       1.8902
    5776       1.9984
    5777       2.0134
    5778       1.9584
    5779       1.9074
    5780       1.8992
    5781       1.9176
    5782       1.9147
    5783       1.9007
    5784       1.9333
    5785       1.9553
    5786       1.9457
    5787       1.9281
    5788       1.9025
    5789       1.9032
    5790       1.9358
    5791       1.9283
    5792       1.9447
    5793       1.9372
    5794       1.8206
    5795       1.8753
    5796       1.8666
    5797       1.8875
    5798       1.9093
    5799       1.9094
    5800       1.8530
    5801       1.8628
    5802       1.8331
    5803       1.8373
    5804       1.8888
    5805       1.8906
    5806       1.8679
    5807       1.8631
    5808       1.8305
    5809       1.8487
    5810       1.8316
    5811       1.8962
    5812       1.9077
    5813       1.9166
    5814       1.9125
    5815       1.9463
    5816       1.8813
    5817       1.8988
    5818       1.9067
    5819       1.8855
    5820       1.9197
    5821       1.9325
    5822       1.9189
    5823       1.9464
    5824       1.8682
    5825       1.8314
    5826       1.8588
    5827       1.8632
    5828       1.8934
    5829       1.9048
    5830       1.8593
    5831       1.9345
    5832       1.8738
    5833       1.8768
    5834       1.8750
    5835       1.8562
    5836       1.8929
    5837       1.8600
    5838       1.8162
    5839       1.8169
    5840       1.8429
    5841       1.8643
    5842       1.8665
    5843       1.8500
    5844       1.8768
    5845       1.8279
    5846       1.7794
    5847       1.8751
    5848       1.9059
    5849       1.9607
    5850       1.8941
    5851       1.8408
    5852       1.8611
    5853       1.8814
    5854       1.8529
    5855       1.7927
    5856       1.8280
    5857       1.8378
    5858       1.8232
    5859       1.8309
    5860       1.7451
    5861       1.8242
    5862       1.7837
    5863       1.7901
    5864       1.7463
    5865       1.7562
    5866       1.7738
    5867       1.7602
    5868       1.8515
    5869       1.7892
    5870       1.7542
    5871       1.7949
    5872       1.7569
    5873       1.7729
    5874       1.7137
    5875       1.7806
    5876       1.7944
    5877       1.7851
    5878       1.7775
    5879       1.8084
    5880       1.7974
    5881       1.8405
    5882       1.8317
    5883       1.7955
    5884       1.7815
    5885       1.7903
    5886       1.7735
    5887       1.8722
    5888       1.8598
    5889       1.8240
    5890       1.8624
    5891       1.8613
    5892       1.9131
    5893       1.8570
    5894       1.8845
    5895       1.8647
    5896       1.8285
    5897       1.8678
    5898       1.9237
    5899       1.8828
    5900       1.8061
    5901       1.8358
    5902       1.8322
    5903       1.8557
    5904       1.8361
    5905       1.8505
    5906       1.8826
    5907       1.8754
    5908       1.9279
    5909       1.8912
    5910       1.8977
    5911       1.8748
    5912       1.8576
    5913       1.8326
    5914       1.8328
    5915       1.8838
    5916       1.8856
    5917       1.8386
    5918       1.8886
    5919       1.8469
    5920       1.9048
    5921       1.9404
    5922       1.8967
    5923       1.8651
    5924       1.8593
    5925       1.8400
    5926       1.8874
    5927       1.9051
    5928       1.9001
    5929       1.9009
    5930       1.8696
    5931       1.8210
    5932       1.8260
    5933       1.8742
    5934       1.8736
    5935       1.8246
    5936       1.9077
    5937       1.8828
    5938       1.8900
    5939       1.8575
    5940       1.8777
    5941       1.8834
    5942       1.8915
    5943       1.8783
    5944       1.9021
    5945       1.8998
    5946       1.8574
    5947       1.8595
    5948       1.8615
    5949       1.8922
    5950       1.9101
    5951       1.9350
    5952       1.8660
    5953       1.8254
    5954       1.8485
    5955       1.8783
    5956       1.9090
    5957       1.8806
    5958       1.8471
    5959       1.9108
    5960       1.8804
    5961       1.8017
    5962       1.8170
    5963       1.8157
    5964       1.8442
    5965       1.8578
    5966       1.9115
    5967       1.8931
    5968       1.9151
    5969       1.8973
    5970       1.8577
    5971       1.9310
    5972       1.8669
    5973       1.8460
    5974       1.9061
    5975       1.8801
    5976       1.8432
    5977       1.8589
    5978       1.9456
    5979       1.8700
    5980       1.8567
    5981       1.8707
    5982       1.8604
    5983       1.8548
    5984       1.9460
    5985       1.9381
    5986       1.9628
    5987       1.9329
    5988       1.8859
    5989       1.8617
    5990       1.9189
    5991       1.8540
    5992       1.8389
    5993       1.8593
    5994       1.8503
    5995       1.8614
    5996       1.9043
    5997       1.8995
    5998       1.9486
    5999       1.8817
    6000       1.8229
    6001       1.8456
    6002       1.8561
    6003       1.8248
    6004       1.8468
    6005       1.7759
    6006       1.8892
    6007       1.8369
    6008       1.9127
    6009       1.8855
    6010       1.9185
    6011       1.8867
    6012       1.8876
    6013       1.8999
    6014       1.8486
    6015       1.8412
    6016       1.8542
    6017       1.8464
    6018       1.8843
    6019       1.8966
    6020       1.8363
    6021       1.8396
    6022       1.9265
    6023       1.9383
    6024       1.9019
    6025       1.9396
    6026       1.8699
    6027       1.8705
    6028       1.9699
    6029       1.9063
    6030       1.8575
    6031       1.9048
    6032       1.8309
    6033       1.8738
    6034       1.8890
    6035       1.8524
    6036       1.8721
    6037       1.9278
    6038       1.8791
    6039       1.9086
    6040       1.8872
    6041       1.9220
    6042       1.8596
    6043       1.9381
    6044       1.9165
    6045       1.8935
    6046       1.8893
    6047       1.8903
    6048       1.8930
    6049       1.9146
    6050       1.9526
    6051       1.9351
    6052       1.9297
    6053       1.9774
    6054       1.9271
    6055       1.9086
    6056       1.9206
    6057       1.9428
    6058       1.9175
    6059       1.9318
    6060       1.8975
    6061       1.8882
    6062       1.9048
    6063       1.8953
    6064       1.8592
    6065       1.8766
    6066       1.8846
    6067       1.8147
    6068       1.9236
    6069       1.9464
    6070       1.8840
    6071       1.8073
    6072       1.8783
    6073       1.8653
    6074       1.8495
    6075       1.9325
    6076       1.8875
    6077       1.9333
    6078       1.9139
    6079       1.9319
    6080       1.9302
    6081       1.9015
    6082       1.8944
    6083       1.9022
    6084       1.8925
    6085       1.8893
    6086       1.8086
    6087       1.8929
    6088       1.9183
    6089       1.8695
    6090       1.8891
    6091       1.8632
    6092       1.9202
    6093       1.8949
    6094       1.8660
    6095       1.8986
    6096       1.8758
    6097       1.9501
    6098       1.8366
    6099       1.8345
    6100       1.8715
    6101       1.8463
    6102       1.7800
    6103       1.8044
    6104       1.8047
    6105       1.8574
    6106       1.7924
    6107       1.8403
    6108       1.8646
    6109       1.8219
    6110       1.8455
    6111       1.8450
    6112       1.7794
    6113       1.7782
    6114       1.7820
    6115       1.8067
    6116       1.7889
    6117       1.8250
    6118       1.8298
    6119       1.8104
    6120       1.8170
    6121       1.8164
    6122       1.8640
    6123       1.8734
    6124       1.8679
    6125       1.8498
    6126       1.8793
    6127       1.8405
    6128       1.8140
    6129       1.8249
    6130       1.7965
    6131       1.7968
    6132       1.7564
    6133       1.7971
    6134       1.8027
    6135       1.8605
    6136       1.8293
    6137       1.8493
    6138       1.8227
    6139       1.8113
    6140       1.8588
    6141       1.8593
    6142       1.8352
    6143       1.8472
    6144       1.8428
    6145       1.8369
    6146       1.8304
    6147       1.7628
    6148       1.7818
    6149       1.7760
    6150       1.8079
    6151       1.8379
    6152       1.8869
    6153       1.8798
    6154       1.9194
    6155       1.8961
    6156       1.8517
    6157       1.8801
    6158       1.8237
    6159       1.8264
    6160       1.8178
    6161       1.7671
    6162       1.7964
    6163       1.7896
    6164       1.8233
    6165       1.8534
    6166       1.7974
    6167       1.8300
    6168       1.8305
    6169       1.7708
    6170       1.8035
    6171       1.7801
    6172       1.8146
    6173       1.7924
    6174       1.7711
    6175       1.7853
    6176       1.7654
    6177       1.8078
    6178       1.8388
    6179       1.8068
    6180       1.8200
    6181       1.8547
    6182       1.8276
    6183       1.9010
    6184       1.8789
    6185       1.9328
    6186       1.8430
    6187       1.8772
    6188       1.8799
    6189       1.8775
    6190       1.8955
    6191       1.9217
    6192       1.9208
    6193       1.8952
    6194       1.8981
    6195       1.9003
    6196       1.9137
    6197       1.9157
    6198       1.8568
    6199       1.8544
    6200       1.8633
    6201       1.7933
    6202       1.9276
    6203       1.9032
    6204       1.9257
    6205       1.8429
    6206       1.8877
    6207       1.8947
    6208       1.8711
    6209       1.8531
    6210       1.8722
    6211       1.9065
    6212       1.8648
    6213       1.8842
    6214       1.8764
    6215       1.9316
    6216       1.9294
    6217       1.9672
    6218       1.9345
    6219       1.8810
    6220       1.9280
    6221       1.8815
    6222       1.9792
    6223       1.9355
    6224       2.0233
    6225       2.0492
    6226       2.0022
    6227       1.9974
    6228       1.9855
    6229       1.9254
    6230       1.9335
    6231       1.9282
    6232       1.9609
    6233       1.9689
    6234       1.9802
    6235       2.0000
    6236       1.9780
    6237       1.9997
    6238       2.0139
    6239       2.0469
    6240       1.9663
    6241       1.9947
    6242       1.9231
    6243       1.9635
    6244       1.9682
    6245       1.9687
    6246       1.9728
    6247       1.9744
    6248       1.9465
    6249       1.9405
    6250       1.8847
    6251       1.9237
    6252       1.9001
    6253       1.8826
    6254       1.8935
    6255       1.9675
    6256       1.9121
    6257       1.9639
    6258       1.9256
    6259       1.9404
    6260       1.9702
    6261       1.9296
    6262       1.9250
    6263       1.9946
    6264       1.9678
    6265       1.9381
    6266       1.9098
    6267       1.8908
    6268       1.9538
    6269       1.9915
    6270       1.9668
    6271       1.9579
    6272       1.9509
    6273       2.0351
    6274       1.9780
    6275       1.9225
    6276       1.9711
    6277       1.9605
    6278       1.9389
    6279       2.0506
    6280       1.9756
    6281       2.0303
    6282       2.0694
    6283       2.0593
    6284       2.0586
    6285       2.0451
    6286       2.0733
    6287       2.1242
    6288       2.0510
    6289       2.0611
    6290       2.0566
    6291       2.0788
    6292       2.1116
    6293       2.0747
    6294       2.0958
    6295       2.1435
    6296       2.0821
    6297       2.1153
    6298       2.1771
    6299       2.1057
    6300       2.0698
    6301       2.0863
    6302       2.0982
    6303       2.0235
    6304       2.0785
    6305       2.0931
    6306       2.1585
    6307       2.1674
    6308       2.1623
    6309       2.1411
    6310       2.1125
    6311       2.1007
    6312       2.1229
    6313       2.0861
    6314       2.0842
    6315       2.1082
    6316       2.1258
    6317       2.1971
    6318       2.1407
    6319       2.1410
    6320       2.0902
    6321       2.0475
    6322       2.0124
    6323       2.0575
    6324       2.0300
    6325       2.0282
    6326       2.1048
    6327       2.0729
    6328       2.1388
    6329       2.1250
    6330       2.1019
    6331       2.0948
    6332       2.0351
    6333       2.0210
    6334       2.0372
    6335       2.0463
    6336       2.0259
    6337       1.9839
    6338       1.9388
    6339       1.9934
    6340       1.9827
    6341       2.0123
    6342       1.9844
    6343       1.9654
    6344       1.9625
    6345       2.0061
    6346       2.0132
    6347       2.0048
    6348       2.0313
    6349       2.0132
    6350       2.0075
    6351       1.9585
    6352       1.9628
    6353       2.0396
    6354       2.0558
    6355       2.0541
    6356       2.0795
    6357       2.0747
    6358       2.0809
    6359       2.0955
    6360       2.0660
    6361       2.1159
    6362       2.0248
    6363       2.0271
    6364       2.0366
    6365       2.0736
    6366       2.0385
    6367       2.0548
    6368       2.0426
    6369       2.0089
    6370       1.9765
    6371       2.0912
    6372       2.0693
    6373       2.0527
    6374       2.0195
    6375       2.0019
    6376       1.9667
    6377       1.9335
    6378       1.9852
    6379       2.0748
    6380       2.0235
    6381       1.9858
    6382       1.9851
    6383       1.9684
    6384       1.9535
    6385       1.9731
    6386       1.9656
    6387       1.9899
    6388       1.9376
    6389       1.9129
    6390       1.9821
    6391       1.9018
    6392       1.9249
    6393       1.9770
    6394       1.9751
    6395       1.9911
    6396       2.0428
    6397       2.0520
    6398       2.0423
    6399       1.9985
    6400       2.0190
    6401       2.0154
    6402       1.9460
    6403       1.9837
    6404       1.9493
    6405       1.9398
    6406       1.9474
    6407       1.9409
    6408       2.0036
    6409       1.9494
    6410       1.9186
    6411       1.8985
    6412       1.8783
    6413       1.8884
    6414       1.9528
    6415       1.9254
    6416       1.8872
    6417       1.8830
    6418       1.9103
    6419       1.9378
    6420       1.9131
    6421       1.9027
    6422       1.9334
    6423       1.9139
    6424       1.9240
    6425       1.8957
    6426       1.9348
    6427       1.9551
    6428       1.9539
    6429       1.9707
    6430       1.9263
    6431       1.8458
    6432       1.9162
    6433       1.9028
    6434       1.9047
    6435       1.9236
    6436       1.8730
    6437       1.9747
    6438       1.9177
    6439       1.9045
    6440       1.8604
    6441       1.8797
    6442       1.8731
    6443       1.8744
    6444       1.8608
    6445       1.9587
    6446       1.9545
    6447       1.9258
    6448       1.8108
    6449       1.8283
    6450       1.8898
    6451       1.7962
    6452       1.8380
    6453       1.8469
    6454       1.8864
    6455       1.8479
    6456       1.8801
    6457       1.8558
    6458       1.8980
    6459       1.8646
    6460       1.8450
    6461       1.8781
    6462       1.8768
    6463       1.8761
    6464       1.7946
    6465       1.8660
    6466       1.8228
    6467       1.7886
    6468       1.8305
    6469       1.8459
    6470       1.8465
    6471       1.8679
    6472       1.8497
    6473       1.8382
    6474       1.8508
    6475       1.9052
    6476       1.8605
    6477       1.8426
    6478       1.8862
    6479       1.8415
    6480       1.8618
    6481       1.8667
    6482       1.8957
    6483       1.8993
    6484       1.9463
    6485       1.9010
    6486       1.9309
    6487       1.8954
    6488       1.8987
    6489       1.8562
    6490       1.8753
    6491       1.9508
    6492       1.8825
    6493       1.8967
    6494       1.9422
    6495       1.8801
    6496       1.8517
    6497       1.9610
    6498       1.9178
    6499       1.9380
    6500       1.9176
    6501       1.9486
    6502       1.9591
    6503       1.9115
    6504       1.8841
    6505       1.9261
    6506       1.9259
    6507       1.9019
    6508       1.9180
    6509       1.9078
    6510       1.9371
    6511       1.8851
    6512       1.9247
    6513       1.8948
    6514       1.8884
    6515       1.8784
    6516       1.8789
    6517       1.8581
    6518       1.8886
    6519       1.8378
    6520       1.8717
    6521       1.9221
    6522       1.9129
    6523       1.8840
    6524       1.9174
    6525       1.8751
    6526       1.8481
    6527       1.8258
    6528       1.7990
    6529       1.8312
    6530       1.7968
    6531       1.8310
    6532       1.9031
    6533       1.8346
    6534       1.8984
    6535       1.8468
    6536       1.7794
    6537       1.7633
    6538       1.8363
    6539       1.7997
    6540       1.7751
    6541       1.8516
    6542       1.8333
    6543       1.8349
    6544       1.7825
    6545       1.8263
    6546       1.8155
    6547       1.8503
    6548       1.8409
    6549       1.8274
    6550       1.8204
    6551       1.8674
    6552       1.8775
    6553       1.8425
    6554       1.8136
    6555       1.7770
    6556       1.7825
    6557       1.7745
    6558       1.7588
    6559       1.7643
    6560       1.7915
    6561       1.8341
    6562       1.8513
    6563       1.8331
    6564       1.8577
    6565       1.8059
    6566       1.8235
    6567       1.8040
    6568       1.8018
    6569       1.8075
    6570       1.8726
    6571       1.8792
    6572       1.8344
    6573       1.8719
    6574       1.8360
    6575       1.8301
    6576       1.8286
    6577       1.8366
    6578       1.7849
    6579       1.8277
    6580       1.8114
    6581       1.8085
    6582       1.8570
    6583       1.8429
    6584       1.8783
    6585       1.8528
    6586       1.8759
    6587       1.8490
    6588       1.8674
    6589       1.8842
    6590       1.8744
    6591       1.8129
    6592       1.8445
    6593       1.8044
    6594       1.8348
    6595       1.8315
    6596       1.8155
    6597       1.8471
    6598       1.8761
    6599       1.8319
    6600       1.8168
    6601       1.8220
    6602       1.8159
    6603       1.8471
    6604       1.8139
    6605       1.8015
    6606       1.8072
    6607       1.8092
    6608       1.7579
    6609       1.7883
    6610       1.7609
    6611       1.7943
    6612       1.7567
    6613       1.8417
    6614       1.7889
    6615       1.8679
    6616       1.8085
    6617       1.8901
    6618       1.8949
    6619       1.8786
    6620       1.8695
    6621       1.8417
    6622       1.9195
    6623       1.9158
    6624       1.9411
    6625       1.9289
    6626       2.0108
    6627       1.9212
    6628       1.9649
    6629       1.8963
    6630       1.9380
    6631       1.9193
    6632       1.9399
    6633       1.9284
    6634       1.9429
    6635       1.9068
    6636       1.9291
    6637       1.9185
    6638       1.8462
    6639       1.8509
    6640       1.9010
    6641       1.9486
    6642       1.8724
    6643       1.8441
    6644       1.9091
    6645       1.9328
    6646       1.8913
    6647       1.8577
    6648       1.8834
    6649       1.9095
    6650       1.9431
    6651       1.9614
    6652       1.9465
    6653       1.9143
    6654       1.9890
    6655       2.0088
    6656       2.0311
    6657       2.0003
    6658       2.0099
    6659       2.0175
    6660       1.9910
    6661       1.9882
    6662       1.9708
    6663       2.0317
    6664       1.9942
    6665       2.0048
    6666       2.0083
    6667       1.9853
    6668       1.9718
    6669       1.9499
    6670       1.9393
    6671       1.9048
    6672       1.8984
    6673       2.0060
    6674       2.0316
    6675       1.9573
    6676       1.9931
    6677       1.9791
    6678       2.0055
    6679       1.9807
    6680       1.8975
    6681       1.9122
    6682       1.8957
    6683       1.8881
    6684       1.9011
    6685       1.9354
    6686       1.9268
    6687       1.9334
    6688       1.9085
    6689       1.9220
    6690       2.0497
    6691       2.0148
    6692       2.0223
    6693       2.0029
    6694       1.9625
    6695       2.0227
    6696       2.0523
    6697       2.0732
    6698       2.0749
    6699       2.0614
    6700       2.0458
    6701       2.0012
    6702       2.0161
    6703       2.0271
    6704       1.9465
    6705       1.9400
    6706       1.9376
    6707       1.9573
    6708       1.9613
    6709       1.9441
    6710       1.9087
    6711       1.9482
    6712       1.9342
    6713       1.9104
    6714       1.9408
    6715       1.9832
    6716       1.9413
    6717       1.9492
    6718       1.9362
    6719       2.0094
    6720       1.9866
    6721       1.9592
    6722       1.9907
    6723       1.9661
    6724       1.9822
    6725       1.9964
    6726       1.9255
    6727       1.9410
    6728       1.9798
    6729       1.9784
    6730       1.9037
    6731       1.8900
    6732       1.9026
    6733       1.8826
    6734       1.9449
    6735       1.9206
    6736       1.9887
    6737       1.9693
    6738       1.9845
    6739       1.9241
    6740       2.0482
    6741       1.9879
    6742       1.9169
    6743       1.9160
    6744       1.9522
    6745       1.9517
    6746       1.9439
    6747       1.9119
    6748       1.9492
    6749       1.9532
    6750       1.9527
    6751       1.9183
    6752       1.8883
    6753       1.9206
    6754       1.9119
    6755       1.8503
    6756       1.8889
    6757       1.9154
    6758       1.8477
    6759       1.9420
    6760       1.9234
    6761       1.8709
    6762       1.8702
    6763       1.8998
    6764       1.8934
    6765       1.8568
    6766       1.8761
    6767       1.9178
    6768       1.9282
    6769       1.9678
    6770       1.9883
    6771       2.0057
    6772       1.9060
    6773       1.9221
    6774       1.9138
    6775       1.8726
    6776       1.8702
    6777       1.8515
    6778       1.8710
    6779       1.8745
    6780       1.8562
    6781       1.8770
    6782       1.9442
    6783       1.9139
    6784       1.9100
    6785       1.8743
    6786       1.8598
    6787       1.8428
    6788       1.8432
    6789       1.9261
    6790       1.9372
    6791       1.9475
    6792       1.9594
    6793       1.8833
    6794       1.8837
    6795       1.8536
    6796       1.8921
    6797       1.8685
    6798       1.8949
    6799       1.9046
    6800       1.8577
    6801       1.8499
    6802       1.8724
    6803       1.8405
    6804       1.9107
    6805       1.9054
    6806       1.8161
    6807       1.8271
    6808       1.8363
    6809       1.8457
    6810       1.8857
    6811       1.8863
    6812       1.8960
    6813       1.8473
    6814       1.8763
    6815       1.8448
    6816       1.8345
    6817       1.8601
    6818       1.9024
    6819       1.8843
    6820       1.8996
    6821       1.9078
    6822       1.9086
    6823       1.8431
    6824       1.8703
    6825       1.8650
    6826       1.8955
    6827       1.9138
    6828       1.8955
    6829       1.8674
    6830       1.8831
    6831       1.9738
    6832       1.9194
    6833       1.9490
    6834       1.9063
    6835       1.9198
    6836       1.9492
    6837       1.9467
    6838       1.9168
    6839       1.9125
    6840       1.9037
    6841       1.8868
    6842       1.8775
    6843       1.8320
    6844       1.8786
    6845       1.8998
    6846       1.9311
    6847       1.8983
    6848       1.8610
    6849       1.9066
    6850       1.8787
    6851       1.9300
    6852       1.9057
    6853       1.9234
    6854       1.8815
    6855       1.8653
    6856       1.8814
    6857       1.9487
    6858       1.9191
    6859       1.9061
    6860       1.8458
    6861       1.9000
    6862       1.9126
    6863       1.8925
    6864       1.8726
    6865       1.8291
    6866       1.8612
    6867       1.8796
    6868       1.8078
    6869       1.8712
    6870       1.8372
    6871       1.7886
    6872       1.8012
    6873       1.7850
    6874       1.7949
    6875       1.8674
    6876       1.8633
    6877       1.8544
    6878       1.9187
    6879       1.8996
    6880       1.9234
    6881       1.8936
    6882       1.8781
    6883       1.9053
    6884       1.8742
    6885       1.8608
    6886       1.8923
    6887       1.9001
    6888       1.9396
    6889       1.8939
    6890       1.8904
    6891       1.8826
    6892       1.9166
    6893       1.8997
    6894       1.8944
    6895       1.8877
    6896       1.8435
    6897       1.8809
    6898       1.8966
    6899       1.8674
    6900       1.8860
    6901       1.9223
    6902       1.8917
    6903       1.9366
    6904       1.8799
    6905       1.9285
    6906       1.8965
    6907       1.8710
    6908       1.9094
    6909       1.9437
    6910       1.8828
    6911       1.8610
    6912       1.8286
    6913       1.8030
    6914       1.8690
    6915       1.8989
    6916       1.9303
    6917       1.8988
    6918       1.9039
    6919       1.9174
    6920       1.8954
    6921       1.8570
    6922       1.8799
    6923       1.8793
    6924       1.9453
    6925       1.9344
    6926       1.8880
    6927       1.9682
    6928       1.9974
    6929       1.8767
    6930       1.9179
    6931       1.9327
    6932       1.9543
    6933       1.8684
    6934       1.9034
    6935       1.9140
    6936       1.9363
    6937       1.8601
    6938       1.9474
    6939       1.8885
    6940       1.8976
    6941       1.8766
    6942       1.9383
    6943       1.9447
    6944       2.0029
    6945       1.9199
    6946       1.9063
    6947       1.8842
    6948       1.9409
    6949       1.9643
    6950       1.9250
    6951       1.9509
    6952       1.9626
    6953       1.9489
    6954       1.9230
    6955       1.9459
    6956       1.9163
    6957       1.9086
    6958       1.9113
    6959       1.9174
    6960       1.8828
    6961       1.9067
    6962       1.9118
    6963       1.9483
    6964       2.0533
    6965       2.0067
    6966       2.0291
    6967       2.0728
    6968       2.0418
    6969       2.0184
    6970       1.9977
    6971       1.9992
    6972       2.0858
    6973       1.9596
    6974       1.9736
    6975       1.9700
    6976       2.0117
    6977       1.9718
    6978       2.0091
    6979       1.9875
    6980       1.9859
    6981       2.0449
    6982       2.0983
    6983       2.0674
    6984       2.0627
    6985       2.0632
    6986       2.0522
    6987       2.0138
    6988       1.9838
    6989       1.9957
    6990       1.9419
    6991       1.9800
    6992       2.0078
    6993       2.0541
    6994       2.0567
    6995       2.0514
    6996       1.9974
    6997       2.0629
    6998       2.0280
    6999       1.9424
    7000       1.9555
    7001       1.9756
    7002       2.0134
    7003       1.9833
    7004       1.9441
    7005       1.9498
    7006       2.0324
    7007       2.0174
    7008       1.9979
    7009       2.0230
    7010       2.0207
    7011       2.0422
    7012       2.0098
    7013       1.9850
    7014       2.0430
    7015       2.0227
    7016       1.9945
    7017       1.9915
    7018       2.0081
    7019       1.9896
    7020       1.9736
    7021       1.9441
    7022       2.0361
    7023       1.9749
    7024       1.9855
    7025       2.0140
    7026       1.9957
    7027       2.0790
    7028       2.0523
    7029       1.9996
    7030       1.9768
    7031       1.9513
    7032       1.9806
    7033       2.0213
    7034       1.9849
    7035       2.0005
    7036       1.9359
    7037       1.9458
    7038       1.8886
    7039       1.8786
    7040       1.8893
    7041       1.9673
    7042       1.9029
    7043       1.9343
    7044       1.8681
    7045       1.9294
    7046       2.0116
    7047       1.9893
    7048       1.9975
    7049       1.9481
    7050       1.9553
    7051       1.9796
    7052       1.9274
    7053       1.9085
    7054       1.9423
    7055       1.9429
    7056       1.9552
    7057       2.0387
    7058       2.0054
    7059       2.0147
    7060       2.0071
    7061       2.0465
    7062       1.9929
    7063       2.0113
    7064       2.0324
    7065       2.0953
    7066       2.0190
    7067       1.9850
    7068       1.9493
    7069       1.9468
    7070       2.0114
    7071       2.0076
    7072       1.9807
    7073       1.9164
    7074       1.9487
    7075       1.9108
    7076       1.8872
    7077       1.8468
    7078       1.9196
    7079       1.8877
    7080       1.9553
    7081       1.8658
    7082       1.8910
    7083       1.8541
    7084       1.8805
    7085       1.8502
    7086       1.9001
    7087       1.9227
    7088       1.9463
    7089       1.9078
    7090       1.9110
    7091       1.8769
    7092       1.9076
    7093       1.9234
    7094       1.9197
    7095       1.8959
    7096       1.8895
    7097       1.9300
    7098       1.8787
    7099       1.8814
    7100       1.8510
    7101       1.9349
    7102       1.8271
    7103       1.8965
    7104       1.8852
    7105       1.9057
    7106       1.8735
    7107       1.8866
    7108       1.8848
    7109       1.8856
    7110       1.8686
    7111       1.8980
    7112       1.9188
    7113       1.8951
    7114       1.8870
    7115       1.8542
    7116       1.8529
    7117       1.8407
    7118       1.8675
    7119       1.8293
    7120       1.8454
    7121       1.8511
    7122       1.8977
    7123       1.9331
    7124       1.8715
    7125       1.9295
    7126       1.8800
    7127       1.8454
    7128       1.8956
    7129       1.9405
    7130       1.8393
    7131       1.9498
    7132       1.9059
    7133       1.9066
    7134       1.8976
    7135       1.9626
    7136       1.9033
    7137       1.8802
    7138       1.9099
    7139       1.9517
    7140       1.8742
    7141       1.8664
    7142       1.8718
    7143       1.9076
    7144       1.8698
    7145       1.9287
    7146       1.8996
    7147       1.9262
    7148       1.8888
    7149       1.9068
    7150       1.8629
    7151       1.9164
    7152       1.8717
    7153       2.0201
    7154       1.9926
    7155       2.0263
    7156       1.9454
    7157       1.9611
    7158       1.9124
    7159       1.9438
    7160       1.8876
    7161       1.8885
    7162       1.9342
    7163       1.8757
    7164       1.8933
    7165       2.0194
    7166       1.9257
    7167       1.9079
    7168       1.9334
    7169       2.0149
    7170       1.9677
    7171       1.9582
    7172       1.9456
    7173       1.9275
    7174       1.8917
    7175       1.9507
    7176       2.0305
    7177       2.0059
    7178       2.0133
    7179       2.0615
    7180       1.9538
    7181       1.9496
    7182       1.9414
    7183       1.9901
    7184       1.9388
    7185       1.8648
    7186       1.8908
    7187       1.9090
    7188       1.9807
    7189       1.9139
    7190       1.9292
    7191       1.9978
    7192       1.9940
    7193       2.0517
    7194       2.0022
    7195       1.8800
    7196       1.9177
    7197       1.9391
    7198       1.9216
    7199       1.9130
    7200       1.8599
    7201       1.9240
    7202       1.9123
    7203       1.9911
    7204       1.8971
    7205       1.9482
    7206       1.9687
    7207       1.9289
    7208       1.9249
    7209       1.9472
    7210       1.8909
    7211       1.9413
    7212       1.9268
    7213       1.9366
    7214       1.9804
    7215       1.9729
    7216       1.9014
    7217       1.9611
    7218       2.0237
    7219       1.9380
    7220       1.9898
    7221       2.0106
    7222       2.0242
    7223       1.9890
    7224       2.0391
    7225       2.0277
    7226       1.9864
    7227       2.0273
    7228       1.9963
    7229       1.9595
    7230       2.0182
    7231       1.9743
    7232       2.0391
    7233       2.0018
    7234       2.1094
    7235       2.0586
    7236       2.1158
    7237       2.1210
    7238       2.0877
    7239       2.0754
    7240       1.9664
    7241       2.0004
    7242       2.0390
    7243       1.9423
    7244       1.9767
    7245       1.9388
    7246       1.9354
    7247       1.9630
    7248       1.9708
    7249       1.9537
    7250       2.0186
    7251       2.0507
    7252       1.9479
    7253       2.0085
    7254       1.9918
    7255       2.0316
    7256       2.0021
    7257       2.0258
    7258       1.9871
    7259       2.0454
    7260       2.1012
    7261       2.0102
    7262       2.0590
    7263       2.0092
    7264       2.0494
    7265       2.0377
    7266       2.0124
    7267       2.0668
    7268       2.0154
    7269       1.9982
    7270       2.0769
    7271       2.0795
    7272       1.9934
    7273       2.0764
    7274       2.0518
    7275       2.0367
    7276       2.0866
    7277       2.0359
    7278       2.0802
    7279       2.0725
    7280       1.9780
    7281       2.0281
    7282       2.0034
    7283       2.0762
    7284       2.0468
    7285       2.0635
    7286       2.0199
    7287       1.9490
    7288       2.0093
    7289       2.0411
    7290       2.0128
    7291       2.0606
    7292       1.9724
    7293       1.9850
    7294       2.0339
    7295       2.0558
    7296       2.0063
    7297       2.0331
    7298       2.0076
    7299       1.9941
    7300       1.9495
    7301       1.9264
    7302       1.9426
    7303       1.9525
    7304       1.9374
    7305       1.9185
    7306       1.8913
    7307       1.9126
    7308       1.9088
    7309       1.8883
    7310       1.9507
    7311       1.9225
    7312       1.8782
    7313       1.9693
    7314       1.9929
    7315       1.9702
    7316       2.0244
    7317       1.9791
    7318       1.9786
    7319       1.9513
    7320       1.9185
    7321       1.9044
    7322       1.9272
    7323       1.9727
    7324       2.0123
    7325       1.9766
    7326       1.9705
    7327       1.9515
    7328       1.9023
    7329       1.8937
    7330       1.9117
    7331       1.9045
    7332       1.9192
    7333       1.9313
    7334       1.8940
    7335       1.8814
    7336       1.9197
    7337       1.8902
    7338       1.9615
    7339       2.0008
    7340       1.9744
    7341       1.9980
    7342       1.8977
    7343       1.9490
    7344       1.9537
    7345       1.9895
    7346       1.9663
    7347       2.0072
    7348       1.9540
    7349       1.9200
    7350       1.8616
    7351       1.8502
    7352       1.8645
    7353       1.8865
    7354       1.9041
    7355       1.8426
    7356       1.8725
    7357       1.8340
    7358       1.8486
    7359       1.8703
    7360       1.8770
    7361       1.8583
    7362       1.8782
    7363       1.8636
    7364       1.9049
    7365       1.8884
    7366       1.8955
    7367       1.8911
    7368       1.9236
    7369       1.9030
    7370       1.8765
    7371       1.8431
    7372       1.9468
    7373       1.8469
    7374       1.8727
    7375       1.8366
    7376       1.8612
    7377       1.8622
    7378       1.9241
    7379       1.9102
    7380       1.9029
    7381       1.8779
    7382       1.9196
    7383       1.9248
    7384       1.9128
    7385       1.9091
    7386       1.8975
    7387       1.8775
    7388       1.8624
    7389       1.9198
    7390       1.9800
    7391       1.9195
    7392       1.9158
    7393       1.8959
    7394       1.8524
    7395       1.9131
    7396       1.9104
    7397       1.8993
    7398       1.8518
    7399       1.8669
    7400       1.8607
    7401       1.8724
    7402       1.8697
    7403       1.8928
    7404       1.8524
    7405       1.9055
    7406       1.8648
    7407       1.9204
    7408       1.9143
    7409       1.8906
    7410       1.9162
    7411       1.9229
    7412       1.8742
    7413       1.9120
    7414       1.9916
    7415       1.9553
    7416       1.9902
    7417       1.9214
    7418       2.0023
    7419       2.0620
    7420       2.0277
    7421       2.0443
    7422       2.0189
    7423       2.0446
    7424       2.0267
    7425       2.0171
    7426       2.0739
    7427       2.1280
    7428       2.0218
    7429       2.0168
    7430       1.9790
    7431       1.9642
    7432       1.9457
    7433       1.9956
    7434       1.9797
    7435       2.0232
    7436       2.0002
    7437       1.9982
    7438       1.9425
    7439       1.9213
    7440       1.9378
    7441       1.9373
    7442       1.9123
    7443       1.9715
    7444       1.9684
    7445       1.9484
    7446       1.9575
    7447       1.9590
    7448       1.9224
    7449       1.8718
    7450       1.9608
    7451       1.9728
    7452       1.9785
    7453       2.0024
    7454       2.0584
    7455       2.0278
    7456       2.0250
    7457       1.9802
    7458       1.9434
    7459       1.9517
    7460       1.9383
    7461       1.9373
    7462       1.9063
    7463       1.9205
    7464       1.9081
    7465       1.9087
    7466       1.9738
    7467       1.9981
    7468       1.9741
    7469       1.9593
    7470       1.9876
    7471       2.0755
    7472       2.0251
    7473       1.9956
    7474       1.9205
    7475       1.9498
    7476       1.8892
    7477       2.0215
    7478       2.0067
    7479       2.0002
    7480       1.9717
    7481       1.9306
    7482       1.9071
    7483       1.9848
    7484       1.9453
    7485       1.9199
    7486       1.9429
    7487       2.0130
    7488       1.9132
    7489       1.9897
    7490       2.0003
    7491       2.0294
    7492       1.9743
    7493       1.9882
    7494       1.9983
    7495       1.9769
    7496       1.9662
    7497       1.9674
    7498       1.9699
    7499       1.9319
    7500       1.9537
    7501       1.9443
    7502       1.9531
    7503       1.9207
    7504       1.9095
    7505       1.9434
    7506       1.8873
    7507       1.9107
    7508       1.8805
    7509       1.8741
    7510       1.8557
    7511       1.9039
    7512       1.9192
    7513       1.8991
    7514       1.9803
    7515       1.9471
    7516       1.9569
    7517       1.9988
    7518       1.9173
    7519       1.9101
    7520       1.9161
    7521       1.9465
    7522       1.8820
    7523       1.9294
    7524       1.9276
    7525       1.9455
    7526       1.9816
    7527       1.9524
    7528       1.9162
    7529       1.9715
    7530       1.9920
    7531       1.9631
    7532       1.9866
    7533       1.9617
    7534       2.0376
    7535       1.9765
    7536       1.9569
    7537       1.9195
    7538       1.9773
    7539       1.9519
    7540       1.9139
    7541       1.9957
    7542       2.0018
    7543       1.9566
    7544       2.0004
    7545       2.0165
    7546       1.9807
    7547       1.9710
    7548       1.9865
    7549       2.0227
    7550       2.0519
    7551       2.0894
    7552       2.0557
    7553       2.0683
    7554       2.0499
    7555       2.0291
    7556       1.9640
    7557       1.9814
    7558       1.9851
    7559       1.8979
    7560       1.9176
    7561       1.9844
    7562       1.9477
    7563       1.9208
    7564       1.9078
    7565       1.9794
    7566       2.0045
    7567       2.0236
    7568       2.0631
    7569       2.0869
    7570       2.0308
    7571       2.0157
    7572       1.9734
    7573       1.9623
    7574       1.9982
    7575       2.1109
    7576       2.1456
    7577       2.1600
    7578       2.0941
    7579       2.1080
    7580       2.0533
    7581       2.0989
    7582       2.0022
    7583       2.0697
    7584       2.1002
    7585       2.0870
    7586       2.0522
    7587       2.0171
    7588       1.9927
    7589       2.0032
    7590       2.0096
    7591       1.9904
    7592       1.9642
    7593       2.0286
    7594       1.9525
    7595       2.0494
    7596       2.1227
    7597       2.0503
    7598       2.0313
    7599       2.0021
    7600       2.0647
    7601       2.0173
    7602       1.9996
    7603       2.0061
    7604       2.0186
    7605       1.9794
    7606       1.9604
    7607       2.0173
    7608       1.9968
    7609       1.9324
    7610       1.9275
    7611       1.9655
    7612       1.9982
    7613       2.0669
    7614       2.0168
    7615       1.9331
    7616       2.0028
    7617       2.0460
    7618       2.0265
    7619       1.9501
    7620       1.9323
    7621       1.9294
    7622       2.0106
    7623       2.0387
    7624       1.9813
    7625       1.9694
    7626       1.9709
    7627       2.0066
    7628       2.0349
    7629       2.0807
    7630       2.0185
    7631       1.9952
    7632       1.9107
    7633       1.9737
    7634       1.9702
    7635       1.9647
    7636       1.9928
    7637       1.9774
    7638       1.9588
    7639       1.9226
    7640       2.0156
    7641       2.0004
    7642       1.9520
    7643       2.0126
    7644       1.9974
    7645       2.0048
    7646       1.9617
    7647       1.9759
    7648       1.9507
    7649       2.0012
    7650       1.9553
    7651       1.9056
    7652       1.9467
    7653       1.9464
    7654       2.0081
    7655       1.9473
    7656       1.9369
    7657       1.9589
    7658       1.9659
    7659       1.9690
    7660       1.9557
    7661       2.0211
    7662       1.9813
    7663       1.9840
    7664       1.9600
    7665       1.9344
    7666       2.0169
    7667       1.9922
    7668       1.9342
    7669       2.0133
    7670       1.9674
    7671       1.9574
    7672       1.9686
    7673       2.0322
    7674       1.9920
    7675       2.0272
    7676       2.0506
    7677       2.0475
    7678       1.9941
    7679       1.9877
    7680       2.0184
    7681       1.9342
    7682       1.9688
    7683       1.9329
    7684       1.9249
    7685       1.9686
    7686       1.9066
    7687       1.9216
    7688       1.8991
    7689       1.9901
    7690       1.9536
    7691       1.9683
    7692       1.9693
    7693       1.9090
    7694       1.9033
    7695       1.9618
    7696       2.0155
    7697       2.0306
    7698       1.9601
    7699       1.9335
    7700       1.9254
    7701       1.8836
    7702       1.8908
    7703       1.8869
    7704       1.8582
    7705       1.8759
    7706       1.8397
    7707       1.8568
    7708       1.8550
    7709       1.8882
    7710       1.8879
    7711       1.9183
    7712       1.8804
    7713       1.8541
    7714       1.8164
    7715       1.8604
    7716       1.8755
    7717       1.9256
    7718       1.9077
    7719       1.8899
    7720       1.8349
    7721       1.8791
    7722       1.9294
    7723       1.9004
    7724       1.9320
    7725       1.8731
    7726       1.9036
    7727       1.9284
    7728       1.9101
    7729       1.9142
    7730       1.9468
    7731       1.8845
    7732       1.8490
    7733       1.8681
    7734       1.8794
    7735       1.9038
    7736       1.9224
    7737       1.8858
    7738       1.9381
    7739       1.9326
    7740       1.9350
    7741       1.8807
    7742       1.8921
    7743       1.8974
    7744       1.8605
    7745       1.8939
    7746       1.8961
    7747       1.9116
    7748       1.9842
    7749       1.9741
    7750       1.9796
    7751       1.9711
    7752       1.9504
    7753       1.9237
    7754       1.9158
    7755       1.9767
    7756       1.9455
    7757       1.9418
    7758       1.9325
    7759       1.9218
    7760       2.0105
    7761       1.9768
    7762       2.0097
    7763       2.0008
    7764       2.0518
    7765       2.0032
    7766       2.0141
    7767       1.9949
    7768       2.0044
    7769       1.9804
    7770       2.0126
    7771       1.9826
    7772       1.9757
    7773       2.0845
    7774       2.0895
    7775       2.0176
    7776       2.0423
    7777       2.0511
    7778       2.0182
    7779       2.0724
    7780       2.0435
    7781       1.9998
    7782       2.0249
    7783       2.0338
    7784       1.9697
    7785       2.0329
    7786       1.9958
    7787       2.0523
    7788       2.0255
    7789       2.0291
    7790       1.9981
    7791       1.9028
    7792       1.9965
    7793       1.9808
    7794       1.9182
    7795       2.0027
    7796       1.9958
    7797       2.0018
    7798       1.9592
    7799       2.0235
    7800       2.0065
    7801       2.0589
    7802       2.0385
    7803       2.0536
    7804       2.0413
    7805       1.9507
    7806       1.9713
    7807       1.9287
    7808       1.9361
    7809       1.9440
    7810       1.9567
    7811       1.9179
    7812       1.9275
    7813       1.9619
    7814       1.9479
    7815       1.9287
    7816       2.0062
    7817       1.9834
    7818       1.9972
    7819       1.9646
    7820       1.9691
    7821       2.0084
    7822       1.9944
    7823       1.9992
    7824       1.9718
    7825       1.9729
    7826       1.9789
    7827       1.9811
    7828       1.9073
    7829       1.9713
    7830       1.9733
    7831       1.9532
    7832       1.9688
    7833       1.9755
    7834       2.0321
    7835       2.0385
    7836       1.9770
    7837       1.9700
    7838       1.9546
    7839       1.9765
    7840       1.9877
    7841       1.9548
    7842       1.9585
    7843       1.8990
    7844       1.9715
    7845       1.9628
    7846       1.9814
    7847       1.9760
    7848       1.9076
    7849       1.8778
    7850       1.9189
    7851       1.9460
    7852       1.9841
    7853       2.0151
    7854       1.9789
    7855       1.9648
    7856       1.9740
    7857       1.9518
    7858       1.9469
    7859       1.8734
    7860       1.8833
    7861       1.8520
    7862       1.9126
    7863       1.8882
    7864       1.9115
    7865       1.8580
    7866       1.9387
    7867       1.8492
    7868       1.9338
    7869       1.9026
    7870       1.9406
    7871       1.9784
    7872       1.9343
    7873       1.9569
    7874       1.9084
    7875       1.9208
    7876       1.9411
    7877       1.9472
    7878       1.9322
    7879       1.8945
    7880       1.9615
    7881       2.0087
    7882       1.9504
    7883       1.9665
    7884       1.8949
    7885       1.9286
    7886       1.9838
    7887       2.0184
    7888       1.9716
    7889       1.9746
    7890       1.9894
    7891       1.9969
    7892       2.0099
    7893       2.0026
    7894       2.0240
    7895       2.0267
    7896       2.0609
    7897       1.9841
    7898       2.0031
    7899       2.0381
    7900       2.0130
    7901       2.0035
    7902       1.9667
    7903       1.9474
    7904       1.9923
    7905       2.0296
    7906       1.9856
    7907       2.0191
    7908       1.9296
    7909       1.9765
    7910       1.9732
    7911       1.9583
    7912       1.9917
    7913       2.0105
    7914       1.9938
    7915       1.9679
    7916       1.9777
    7917       1.9460
    7918       1.9642
    7919       1.8619
    7920       1.8694
    7921       1.8766
    7922       1.8569
    7923       1.8209
    7924       1.8624
    7925       1.8260
    7926       1.8697
    7927       1.8556
    7928       1.8909
    7929       1.8672
    7930       1.8827
    7931       1.8449
    7932       1.9002
    7933       1.8755
    7934       1.8956
    7935       1.8875
    7936       1.9501
    7937       1.8687
    7938       1.8431
    7939       1.8634
    7940       1.8630
    7941       1.8804
    7942       1.8849
    7943       1.8936
    7944       1.9059
    7945       1.9309
    7946       1.9391
    7947       1.9667
    7948       1.9279
    7949       1.8710
    7950       1.8761
    7951       1.8548
    7952       1.8864
    7953       1.8843
    7954       1.8856
    7955       1.8725
    7956       1.9029
    7957       1.9354
    7958       1.9896
    7959       1.9811
    7960       1.9835
    7961       1.9944
    7962       1.8966
    7963       1.8944
    7964       1.9203
    7965       1.9909
    7966       1.9483
    7967       1.9030
    7968       1.9014
    7969       1.8900
    7970       1.9146
    7971       1.8934
    7972       1.9464
    7973       1.9678
    7974       1.9135
    7975       1.9341
    7976       1.8470
    7977       1.8936
    7978       1.9177
    7979       1.9263
    7980       1.9345
    7981       1.9611
    7982       1.9965
    7983       2.0215
    7984       2.0378
    7985       1.9985
    7986       1.9485
    7987       1.9285
    7988       1.9178
    7989       2.0007
    7990       1.9749
    7991       2.0221
    7992       1.9774
    7993       2.0019
    7994       1.9743
    7995       2.0064
    7996       1.9819
    7997       1.9412
    7998       1.9728
    7999       1.9972
    8000       2.0125
    8001       2.0425
    8002       1.9907
    8003       2.0014
    8004       1.9326
    8005       1.9380
    8006       2.0069
    8007       2.0145
    8008       2.0134
    8009       1.9644
    8010       1.9926
    8011       1.9530
    8012       1.9822
    8013       2.0750
    8014       2.0509
    8015       2.0184
    8016       2.0301
    8017       1.9396
    8018       1.9597
    8019       1.9965
    8020       1.9981
    8021       1.9596
    8022       1.9500
    8023       1.9653
    8024       1.9921
    8025       1.9908
    8026       1.9717
    8027       2.0094
    8028       1.9746
    8029       2.0293
    8030       1.9401
    8031       1.9582
    8032       1.9595
    8033       1.9297
    8034       1.8974
    8035       1.9634
    8036       1.9247
    8037       1.9833
    8038       1.9420
    8039       1.9320
    8040       1.9121
    8041       1.9049
    8042       1.8754
    8043       1.9022
    8044       1.9604
    8045       1.9196
    8046       1.9141
    8047       1.9013
    8048       1.8756
    8049       1.8773
    8050       1.8988
    8051       1.8981
    8052       1.8470
    8053       1.8385
    8054       1.8017
    8055       1.8536
    8056       1.8235
    8057       1.8976
    8058       1.9227
    8059       1.8594
    8060       1.8485
    8061       1.9145
    8062       1.9194
    8063       1.9051
    8064       1.8905
    8065       1.8942
    8066       1.9117
    8067       1.9466
    8068       1.8912
    8069       1.8753
    8070       1.8849
    8071       1.8223
    8072       1.8715
    8073       1.9067
    8074       1.8710
    8075       1.8486
    8076       1.8966
    8077       1.9039
    8078       1.8494
    8079       1.8544
    8080       1.8786
    8081       1.9042
    8082       1.9170
    8083       1.9320
    8084       1.8983
    8085       1.8686
    8086       1.8697
    8087       1.8704
    8088       1.8764
    8089       1.9023
    8090       1.8969
    8091       1.8657
    8092       1.8495
    8093       1.7845
    8094       1.8521
    8095       1.8423
    8096       1.8259
    8097       1.8885
    8098       1.8454
    8099       1.8080
    8100       1.8405
    8101       1.8847
    8102       1.9394
    8103       1.9630
    8104       1.9482
    8105       1.9590
    8106       1.9361
    8107       1.8432
    8108       1.9088
    8109       1.8994
    8110       1.8789
    8111       1.9117
    8112       1.9397
    8113       1.8812
    8114       1.8708
    8115       1.8363
    8116       1.8567
    8117       1.9063
    8118       1.9459
    8119       1.9216
    8120       1.9598
    8121       1.9623
    8122       1.9468
    8123       1.9113
    8124       1.8799
    8125       1.9061
    8126       1.9564
    8127       1.9478
    8128       1.9139
    8129       1.9182
    8130       1.9217
    8131       1.9350
    8132       1.9441
    8133       1.8727
    8134       1.9409
    8135       1.9322
    8136       1.8641
    8137       1.9220
    8138       1.9299
    8139       1.9150
    8140       1.9516
    8141       1.8579
    8142       1.9076
    8143       1.8798
    8144       1.8849
    8145       1.9055
    8146       1.8661
    8147       1.9118
    8148       1.8730
    8149       1.8891
    8150       1.9262
    8151       1.9328
    8152       1.9232
    8153       1.9121
    8154       1.8553
    8155       1.8735
    8156       1.9433
    8157       1.8685
    8158       1.9357
    8159       1.9697
    8160       1.9107
    8161       1.8657
    8162       1.8988
    8163       1.9030
    8164       1.8963
    8165       1.8647
    8166       1.8685
    8167       1.8628
    8168       1.8545
    8169       1.8936
    8170       1.8525
    8171       1.8869
    8172       1.9304
    8173       1.9126
    8174       1.9103
    8175       1.9059
    8176       1.9132
    8177       1.9137
    8178       1.9315
    8179       1.9370
    8180       1.9397
    8181       1.8909
    8182       1.9366
    8183       2.0268
    8184       1.9456
    8185       1.9665
    8186       1.9313
    8187       1.9102
    8188       1.9197
    8189       1.8828
    8190       1.8961
    8191       1.8815
    8192       1.9457
    8193       1.9553
    8194       1.9336
    8195       1.8772
    8196       1.9499
    8197       1.8547
    8198       1.9226
    8199       2.0246
    8200       1.9476
    8201       1.9467
    8202       1.9542
    8203       1.9681
    8204       1.9262
    8205       1.9410
    8206       1.9049
    8207       1.9061
    8208       1.9307
    8209       1.9076
    8210       1.9055
    8211       1.8560
    8212       1.8460
    8213       1.8845
    8214       1.8735
    8215       1.9139
    8216       1.8491
    8217       1.8704
    8218       1.9486
    8219       1.9027
    8220       1.9358
    8221       1.8752
    8222       1.8464
    8223       1.8519
    8224       1.8086
    8225       1.8003
    8226       1.8942
    8227       1.8862
    8228       1.9097
    8229       1.9082
    8230       1.9473
    8231       1.9157
    8232       1.9251
    8233       1.9068
    8234       1.8974
    8235       1.8721
    8236       1.9068
    8237       1.9251
    8238       1.9040
    8239       1.8665
    8240       1.8708
    8241       1.8586
    8242       1.8425
    8243       1.8607
    8244       1.8785
    8245       1.8518
    8246       1.8818
    8247       1.9160
    8248       1.8913
    8249       1.9162
    8250       1.9303
    8251       1.8916
    8252       1.8609
    8253       1.8881
    8254       1.8976
    8255       1.8357
    8256       1.9158
    8257       1.9978
    8258       2.0175
    8259       1.9226
    8260       1.9040
    8261       1.9449
    8262       1.9388
    8263       1.9400
    8264       1.9365
    8265       1.9589
    8266       1.8610
    8267       1.8712
    8268       1.8678
    8269       1.8991
    8270       1.8812
    8271       1.9512
    8272       1.8281
    8273       1.8366
    8274       1.8406
    8275       1.9759
    8276       1.9113
    8277       1.9347
    8278       1.9310
    8279       1.9179
    8280       1.8652
    8281       1.9046
    8282       1.9324
    8283       1.9369
    8284       1.9031
    8285       1.9410
    8286       1.9162
    8287       1.8922
    8288       1.9270
    8289       1.9497
    8290       1.9309
    8291       1.9494
    8292       1.8365
    8293       1.8460
    8294       1.8479
    8295       1.8509
    8296       1.8776
    8297       1.9213
    8298       1.9357
    8299       1.9437
    8300       1.9256
    8301       1.9497
    8302       1.9471
    8303       1.9305
    8304       1.9254
    8305       1.9134
    8306       1.8917
    8307       1.9463
    8308       1.9307
    8309       1.9400
    8310       1.9572
    8311       1.9976
    8312       1.9448
    8313       1.9699
    8314       1.9158
    8315       1.9468
    8316       1.8925
    8317       1.8933
    8318       1.8703
    8319       1.8529
    8320       1.8152
    8321       1.9117
    8322       1.8717
    8323       1.8348
    8324       1.8315
    8325       1.8902
    8326       1.9600
    8327       1.8916
    8328       1.9211
    8329       1.9440
    8330       1.9343
    8331       1.9709
    8332       1.9164
    8333       1.9530
    8334       1.9306
    8335       1.8795
    8336       1.9274
    8337       1.9583
    8338       1.8722
    8339       1.9276
    8340       1.8761
    8341       1.9063
    8342       1.9018
    8343       1.9075
    8344       1.9052
    8345       1.8644
    8346       1.8932
    8347       1.8906
    8348       1.8850
    8349       1.9704
    8350       1.9416
    8351       1.9762
    8352       2.0203
    8353       2.0253
    8354       2.0233
    8355       2.0502
    8356       2.0590
    8357       2.0196
    8358       2.0343
    8359       1.9846
    8360       2.0214
    8361       1.9660
    8362       1.9062
    8363       1.9407
    8364       1.9176
    8365       1.9660
    8366       1.9328
    8367       1.8557
    8368       1.8945
    8369       1.8944
    8370       1.9297
    8371       1.8830
    8372       1.9050
    8373       1.8999
    8374       1.9346
    8375       1.9061
    8376       1.9229
    8377       1.9212
    8378       1.9231
    8379       1.8785
    8380       1.8724
    8381       1.8486
    8382       1.8653
    8383       1.8489
    8384       1.8493
    8385       1.8299
    8386       1.8450
    8387       1.8815
    8388       1.9222
    8389       1.8787
    8390       1.9231
    8391       1.9229
    8392       1.9087
    8393       1.9334
    8394       1.8653
    8395       1.8968
    8396       1.8779
    8397       1.8480
    8398       1.8683
    8399       1.8994
    8400       1.8711
    8401       1.9431
    8402       1.9027
    8403       1.9505
    8404       1.9217
    8405       1.8761
    8406       1.8702
    8407       1.9062
    8408       1.9185
    8409       1.8558
    8410       1.8877
    8411       1.9029
    8412       1.9206
    8413       1.9038
    8414       1.9016
    8415       1.9575
    8416       1.9519
    8417       1.8995
    8418       1.9077
    8419       1.9387
    8420       1.9720
    8421       1.9124
    8422       1.8685
    8423       1.9671
    8424       1.9390
    8425       1.9507
    8426       1.9357
    8427       1.9493
    8428       1.9700
    8429       1.9161
    8430       1.9843
    8431       1.9505
    8432       1.9235
    8433       1.9611
    8434       1.8931
    8435       1.9188
    8436       1.8865
    8437       1.8704
    8438       1.9308
    8439       1.8991
    8440       1.9753
    8441       1.8830
    8442       1.9333
    8443       1.9329
    8444       1.9315
    8445       1.8757
    8446       1.9161
    8447       1.9183
    8448       1.9307
    8449       1.9261
    8450       1.9293
    8451       1.8723
    8452       1.8465
    8453       1.8590
    8454       1.8921
    8455       1.9463
    8456       1.9091
    8457       1.8807
    8458       1.8932
    8459       1.8523
    8460       1.8689
    8461       1.8435
    8462       1.8646
    8463       1.8513
    8464       1.8928
    8465       1.8954
    8466       1.9419
    8467       1.8546
    8468       1.8772
    8469       1.8299
    8470       1.8519
    8471       1.8248
    8472       1.8043
    8473       1.8457
    8474       1.8478
    8475       1.8560
    8476       1.8481
    8477       1.8472
    8478       1.8398
    8479       1.8244
    8480       1.8446
    8481       1.8043
    8482       1.8502
    8483       1.8615
    8484       1.8631
    8485       1.8836
    8486       1.8183
    8487       1.8450
    8488       1.8285
    8489       1.8325
    8490       1.8522
    8491       1.8058
    8492       1.9642
    8493       1.8979
    8494       1.8953
    8495       1.9207
    8496       1.8948
    8497       1.8992
    8498       1.8736
    8499       1.9078
    8500       1.9051
    8501       1.9481
    8502       1.9529
    8503       1.9083
    8504       1.9296
    8505       1.9102
    8506       1.9279
    8507       1.9283
    8508       1.8995
    8509       1.9339
    8510       1.9257
    8511       1.9893
    8512       1.9183
    8513       1.9311
    8514       1.9601
    8515       1.8884
    8516       1.9176
    8517       1.9278
    8518       1.9267
    8519       1.8895
    8520       1.9122
    8521       1.9209
    8522       1.9147
    8523       1.9006
    8524       1.9212
    8525       1.9206
    8526       1.9687
    8527       1.9098
    8528       1.8980
    8529       1.9431
    8530       1.8725
    8531       1.8748
    8532       1.8837
    8533       1.8951
    8534       1.8734
    8535       1.8608
    8536       1.9169
    8537       1.8334
    8538       1.8638
    8539       1.9179
    8540       1.8713
    8541       1.9187
    8542       1.8983
    8543       1.8758
    8544       1.8966
    8545       1.8813
    8546       1.8665
    8547       1.8990
    8548       1.8748
    8549       1.9070
    8550       1.9098
    8551       1.8921
    8552       1.8795
    8553       1.8979
    8554       1.9016
    8555       1.9327
    8556       1.9025
    8557       1.8706
    8558       1.8654
    8559       1.9020
    8560       1.8876
    8561       1.8700
    8562       1.8736
    8563       1.9027
    8564       1.9773
    8565       1.8806
    8566       1.9322
    8567       1.8535
    8568       1.8692
    8569       1.8827
    8570       1.8843
    8571       1.8939
    8572       1.8698
    8573       1.9158
    8574       1.9060
    8575       1.9360
    8576       1.9015
    8577       1.9115
    8578       1.9090
    8579       1.8995
    8580       1.8701
    8581       1.9387
    8582       1.8829
    8583       1.8952
    8584       1.9632
    8585       1.9454
    8586       1.9239
    8587       1.9748
    8588       1.8880
    8589       1.9367
    8590       1.9416
    8591       1.9061
    8592       1.9185
    8593       1.9310
    8594       1.8612
    8595       1.8771
    8596       1.8990
    8597       1.9367
    8598       1.9794
    8599       1.9895
    8600       1.9143
    8601       1.9779
    8602       1.9432
    8603       1.9616
    8604       1.9304
    8605       1.9424
    8606       1.9051
    8607       1.9679
    8608       2.0066
    8609       1.9677
    8610       1.9541
    8611       1.9362
    8612       1.9585
    8613       1.9346
    8614       1.9444
    8615       1.9381
    8616       1.9025
    8617       1.8987
    8618       1.9405
    8619       1.8799
    8620       1.9154
    8621       1.9005
    8622       1.9507
    8623       1.8804
    8624       1.8773
    8625       1.9493
    8626       1.9211
    8627       1.9437
    8628       1.9044
    8629       1.9100
    8630       1.9271
    8631       1.9504
    8632       1.9061
    8633       1.8916
    8634       1.8394
    8635       1.8933
    8636       1.8892
    8637       1.8629
    8638       1.9094
    8639       1.9062
    8640       1.8900
    8641       1.8451
    8642       1.9291
    8643       1.8852
    8644       1.8413
    8645       1.8458
    8646       1.8765
    8647       1.8444
    8648       1.8588
    8649       1.8831
    8650       1.8871
    8651       1.9520
    8652       1.9213
    8653       1.8544
    8654       1.8586
    8655       1.8753
    8656       1.8965
    8657       1.8513
    8658       1.8762
    8659       1.8276
    8660       1.8904
    8661       1.8489
    8662       1.8406
    8663       1.9216
    8664       1.9119
    8665       1.8494
    8666       1.9001
    8667       1.8653
    8668       1.9196
    8669       1.9089
    8670       1.9039
    8671       1.8732
    8672       1.8360
    8673       1.8740
    8674       1.8917
    8675       1.8947
    8676       1.8700
    8677       1.9088
    8678       1.8576
    8679       1.8541
    8680       1.8722
    8681       1.9206
    8682       1.9295
    8683       1.9762
    8684       1.8826
    8685       1.8568
    8686       1.8486
    8687       1.8112
    8688       1.8815
    8689       1.8877
    8690       1.8638
    8691       1.8873
    8692       1.9008
    8693       1.8928
    8694       1.8461
    8695       1.8501
    8696       1.8639
    8697       1.8550
    8698       1.8552
    8699       1.8794
    8700       1.9293
    8701       1.8938
    8702       1.8810
    8703       1.8935
    8704       1.8634
    8705       1.8730
    8706       1.8783
    8707       1.8595
    8708       1.8617
    8709       1.9203
    8710       1.9087
    8711       1.9186
    8712       1.8862
    8713       1.8662
    8714       1.8775
    8715       1.8943
    8716       1.8762
    8717       1.8665
    8718       1.9060
    8719       2.0076
    8720       1.9484
    8721       1.9864
    8722       1.9386
    8723       1.9633
    8724       1.9029
    8725       1.9167
    8726       1.9427
    8727       1.8656
    8728       1.8511
    8729       1.8244
    8730       1.7915
    8731       1.8071
    8732       1.8689
    8733       1.8670
    8734       1.8468
    8735       1.8823
    8736       1.9604
    8737       1.9125
    8738       1.9118
    8739       1.9058
    8740       1.8851
    8741       1.9039
    8742       1.8636
    8743       1.8462
    8744       1.8272
    8745       1.8937
    8746       1.8892
    8747       1.8988
    8748       1.9227
    8749       1.9294
    8750       1.9169
    8751       1.8866
    8752       1.9041
    8753       1.8824
    8754       1.8691
    8755       1.8522
    8756       1.9390
    8757       1.9046
    8758       1.8549
    8759       1.9436
    8760       1.8900
    8761       1.8903
    8762       1.8928
    8763       1.9292
    8764       1.9255
    8765       1.8879
    8766       1.9747
    8767       1.9905
    8768       1.9754
    8769       1.9241
    8770       1.9121
    8771       1.9325
    8772       1.9265
    8773       1.9242
    8774       1.9767
    8775       2.0068
    8776       1.9990
    8777       2.0099
    8778       1.9181
    8779       1.9426
    8780       1.9511
    8781       1.9285
    8782       1.9286
    8783       1.9178
    8784       1.9573
    8785       1.9595
    8786       1.8740
    8787       1.9399
    8788       1.9035
    8789       1.8600
    8790       1.9096
    8791       1.8902
    8792       1.9071
    8793       1.9118
    8794       1.9366
    8795       1.9365
    8796       1.9159
    8797       1.9072
    8798       1.9344
    8799       1.9068
    8800       1.9328
    8801       1.8635
    8802       1.9464
    8803       1.9040
    8804       1.9011
    8805       1.9586
    8806       2.0033
    8807       2.0428
    8808       2.0554
    8809       2.0228
    8810       1.9377
    8811       1.9897
    8812       1.9135
    8813       1.9131
    8814       1.9505
    8815       1.9404
    8816       1.9182
    8817       1.9627
    8818       1.9458
    8819       1.9548
    8820       1.9432
    8821       1.9462
    8822       1.9431
    8823       1.8937
    8824       1.8937
    8825       1.9695
    8826       1.9085
    8827       1.8789
    8828       1.9538
    8829       1.9357
    8830       1.9477
    8831       1.9714
    8832       2.0399
    8833       2.0406
    8834       1.9888
    8835       1.9995
    8836       2.0345
    8837       1.9787
    8838       2.0207
    8839       2.0665
    8840       2.0792
    8841       2.0471
    8842       1.9835
    8843       1.9587
    8844       1.9733
    8845       2.0029
    8846       2.0024
    8847       2.0295
    8848       2.0008
    8849       1.9543
    8850       1.9306
    8851       1.9710
    8852       1.9534
    8853       1.8984
    8854       1.8497
    8855       1.8839
    8856       1.9253
    8857       1.8283
    8858       1.8396
    8859       1.8661
    8860       1.8808
    8861       1.8674
    8862       1.9200
    8863       1.8998
    8864       1.9082
    8865       1.9302
    8866       1.8847
    8867       1.8911
    8868       1.8584
    8869       1.9540
    8870       1.9100
    8871       1.8817
    8872       1.8724
    8873       1.8788
    8874       1.8703
    8875       1.8986
    8876       1.9470
    8877       1.9698
    8878       1.8948
    8879       1.9591
    8880       1.9415
    8881       1.9902
    8882       1.9722
    8883       1.9786
    8884       1.9976
    8885       1.9626
    8886       1.9710
    8887       1.9586
    8888       1.8662
    8889       1.9580
    8890       1.9724
    8891       2.0016
    8892       2.0385
    8893       1.9771
    8894       2.0247
    8895       1.9173
    8896       1.9635
    8897       1.9314
    8898       1.9065
    8899       1.9312
    8900       1.8750
    8901       1.9319
    8902       1.9040
    8903       1.9100
    8904       1.9314
    8905       1.9302
    8906       1.9470
    8907       1.9461
    8908       1.8947
    8909       1.9392
    8910       1.9156
    8911       1.8904
    8912       1.8592
    8913       1.9441
    8914       1.8642
    8915       1.8556
    8916       1.8541
    8917       1.8300
    8918       1.8734
    8919       1.8254
    8920       1.8521
    8921       1.8893
    8922       1.8849
    8923       1.9175
    8924       1.9038
    8925       1.9607
    8926       1.8616
    8927       1.8201
    8928       1.9067
    8929       1.8912
    8930       1.8955
    8931       1.9400
    8932       1.9622
    8933       1.9501
    8934       1.9359
    8935       1.9526
    8936       1.9492
    8937       1.9636
    8938       1.9333
    8939       1.8675
    8940       1.9192
    8941       1.9334
    8942       1.9466
    8943       1.9336
    8944       1.9481
    8945       1.9805
    8946       1.9226
    8947       1.9016
    8948       1.8903
    8949       1.8941
    8950       1.8385
    8951       1.8240
    8952       1.8891
    8953       1.8414
    8954       1.8228
    8955       1.8345
    8956       1.8261
    8957       1.8004
    8958       1.8506
    8959       1.8241
    8960       1.8226
    8961       1.9161
    8962       1.8792
    8963       1.8528
    8964       1.8660
    8965       1.9430
    8966       1.8730
    8967       1.8531
    8968       1.8474
    8969       1.8200
    8970       1.8271
    8971       1.8896
    8972       1.8096
    8973       1.7152
    8974       1.8075
    8975       1.8066
    8976       1.8428
    8977       1.8494
    8978       1.8045
    8979       1.7847
    8980       1.8206
    8981       1.8287
    8982       1.8385
    8983       1.8457
    8984       1.8301
    8985       1.8662
    8986       1.8429
    8987       1.8502
    8988       1.8539
    8989       1.9523
    8990       1.8396
    8991       1.8605
    8992       1.8622
    8993       1.8512
    8994       1.8307
    8995       1.8259
    8996       1.8371
    8997       1.8154
    8998       1.8715
    8999       1.8745
    9000       1.9023
    9001       1.8681
    9002       1.9342
    9003       1.8709
    9004       1.8685
    9005       1.8794
    9006       1.8405
    9007       1.8517
    9008       1.8532
    9009       1.8742
    9010       1.8927
    9011       1.9758
    9012       1.8892
    9013       1.8766
    9014       1.9104
    9015       1.9330
    9016       1.9282
    9017       1.9145
    9018       1.9581
    9019       1.8943
    9020       1.9263
    9021       1.9057
    9022       1.9212
    9023       1.8911
    9024       1.8440
    9025       1.8415
    9026       1.8703
    9027       1.8829
    9028       1.8427
    9029       1.8141
    9030       1.8292
    9031       1.8119
    9032       1.8688
    9033       1.8358
    9034       1.7980
    9035       1.8541
    9036       1.8749
    9037       1.8679
    9038       1.8622
    9039       1.7964
    9040       1.7460
    9041       1.8743
    9042       1.8074
    9043       1.7752
    9044       1.8162
    9045       1.7910
    9046       1.8125
    9047       1.8117
    9048       1.8380
    9049       1.8674
    9050       1.8282
    9051       1.7985
    9052       1.8322
    9053       1.8709
    9054       1.8402
    9055       1.8369
    9056       1.8645
    9057       1.8331
    9058       1.8141
    9059       1.8115
    9060       1.8457
    9061       1.8274
    9062       1.8564
    9063       1.8422
    9064       1.7417
    9065       1.8163
    9066       1.7463
    9067       1.7689
    9068       1.7969
    9069       1.7394
    9070       1.7881
    9071       1.7250
    9072       1.7689
    9073       1.7991
    9074       1.7198
    9075       1.7941
    9076       1.7869
    9077       1.7577
    9078       1.7345
    9079       1.7697
    9080       1.6988
    9081       1.7098
    9082       1.7179
    9083       1.7407
    9084       1.7657
    9085       1.7285
    9086       1.7447
    9087       1.7686
    9088       1.7775
    9089       1.7791
    9090       1.7899
    9091       1.7858
    9092       1.7428
    9093       1.7312
    9094       1.8064
    9095       1.7951
    9096       1.7723
    9097       1.8488
    9098       1.8072
    9099       1.8113
    9100       1.8159
    9101       1.8152
    9102       1.8272
    9103       1.7656
    9104       1.8089
    9105       1.8030
    9106       1.7958
    9107       1.8030
    9108       1.7904
    9109       1.8204
    9110       1.8367
    9111       1.7794
    9112       1.7860
    9113       1.7082
    9114       1.7492
    9115       1.7322
    9116       1.7586
    9117       1.7608
    9118       1.7341
    9119       1.7550
    9120       1.7284
    9121       1.7395
    9122       1.7474
    9123       1.7931
    9124       1.7590
    9125       1.7373
    9126       1.7326
    9127       1.7688
    9128       1.8001
    9129       1.8316
    9130       1.7807
    9131       1.8214
    9132       1.8651
    9133       1.8560
    9134       1.8130
    9135       1.8386
    9136       1.7804
    9137       1.8372
    9138       1.7917
    9139       1.8105
    9140       1.8218
    9141       1.7621
    9142       1.7859
    9143       1.7282
    9144       1.7723
    9145       1.7986
    9146       1.7776
    9147       1.8087
    9148       1.8268
    9149       1.7968
    9150       1.8104
    9151       1.7382
    9152       1.7895
    9153       1.8060
    9154       1.8095
    9155       1.7765
    9156       1.8098
    9157       1.8359
    9158       1.7932
    9159       1.7799
    9160       1.7613
    9161       1.7512
    9162       1.7847
    9163       1.7765
    9164       1.7681
    9165       1.7597
    9166       1.7375
    9167       1.7650
    9168       1.8240
    9169       1.7854
    9170       1.7898
    9171       1.8063
    9172       1.7493
    9173       1.7863
    9174       1.7987
    9175       1.8238
    9176       1.7960
    9177       1.8194
    9178       1.8319
    9179       1.8187
    9180       1.8488
    9181       1.7946
    9182       1.7678
    9183       1.7855
    9184       1.7665
    9185       1.8019
    9186       1.7728
    9187       1.8053
    9188       1.7498
    9189       1.7163
    9190       1.7659
    9191       1.8249
    9192       1.7965
    9193       1.8169
    9194       1.8513
    9195       1.8719
    9196       1.7981
    9197       1.7183
    9198       1.8303
    9199       1.8214
    9200       1.7978
    9201       1.8415
    9202       1.8322
    9203       1.8764
    9204       1.9082
    9205       1.8625
    9206       1.7907
    9207       1.7757
    9208       1.7708
    9209       1.8085
    9210       1.7844
    9211       1.7855
    9212       1.8107
    9213       1.8368
    9214       1.7539
    9215       1.8219
    9216       1.7490
    9217       1.8491
    9218       1.7813
    9219       1.8415
    9220       1.8301
    9221       1.8362
    9222       1.8015
    9223       1.7937
    9224       1.8713
    9225       1.8293
    9226       1.7879
    9227       1.8126
    9228       1.7431
    9229       1.7790
    9230       1.7670
    9231       1.7505
    9232       1.7513
    9233       1.7908
    9234       1.7998
    9235       1.8029
    9236       1.7538
    9237       1.7685
    9238       1.7995
    9239       1.7894
    9240       1.8407
    9241       1.8273
    9242       1.7800
    9243       1.8591
    9244       1.8405
    9245       1.8678
    9246       1.7621
    9247       1.8230
    9248       1.8134
    9249       1.7718
    9250       1.8078
    9251       1.7514
    9252       1.7366
    9253       1.7296
    9254       1.7592
    9255       1.7360
    9256       1.7303
    9257       1.7133
    9258       1.6944
    9259       1.6747
    9260       1.6431
    9261       1.6762
    9262       1.6937
    9263       1.6806
    9264       1.7208
    9265       1.6934
    9266       1.7487
    9267       1.6933
    9268       1.7492
    9269       1.7804
    9270       1.7116
    9271       1.6975
    9272       1.7397
    9273       1.7794
    9274       1.7177
    9275       1.7742
    9276       1.7276
    9277       1.7806
    9278       1.7437
    9279       1.7304
    9280       1.7293
    9281       1.7706
    9282       1.7434
    9283       1.8333
    9284       1.7757
    9285       1.7662
    9286       1.7661
    9287       1.8429
    9288       1.7383
    9289       1.7421
    9290       1.7474
    9291       1.7752
    9292       1.7387
    9293       1.7486
    9294       1.7666
    9295       1.7274
    9296       1.7840
    9297       1.7751
    9298       1.7551
    9299       1.7211
    9300       1.7681
    9301       1.8114
    9302       1.8894
    9303       1.8398
    9304       1.8399
    9305       1.8387
    9306       1.8246
    9307       1.8367
    9308       1.8573
    9309       1.8711
    9310       1.8086
    9311       1.8581
    9312       1.8128
    9313       1.7670
    9314       1.7705
    9315       1.7991
    9316       1.7864
    9317       1.7718
    9318       1.7723
    9319       1.7253
    9320       1.7701
    9321       1.6913
    9322       1.7492
    9323       1.7308
    9324       1.6762
    9325       1.7451
    9326       1.7352
    9327       1.6986
    9328       1.7326
    9329       1.7041
    9330       1.7233
    9331       1.7608
    9332       1.7957
    9333       1.7611
    9334       1.7226
    9335       1.7082
    9336       1.7376
    9337       1.7242
    9338       1.7973
    9339       1.7594
    9340       1.7724
    9341       1.7321
    9342       1.7438
    9343       1.7705
    9344       1.7670
    9345       1.8538
    9346       1.8531
    9347       1.8563
    9348       1.8259
    9349       1.8469
    9350       1.8312
    9351       1.8571
    9352       1.7636
    9353       1.7364
    9354       1.7592
    9355       1.7780
    9356       1.7908
    9357       1.7720
    9358       1.7744
    9359       1.8015
    9360       1.8134
    9361       1.7718
    9362       1.7795
    9363       1.7896
    9364       1.8657
    9365       1.7352
    9366       1.7735
    9367       1.8008
    9368       1.7784
    9369       1.7999
    9370       1.8399
    9371       1.7532
    9372       1.7865
    9373       1.8044
    9374       1.8218
    9375       1.8020
    9376       1.7776
    9377       1.8210
    9378       1.7806
    9379       1.8548
    9380       1.8250
    9381       1.7675
    9382       1.8283
    9383       1.8432
    9384       1.7848
    9385       1.7976
    9386       1.7672
    9387       1.7444
    9388       1.7729
    9389       1.7943
    9390       1.8341
    9391       1.8692
    9392       1.8552
    9393       1.8250
    9394       1.8313
    9395       1.8432
    9396       1.7717
    9397       1.7719
    9398       1.7911
    9399       1.7938
    9400       1.7968
    9401       1.8120
    9402       1.8637
    9403       1.8225
    9404       1.8245
    9405       1.8327
    9406       1.8449
    9407       1.8323
    9408       1.8024
    9409       1.8142
    9410       1.8263
    9411       1.7916
    9412       1.8204
    9413       1.8079
    9414       1.8463
    9415       1.7663
    9416       1.8114
    9417       1.7668
    9418       1.7479
    9419       1.7366
    9420       1.7668
    9421       1.7631
    9422       1.8242
    9423       1.7872
    9424       1.8219
    9425       1.7760
    9426       1.8277
    9427       1.7808
    9428       1.7687
    9429       1.7662
    9430       1.7455
    9431       1.8002
    9432       1.7833
    9433       1.7028
    9434       1.7343
    9435       1.7706
    9436       1.7250
    9437       1.7409
    9438       1.7886
    9439       1.7797
    9440       1.8076
    9441       1.7807
    9442       1.7842
    9443       1.7703
    9444       1.8418
    9445       1.7626
    9446       1.8695
    9447       1.8426
    9448       1.8364
    9449       1.8193
    9450       1.8129
    9451       1.8279
    9452       1.8466
    9453       1.8422
    9454       1.8137
    9455       1.7791
    9456       1.8191
    9457       1.7930
    9458       1.8277
    9459       1.8340
    9460       1.8070
    9461       1.7907
    9462       1.8148
    9463       1.8351
    9464       1.8579
    9465       1.7764
    9466       1.8158
    9467       1.7833
    9468       1.7940
    9469       1.7787
    9470       1.8140
    9471       1.7925
    9472       1.8286
    9473       1.8363
    9474       1.8096
    9475       1.8241
    9476       1.8441
    9477       1.8532
    9478       1.8506
    9479       1.8096
    9480       1.8144
    9481       1.8402
    9482       1.8232
    9483       1.8133
    9484       1.7753
    9485       1.8292
    9486       1.8349
    9487       1.8670
    9488       1.8330
    9489       1.8338
    9490       1.7901
    9491       1.7543
    9492       1.8222
    9493       1.7779
    9494       1.7688
    9495       1.8038
    9496       1.8734
    9497       1.7716
    9498       1.7984
    9499       1.7455
    9500       1.7807
    9501       1.7098
    9502       1.7126
    9503       1.6902
    9504       1.7618
    9505       1.7537
    9506       1.8509
    9507       1.8243
    9508       1.8194
    9509       1.8540
    9510       1.8589
    9511       1.7873
    9512       1.8304
    9513       1.7554
    9514       1.7643
    9515       1.8001
    9516       1.7687
    9517       1.7766
    9518       1.7833
    9519       1.8208
    9520       1.7593
    9521       1.8122
    9522       1.8616
    9523       1.8666
    9524       1.8195
    9525       1.8393
    9526       1.8660
    9527       1.9424
    9528       1.8657
    9529       1.8611
    9530       1.8631
    9531       1.8523
    9532       1.8489
    9533       1.8792
    9534       1.8522
    9535       1.8588
    9536       1.8766
    9537       1.8888
    9538       1.9280
    9539       1.9251
    9540       1.8916
    9541       1.8793
    9542       1.8370
    9543       1.8213
    9544       1.8936
    9545       1.8577
    9546       1.8476
    9547       1.9030
    9548       1.8470
    9549       1.8769
    9550       1.9278
    9551       1.8095
    9552       1.8392
    9553       1.7873
    9554       1.7961
    9555       1.7922
    9556       1.8271
    9557       1.8111
    9558       1.8607
    9559       1.8582
    9560       1.8372
    9561       1.8628
    9562       1.8247
    9563       1.8625
    9564       1.8161
    9565       1.7576
    9566       1.7902
    9567       1.8074
    9568       1.8793
    9569       1.8555
    9570       1.8481
    9571       1.8455
    9572       1.9066
    9573       1.8786
    9574       1.8313
    9575       1.9089
    9576       1.9471
    9577       1.8831
    9578       1.8511
    9579       1.7755
    9580       1.8305
    9581       1.8020
    9582       1.8877
    9583       1.8308
    9584       1.8077
    9585       1.8464
    9586       1.8282
    9587       1.8489
    9588       1.7993
    9589       1.8161
    9590       1.7533
    9591       1.8059
    9592       1.7638
    9593       1.7898
    9594       1.8751
    9595       1.8769
    9596       1.9549
    9597       1.9163
    9598       1.8941
    9599       1.8797
    9600       1.8696
    9601       1.9118
    9602       1.8906
    9603       1.8360
    9604       1.8618
    9605       1.8159
    9606       1.8892
    9607       1.9149
    9608       1.8615
    9609       1.8545
    9610       1.8443
    9611       1.8136
    9612       1.8179
    9613       1.8040
    9614       1.8301
    9615       1.8755
    9616       1.9170
    9617       1.9021
    9618       1.8589
    9619       1.8591
    9620       1.9068
    9621       1.8934
    9622       1.8809
    9623       1.8633
    9624       1.8436
    9625       1.8142
    9626       1.8440
    9627       1.8678
    9628       1.7992
    9629       1.8068
    9630       1.7709
    9631       1.8160
    9632       1.7926
    9633       1.7951
    9634       1.7580
    9635       1.7605
    9636       1.7719
    9637       1.8323
    9638       1.7867
    9639       1.7943
    9640       1.8129
    9641       1.7928
    9642       1.7493
    9643       1.7339
    9644       1.7297
    9645       1.7215
    9646       1.7693
    9647       1.7433
    9648       1.7705
    9649       1.7752
    9650       1.7804
    9651       1.8082
    9652       1.7506
    9653       1.7860
    9654       1.7419
    9655       1.8148
    9656       1.8091
    9657       1.7995
    9658       1.8910
    9659       1.8526
    9660       1.8406
    9661       1.8580
    9662       1.8897
    9663       1.8493
    9664       1.8763
    9665       1.8466
    9666       1.8438
    9667       1.8560
    9668       1.8011
    9669       1.8640
    9670       1.7609
    9671       1.7344
    9672       1.7918
    9673       1.8020
    9674       1.8119
    9675       1.7788
    9676       1.8243
    9677       1.8321
    9678       1.8536
    9679       1.8387
    9680       1.8570
    9681       1.8611
    9682       1.9045
    9683       1.8730
    9684       1.8579
    9685       1.8890
    9686       1.8724
    9687       1.8566
    9688       1.8137
    9689       1.8774
    9690       1.8176
    9691       1.8047
    9692       1.8317
    9693       1.7907
    9694       1.8497
    9695       1.8364
    9696       1.7908
    9697       1.7803
    9698       1.7898
    9699       1.7383
    9700       1.7782
    9701       1.7676
    9702       1.7731
    9703       1.7615
    9704       1.7358
    9705       1.7668
    9706       1.7597
    9707       1.7824
    9708       1.7945
    9709       1.7867
    9710       1.8226
    9711       1.8066
    9712       1.8077
    9713       1.7616
    9714       1.8285
    9715       1.8174
    9716       1.8015
    9717       1.8186
    9718       1.8391
    9719       1.8330
    9720       1.8573
    9721       1.8453
    9722       1.8343
    9723       1.8545
    9724       1.8655
    9725       1.9007
    9726       1.8502
    9727       1.9122
    9728       1.8702
    9729       1.8680
    9730       1.8381
    9731       1.8493
    9732       1.8527
    9733       1.8278
    9734       1.8338
    9735       1.8420
    9736       1.8309
    9737       1.9043
    9738       1.8901
    9739       1.9130
    9740       1.8988
    9741       1.8222
    9742       1.8241
    9743       1.8008
    9744       1.8254
    9745       1.8288
    9746       1.8726
    9747       1.8575
    9748       1.8772
    9749       1.8802
    9750       1.8937
    9751       1.8444
    9752       1.8974
    9753       1.8733
    9754       1.8524
    9755       1.8280
    9756       1.8026
    9757       1.8772
    9758       1.8791
    9759       1.9091
    9760       1.8620
    9761       1.8894
    9762       1.8366
    9763       1.8431
    9764       1.7969
    9765       1.7637
    9766       1.7966
    9767       1.7684
    9768       1.8035
    9769       1.8636
    9770       1.9169
    9771       1.8565
    9772       1.7936
    9773       1.7547
    9774       1.8283
    9775       1.8188
    9776       1.7533
    9777       1.7360
    9778       1.8198
    9779       1.8268
    9780       1.7725
    9781       1.7995
    9782       1.7994
    9783       1.8662
    9784       1.7539
    9785       1.8156
    9786       1.7727
    9787       1.7881
    9788       1.8176
    9789       1.7520
    9790       1.8066
    9791       1.8349
    9792       1.8489
    9793       1.8474
    9794       1.8705
    9795       1.8472
    9796       1.8492
    9797       1.8326
    9798       1.8345
    9799       1.7901
    9800       1.8429
    9801       1.8075
    9802       1.8076
    9803       1.8599
    9804       1.8573
    9805       1.8621
    9806       1.8638
    9807       1.8097
    9808       1.7635
    9809       1.8355
    9810       1.8065
    9811       1.7848
    9812       1.8731
    9813       1.8524
    9814       1.8451
    9815       1.8505
    9816       1.8092
    9817       1.8065
    9818       1.7982
    9819       1.8173
    9820       1.8063
    9821       1.8412
    9822       1.8138
    9823       1.8233
    9824       1.8047
    9825       1.8404
    9826       1.8525
    9827       1.8451
    9828       1.8782
    9829       1.8518
    9830       1.8744
    9831       1.8221
    9832       1.7948
    9833       1.8155
    9834       1.8214
    9835       1.8320
    9836       1.7911
    9837       1.7960
    9838       1.7864
    9839       1.7867
    9840       1.7835
    9841       1.8182
    9842       1.8463
    9843       1.8031
    9844       1.8408
    9845       1.8080
    9846       1.7653
    9847       1.7609
    9848       1.7780
    9849       1.7589
    9850       1.8353
    9851       1.7881
    9852       1.8049
    9853       1.8480
    9854       1.7559
    9855       1.8226
    9856       1.8036
    9857       1.7996
    9858       1.7727
    9859       1.7498
    9860       1.7650
    9861       1.7689
    9862       1.7303
    9863       1.7600
    9864       1.7641
    9865       1.7341
    9866       1.6893
    9867       1.7650
    9868       1.7449
    9869       1.7535
    9870       1.7233
    9871       1.7588
    9872       1.7675
    9873       1.8575
    9874       1.8534
    9875       1.8154
    9876       1.8175
    9877       1.8108
    9878       1.8216
    9879       1.8427
    9880       1.8394
    9881       1.8173
    9882       1.7911
    9883       1.8082
    9884       1.8531
    9885       1.8441
    9886       1.8407
    9887       1.7914
    9888       1.8158
    9889       1.8240
    9890       1.7800
    9891       1.7850
    9892       1.8097
    9893       1.8227
    9894       1.7998
    9895       1.7798
    9896       1.7995
    9897       1.8030
    9898       1.8426
    9899       1.8682
    9900       1.8645
    9901       1.8389
    9902       1.8671
    9903       1.8709
    9904       1.8493
    9905       1.7902
    9906       1.7645
    9907       1.7819
    9908       1.7969
    9909       1.8038
    9910       1.7812
    9911       1.8200
    9912       1.7780
    9913       1.8221
    9914       1.7715
    9915       1.8122
    9916       1.8052
    9917       1.8232
    9918       1.8716
    9919       1.8480
    9920       1.8086
    9921       1.7481
    9922       1.8328
    9923       1.7935
    9924       1.7732
    9925       1.8016
    9926       1.8016
    9927       1.7717
    9928       1.7776
    9929       1.7668
    9930       1.7906
    9931       1.7730
    9932       1.7576
    9933       1.7621
    9934       1.8275
    9935       1.8071
    9936       1.7271
    9937       1.7679
    9938       1.8095
    9939       1.7790
    9940       1.8284
    9941       1.8025
    9942       1.7834
    9943       1.7510
    9944       1.7300
    9945       1.7261
    9946       1.7452
    9947       1.8129
    9948       1.8215
    9949       1.7513
    9950       1.7759
    9951       1.8276
    9952       1.7895
    9953       1.7948
    9954       1.7605
    9955       1.7255
    9956       1.7570
    9957       1.7476
    9958       1.7891
    9959       1.8051
    9960       1.7124
    9961       1.7720
    9962       1.7715
    9963       1.7141
    9964       1.7192
    9965       1.7919
    9966       1.7536
    9967       1.7447
    9968       1.7498
    9969       1.7608
    9970       1.7609
    9971       1.7582
    9972       1.7950
    9973       1.7327
    9974       1.7935
    9975       1.7795
    9976       1.7441
    9977       1.7901
    9978       1.7710
    9979       1.8049
    9980       1.7531
    9981       1.7917
    9982       1.7927
    9983       1.8224
    9984       1.7859
    9985       1.7739
    9986       1.7994
    9987       1.7946
    9988       1.7330
    9989       1.7389
    9990       1.7859
    9991       1.8132
    9992       1.8276
    9993       1.8032
    9994       1.7962
    9995       1.7670
    9996       1.7974
    9997       1.7714
    9998       1.7840
    9999       1.7599
   10000       1.7301
   10001       1.7414
   10002       1.7364
   10003       1.7634
   10004       1.8113
   10005       1.7582
   10006       1.7577
   10007       1.8219
   10008       1.7353
   10009       1.7698
   10010       1.7899
   10011       1.7295
   10012       1.7492
   10013       1.7877
   10014       1.8035
   10015       1.7935
   10016       1.7875
   10017       1.7838
   10018       1.7099
   10019       1.7152
   10020       1.6741
   10021       1.6828
   10022       1.6655
   10023       1.6874
   10024       1.7337
   10025       1.6947
   10026       1.6990
   10027       1.6945
   10028       1.7053
   10029       1.6757
   10030       1.7092
   10031       1.7964
   10032       1.7462
   10033       1.7878
   10034       1.7115
   10035       1.7614
   10036       1.7695
   10037       1.7467
   10038       1.7419
   10039       1.7680
   10040       1.7738
   10041       1.7663
   10042       1.7642
   10043       1.7771
   10044       1.7569
   10045       1.8070
   10046       1.7709
   10047       1.7799
   10048       1.7644
   10049       1.7997
   10050       1.7673
   10051       1.7402
   10052       1.7611
   10053       1.7548
   10054       1.7652
   10055       1.7697
   10056       1.7916
   10057       1.7334
   10058       1.7751
   10059       1.7808
   10060       1.7371
   10061       1.7442
   10062       1.8044
   10063       1.8337
   10064       1.7967
   10065       1.8150
   10066       1.8202
   10067       1.8585
   10068       1.8970
   10069       1.8017
   10070       1.8319
   10071       1.7886
   10072       1.8869
   10073       1.8480
   10074       1.8340
   10075       1.8353
   10076       1.8735
   10077       1.9130
   10078       1.8742
   10079       1.8776
   10080       1.8057
   10081       1.7979
   10082       1.8149
   10083       1.8724
   10084       1.8106
   10085       1.9043
   10086       1.8292
   10087       1.8308
   10088       1.8130
   10089       1.7828
   10090       1.7093
   10091       1.7153
   10092       1.7005
   10093       1.7409
   10094       1.7760
   10095       1.8019
   10096       1.7417
   10097       1.7122
   10098       1.6930
   10099       1.7271
   10100       1.7557
   10101       1.8051
   10102       1.8135
   10103       1.8030
   10104       1.7880
   10105       1.7926
   10106       1.7895
   10107       1.8380
   10108       1.8153
   10109       1.7919
   10110       1.8193
   10111       1.7399
   10112       1.7913
   10113       1.7949
   10114       1.7614
   10115       1.7575
   10116       1.7956
   10117       1.7640
   10118       1.7919
   10119       1.7483
   10120       1.7681
   10121       1.8399
   10122       1.7435
   10123       1.7442
   10124       1.7869
   10125       1.7889
   10126       1.7957
   10127       1.8480
   10128       1.7819
   10129       1.7660
   10130       1.7717
   10131       1.7631
   10132       1.7846
   10133       1.8377
   10134       1.7700
   10135       1.7554
   10136       1.7055
   10137       1.7346
   10138       1.7593
   10139       1.7047
   10140       1.7424
   10141       1.7614
   10142       1.7750
   10143       1.7678
   10144       1.7664
   10145       1.8294
   10146       1.7693
   10147       1.8021
   10148       1.7450
   10149       1.7534
   10150       1.7118
   10151       1.7016
   10152       1.7327
   10153       1.8043
   10154       1.7541
   10155       1.7057
   10156       1.7215
   10157       1.7212
   10158       1.7325
   10159       1.7338
   10160       1.6816
   10161       1.6966
   10162       1.7273
   10163       1.7301
   10164       1.7239
   10165       1.7040
   10166       1.6993
   10167       1.7076
   10168       1.7161
   10169       1.7301
   10170       1.7663
   10171       1.7455
   10172       1.7925
   10173       1.7928
   10174       1.7632
   10175       1.8084
   10176       1.7642
   10177       1.7431
   10178       1.7748
   10179       1.7253
   10180       1.7925
   10181       1.7600
   10182       1.7901
   10183       1.7214
   10184       1.7479
   10185       1.7701
   10186       1.7434
   10187       1.7575
   10188       1.7703
   10189       1.7625
   10190       1.7369
   10191       1.7029
   10192       1.7573
   10193       1.7134
   10194       1.7082
   10195       1.7262
   10196       1.6821
   10197       1.7156
   10198       1.6845
   10199       1.6905
   10200       1.6918
   10201       1.7027
   10202       1.6799
   10203       1.7702
   10204       1.7000
   10205       1.7553
   10206       1.7356
   10207       1.7330
   10208       1.7199
   10209       1.6981
   10210       1.7248
   10211       1.7224
   10212       1.7568
   10213       1.7500
   10214       1.7505
   10215       1.7343
   10216       1.7481
   10217       1.7014
   10218       1.7143
   10219       1.7477
   10220       1.7699
   10221       1.7389
   10222       1.7574
   10223       1.7388
   10224       1.7664
   10225       1.7142
   10226       1.7331
   10227       1.7676
   10228       1.7590
   10229       1.7812
   10230       1.7100
   10231       1.7316
   10232       1.7577
   10233       1.7349
   10234       1.7398
   10235       1.6965
   10236       1.7098
   10237       1.7316
   10238       1.7567
   10239       1.7155
   10240       1.7523
   10241       1.7430
   10242       1.7265
   10243       1.6878
   10244       1.7863
   10245       1.7513
   10246       1.6775
   10247       1.7461
   10248       1.7227
   10249       1.7280
   10250       1.7058
   10251       1.6933
   10252       1.6488
   10253       1.6599
   10254       1.6681
   10255       1.6798
   10256       1.6874
   10257       1.6834
   10258       1.6935
   10259       1.6851
   10260       1.7067
   10261       1.7245
   10262       1.7324
   10263       1.7022
   10264       1.7108
   10265       1.7258
   10266       1.7295
   10267       1.7302
   10268       1.6937
   10269       1.6624
   10270       1.7105
   10271       1.6697
   10272       1.6565
   10273       1.6849
   10274       1.6499
   10275       1.6831
   10276       1.6778
   10277       1.7086
   10278       1.7287
   10279       1.6859
   10280       1.7098
   10281       1.7064
   10282       1.6395
   10283       1.6545
   10284       1.6699
   10285       1.6963
   10286       1.6562
   10287       1.6697
   10288       1.6317
   10289       1.6714
   10290       1.6930
   10291       1.7048
   10292       1.7206
   10293       1.7394
   10294       1.7098
   10295       1.7133
   10296       1.6939
   10297       1.6963
   10298       1.6983
   10299       1.7411
   10300       1.7451
   10301       1.6698
   10302       1.6191
   10303       1.6952
   10304       1.6143
   10305       1.6586
   10306       1.6474
   10307       1.6762
   10308       1.6468
   10309       1.6551
   10310       1.7087
   10311       1.6587
   10312       1.6217
   10313       1.7326
   10314       1.7083
   10315       1.6662
   10316       1.6756
   10317       1.7557
   10318       1.7131
   10319       1.6986
   10320       1.7463
   10321       1.7397
   10322       1.7666
   10323       1.7960
   10324       1.8291
   10325       1.7610
   10326       1.8426
   10327       1.8015
   10328       1.7144
   10329       1.7302
   10330       1.6634
   10331       1.6972
   10332       1.7022
   10333       1.7343
   10334       1.7096
   10335       1.7887
   10336       1.7472
   10337       1.6752
   10338       1.7407
   10339       1.7523
   10340       1.7175
   10341       1.6830
   10342       1.7204
   10343       1.6625
   10344       1.7241
   10345       1.6710
   10346       1.6531
   10347       1.7616
   10348       1.7317
   10349       1.7226
   10350       1.7542
   10351       1.6594
   10352       1.6807
   10353       1.7135
   10354       1.7157
   10355       1.7013
   10356       1.7114
   10357       1.7162
   10358       1.7063
   10359       1.7003
   10360       1.7831
   10361       1.7093
   10362       1.7322
   10363       1.7824
   10364       1.7784
   10365       1.7423
   10366       1.7866
   10367       1.8173
   10368       1.8312
   10369       1.7475
   10370       1.7704
   10371       1.7391
   10372       1.7357
   10373       1.8126
   10374       1.7350
   10375       1.7674
   10376       1.7472
   10377       1.7274
   10378       1.7924
   10379       1.7593
   10380       1.7282
   10381       1.7175
   10382       1.6964
   10383       1.6939
   10384       1.6644
   10385       1.6430
   10386       1.6812
   10387       1.6925
   10388       1.7444
   10389       1.7228
   10390       1.7413
   10391       1.7046
   10392       1.7234
   10393       1.7094
   10394       1.6856
   10395       1.6727
   10396       1.7164
   10397       1.6909
   10398       1.7196
   10399       1.6830
   10400       1.7609
   10401       1.7682
   10402       1.7503
   10403       1.7071
   10404       1.7308
   10405       1.7074
   10406       1.7784
   10407       1.7366
   10408       1.7301
   10409       1.7164
   10410       1.7173
   10411       1.7547
   10412       1.6868
   10413       1.7488
   10414       1.7539
   10415       1.7282
   10416       1.6982
   10417       1.6898
   10418       1.7779
   10419       1.7631
   10420       1.7909
   10421       1.7969
   10422       1.8646
   10423       1.8279
   10424       1.8656
   10425       1.8760
   10426       1.8872
   10427       1.8402
   10428       1.8203
   10429       1.7987
   10430       1.7622
   10431       1.8103
   10432       1.7851
   10433       1.8115
   10434       1.7790
   10435       1.8234
   10436       1.7738
   10437       1.7224
   10438       1.7989
   10439       1.8600
   10440       1.7780
   10441       1.7378
   10442       1.7630
   10443       1.8472
   10444       1.7372
   10445       1.7413
   10446       1.7671
   10447       1.7610
   10448       1.7386
   10449       1.7558
   10450       1.7979
   10451       1.7793
   10452       1.7815
   10453       1.7508
   10454       1.7954
   10455       1.8046
   10456       1.8622
   10457       1.8513
   10458       1.8503
   10459       1.8335
   10460       1.8348
   10461       1.8239
   10462       1.8229
   10463       1.7767
   10464       1.7989
   10465       1.8304
   10466       1.7738
   10467       1.7070
   10468       1.7433
   10469       1.7429
   10470       1.7612
   10471       1.7709
   10472       1.8101
   10473       1.7971
   10474       1.7048
   10475       1.8037
   10476       1.7421
   10477       1.7259
   10478       1.7837
   10479       1.6853
   10480       1.7318
   10481       1.6914
   10482       1.7054
   10483       1.6774
   10484       1.7263
   10485       1.7332
   10486       1.7570
   10487       1.7347
   10488       1.7659
   10489       1.8076
   10490       1.7520
   10491       1.7643
   10492       1.7378
   10493       1.7368
   10494       1.7724
   10495       1.7666
   10496       1.7423
   10497       1.7388
   10498       1.6800
   10499       1.7631
   10500       1.7554
   10501       1.7812
   10502       1.7875
   10503       1.7351
   10504       1.7550
   10505       1.7224
   10506       1.6762
   10507       1.7420
   10508       1.7004
   10509       1.7477
   10510       1.7585
   10511       1.7833
   10512       1.7787
   10513       1.7427
   10514       1.7502
   10515       1.7301
   10516       1.7581
   10517       1.7263
   10518       1.7182
   10519       1.7232
   10520       1.7573
   10521       1.6928
   10522       1.7405
   10523       1.7282
   10524       1.7610
   10525       1.7212
   10526       1.6988
   10527       1.6714
   10528       1.7551
   10529       1.7158
   10530       1.6814
   10531       1.6792
   10532       1.7049
   10533       1.7544
   10534       1.7299
   10535       1.7288
   10536       1.7591
   10537       1.8119
   10538       1.7285
   10539       1.6963
   10540       1.6866
   10541       1.6236
   10542       1.6715
   10543       1.6833
   10544       1.6962
   10545       1.7334
   10546       1.7281
   10547       1.7157
   10548       1.7184
   10549       1.6784
   10550       1.7035
   10551       1.6936
   10552       1.7303
   10553       1.7214
   10554       1.7076
   10555       1.6979
   10556       1.7029
   10557       1.7117
   10558       1.7196
   10559       1.6743
   10560       1.6628
   10561       1.7158
   10562       1.7499
   10563       1.7419
   10564       1.6689
   10565       1.6825
   10566       1.7002
   10567       1.6716
   10568       1.7345
   10569       1.6696
   10570       1.7632
   10571       1.7711
   10572       1.7031
   10573       1.6686
   10574       1.6739
   10575       1.7578
   10576       1.7139
   10577       1.7183
   10578       1.7183
   10579       1.7029
   10580       1.7758
   10581       1.7678
   10582       1.7964
   10583       1.8078
   10584       1.7491
   10585       1.7330
   10586       1.7417
   10587       1.7401
   10588       1.7909
   10589       1.7480
   10590       1.7892
   10591       1.7915
   10592       1.7640
   10593       1.8316
   10594       1.7519
   10595       1.8289
   10596       1.8202
   10597       1.7926
   10598       1.8077
   10599       1.7823
   10600       1.7038
   10601       1.7442
   10602       1.6998
   10603       1.7077
   10604       1.7309
   10605       1.7848
   10606       1.7660
   10607       1.7705
   10608       1.7833
   10609       1.8063
   10610       1.7769
   10611       1.7634
   10612       1.7538
   10613       1.7369
   10614       1.7753
   10615       1.8036
   10616       1.7488
   10617       1.7579
   10618       1.8195
   10619       1.7528
   10620       1.7294
   10621       1.7758
   10622       1.8041
   10623       1.8168
   10624       1.7458
   10625       1.7510
   10626       1.7347
   10627       1.7346
   10628       1.7191
   10629       1.7871
   10630       1.8215
   10631       1.7880
   10632       1.7039
   10633       1.7305
   10634       1.7128
   10635       1.6895
   10636       1.7221
   10637       1.7477
   10638       1.7420
   10639       1.7573
   10640       1.7288
   10641       1.7343
   10642       1.7502
   10643       1.8020
   10644       1.7758
   10645       1.7788
   10646       1.8083
   10647       1.8096
   10648       1.7363
   10649       1.7327
   10650       1.7832
   10651       1.7620
   10652       1.7989
   10653       1.8501
   10654       1.7716
   10655       1.7497
   10656       1.7969
   10657       1.8094
   10658       1.7881
   10659       1.8237
   10660       1.8257
   10661       1.7604
   10662       1.7693
   10663       1.8146
   10664       1.8024
   10665       1.7254
   10666       1.7118
   10667       1.6709
   10668       1.6898
   10669       1.7830
   10670       1.7500
   10671       1.7837
   10672       1.7399
   10673       1.7586
   10674       1.8112
   10675       1.7194
   10676       1.7492
   10677       1.7337
   10678       1.7816
   10679       1.6962
   10680       1.7907
   10681       1.7345
   10682       1.7698
   10683       1.7472
   10684       1.7742
   10685       1.8042
   10686       1.7881
   10687       1.7848
   10688       1.8073
   10689       1.7881
   10690       1.7685
   10691       1.7551
   10692       1.7614
   10693       1.7868
   10694       1.7884
   10695       1.7973
   10696       1.8034
   10697       1.7811
   10698       1.8201
   10699       1.7663
   10700       1.7806
   10701       1.7218
   10702       1.7181
   10703       1.7784
   10704       1.7827
   10705       1.7865
   10706       1.7771
   10707       1.7902
   10708       1.7979
   10709       1.7573
   10710       1.7986
   10711       1.8347
   10712       1.7887
   10713       1.7907
   10714       1.7534
   10715       1.8663
   10716       1.7969
   10717       1.7905
   10718       1.7664
   10719       1.7583
   10720       1.7927
   10721       1.6970
   10722       1.7466
   10723       1.7678
   10724       1.7365
   10725       1.7291
   10726       1.7397
   10727       1.7430
   10728       1.7221
   10729       1.7481
   10730       1.7242
   10731       1.6992
   10732       1.6873
   10733       1.7529
   10734       1.6915
   10735       1.7006
   10736       1.6841
   10737       1.6614
   10738       1.7020
   10739       1.6953
   10740       1.6779
   10741       1.7133
   10742       1.7140
   10743       1.6791
   10744       1.7396
   10745       1.7192
   10746       1.7300
   10747       1.7007
   10748       1.7122
   10749       1.7014
   10750       1.6644
   10751       1.7136
   10752       1.7084
   10753       1.6926
   10754       1.7427
   10755       1.7421
   10756       1.7697
   10757       1.7350
   10758       1.7191
   10759       1.7132
   10760       1.7525
   10761       1.7000
   10762       1.7171
   10763       1.7024
   10764       1.6915
   10765       1.7311
   10766       1.7863
   10767       1.7396
   10768       1.7649
   10769       1.7672
   10770       1.7603
   10771       1.7615
   10772       1.7913
   10773       1.7251
   10774       1.8047
   10775       1.8082
   10776       1.7769
   10777       1.7960
   10778       1.8176
   10779       1.8318
   10780       1.8251
   10781       1.8176
   10782       1.8431
   10783       1.7965
   10784       1.8339
   10785       1.7981
   10786       1.7515
   10787       1.7573
   10788       1.7644
   10789       1.9118
   10790       1.8521
   10791       1.7944
   10792       1.8764
   10793       1.8495
   10794       1.8361
   10795       1.8399
   10796       1.8160
   10797       1.8049
   10798       1.8013
   10799       1.8395
   10800       1.8264
   10801       1.8436
   10802       1.7931
   10803       1.7692
   10804       1.8384
   10805       1.8481
   10806       1.8144
   10807       1.8132
   10808       1.7946
   10809       1.8064
   10810       1.7995
   10811       1.8129
   10812       1.8186
   10813       1.7977
   10814       1.8385
   10815       1.8530
   10816       1.8241
   10817       1.8327
   10818       1.8367
   10819       1.8719
   10820       1.8187
   10821       1.7874
   10822       1.8169
   10823       1.8575
   10824       1.8216
   10825       1.7568
   10826       1.8548
   10827       1.7506
   10828       1.7845
   10829       1.8143
   10830       1.8520
   10831       1.8232
   10832       1.8072
   10833       1.8161
   10834       1.7553
   10835       1.7864
   10836       1.8151
   10837       1.9086
   10838       1.8764
   10839       1.8425
   10840       1.8229
   10841       1.8478
   10842       1.8133
   10843       1.8600
   10844       1.8871
   10845       1.8407
   10846       1.8600
   10847       1.8013
   10848       1.8988
   10849       1.8192
   10850       1.8133
   10851       1.7574
   10852       1.7716
   10853       1.8276
   10854       1.8121
   10855       1.8109
   10856       1.7909
   10857       1.8241
   10858       1.8247
   10859       1.7616
   10860       1.8307
   10861       1.8241
   10862       1.8013
   10863       1.8129
   10864       1.7775
   10865       1.8124
   10866       1.8085
   10867       1.8048
   10868       1.7766
   10869       1.7691
   10870       1.8075
   10871       1.8354
   10872       1.8343
   10873       1.8527
   10874       1.9018
   10875       1.8142
   10876       1.8240
   10877       1.7508
   10878       1.7023
   10879       1.7668
   10880       1.7550
   10881       1.7146
   10882       1.7705
   10883       1.8004
   10884       1.7634
   10885       1.7977
   10886       1.8011
   10887       1.7544
   10888       1.8486
   10889       1.7840
   10890       1.7846
   10891       1.8289
   10892       1.8581
   10893       1.8475
   10894       1.8324
   10895       1.8480
   10896       1.7990
   10897       1.7959
   10898       1.8222
   10899       1.8501
   10900       1.8476
   10901       1.8097
   10902       1.8105
   10903       1.8399
   10904       1.8038
   10905       1.7645
   10906       1.7777
   10907       1.7924
   10908       1.8415
   10909       1.7909
   10910       1.7949
   10911       1.8713
   10912       1.8473
   10913       1.8284
   10914       1.8257
   10915       1.8498
   10916       1.9004
   10917       1.8747
   10918       1.8871
   10919       1.8559
   10920       1.8029
   10921       1.8603
   10922       1.8672
   10923       1.8837
   10924       1.8774
   10925       1.8456
   10926       1.8700
   10927       1.8576
   10928       1.8281
   10929       1.8330
   10930       1.7683
   10931       1.8327
   10932       1.8179
   10933       1.8598
   10934       1.7874
   10935       1.7862
   10936       1.7591
   10937       1.7851
   10938       1.7901
   10939       1.8231
   10940       1.8078
   10941       1.8233
   10942       1.8330
   10943       1.8049
   10944       1.7234
   10945       1.7702
   10946       1.7564
   10947       1.7357
   10948       1.7243
   10949       1.7296
   10950       1.7974
   10951       1.8043
   10952       1.8528
   10953       1.7420
   10954       1.7160
   10955       1.7652
   10956       1.7486
   10957       1.7967
   10958       1.7854
   10959       1.7393
   10960       1.7617
   10961       1.7916
   10962       1.8108
   10963       1.8037
   10964       1.7921
   10965       1.8260
   10966       1.8387
   10967       1.7653
   10968       1.7376
   10969       1.7769
   10970       1.7623
   10971       1.7746
   10972       1.7884
   10973       1.7780
   10974       1.7643
   10975       1.7914
   10976       1.7888
   10977       1.7746
   10978       1.7827
   10979       1.8010
   10980       1.7846
   10981       1.8234
   10982       1.8065
   10983       1.8192
   10984       1.7864
   10985       1.7786
   10986       1.7244
   10987       1.7718
   10988       1.8063
   10989       1.8241
   10990       1.8437
   10991       1.8168
   10992       1.7955
   10993       1.7424
   10994       1.7278
   10995       1.7700
   10996       1.7530
   10997       1.7372
   10998       1.7752
   10999       1.7030
   11000       1.7358
   11001       1.7411
   11002       1.7274
   11003       1.7092
   11004       1.7476
   11005       1.7157
   11006       1.7604
   11007       1.7868
   11008       1.7544
   11009       1.7150
   11010       1.7471
   11011       1.6963
   11012       1.6985
   11013       1.6717
   11014       1.6365
   11015       1.7251
   11016       1.7048
   11017       1.6872
   11018       1.7101
   11019       1.7351
   11020       1.7143
   11021       1.7461
   11022       1.7585
   11023       1.7575
   11024       1.7511
   11025       1.7461
   11026       1.7188
   11027       1.7524
   11028       1.7559
   11029       1.7930
   11030       1.7606
   11031       1.7722
   11032       1.7012
   11033       1.6798
   11034       1.6960
   11035       1.7362
   11036       1.7258
   11037       1.7217
   11038       1.7136
   11039       1.7059
   11040       1.7127
   11041       1.6919
   11042       1.6919
   11043       1.7287
   11044       1.7162
   11045       1.7163
   11046       1.7120
   11047       1.7570
   11048       1.7304
   11049       1.7046
   11050       1.7523
   11051       1.7179
   11052       1.7595
   11053       1.7566
   11054       1.7690
   11055       1.8258
   11056       1.8166
   11057       1.7566
   11058       1.7268
   11059       1.7552
   11060       1.7410
   11061       1.7490
   11062       1.7705
   11063       1.8015
   11064       1.7720
   11065       1.7823
   11066       1.7674
   11067       1.7363
   11068       1.8126
   11069       1.7922
   11070       1.8093
   11071       1.7347
   11072       1.7348
   11073       1.7462
   11074       1.7307
   11075       1.7527
   11076       1.7646
   11077       1.7486
   11078       1.7435
   11079       1.7275
   11080       1.7880
   11081       1.7969
   11082       1.7555
   11083       1.7946
   11084       1.7820
   11085       1.8211
   11086       1.7727
   11087       1.7871
   11088       1.7563
   11089       1.8084
   11090       1.7952
   11091       1.7756
   11092       1.7300
   11093       1.7535
   11094       1.7406
   11095       1.7291
   11096       1.7706
   11097       1.7127
   11098       1.6923
   11099       1.7663
   11100       1.7479
   11101       1.7721
   11102       1.7368
   11103       1.8259
   11104       1.7545
   11105       1.7860
   11106       1.7763
   11107       1.7538
   11108       1.7651
   11109       1.7311
   11110       1.7176
   11111       1.7004
   11112       1.6797
   11113       1.6668
   11114       1.7321
   11115       1.7030
   11116       1.7225
   11117       1.7660
   11118       1.7129
   11119       1.7563
   11120       1.7583
   11121       1.6748
   11122       1.7141
   11123       1.7295
   11124       1.6870
   11125       1.6817
   11126       1.7710
   11127       1.7775
   11128       1.7534
   11129       1.7519
   11130       1.6889
   11131       1.7660
   11132       1.7490
   11133       1.7107
   11134       1.6927
   11135       1.7342
   11136       1.7861
   11137       1.7552
   11138       1.7451
   11139       1.7770
   11140       1.7978
   11141       1.7955
   11142       1.7557
   11143       1.7155
   11144       1.7646
   11145       1.7467
   11146       1.7832
   11147       1.7792
   11148       1.7053
   11149       1.7293
   11150       1.6804
   11151       1.7562
   11152       1.7261
   11153       1.7947
   11154       1.6929
   11155       1.6949
   11156       1.6943
   11157       1.7450
   11158       1.8214
   11159       1.8329
   11160       1.8034
   11161       1.8615
   11162       1.8937
   11163       1.8239
   11164       1.8376
   11165       1.7824
   11166       1.7823
   11167       1.7269
   11168       1.7423
   11169       1.7378
   11170       1.7373
   11171       1.8197
   11172       1.8047
   11173       1.7874
   11174       1.7840
   11175       1.7582
   11176       1.7169
   11177       1.7676
   11178       1.8324
   11179       1.7919
   11180       1.7903
   11181       1.7337
   11182       1.8296
   11183       1.8763
   11184       1.8659
   11185       1.8293
   11186       1.8511
   11187       1.8274
   11188       1.8730
   11189       1.8194
   11190       1.8854
   11191       1.8127
   11192       1.8096
   11193       1.7840
   11194       1.7600
   11195       1.8348
   11196       1.7793
   11197       1.8003
   11198       1.7573
   11199       1.7490
   11200       1.7476
   11201       1.7719
   11202       1.7601
   11203       1.7651
   11204       1.7465
   11205       1.8049
   11206       1.8088
   11207       1.7878
   11208       1.7811
   11209       1.7915
   11210       1.7801
   11211       1.8006
   11212       1.7766
   11213       1.7566
   11214       1.7584
   11215       1.8130
   11216       1.8070
   11217       1.7929
   11218       1.7891
   11219       1.7998
   11220       1.7689
   11221       1.7378
   11222       1.7831
   11223       1.8191
   11224       1.8187
   11225       1.8032
   11226       1.8101
   11227       1.7933
   11228       1.8012
   11229       1.7404
   11230       1.7854
   11231       1.7678
   11232       1.7271
   11233       1.7516
   11234       1.7597
   11235       1.7727
   11236       1.7270
   11237       1.6965
   11238       1.7326
   11239       1.7795
   11240       1.7704
   11241       1.7179
   11242       1.7528
   11243       1.7736
   11244       1.7859
   11245       1.8210
   11246       1.8268
   11247       1.7962
   11248       1.7849
   11249       1.8371
   11250       1.8719
   11251       1.9042
   11252       1.9102
   11253       1.8592
   11254       1.9036
   11255       1.8612
   11256       1.8286
   11257       1.8823
   11258       1.8923
   11259       1.8269
   11260       1.8819
   11261       1.8419
   11262       1.7992
   11263       1.8966
   11264       1.8705
   11265       1.8087
   11266       1.8168
   11267       1.8799
   11268       1.8224
   11269       1.8333
   11270       1.7900
   11271       1.7886
   11272       1.7801
   11273       1.8508
   11274       1.8951
   11275       1.8862
   11276       1.8620
   11277       1.9149
   11278       1.8501
   11279       1.8109
   11280       1.8657
   11281       1.8634
   11282       1.7793
   11283       1.8589
   11284       1.8573
   11285       1.8640
   11286       1.8826
   11287       1.8922
   11288       1.8025
   11289       1.8491
   11290       1.8030
   11291       1.8748
   11292       1.8645
   11293       1.8288
   11294       1.7743
   11295       1.8237
   11296       1.8962
   11297       1.9299
   11298       1.8594
   11299       1.8109
   11300       1.7926
   11301       1.7715
   11302       1.7568
   11303       1.7744
   11304       1.7979
   11305       1.8035
   11306       1.7536
   11307       1.7788
   11308       1.7722
   11309       1.7674
   11310       1.6990
   11311       1.7583
   11312       1.7712
   11313       1.7879
   11314       1.8407
   11315       1.7727
   11316       1.8081
   11317       1.7393
   11318       1.7814
   11319       1.8082
   11320       1.7644
   11321       1.7557
   11322       1.8133
   11323       1.7903
   11324       1.8517
   11325       1.7739
   11326       1.8322
   11327       1.8295
   11328       1.7799
   11329       1.7927
   11330       1.7348
   11331       1.7627
   11332       1.7174
   11333       1.7136
   11334       1.7442
   11335       1.7619
   11336       1.7333
   11337       1.8023
   11338       1.8124
   11339       1.7443
   11340       1.7303
   11341       1.7520
   11342       1.7435
   11343       1.7720
   11344       1.7775
   11345       1.7896
   11346       1.7895
   11347       1.7924
   11348       1.8545
   11349       1.8541
   11350       1.8079
   11351       1.7564
   11352       1.7826
   11353       1.7506
   11354       1.7315
   11355       1.6940
   11356       1.7142
   11357       1.7481
   11358       1.7470
   11359       1.7527
   11360       1.8069
   11361       1.7858
   11362       1.7978
   11363       1.7694
   11364       1.7972
   11365       1.8202
   11366       1.8015
   11367       1.8253
   11368       1.8495
   11369       1.8110
   11370       1.9030
   11371       1.8557
   11372       1.9069
   11373       1.9033
   11374       1.8506
   11375       1.8798
   11376       1.8698
   11377       1.8470
   11378       1.8768
   11379       1.8104
   11380       1.8437
   11381       1.8958
   11382       1.8682
   11383       1.8579
   11384       1.8600
   11385       1.8676
   11386       1.8549
   11387       1.9051
   11388       1.9197
   11389       1.8536
   11390       1.7995
   11391       1.7952
   11392       1.8690
   11393       1.9137
   11394       1.9112
   11395       1.9067
   11396       1.8777
   11397       1.8234
   11398       1.8083
   11399       1.8284
   11400       1.8225
   11401       1.8771
   11402       1.8279
   11403       1.8071
   11404       1.8640
   11405       1.8678
   11406       1.7926
   11407       1.7785
   11408       1.8462
   11409       1.8801
   11410       1.8320
   11411       1.8478
   11412       1.8748
   11413       1.8261
   11414       1.8260
   11415       1.8315
   11416       1.8693
   11417       1.9020
   11418       1.8920
   11419       1.9232
   11420       1.9015
   11421       1.8915
   11422       1.8465
   11423       1.9041
   11424       1.8569
   11425       1.8938
   11426       1.8501
   11427       1.8745
   11428       1.8615
   11429       1.8115
   11430       1.8227
   11431       1.7951
   11432       1.8023
   11433       1.8618
   11434       1.8340
   11435       1.7658
   11436       1.8052
   11437       1.7973
   11438       1.8057
   11439       1.8097
   11440       1.7858
   11441       1.7840
   11442       1.7748
   11443       1.8993
   11444       1.8867
   11445       1.8622
   11446       1.8485
   11447       1.7954
   11448       1.8446
   11449       1.8926
   11450       1.8733
   11451       1.8471
   11452       1.8785
   11453       1.8103
   11454       1.7978
   11455       1.8083
   11456       1.8049
   11457       1.7800
   11458       1.8456
   11459       1.7933
   11460       1.7686
   11461       1.7622
   11462       1.7935
   11463       1.8001
   11464       1.7926
   11465       1.7901
   11466       1.7674
   11467       1.7443
   11468       1.7464
   11469       1.7627
   11470       1.7367
   11471       1.7804
   11472       1.7712
   11473       1.7734
   11474       1.7218
   11475       1.7198
   11476       1.8015
   11477       1.7174
   11478       1.7758
   11479       1.7366
   11480       1.7288
   11481       1.7218
   11482       1.7489
   11483       1.7793
   11484       1.7482
   11485       1.7176
   11486       1.7371
   11487       1.8165
   11488       1.7796
   11489       1.7460
   11490       1.7241
   11491       1.7496
   11492       1.7638
   11493       1.8139
   11494       1.7597
   11495       1.7702
   11496       1.7985
   11497       1.7615
   11498       1.8533
   11499       1.7893
   11500       1.7903
   11501       1.7845
   11502       1.8718
   11503       1.8205
   11504       1.7818
   11505       1.7727
   11506       1.7210
   11507       1.6575
   11508       1.6799
   11509       1.6689
   11510       1.7405
   11511       1.7689
   11512       1.7734
   11513       1.7433
   11514       1.7807
   11515       1.7827
   11516       1.7806
   11517       1.7585
   11518       1.7760
   11519       1.7792
   11520       1.7978
   11521       1.7298
   11522       1.7415
   11523       1.7531
   11524       1.6931
   11525       1.7641
   11526       1.7707
   11527       1.7702
   11528       1.7718
   11529       1.7836
   11530       1.7859
   11531       1.8022
   11532       1.8016
   11533       1.7446
   11534       1.8354
   11535       1.8115
   11536       1.7966
   11537       1.7192
   11538       1.7316
   11539       1.7006
   11540       1.7589
   11541       1.7073
   11542       1.7463
   11543       1.7430
   11544       1.7732
   11545       1.7937
   11546       1.7715
   11547       1.7756
   11548       1.7809
   11549       1.7896
   11550       1.8424
   11551       1.8547
   11552       1.8238
   11553       1.8274
   11554       1.8395
   11555       1.8070
   11556       1.8578
   11557       1.8182
   11558       1.7864
   11559       1.8118
   11560       1.8419
   11561       1.8341
   11562       1.7351
   11563       1.7543
   11564       1.7523
   11565       1.7122
   11566       1.7096
   11567       1.7440
   11568       1.7850
   11569       1.7987
   11570       1.7516
   11571       1.7406
   11572       1.7536
   11573       1.7016
   11574       1.7320
   11575       1.6983
   11576       1.6860
   11577       1.6880
   11578       1.6868
   11579       1.6866
   11580       1.7389
   11581       1.7731
   11582       1.7553
   11583       1.7164
   11584       1.7470
   11585       1.7276
   11586       1.7595
   11587       1.7488
   11588       1.7446
   11589       1.7421
   11590       1.7219
   11591       1.7000
   11592       1.6857
   11593       1.7057
   11594       1.7355
   11595       1.7455
   11596       1.7821
   11597       1.7553
   11598       1.7855
   11599       1.7316
   11600       1.7435
   11601       1.7120
   11602       1.7893
   11603       1.7191
   11604       1.7451
   11605       1.7769
   11606       1.7779
   11607       1.7713
   11608       1.7874
   11609       1.7501
   11610       1.7273
   11611       1.7148
   11612       1.7111
   11613       1.8176
   11614       1.7487
   11615       1.7684
   11616       1.7420
   11617       1.7370
   11618       1.7129
   11619       1.7268
   11620       1.6386
   11621       1.6678
   11622       1.7438
   11623       1.7073
   11624       1.6985
   11625       1.7077
   11626       1.7450
   11627       1.7075
   11628       1.7080
   11629       1.6652
   11630       1.6742
   11631       1.7846
   11632       1.7806
   11633       1.7986
   11634       1.7532
   11635       1.7679
   11636       1.6970
   11637       1.7009
   11638       1.7435
   11639       1.7134
   11640       1.7422
   11641       1.7949
   11642       1.8032
   11643       1.7455
   11644       1.7649
   11645       1.7051
   11646       1.7284
   11647       1.6944
   11648       1.7080
   11649       1.7548
   11650       1.6718
   11651       1.7130
   11652       1.7279
   11653       1.7878
   11654       1.7693
   11655       1.7875
   11656       1.7609
   11657       1.8115
   11658       1.8293
   11659       1.7632
   11660       1.7989
   11661       1.7742
   11662       1.7101
   11663       1.7279
   11664       1.7219
   11665       1.7594
   11666       1.7750
   11667       1.7928
   11668       1.7855
   11669       1.7270
   11670       1.7680
   11671       1.8031
   11672       1.7712
   11673       1.7651
   11674       1.8278
   11675       1.7767
   11676       1.8734
   11677       1.8332
   11678       1.7898
   11679       1.7631
   11680       1.7541
   11681       1.7288
   11682       1.7308
   11683       1.7580
   11684       1.7660
   11685       1.8170
   11686       1.8628
   11687       1.8452
   11688       1.7430
   11689       1.8236
   11690       1.7911
   11691       1.7467
   11692       1.7493
   11693       1.7003
   11694       1.6905
   11695       1.7965
   11696       1.7518
   11697       1.7458
   11698       1.8100
   11699       1.8127
   11700       1.7664
   11701       1.7690
   11702       1.8505
   11703       1.7864
   11704       1.7198
   11705       1.7167
   11706       1.7114
   11707       1.7578
   11708       1.7025
   11709       1.7584
   11710       1.7319
   11711       1.7603
   11712       1.7754
   11713       1.8100
   11714       1.7785
   11715       1.8108
   11716       1.7641
   11717       1.7248
   11718       1.7098
   11719       1.7629
   11720       1.7646
   11721       1.7744
   11722       1.7403
   11723       1.7766
   11724       1.7703
   11725       1.7869
   11726       1.7502
   11727       1.7588
   11728       1.7353
   11729       1.7735
   11730       1.7277
   11731       1.6887
   11732       1.7010
   11733       1.6903
   11734       1.7050
   11735       1.7798
   11736       1.7539
   11737       1.7697
   11738       1.7229
   11739       1.7754
   11740       1.7726
   11741       1.8659
   11742       1.8182
   11743       1.7891
   11744       1.7948
   11745       1.8084
   11746       1.7953
   11747       1.7858
   11748       1.7551
   11749       1.7137
   11750       1.7082
   11751       1.7198
   11752       1.7196
   11753       1.7897
   11754       1.7464
   11755       1.7129
   11756       1.7086
   11757       1.7444
   11758       1.7365
   11759       1.7035
   11760       1.7242
   11761       1.7287
   11762       1.7462
   11763       1.7341
   11764       1.6459
   11765       1.7127
   11766       1.7176
   11767       1.7235
   11768       1.7625
   11769       1.7644
   11770       1.6998
   11771       1.7202
   11772       1.7038
   11773       1.6884
   11774       1.7167
   11775       1.6610
   11776       1.6457
   11777       1.6530
   11778       1.6414
   11779       1.6353
   11780       1.6701
   11781       1.6850
   11782       1.7167
   11783       1.7296
   11784       1.7196
   11785       1.7289
   11786       1.7813
   11787       1.7635
   11788       1.7169
   11789       1.7631
   11790       1.7327
   11791       1.7381
   11792       1.6761
   11793       1.6997
   11794       1.6711
   11795       1.6833
   11796       1.7174
   11797       1.7048
   11798       1.6975
   11799       1.7107
   11800       1.7419
   11801       1.7307
   11802       1.6839
   11803       1.6797
   11804       1.7188
   11805       1.6998
   11806       1.7852
   11807       1.7525
   11808       1.7194
   11809       1.6909
   11810       1.6464
   11811       1.6569
   11812       1.6158
   11813       1.6079
   11814       1.6196
   11815       1.6488
   11816       1.7216
   11817       1.7871
   11818       1.6686
   11819       1.7085
   11820       1.6935
   11821       1.6609
   11822       1.6976
   11823       1.7447
   11824       1.7978
   11825       1.7864
   11826       1.7678
   11827       1.7275
   11828       1.8226
   11829       1.7838
   11830       1.7795
   11831       1.7606
   11832       1.7422
   11833       1.7995
   11834       1.7822
   11835       1.7995
   11836       1.8270
   11837       1.8052
   11838       1.7494
   11839       1.7666
   11840       1.7903
   11841       1.8093
   11842       1.7959
   11843       1.8131
   11844       1.8053
   11845       1.7748
   11846       1.8590
   11847       1.8208
   11848       1.8547
   11849       1.8116
   11850       1.8048
   11851       1.8637
   11852       1.8294
   11853       1.7863
   11854       1.7611
   11855       1.7071
   11856       1.6993
   11857       1.7491
   11858       1.7850
   11859       1.8544
   11860       1.8446
   11861       1.8244
   11862       1.7695
   11863       1.8003
   11864       1.8100
   11865       1.8090
   11866       1.7945
   11867       1.8458
   11868       1.8438
   11869       1.7917
   11870       1.7594
   11871       1.7891
   11872       1.7983
   11873       1.7727
   11874       1.7663
   11875       1.7841
   11876       1.7453
   11877       1.7412
   11878       1.7636
   11879       1.7873
   11880       1.7145
   11881       1.7537
   11882       1.6603
   11883       1.7092
   11884       1.6906
   11885       1.7247
   11886       1.7857
   11887       1.7905
   11888       1.7732
   11889       1.7843
   11890       1.7294
   11891       1.7603
   11892       1.7276
   11893       1.7194
   11894       1.7382
   11895       1.6949
   11896       1.7486
   11897       1.7365
   11898       1.7509
   11899       1.7217
   11900       1.7100
   11901       1.7704
   11902       1.7912
   11903       1.6929
   11904       1.7393
   11905       1.7271
   11906       1.8135
   11907       1.8068
   11908       1.7935
   11909       1.7455
   11910       1.8137
   11911       1.7730
   11912       1.7744
   11913       1.8043
   11914       1.7667
   11915       1.7556
   11916       1.7638
   11917       1.7585
   11918       1.7840
   11919       1.7429
   11920       1.7839
   11921       1.7481
   11922       1.7313
   11923       1.7142
   11924       1.7319
   11925       1.7545
   11926       1.7416
   11927       1.7838
   11928       1.7368
   11929       1.7782
   11930       1.7623
   11931       1.7355
   11932       1.7660
   11933       1.7957
   11934       1.8497
   11935       1.8903
   11936       1.8626
   11937       1.8349
   11938       1.8464
   11939       1.9263
   11940       1.8806
   11941       1.8005
   11942       1.8201
   11943       1.8677
   11944       1.8286
   11945       1.8072
   11946       1.8649
   11947       1.8094
   11948       1.8404
   11949       1.8271
   11950       1.7889
   11951       1.7923
   11952       1.8623
   11953       1.9034
   11954       1.8851
   11955       1.8901
   11956       1.8517
   11957       1.8785
   11958       1.8933
   11959       1.8376
   11960       1.7982
   11961       1.8523
   11962       1.8661
   11963       1.8056
   11964       1.8163
   11965       1.8824
   11966       1.8964
   11967       1.7935
   11968       1.8379
   11969       1.8352
   11970       1.7888
   11971       1.8434
   11972       1.7770
   11973       1.8280
   11974       1.8651
   11975       1.9229
   11976       1.9353
   11977       1.9587
   11978       1.8747
   11979       1.8405
   11980       1.8986
   11981       1.9877
   11982       1.9061
   11983       1.8184
   11984       1.8557
   11985       1.8640
   11986       1.8253
   11987       1.7475
   11988       1.8326
   11989       1.7632
   11990       1.7881
   11991       1.7858
   11992       1.8425
   11993       1.8096
   11994       1.8263
   11995       1.8101
   11996       1.8308
   11997       1.8017
   11998       1.8216
   11999       1.8116
   12000       1.7804
   12001       1.8515
   12002       1.7621
   12003       1.8054
   12004       1.8238
   12005       1.8205
   12006       1.8011
   12007       1.8429
   12008       1.8896
   12009       1.8575
   12010       1.8112
   12011       1.7774
   12012       1.8527
   12013       1.8452
   12014       1.7584
   12015       1.7918
   12016       1.8454
   12017       1.8222
   12018       1.8430
   12019       1.8321
   12020       1.8383
   12021       1.8173
   12022       1.8529
   12023       1.8582
   12024       1.8544
   12025       1.8225
   12026       1.8524
   12027       1.8378
   12028       1.8211
   12029       1.8713
   12030       1.8768
   12031       1.8525
   12032       1.8722
   12033       1.8547
   12034       1.8410
   12035       1.8504
   12036       1.8692
   12037       1.8712
   12038       1.8994
   12039       1.9007
   12040       1.8881
   12041       1.9076
   12042       1.9409
   12043       1.9135
   12044       1.9473
   12045       1.9602
   12046       1.8691
   12047       1.8869
   12048       1.8864
   12049       1.8966
   12050       1.8035
   12051       1.8168
   12052       1.7743
   12053       1.8711
   12054       1.8318
   12055       1.8327
   12056       1.7987
   12057       1.8443
   12058       1.8377
   12059       1.7940
   12060       1.8265
   12061       1.8402
   12062       1.8304
   12063       1.8498
   12064       1.8106
   12065       1.8527
   12066       1.8136
   12067       1.8011
   12068       1.7714
   12069       1.7838
   12070       1.7888
   12071       1.7824
   12072       1.7669
   12073       1.7578
   12074       1.7925
   12075       1.7780
   12076       1.7628
   12077       1.7864
   12078       1.7711
   12079       1.6943
   12080       1.6993
   12081       1.7009
   12082       1.7328
   12083       1.7383
   12084       1.7521
   12085       1.7675
   12086       1.7256
   12087       1.7096
   12088       1.7161
   12089       1.7955
   12090       1.8328
   12091       1.8130
   12092       1.7360
   12093       1.8138
   12094       1.7812
   12095       1.7917
   12096       1.7993
   12097       1.7742
   12098       1.8425
   12099       1.7999
   12100       1.8591
   12101       1.8123
   12102       1.7634
   12103       1.8088
   12104       1.7372
   12105       1.7656
   12106       1.8103
   12107       1.8179
   12108       1.7679
   12109       1.7387
   12110       1.7135
   12111       1.7646
   12112       1.7353
   12113       1.7727
   12114       1.7877
   12115       1.8521
   12116       1.8582
   12117       1.8211
   12118       1.7549
   12119       1.7643
   12120       1.7559
   12121       1.7999
   12122       1.7679
   12123       1.7800
   12124       1.7861
   12125       1.7835
   12126       1.7584
   12127       1.8355
   12128       1.7579
   12129       1.7963
   12130       1.7651
   12131       1.8060
   12132       1.8081
   12133       1.7882
   12134       1.8031
   12135       1.8293
   12136       1.8390
   12137       1.8053
   12138       1.8867
   12139       1.8210
   12140       1.7862
   12141       1.7986
   12142       1.7754
   12143       1.7329
   12144       1.7681
   12145       1.7442
   12146       1.8010
   12147       1.7304
   12148       1.7698
   12149       1.7629
   12150       1.7409
   12151       1.7954
   12152       1.8440
   12153       1.8302
   12154       1.8421
   12155       1.9225
   12156       1.9347
   12157       1.8940
   12158       1.9287
   12159       2.0269
   12160       1.9003
   12161       1.9219
   12162       1.8687
   12163       1.8717
   12164       1.9025
   12165       1.8968
   12166       1.9596
   12167       1.9455
   12168       1.8834
   12169       1.9379
   12170       1.9436
   12171       1.9171
   12172       1.8465
   12173       1.8180
   12174       1.8329
   12175       1.8318
   12176       1.8181
   12177       1.7653
   12178       1.7871
   12179       1.8607
   12180       1.8709
   12181       1.8555
   12182       1.8387
   12183       1.7966
   12184       1.8384
   12185       1.8870
   12186       1.8875
   12187       1.9128
   12188       1.8649
   12189       1.9085
   12190       1.8615
   12191       1.7923
   12192       1.8659
   12193       1.8303
   12194       1.8363
   12195       1.8320
   12196       1.8464
   12197       1.8347
   12198       1.8349
   12199       1.8444
   12200       1.8033
   12201       1.8003
   12202       1.7718
   12203       1.8060
   12204       1.7115
   12205       1.7961
   12206       1.7706
   12207       1.7952
   12208       1.7757
   12209       1.7654
   12210       1.7362
   12211       1.7860
   12212       1.7677
   12213       1.7465
   12214       1.7715
   12215       1.7615
   12216       1.8620
   12217       1.7985
   12218       1.7895
   12219       1.8230
   12220       1.8470
   12221       1.7535
   12222       1.7372
   12223       1.8094
   12224       1.7682
   12225       1.8007
   12226       1.8028
   12227       1.8462
   12228       1.8307
   12229       1.7786
   12230       1.7891
   12231       1.7896
   12232       1.7995
   12233       1.7666
   12234       1.8165
   12235       1.8159
   12236       1.8379
   12237       1.8199
   12238       1.8458
   12239       1.8148
   12240       1.7647
   12241       1.8258
   12242       1.8365
   12243       1.8301
   12244       1.8187
   12245       1.8422
   12246       1.8424
   12247       1.8387
   12248       1.8451
   12249       1.8755
   12250       1.8299
   12251       1.7670
   12252       1.8083
   12253       1.8581
   12254       1.8134
   12255       1.7567
   12256       1.8628
   12257       1.8404
   12258       1.8351
   12259       1.8305
   12260       1.8590
   12261       1.8402
   12262       1.8226
   12263       1.8066
   12264       1.7961
   12265       1.8541
   12266       1.8467
   12267       1.7878
   12268       1.7908
   12269       1.7843
   12270       1.7351
   12271       1.7814
   12272       1.7659
   12273       1.8392
   12274       1.8509
   12275       1.8753
   12276       1.9198
   12277       1.8315
   12278       1.8550
   12279       1.8979
   12280       1.8658
   12281       1.9249
   12282       1.9286
   12283       1.8354
   12284       1.8401
   12285       1.8311
   12286       1.8269
   12287       1.8182
   12288       1.7696
   12289       1.7616
   12290       1.7911
   12291       1.7764
   12292       1.8104
   12293       1.7871
   12294       1.7815
   12295       1.8200
   12296       1.7791
   12297       1.8331
   12298       1.8260
   12299       1.9040
   12300       1.8203
   12301       1.8585
   12302       1.8672
   12303       1.7899
   12304       1.7698
   12305       1.8057
   12306       1.8065
   12307       1.8262
   12308       1.8543
   12309       1.8057
   12310       1.7832
   12311       1.7687
   12312       1.8126
   12313       1.8249
   12314       1.7588
   12315       1.7651
   12316       1.7406
   12317       1.7766
   12318       1.8012
   12319       1.7558
   12320       1.7638
   12321       1.7846
   12322       1.8193
   12323       1.7925
   12324       1.7910
   12325       1.8300
   12326       1.8195
   12327       1.8309
   12328       1.8340
   12329       1.7641
   12330       1.7987
   12331       1.8278
   12332       1.8656
   12333       1.8675
   12334       1.8155
   12335       1.7804
   12336       1.8396
   12337       1.8110
   12338       1.8352
   12339       1.8452
   12340       1.8313
   12341       1.8359
   12342       1.9287
   12343       1.8640
   12344       1.8421
   12345       1.7972
   12346       1.8740
   12347       1.8235
   12348       1.7874
   12349       1.8275
   12350       1.8579
   12351       1.8786
   12352       1.8019
   12353       1.8442
   12354       1.8169
   12355       1.8565
   12356       1.8912
   12357       1.9359
   12358       1.8646
   12359       1.9314
   12360       1.9507
   12361       1.9433
   12362       1.9555
   12363       1.9827
   12364       2.0426
   12365       1.9831
   12366       1.9655
   12367       2.0016
   12368       1.9607
   12369       1.8957
   12370       1.9495
   12371       1.9224
   12372       1.8766
   12373       1.9247
   12374       1.8880
   12375       1.8879
   12376       1.9260
   12377       1.8671
   12378       1.8853
   12379       1.9148
   12380       1.8973
   12381       1.9251
   12382       1.9204
   12383       1.9197
   12384       1.9527
   12385       1.9044
   12386       1.8360
   12387       1.8209
   12388       1.8821
   12389       1.8108
   12390       1.8289
   12391       1.8516
   12392       1.8831
   12393       1.8043
   12394       1.8237
   12395       1.8003
   12396       1.8126
   12397       1.8505
   12398       1.8105
   12399       1.7993
   12400       1.8029
   12401       1.7496
   12402       1.7703
   12403       1.7841
   12404       1.7505
   12405       1.7914
   12406       1.8075
   12407       1.7805
   12408       1.7999
   12409       1.8778
   12410       1.8225
   12411       1.8390
   12412       1.8329
   12413       1.8036
   12414       1.8074
   12415       1.8241
   12416       1.8653
   12417       1.8144
   12418       1.7923
   12419       1.8165
   12420       1.7775
   12421       1.8504
   12422       1.7659
   12423       1.7581
   12424       1.7972
   12425       1.8081
   12426       1.8279
   12427       1.7833
   12428       1.7671
   12429       1.7802
   12430       1.8366
   12431       1.7564
   12432       1.7931
   12433       1.8253
   12434       1.8424
   12435       1.8612
   12436       1.8489
   12437       1.8430
   12438       1.9029
   12439       1.8606
   12440       1.8414
   12441       1.8217
   12442       1.8431
   12443       1.8603
   12444       1.8252
   12445       1.8237
   12446       1.8158
   12447       1.8240
   12448       1.7930
   12449       1.7542
   12450       1.7405
   12451       1.7581
   12452       1.7861
   12453       1.8064
   12454       1.8171
   12455       1.8240
   12456       1.8207
   12457       1.8321
   12458       1.8461
   12459       1.8518
   12460       1.8135
   12461       1.8107
   12462       1.8345
   12463       1.8338
   12464       1.8244
   12465       1.8130
   12466       1.7856
   12467       1.8282
   12468       1.8667
   12469       1.8492
   12470       1.7999
   12471       1.8668
   12472       1.8718
   12473       1.8482
   12474       1.8202
   12475       1.7961
   12476       1.7719
   12477       1.8681
   12478       1.9018
   12479       1.9493
   12480       1.8464
   12481       1.8992
   12482       1.9335
   12483       1.7997
   12484       1.8252
   12485       1.8384
   12486       1.7884
   12487       1.7684
   12488       1.7935
   12489       1.7722
   12490       1.7804
   12491       1.7747
   12492       1.7912
   12493       1.8262
   12494       1.8120
   12495       1.8336
   12496       1.8186
   12497       1.8305
   12498       1.7858
   12499       1.7813
   12500       1.8392
   12501       1.7944
   12502       1.8421
   12503       1.8167
   12504       1.8329
   12505       1.8440
   12506       1.8042
   12507       1.8538
   12508       1.8643
   12509       1.7951
   12510       1.8110
   12511       1.8367
   12512       1.8336
   12513       1.8615
   12514       1.8433
   12515       1.9181
   12516       1.8160
   12517       1.8951
   12518       1.8293
   12519       1.8545
   12520       1.8284
   12521       1.8332
   12522       1.9208
   12523       1.8710
   12524       1.8759
   12525       1.7945
   12526       1.8305
   12527       1.9011
   12528       1.9084
   12529       1.9404
   12530       1.9149
   12531       1.8938
   12532       1.8963
   12533       1.9214
   12534       1.9004
   12535       1.8205
   12536       1.8173
   12537       1.8172
   12538       1.8869
   12539       1.9443
   12540       1.8326
   12541       1.8439
   12542       1.8537
   12543       1.8031
   12544       1.8278
   12545       1.7870
   12546       1.8105
   12547       1.8530
   12548       1.8179
   12549       1.7662
   12550       1.8025
   12551       1.7984
   12552       1.8155
   12553       1.7887
   12554       1.8148
   12555       1.8938
   12556       1.9308
   12557       1.9505
   12558       1.8787
   12559       1.8882
   12560       1.8615
   12561       1.8442
   12562       1.8902
   12563       1.8680
   12564       1.9068
   12565       1.8575
   12566       1.8769
   12567       1.9398
   12568       1.9350
   12569       1.8932
   12570       1.8762
   12571       1.8684
   12572       1.8796
   12573       1.9367
   12574       1.8714
   12575       1.8230
   12576       1.8947
   12577       1.9193
   12578       1.8928
   12579       1.8744
   12580       1.8997
   12581       1.8424
   12582       1.8621
   12583       1.8310
   12584       1.8293
   12585       1.8362
   12586       1.8801
   12587       1.8680
   12588       1.8504
   12589       1.8425
   12590       1.8450
   12591       1.8055
   12592       1.8505
   12593       1.7899
   12594       1.8243
   12595       1.8446
   12596       1.8032
   12597       1.8322
   12598       1.8361
   12599       1.8197
   12600       1.7786
   12601       1.8752
   12602       1.8812
   12603       1.8260
   12604       1.8144
   12605       1.7899
   12606       1.7815
   12607       1.8335
   12608       1.8445
   12609       1.8244
   12610       1.8856
   12611       1.9298
   12612       1.8726
   12613       1.8714
   12614       1.8305
   12615       1.8383
   12616       1.8629
   12617       1.8463
   12618       1.8838
   12619       1.9198
   12620       1.8274
   12621       1.8782
   12622       1.8619
   12623       1.8398
   12624       1.8345
   12625       1.8923
   12626       1.9051
   12627       1.8831
   12628       1.8653
   12629       1.8837
   12630       1.8860
   12631       1.8826
   12632       1.8448
   12633       1.8783
   12634       1.8426
   12635       1.8047
   12636       1.8320
   12637       1.8404
   12638       1.8320
   12639       1.8363
   12640       1.8736
   12641       1.8467
   12642       1.8375
   12643       1.8112
   12644       1.8321
   12645       1.8427
   12646       1.8739
   12647       1.9139
   12648       1.9053
   12649       1.8471
   12650       1.8144
   12651       1.8631
   12652       1.8817
   12653       1.8430
   12654       1.8449
   12655       1.9171
   12656       1.8943
   12657       1.8477
   12658       1.8607
   12659       1.9024
   12660       1.8824
   12661       1.8234
   12662       1.7993
   12663       1.8594
   12664       1.8233
   12665       1.8596
   12666       1.8241
   12667       1.7877
   12668       1.8390
   12669       1.8651
   12670       1.8559
   12671       1.8510
   12672       1.8113
   12673       1.7826
   12674       1.7838
   12675       1.7817
   12676       1.7818
   12677       1.8184
   12678       1.8181
   12679       1.7258
   12680       1.7530
   12681       1.7468
   12682       1.7829
   12683       1.7750
   12684       1.7975
   12685       1.7300
   12686       1.7953
   12687       1.8131
   12688       1.7880
   12689       1.7706
   12690       1.7528
   12691       1.8117
   12692       1.8148
   12693       1.8293
   12694       1.8634
   12695       1.8289
   12696       1.8161
   12697       1.8063
   12698       1.7261
   12699       1.8062
   12700       1.7954
   12701       1.8043
   12702       1.7979
   12703       1.8274
   12704       1.7404
   12705       1.7610
   12706       1.8470
   12707       1.7911
   12708       1.7915
   12709       1.8073
   12710       1.8227
   12711       1.8020
   12712       1.7817
   12713       1.7978
   12714       1.7798
   12715       1.7785
   12716       1.7904
   12717       1.7036
   12718       1.7677
   12719       1.7264
   12720       1.7483
   12721       1.7518
   12722       1.7900
   12723       1.7831
   12724       1.7362
   12725       1.7744
   12726       1.7709
   12727       1.6818
   12728       1.7146
   12729       1.7387
   12730       1.7697
   12731       1.7156
   12732       1.6530
   12733       1.6945
   12734       1.7200
   12735       1.6540
   12736       1.6777
   12737       1.6881
   12738       1.7087
   12739       1.7793
   12740       1.7663
   12741       1.7503
   12742       1.7984
   12743       1.7869
   12744       1.8042
   12745       1.8253
   12746       1.8060
   12747       1.8346
   12748       1.8141
   12749       1.7845
   12750       1.7597
   12751       1.7612
   12752       1.8200
   12753       1.7997
   12754       1.8227
   12755       1.7992
   12756       1.8212
   12757       1.8649
   12758       1.8593
   12759       1.8205
   12760       1.7962
   12761       1.7714
   12762       1.7849
   12763       1.7820
   12764       1.7856
   12765       1.8155
   12766       1.8628
   12767       1.7815
   12768       1.8441
   12769       1.8995
   12770       1.8905
   12771       1.8444
   12772       1.8001
   12773       1.9013
   12774       1.8579
   12775       1.8406
   12776       1.8532
   12777       1.8162
   12778       1.8892
   12779       1.8499
   12780       1.8418
   12781       1.8337
   12782       1.8568
   12783       1.8683
   12784       1.8252
   12785       1.7878
   12786       1.7734
   12787       1.7805
   12788       1.7704
   12789       1.8442
   12790       1.8298
   12791       1.8433
   12792       1.7967
   12793       1.7787
   12794       1.8183
   12795       1.8412
   12796       1.8248
   12797       1.8680
   12798       1.9595
   12799       1.9447
   12800       1.9119
   12801       1.9280
   12802       1.9381
   12803       1.9032
   12804       1.9044
   12805       1.9234
   12806       1.9087
   12807       1.8765
   12808       1.8597
   12809       1.9371
   12810       1.8815
   12811       1.8920
   12812       1.9066
   12813       1.8721
   12814       1.9192
   12815       1.8761
   12816       1.8531
   12817       1.8171
   12818       1.8675
   12819       1.8508
   12820       1.9293
   12821       1.9425
   12822       1.9045
   12823       1.9200
   12824       1.8864
   12825       1.8726
   12826       1.8666
   12827       1.8561
   12828       1.8447
   12829       1.8986
   12830       1.8438
   12831       1.7525
   12832       1.8223
   12833       1.8727
   12834       1.8538
   12835       1.8538
   12836       1.8466
   12837       1.8527
   12838       1.8917
   12839       1.8906
   12840       1.8841
   12841       1.9200
   12842       1.9033
   12843       1.8702
   12844       1.9014
   12845       1.9004
   12846       1.9111
   12847       1.8717
   12848       1.9230
   12849       1.9086
   12850       1.9092
   12851       1.9490
   12852       1.8752
   12853       1.9259
   12854       1.8256
   12855       1.8605
   12856       1.8863
   12857       1.8613
   12858       1.8403
   12859       1.8743
   12860       1.8503
   12861       1.8614
   12862       1.9255
   12863       1.8729
   12864       1.8670
   12865       1.7938
   12866       1.8256
   12867       1.8082
   12868       1.8338
   12869       1.8450
   12870       1.7799
   12871       1.8718
   12872       1.8866
   12873       1.8600
   12874       1.8816
   12875       1.9080
   12876       1.8643
   12877       1.8653
   12878       1.9001
   12879       1.9043
   12880       1.9011
   12881       1.8656
   12882       1.8739
   12883       1.8305
   12884       1.8926
   12885       1.9430
   12886       1.9104
   12887       1.9150
   12888       1.8668
   12889       1.8825
   12890       1.8347
   12891       1.8193
   12892       1.8648
   12893       1.7857
   12894       1.8822
   12895       1.8296
   12896       1.8354
   12897       1.8255
   12898       1.7588
   12899       1.8106
   12900       1.7797
   12901       1.7602
   12902       1.8148
   12903       1.7591
   12904       1.7314
   12905       1.7489
   12906       1.7273
   12907       1.7940
   12908       1.8200
   12909       1.8189
   12910       1.7876
   12911       1.7553
   12912       1.7449
   12913       1.8201
   12914       1.7958
   12915       1.8057
   12916       1.7968
   12917       1.7717
   12918       1.8389
   12919       1.8220
   12920       1.8497
   12921       1.8799
   12922       1.8043
   12923       1.8105
   12924       1.8469
   12925       1.8338
   12926       1.8161
   12927       1.8652
   12928       1.8260
   12929       1.8940
   12930       1.8464
   12931       1.8312
   12932       1.8104
   12933       1.8266
   12934       1.8955
   12935       1.8667
   12936       1.8764
   12937       1.8917
   12938       1.8339
   12939       1.8358
   12940       1.7909
   12941       1.8742
   12942       1.8928
   12943       1.8776
   12944       1.8887
   12945       1.9322
   12946       1.9054
   12947       1.9211
   12948       1.9074
   12949       1.8668
   12950       1.7970
   12951       1.8317
   12952       1.7853
   12953       1.8630
   12954       1.8375
   12955       1.8105
   12956       1.7983
   12957       1.8380
   12958       1.8613
   12959       1.8238
   12960       1.7673
   12961       1.7485
   12962       1.7977
   12963       1.8350
   12964       1.8255
   12965       1.8153
   12966       1.8616
   12967       1.8544
   12968       1.7949
   12969       1.8048
   12970       1.7972
   12971       1.7493
   12972       1.7790
   12973       1.8049
   12974       1.7451
   12975       1.7370
   12976       1.7627
   12977       1.7396
   12978       1.7881
   12979       1.7966
   12980       1.7748
   12981       1.7992
   12982       1.7777
   12983       1.8292
   12984       1.8325
   12985       1.8437
   12986       1.8522
   12987       1.7873
   12988       1.8858
   12989       1.8334
   12990       1.8845
   12991       1.8104
   12992       1.8529
   12993       1.8625
   12994       1.9023
   12995       1.9621
   12996       1.8780
   12997       1.9122
   12998       1.8539
   12999       1.8757
   13000       1.9507
   13001       1.8278
   13002       1.8560
   13003       1.8140
   13004       1.7538
   13005       1.8218
   13006       1.7780
   13007       1.7968
   13008       1.8675
   13009       1.7966
   13010       1.8003
   13011       1.8018
   13012       1.8253
   13013       1.8745
   13014       1.8648
   13015       1.8852
   13016       1.8927
   13017       1.9281
   13018       1.9022
   13019       1.9438
   13020       1.9002
   13021       1.8871
   13022       1.8980
   13023       1.8423
   13024       1.8442
   13025       1.8750
   13026       1.8529
   13027       1.8632
   13028       1.8048
   13029       1.7691
   13030       1.7759
   13031       1.7964
   13032       1.8322
   13033       1.7868
   13034       1.8485
   13035       1.8133
   13036       1.8148
   13037       1.8751
   13038       1.7941
   13039       1.8128
   13040       1.8005
   13041       1.8553
   13042       1.8377
   13043       1.8352
   13044       1.8495
   13045       1.9001
   13046       1.8317
   13047       1.7769
   13048       1.7428
   13049       1.7779
   13050       1.7635
   13051       1.8073
   13052       1.7914
   13053       1.7659
   13054       1.7921
   13055       1.7701
   13056       1.8017
   13057       1.7864
   13058       1.7918
   13059       1.7678
   13060       1.7894
   13061       1.8346
   13062       1.8257
   13063       1.7837
   13064       1.7836
   13065       1.8003
   13066       1.7944
   13067       1.8414
   13068       1.8073
   13069       1.8417
   13070       1.7883
   13071       1.8178
   13072       1.8488
   13073       1.8217
   13074       1.8096
   13075       1.7837
   13076       1.8044
   13077       1.8114
   13078       1.7900
   13079       1.7849
   13080       1.7992
   13081       1.7452
   13082       1.7758
   13083       1.7986
   13084       1.7981
   13085       1.8351
   13086       1.8214
   13087       1.8099
   13088       1.7949
   13089       1.8223
   13090       1.8935
   13091       1.8117
   13092       1.8296
   13093       1.8419
   13094       1.8327
   13095       1.8386
   13096       1.7910
   13097       1.8049
   13098       1.8351
   13099       1.8566
   13100       1.8506
   13101       1.8772
   13102       1.9456
   13103       1.8896
   13104       1.8880
   13105       1.8432
   13106       1.8979
   13107       1.8811
   13108       1.8716
   13109       1.8548
   13110       1.8883
   13111       1.9558
   13112       1.9077
   13113       1.8992
   13114       1.9293
   13115       1.8727
   13116       1.8748
   13117       1.8104
   13118       1.8433
   13119       1.7880
   13120       1.8048
   13121       1.7704
   13122       1.7918
   13123       1.7821
   13124       1.7907
   13125       1.7888
   13126       1.8534
   13127       1.8407
   13128       1.8320
   13129       1.8120
   13130       1.8602
   13131       1.8086
   13132       1.8392
   13133       1.8199
   13134       1.8587
   13135       1.7545
   13136       1.8578
   13137       1.8171
   13138       1.9012
   13139       1.8623
   13140       1.8435
   13141       1.9279
   13142       1.9265
   13143       1.9700
   13144       1.9919
   13145       1.9377
   13146       1.9550
   13147       1.9608
   13148       1.9238
   13149       1.9634
   13150       1.9590
   13151       1.9690
   13152       2.0616
   13153       2.0362
   13154       1.9664
   13155       2.0355
   13156       1.9475
   13157       1.9462
   13158       2.0116
   13159       1.9154
   13160       1.8455
   13161       1.8462
   13162       1.8329
   13163       1.8693
   13164       1.8362
   13165       1.8553
   13166       1.8333
   13167       1.8095
   13168       1.8237
   13169       1.8474
   13170       1.7885
   13171       1.7997
   13172       1.8198
   13173       1.7995
   13174       1.9354
   13175       1.8702
   13176       1.8646
   13177       1.8589
   13178       1.8201
   13179       1.8125
   13180       1.8412
   13181       1.8160
   13182       1.8776
   13183       1.8943
   13184       1.7977
   13185       1.7909
   13186       1.8080
   13187       1.7851
   13188       1.8377
   13189       1.8363
   13190       1.9527
   13191       1.9235
   13192       1.8686
   13193       1.8129
   13194       1.8076
   13195       1.7577
   13196       1.7898
   13197       1.7554
   13198       1.7567
   13199       1.7659
   13200       1.7459
   13201       1.7882
   13202       1.7856
   13203       1.7883
   13204       1.8107
   13205       1.8604
   13206       1.7829
   13207       1.7923
   13208       1.7607
   13209       1.7774
   13210       1.8070
   13211       1.8231
   13212       1.8098
   13213       1.8211
   13214       1.8128
   13215       1.8319
   13216       1.7881
   13217       1.7902
   13218       1.7840
   13219       1.8201
   13220       1.7923
   13221       1.8136
   13222       1.8364
   13223       1.7873
   13224       1.8285
   13225       1.8869
   13226       1.9010
   13227       1.8917
   13228       1.8583
   13229       1.8594
   13230       1.8431
   13231       1.8646
   13232       1.9133
   13233       1.9279
   13234       1.9033
   13235       1.9006
   13236       1.8569
   13237       1.9078
   13238       1.9231
   13239       1.8976
   13240       1.8892
   13241       1.8664
   13242       1.8127
   13243       1.9012
   13244       1.9046
   13245       1.9377
   13246       1.9423
   13247       1.9984
   13248       1.9811
   13249       1.9371
   13250       2.0367
   13251       2.0649
   13252       2.0057
   13253       1.9335
   13254       1.9127
   13255       1.8821
   13256       1.9227
   13257       1.9518
   13258       1.9774
   13259       1.9728
   13260       1.9562
   13261       1.9216
   13262       1.9761
   13263       1.9417
   13264       1.9424
   13265       1.9974
   13266       1.9663
   13267       2.0194
   13268       2.0020
   13269       2.0113
   13270       1.9981
   13271       1.9571
   13272       2.0273
   13273       1.9308
   13274       1.9295
   13275       1.9519
   13276       1.9092
   13277       1.9206
   13278       1.9160
   13279       1.9542
   13280       1.9985
   13281       1.9871
   13282       1.9466
   13283       1.9231
   13284       1.9538
   13285       1.9639
   13286       1.9430
   13287       1.9579
   13288       1.9702
   13289       1.9728
   13290       1.9680
   13291       2.0113
   13292       2.0178
   13293       1.9544
   13294       1.9542
   13295       1.9826
   13296       1.9052
   13297       1.8870
   13298       1.9255
   13299       1.8527
   13300       1.8575
   13301       1.8581
   13302       1.8138
   13303       1.8746
   13304       1.7886
   13305       1.8391
   13306       1.8050
   13307       1.7949
   13308       1.7740
   13309       1.8194
   13310       1.8549
   13311       1.8039
   13312       1.7799
   13313       1.7850
   13314       1.7610
   13315       1.8498
   13316       1.8350
   13317       1.8422
   13318       1.8436
   13319       1.8074
   13320       1.8025
   13321       1.7947
   13322       1.7936
   13323       1.8014
   13324       1.8413
   13325       1.8923
   13326       1.8510
   13327       1.8389
   13328       1.8866
   13329       1.8519
   13330       1.8955
   13331       1.8580
   13332       1.8717
   13333       1.8827
   13334       1.8884
   13335       1.8415
   13336       1.8379
   13337       1.8305
   13338       1.8794
   13339       1.9364
   13340       1.8816
   13341       1.8900
   13342       1.8169
   13343       1.8472
   13344       1.8125
   13345       1.8379
   13346       1.8231
   13347       1.8857
   13348       1.9064
   13349       1.9057
   13350       1.9557
   13351       1.9256
   13352       1.9261
   13353       1.8926
   13354       1.9504
   13355       1.9113
   13356       1.8889
   13357       1.9059
   13358       1.9333
   13359       1.8719
   13360       1.8675
   13361       1.9067
   13362       1.9056
   13363       1.8714
   13364       1.8252
   13365       1.8700
   13366       1.8685
   13367       1.9188
   13368       1.8518
   13369       1.8576
   13370       1.8855
   13371       1.8646
   13372       1.8961
   13373       1.8731
   13374       1.8487
   13375       1.8310
   13376       1.8441
   13377       1.8746
   13378       1.7727
   13379       1.8428
   13380       1.8799
   13381       1.8427
   13382       1.8911
   13383       1.8512
   13384       1.8639
   13385       1.8484
   13386       1.8073
   13387       1.8653
   13388       1.8697
   13389       1.8186
   13390       1.8624
   13391       1.8009
   13392       1.8447
   13393       1.8153
   13394       1.8248
   13395       1.9173
   13396       1.8445
   13397       1.8733
   13398       1.9386
   13399       1.8408
   13400       1.8479
   13401       1.8788
   13402       1.8636
   13403       1.8359
   13404       1.8468
   13405       1.9005
   13406       1.8739
   13407       1.8518
   13408       1.7274
   13409       1.7604
   13410       1.8059
   13411       1.8661
   13412       1.8467
   13413       1.8406
   13414       1.8524
   13415       1.7988
   13416       1.7736
   13417       1.8358
   13418       1.8745
   13419       1.8599
   13420       1.8437
   13421       1.8906
   13422       1.8629
   13423       1.8762
   13424       1.8407
   13425       1.8225
   13426       1.8695
   13427       1.8429
   13428       1.8747
   13429       1.8709
   13430       1.8581
   13431       1.8833
   13432       1.8334
   13433       1.8522
   13434       1.8617
   13435       1.8701
   13436       1.8679
   13437       1.8719
   13438       1.8388
   13439       1.8262
   13440       1.8178
   13441       1.8156
   13442       1.8316
   13443       1.8162
   13444       1.8316
   13445       1.8626
   13446       1.8360
   13447       1.8079
   13448       1.8258
   13449       1.8146
   13450       1.8666
   13451       1.8575
   13452       1.8454
   13453       1.8400
   13454       1.8565
   13455       1.9035
   13456       1.8207
   13457       1.8277
   13458       1.8635
   13459       1.8881
   13460       1.8613
   13461       1.8497
   13462       1.8805
   13463       1.9233
   13464       1.8405
   13465       1.8495
   13466       1.8491
   13467       1.8926
   13468       1.8124
   13469       1.8253
   13470       1.7883
   13471       1.7470
   13472       1.7560
   13473       1.8266
   13474       1.8248
   13475       1.8109
   13476       1.7968
   13477       1.7896
   13478       1.8140
   13479       1.7922
   13480       1.8002
   13481       1.7966
   13482       1.8690
   13483       1.8266
   13484       1.7800
   13485       1.8104
   13486       1.7800
   13487       1.7562
   13488       1.8303
   13489       1.8085
   13490       1.8126
   13491       1.7673
   13492       1.8324
   13493       1.8574
   13494       1.8695
   13495       1.8275
   13496       1.9012
   13497       1.8198
   13498       1.7952
   13499       1.8191
   13500       1.7881
   13501       1.8348
   13502       1.8622
   13503       1.7856
   13504       1.7606
   13505       1.8156
   13506       1.7840
   13507       1.7976
   13508       1.7983
   13509       1.8166
   13510       1.7604
   13511       1.8074
   13512       1.8405
   13513       1.7694
   13514       1.7838
   13515       1.7587
   13516       1.8500
   13517       1.8079
   13518       1.7998
   13519       1.7957
   13520       1.8250
   13521       1.8537
   13522       1.7854
   13523       1.8097
   13524       1.7958
   13525       1.8004
   13526       1.8080
   13527       1.8294
   13528       1.8266
   13529       1.7960
   13530       1.8136
   13531       1.8030
   13532       1.8240
   13533       1.8011
   13534       1.7500
   13535       1.8454
   13536       1.8115
   13537       1.8532
   13538       1.8165
   13539       1.8376
   13540       1.7932
   13541       1.8211
   13542       1.8974
   13543       1.8803
   13544       1.8872
   13545       1.7991
   13546       1.8149
   13547       1.8355
   13548       1.8694
   13549       1.8170
   13550       1.8175
   13551       1.8477
   13552       1.7613
   13553       1.8819
   13554       1.8328
   13555       1.8542
   13556       1.8505
   13557       1.8667
   13558       1.9258
   13559       1.8659
   13560       1.9081
   13561       1.8698
   13562       1.8384
   13563       1.8268
   13564       1.8242
   13565       1.8674
   13566       1.8557
   13567       1.8256
   13568       1.7884
   13569       1.8406
   13570       1.7932
   13571       1.8340
   13572       1.8681
   13573       1.8309
   13574       1.8359
   13575       1.8288
   13576       1.7504
   13577       1.7354
   13578       1.7219
   13579       1.7648
   13580       1.8069
   13581       1.8331
   13582       1.8489
   13583       1.8308
   13584       1.8917
   13585       1.8767
   13586       1.9155
   13587       1.8884
   13588       1.9351
   13589       1.9448
   13590       1.9183
   13591       1.9210
   13592       1.8937
   13593       1.8675
   13594       1.8580
   13595       1.9267
   13596       1.9802
   13597       1.9272
   13598       1.9448
   13599       1.9202
   13600       1.9675
   13601       1.9029
   13602       1.9068
   13603       1.8646
   13604       1.8969
   13605       1.8605
   13606       1.9251
   13607       1.9878
   13608       1.9559
   13609       1.8641
   13610       1.9467
   13611       1.9431
   13612       1.9835
   13613       1.9226
   13614       1.9155
   13615       2.0155
   13616       1.9664
   13617       2.0037
   13618       1.9884
   13619       1.9767
   13620       1.9488
   13621       1.9384
   13622       2.0150
   13623       1.9401
   13624       1.9705
   13625       1.9667
   13626       2.0289
   13627       2.0745
   13628       2.0095
   13629       2.0145
   13630       2.0319
   13631       2.0414
   13632       2.0502
   13633       2.0693
   13634       2.0046
   13635       2.0299
   13636       2.0635
   13637       1.9724
   13638       2.0647
   13639       2.0160
   13640       2.0339
   13641       1.9879
   13642       1.9957
   13643       2.0345
   13644       2.0406
   13645       1.9732
   13646       1.9785
   13647       1.9977
   13648       1.9704
   13649       2.0506
   13650       2.0476
   13651       1.9546
   13652       1.9536
   13653       1.9473
   13654       1.9996
   13655       2.0826
   13656       2.0478
   13657       1.9621
   13658       1.9462
   13659       1.9200
   13660       1.9625
   13661       1.9968
   13662       1.9559
   13663       1.9893
   13664       2.0088
   13665       2.0678
   13666       2.0524
   13667       2.0577
   13668       1.9923
   13669       1.9211
   13670       1.9505
   13671       1.9306
   13672       1.9314
   13673       1.9293
   13674       1.9018
   13675       1.9796
   13676       1.9767
   13677       2.0138
   13678       2.0189
   13679       2.0095
   13680       2.0296
   13681       1.9189
   13682       1.9140
   13683       1.9429
   13684       1.9589
   13685       1.9241
   13686       1.9383
   13687       1.9860
   13688       1.9646
   13689       1.9611
   13690       1.9282
   13691       1.8909
   13692       1.8473
   13693       1.8893
   13694       1.8771
   13695       1.8643
   13696       1.8758
   13697       1.9128
   13698       1.8829
   13699       1.9583
   13700       1.8982
   13701       1.9453
   13702       1.8638
   13703       1.9851
   13704       1.9383
   13705       1.8995
   13706       1.8656
   13707       1.8494
   13708       1.8744
   13709       1.9084
   13710       1.9094
   13711       1.9928
   13712       1.9502
   13713       1.8921
   13714       1.8627
   13715       1.9327
   13716       1.9589
   13717       1.9909
   13718       1.9863
   13719       1.9312
   13720       1.9410
   13721       1.9452
   13722       1.9262
   13723       1.9140
   13724       1.8772
   13725       1.9172
   13726       1.8529
   13727       1.8598
   13728       1.8368
   13729       1.8683
   13730       1.8630
   13731       1.8505
   13732       1.8034
   13733       1.8557
   13734       1.8600
   13735       1.8551
   13736       1.9036
   13737       1.8259
   13738       1.7713
   13739       1.7773
   13740       1.7699
   13741       1.7975
   13742       1.8019
   13743       1.7817
   13744       1.7640
   13745       1.8367
   13746       1.8042
   13747       1.7964
   13748       1.8017
   13749       1.7604
   13750       1.8068
   13751       1.8383
   13752       1.8328
   13753       1.8419
   13754       1.8528
   13755       1.7876
   13756       1.7474
   13757       1.8106
   13758       1.8137
   13759       1.7629
   13760       1.7690
   13761       1.7552
   13762       1.8058
   13763       1.8181
   13764       1.7633
   13765       1.7774
   13766       1.7826
   13767       1.8277
   13768       1.7995
   13769       1.7748
   13770       1.8114
   13771       1.8709
   13772       1.8712
   13773       1.8413
   13774       1.8863
   13775       1.7548
   13776       1.7563
   13777       1.7580
   13778       1.7381
   13779       1.7028
   13780       1.8170
   13781       1.8592
   13782       1.6931
   13783       1.8093
   13784       1.7661
   13785       1.7560
   13786       1.7689
   13787       1.7401
   13788       1.7224
   13789       1.8389
   13790       1.7969
   13791       1.7591
   13792       1.7973
   13793       1.7917
   13794       1.7941
   13795       1.8006
   13796       1.8167
   13797       1.8085
   13798       1.8271
   13799       1.7967
   13800       1.8084
   13801       1.8518
   13802       1.8412
   13803       1.7896
   13804       1.7924
   13805       1.8295
   13806       1.8709
   13807       1.8629
   13808       1.8779
   13809       1.8273
   13810       1.8441
   13811       1.8341
   13812       1.8337
   13813       1.8350
   13814       1.8494
   13815       1.8587
   13816       1.8452
   13817       1.8773
   13818       1.9106
   13819       1.8971
   13820       1.8788
   13821       1.8502
   13822       1.8671
   13823       1.8582
   13824       1.8930
   13825       1.8238
   13826       1.8616
   13827       1.9459
   13828       1.8449
   13829       1.8231
   13830       1.8700
   13831       1.8632
   13832       1.8771
   13833       1.8208
   13834       1.8430
   13835       1.8429
   13836       1.8575
   13837       1.8880
   13838       1.8377
   13839       1.8534
   13840       1.8956
   13841       1.8388
   13842       1.8794
   13843       1.9052
   13844       1.8940
   13845       1.8736
   13846       1.9383
   13847       1.9239
   13848       1.8320
   13849       1.8879
   13850       1.8665
   13851       1.8881
   13852       1.8456
   13853       1.8320
   13854       1.9537
   13855       1.9651
   13856       1.9196
   13857       1.9096
   13858       1.9114
   13859       1.8976
   13860       1.8393
   13861       1.8912
   13862       1.9456
   13863       1.8905
   13864       1.9212
   13865       1.9003
   13866       1.9155
   13867       1.8829
   13868       1.9136
   13869       1.8975
   13870       1.8899
   13871       1.8912
   13872       1.9192
   13873       1.8867
   13874       1.8953
   13875       1.9246
   13876       1.8877
   13877       1.8904
   13878       1.9253
   13879       1.9112
   13880       1.8802
   13881       1.9413
   13882       1.9322
   13883       1.9546
   13884       1.9663
   13885       1.9246
   13886       1.9591
   13887       1.8773
   13888       1.8857
   13889       1.9699
   13890       1.8867
   13891       1.9330
   13892       1.9629
   13893       1.9387
   13894       1.9009
   13895       1.9577
   13896       1.9170
   13897       1.9339
   13898       1.9143
   13899       1.9213
   13900       1.9682
   13901       1.9621
   13902       1.9763
   13903       2.0062
   13904       1.9810
   13905       2.0174
   13906       1.9738
   13907       1.9028
   13908       2.0257
   13909       2.0337
   13910       2.0290
   13911       1.9906
   13912       1.9893
   13913       2.0454
   13914       2.0407
   13915       2.0269
   13916       2.0944
   13917       1.9847
   13918       2.0189
   13919       2.0757
   13920       2.0039
   13921       1.9303
   13922       1.9828
   13923       1.9731
   13924       1.9647
   13925       1.9479
   13926       1.9655
   13927       1.9928
   13928       2.0520
   13929       2.0311
   13930       2.0322
   13931       2.0447
   13932       2.0137
   13933       1.9376
   13934       1.9271
   13935       1.9623
   13936       1.9999
   13937       1.9877
   13938       1.9879
   13939       1.9765
   13940       1.9905
   13941       1.9807
   13942       2.0126
   13943       1.9877
   13944       1.9377
   13945       1.8964
   13946       1.9505
   13947       1.8916
   13948       1.8716
   13949       1.9385
   13950       1.8724
   13951       1.8819
   13952       1.8644
   13953       1.9482
   13954       1.9184
   13955       1.8529
   13956       1.8560
   13957       1.8587
   13958       1.8515
   13959       1.9194
   13960       1.9200
   13961       1.9704
   13962       1.9156
   13963       1.8807
   13964       1.9070
   13965       1.8868
   13966       1.8856
   13967       1.8547
   13968       1.8895
   13969       1.9122
   13970       1.9066
   13971       1.9027
   13972       1.8622
   13973       1.8677
   13974       1.9471
   13975       1.8943
   13976       1.8728
   13977       1.9070
   13978       1.9109
   13979       1.9266
   13980       1.9173
   13981       1.8732
   13982       1.8238
   13983       1.8531
   13984       1.8539
   13985       1.8259
   13986       1.8774
   13987       1.9140
   13988       1.8857
   13989       1.8427
   13990       1.8515
   13991       1.8549
   13992       1.9046
   13993       1.8420
   13994       1.8195
   13995       1.8617
   13996       1.8179
   13997       1.8657
   13998       1.8727
   13999       1.7998
   14000       1.7924
   14001       1.7673
   14002       1.7762
   14003       1.8025
   14004       1.8166
   14005       1.8007
   14006       1.7925
   14007       1.8167
   14008       1.8075
   14009       1.8142
   14010       1.7874
   14011       1.7908
   14012       1.8237
   14013       1.7433
   14014       1.8197
   14015       1.8343
   14016       1.7884
   14017       1.8210
   14018       1.8321
   14019       1.7571
   14020       1.7743
   14021       1.7468
   14022       1.7946
   14023       1.8045
   14024       1.8372
   14025       1.7925
   14026       1.7968
   14027       1.7987
   14028       1.7906
   14029       1.7667
   14030       1.8072
   14031       1.7709
   14032       1.7982
   14033       1.7689
   14034       1.8081
   14035       1.7831
   14036       1.7619
   14037       1.7720
   14038       1.8068
   14039       1.7856
   14040       1.8090
   14041       1.8351
   14042       1.8309
   14043       1.8519
   14044       1.8337
   14045       1.7799
   14046       1.8167
   14047       1.8282
   14048       1.8939
   14049       1.8364
   14050       1.8357
   14051       1.8520
   14052       1.8633
   14053       1.8556
   14054       1.8237
   14055       1.8753
   14056       1.7658
   14057       1.7945
   14058       1.7750
   14059       1.7226
   14060       1.7349
   14061       1.7642
   14062       1.7831
   14063       1.7121
   14064       1.7547
   14065       1.8291
   14066       1.8531
   14067       1.8215
   14068       1.8890
   14069       1.8541
   14070       1.8570
   14071       1.8434
   14072       1.8428
   14073       1.8604
   14074       1.8353
   14075       1.8331
   14076       1.8313
   14077       1.7992
   14078       1.8578
   14079       1.8428
   14080       1.8486
   14081       1.8109
   14082       1.8434
   14083       1.8443
   14084       1.8694
   14085       1.8160
   14086       1.8409
   14087       1.8453
   14088       1.7692
   14089       1.8063
   14090       1.8101
   14091       1.8725
   14092       1.8705
   14093       1.9210
   14094       1.8852
   14095       1.9483
   14096       1.8851
   14097       1.8666
   14098       1.9045
   14099       1.9214
   14100       1.8660
   14101       1.8771
   14102       1.8240
   14103       1.7997
   14104       1.8252
   14105       1.8470
   14106       1.8802
   14107       1.8504
   14108       1.8725
   14109       1.8449
   14110       1.8861
   14111       1.8651
   14112       1.8585
   14113       1.8059
   14114       1.8821
   14115       1.8587
   14116       1.8337
   14117       1.8231
   14118       1.8056
   14119       1.8365
   14120       1.7883
   14121       1.8426
   14122       1.8225
   14123       1.8292
   14124       1.8103
   14125       1.8779
   14126       1.8871
   14127       1.8726
   14128       1.9398
   14129       1.8967
   14130       1.8483
   14131       1.8221
   14132       1.8582
   14133       1.8560
   14134       1.8826
   14135       1.8633
   14136       1.8455
   14137       1.8821
   14138       1.8743
   14139       1.8703
   14140       1.9061
   14141       1.8673
   14142       1.8559
   14143       1.8563
   14144       1.9028
   14145       1.8887
   14146       1.8463
   14147       1.8664
   14148       1.8880
   14149       1.8864
   14150       1.8607
   14151       1.8676
   14152       1.8259
   14153       1.8869
   14154       1.7994
   14155       1.8528
   14156       1.8602
   14157       1.8487
   14158       1.8898
   14159       1.8562
   14160       1.8752
   14161       1.8739
   14162       1.8841
   14163       1.8534
   14164       1.8269
   14165       1.7869
   14166       1.8138
   14167       1.8606
   14168       1.8657
   14169       1.8396
   14170       1.8409
   14171       1.9018
   14172       1.8875
   14173       1.9074
   14174       1.8611
   14175       1.8286
   14176       1.8804
   14177       1.8018
   14178       1.8050
   14179       1.8302
   14180       1.8319
   14181       1.7777
   14182       1.7767
   14183       1.8414
   14184       1.8084
   14185       1.8491
   14186       1.7803
   14187       1.7611
   14188       1.7838
   14189       1.8126
   14190       1.8155
   14191       1.7731
   14192       1.8309
   14193       1.8335
   14194       1.8421
   14195       1.7564
   14196       1.8226
   14197       1.7271
   14198       1.7728
   14199       1.8098
   14200       1.8043
   14201       1.7732
   14202       1.7714
   14203       1.8013
   14204       1.7636
   14205       1.7948
   14206       1.7812
   14207       1.7762
   14208       1.8132
   14209       1.8088
   14210       1.7491
   14211       1.7401
   14212       1.7933
   14213       1.7842
   14214       1.7985
   14215       1.8744
   14216       1.8696
   14217       1.8509
   14218       1.8705
   14219       1.8281
   14220       1.8235
   14221       1.8014
   14222       1.8122
   14223       1.8385
   14224       1.8809
   14225       1.8912
   14226       1.8705
   14227       1.8251
   14228       1.9023
   14229       1.8844
   14230       1.8763
   14231       1.8985
   14232       1.8930
   14233       1.8295
   14234       1.9236
   14235       1.8899
   14236       1.8399
   14237       1.8171
   14238       1.8975
   14239       1.8681
   14240       1.8081
   14241       1.8545
   14242       1.9266
   14243       1.8338
   14244       1.7986
   14245       1.8847
   14246       1.9080
   14247       1.8658
   14248       1.8679
   14249       1.8340
   14250       1.8869
   14251       1.8736
   14252       1.9299
   14253       1.9202
   14254       1.8665
   14255       1.8684
   14256       1.9299
   14257       1.8418
   14258       1.9198
   14259       1.8590
   14260       1.8880
   14261       1.8687
   14262       1.8677
   14263       1.8465
   14264       1.8233
   14265       1.8604
   14266       1.7921
   14267       1.7940
   14268       1.7985
   14269       1.8511
   14270       1.9015
   14271       1.8603
   14272       1.8891
   14273       1.8574
   14274       1.8532
   14275       1.8345
   14276       1.8443
   14277       1.8530
   14278       1.8412
   14279       1.8104
   14280       1.8040
   14281       1.8427
   14282       1.7869
   14283       1.7765
   14284       1.8070
   14285       1.8055
   14286       1.7719
   14287       1.8208
   14288       1.8766
   14289       1.8376
   14290       1.8568
   14291       1.7801
   14292       1.8765
   14293       1.8427
   14294       1.7836
   14295       1.8741
   14296       1.8978
   14297       1.8891
   14298       1.8885
   14299       1.9055
   14300       1.8957
   14301       1.9308
   14302       1.8621
   14303       1.9630
   14304       1.8903
   14305       1.8933
   14306       1.8769
   14307       1.8927
   14308       1.8541
   14309       1.9291
   14310       1.9006
   14311       1.8505
   14312       1.8383
   14313       1.7820
   14314       1.8240
   14315       1.8239
   14316       1.7862
   14317       1.8349
   14318       1.8472
   14319       1.7722
   14320       1.8063
   14321       1.8139
   14322       1.8299
   14323       1.8506
   14324       1.8988
   14325       1.8960
   14326       1.8772
   14327       1.9153
   14328       1.9387
   14329       1.8731
   14330       1.8461
   14331       1.8175
   14332       1.8602
   14333       1.8780
   14334       1.8476
   14335       1.8737
   14336       1.9403
   14337       1.9395
   14338       1.9121
   14339       1.9998
   14340       1.9462
   14341       1.9212
   14342       1.9143
   14343       1.9075
   14344       1.8893
   14345       1.9175
   14346       1.9362
   14347       1.8972
   14348       1.9067
   14349       1.9274
   14350       1.8962
   14351       1.9057
   14352       1.9179
   14353       1.8514
   14354       1.8663
   14355       1.8303
   14356       1.8387
   14357       1.8051
   14358       1.8318
   14359       1.9183
   14360       1.9248
   14361       1.8616
   14362       1.8016
   14363       1.8497
   14364       1.7928
   14365       1.8286
   14366       1.8666
   14367       1.8491
   14368       1.8798
   14369       1.8684
   14370       1.8698
   14371       1.8020
   14372       1.7980
   14373       1.8096
   14374       1.8750
   14375       1.8824
   14376       1.8615
   14377       1.8189
   14378       1.8554
   14379       1.8744
   14380       1.9146
   14381       1.9081
   14382       1.9526
   14383       1.8907
   14384       1.8267
   14385       1.8982
   14386       1.9039
   14387       1.9096
   14388       1.9364
   14389       1.8601
   14390       1.8805
   14391       1.8924
   14392       1.9217
   14393       1.9058
   14394       1.8863
   14395       1.9370
   14396       1.9116
   14397       1.8925
   14398       1.9049
   14399       1.9404
   14400       1.9123
   14401       1.8629
   14402       1.9345
   14403       1.8636
   14404       1.8135
   14405       1.8505
   14406       1.8619
   14407       1.8904
   14408       1.8797
   14409       1.8783
   14410       1.8724
   14411       1.8860
   14412       1.8883
   14413       1.8625
   14414       1.8322
   14415       1.8696
   14416       1.8826
   14417       1.8573
   14418       1.8191
   14419       1.8069
   14420       1.8104
   14421       1.8413
   14422       1.8801
   14423       1.8363
   14424       1.8603
   14425       1.8166
   14426       1.8272
   14427       1.8470
   14428       1.8235
   14429       1.8155
   14430       1.8332
   14431       1.8433
   14432       1.8080
   14433       1.8599
   14434       1.8302
   14435       1.7805
   14436       1.8201
   14437       1.8638
   14438       1.9074
   14439       1.9516
   14440       1.9287
   14441       1.9742
   14442       1.9656
   14443       1.9543
   14444       1.9482
   14445       1.9239
   14446       1.8502
   14447       1.8959
   14448       1.8623
   14449       1.8613
   14450       1.8913
   14451       1.8886
   14452       2.0073
   14453       1.8734
   14454       1.8720
   14455       1.8539
   14456       1.8580
   14457       1.8997
   14458       1.8772
   14459       1.9447
   14460       1.8677
   14461       1.8682
   14462       1.9032
   14463       1.8467
   14464       1.8173
   14465       1.9214
   14466       1.8452
   14467       1.8473
   14468       1.8091
   14469       1.8388
   14470       1.8167
   14471       1.7750
   14472       1.8483
   14473       1.8513
   14474       1.8389
   14475       1.8190
   14476       1.8711
   14477       1.8694
   14478       1.8662
   14479       1.8260
   14480       1.7883
   14481       1.7826
   14482       1.8319
   14483       1.8435
   14484       1.8562
   14485       1.8533
   14486       1.9109
   14487       1.9471
   14488       1.9026
   14489       1.9855
   14490       1.9216
   14491       1.9520
   14492       1.9534
   14493       1.9650
   14494       1.8950
   14495       1.8965
   14496       1.9509
   14497       1.8894
   14498       1.8841
   14499       1.8532
   14500       1.8729
   14501       1.8522
   14502       1.8865
   14503       1.9618
   14504       1.9668
   14505       1.8949
   14506       1.9046
   14507       1.8544
   14508       1.8833
   14509       1.9140
   14510       1.9101
   14511       1.8798
   14512       1.8756
   14513       1.9069
   14514       1.9506
   14515       1.8832
   14516       1.8578
   14517       1.8343
   14518       1.8751
   14519       1.9148
   14520       1.9850
   14521       1.8957
   14522       1.9088
   14523       1.9565
   14524       1.9037
   14525       1.8559
   14526       1.8558
   14527       1.8555
   14528       1.9191
   14529       1.9246
   14530       1.9897
   14531       2.0266
   14532       1.9639
   14533       2.0552
   14534       2.0480
   14535       2.0451
   14536       1.9660
   14537       1.9898
   14538       1.9050
   14539       1.9282
   14540       1.9219
   14541       1.9623
   14542       1.9314
   14543       1.9135
   14544       1.8980
   14545       1.8823
   14546       1.9545
   14547       1.8753
   14548       1.8628
   14549       1.8154
   14550       1.8333
   14551       1.8711
   14552       1.8787
   14553       1.9101
   14554       1.8689
   14555       1.8446
   14556       1.8333
   14557       1.7979
   14558       1.8172
   14559       1.8092
   14560       1.7825
   14561       1.7722
   14562       1.8189
   14563       1.8313
   14564       1.8183
   14565       1.8214
   14566       1.8304
   14567       1.8593
   14568       1.8286
   14569       1.8169
   14570       1.9171
   14571       1.8494
   14572       1.8788
   14573       1.8364
   14574       1.8246
   14575       1.7940
   14576       1.8385
   14577       1.7941
   14578       1.7901
   14579       1.7850
   14580       1.8238
   14581       1.8290
   14582       1.8131
   14583       1.8409
   14584       1.8338
   14585       1.8187
   14586       1.8078
   14587       1.8286
   14588       1.8337
   14589       1.7989
   14590       1.8304
   14591       1.8414
   14592       1.7647
   14593       1.8593
   14594       1.7822
   14595       1.7696
   14596       1.7732
   14597       1.7859
   14598       1.7400
   14599       1.7849
   14600       1.7865
   14601       1.7953
   14602       1.7969
   14603       1.8744
   14604       1.8240
   14605       1.7690
   14606       1.7922
   14607       1.7985
   14608       1.8048
   14609       1.7825
   14610       1.7918
   14611       1.7968
   14612       1.8298
   14613       1.7901
   14614       1.8216
   14615       1.8462
   14616       1.8111
   14617       1.7729
   14618       1.8826
   14619       1.8317
   14620       1.8322
   14621       1.8071
   14622       1.8183
   14623       1.8131
   14624       1.8287
   14625       1.8438
   14626       1.8610
   14627       1.8555
   14628       1.8813
   14629       1.9383
   14630       1.9032
   14631       1.8106
   14632       1.8512
   14633       1.8552
   14634       1.8577
   14635       1.8469
   14636       1.8619
   14637       1.8430
   14638       1.8062
   14639       1.8029
   14640       1.8502
   14641       1.7864
   14642       1.8050
   14643       1.7534
   14644       1.7928
   14645       1.7847
   14646       1.8180
   14647       1.8050
   14648       1.7444
   14649       1.8431
   14650       1.7803
   14651       1.8485
   14652       1.8251
   14653       1.8179
   14654       1.8464
   14655       1.8364
   14656       1.8490
   14657       1.8219
   14658       1.8207
   14659       1.8236
   14660       1.7954
   14661       1.8008
   14662       1.7870
   14663       1.8152
   14664       1.7976
   14665       1.8130
   14666       1.8762
   14667       1.8465
   14668       1.8859
   14669       1.8495
   14670       1.8530
   14671       1.8431
   14672       1.8309
   14673       1.7550
   14674       1.7853
   14675       1.8438
   14676       1.7588
   14677       1.7760
   14678       1.7792
   14679       1.7901
   14680       1.7964
   14681       1.8119
   14682       1.7293
   14683       1.7769
   14684       1.7423
   14685       1.8020
   14686       1.8126
   14687       1.9090
   14688       1.8357
   14689       1.8261
   14690       1.8788
   14691       1.8799
   14692       1.8704
   14693       1.8405
   14694       1.8777
   14695       1.9050
   14696       1.9181
   14697       1.9193
   14698       1.8239
   14699       1.8696
   14700       1.8041
   14701       1.8106
   14702       1.7574
   14703       1.8050
   14704       1.8334
   14705       1.7986
   14706       1.7987
   14707       1.7836
   14708       1.8085
   14709       1.8185
   14710       1.8627
   14711       1.8720
   14712       1.8675
   14713       1.8451
   14714       1.9406
   14715       1.8506
   14716       1.8240
   14717       1.8725
   14718       1.8183
   14719       1.8762
   14720       1.8409
   14721       1.8120
   14722       1.7278
   14723       1.7692
   14724       1.7765
   14725       1.8693
   14726       1.8527
   14727       1.8386
   14728       1.8357
   14729       1.7964
   14730       1.8029
   14731       1.8447
   14732       1.8118
   14733       1.8305
   14734       1.9372
   14735       1.8688
   14736       1.8393
   14737       1.8472
   14738       1.8680
   14739       1.8399
   14740       1.8843
   14741       1.8925
   14742       1.8464
   14743       1.8667
   14744       1.8513
   14745       1.9332
   14746       1.8773
   14747       1.9256
   14748       1.8484
   14749       1.8596
   14750       1.8176
   14751       1.8147
   14752       1.7972
   14753       1.7826
   14754       1.8406
   14755       1.8431
   14756       1.8538
   14757       1.8689
   14758       1.8711
   14759       1.8430
   14760       1.8621
   14761       1.8882
   14762       1.8462
   14763       1.8336
   14764       1.8293
   14765       1.8669
   14766       1.8770
   14767       1.8748
   14768       1.8539
   14769       1.9164
   14770       1.9123
   14771       1.9109
   14772       1.9131
   14773       1.9099
   14774       1.9095
   14775       1.9233
   14776       1.8766
   14777       1.8715
   14778       1.8894
   14779       1.8562
   14780       1.8765
   14781       1.8808
   14782       1.9063
   14783       1.9089
   14784       1.8611
   14785       1.9279
   14786       1.9268
   14787       1.9416
   14788       1.9477
   14789       1.9319
   14790       1.8905
   14791       1.8882
   14792       1.9278
   14793       1.9145
   14794       1.8973
   14795       1.8578
   14796       1.8560
   14797       1.8687
   14798       1.9356
   14799       1.9070
   14800       1.9107
   14801       1.9445
   14802       1.9202
   14803       1.9509
   14804       1.9311
   14805       1.9124
   14806       1.9210
   14807       1.9305
   14808       1.9231
   14809       1.9142
   14810       1.8828
   14811       1.8596
   14812       1.9389
   14813       1.8993
   14814       1.9138
   14815       1.9170
   14816       1.9450
   14817       1.9382
   14818       1.9094
   14819       1.9525
   14820       1.9237
   14821       1.9090
   14822       1.9176
   14823       1.8520
   14824       1.8771
   14825       1.8552
   14826       1.8688
   14827       1.8199
   14828       1.8346
   14829       1.8343
   14830       1.8585
   14831       1.8352
   14832       1.8404
   14833       1.8377
   14834       1.8270
   14835       1.8699
   14836       1.9061
   14837       1.8665
   14838       1.8613
   14839       1.8790
   14840       1.9210
   14841       1.8997
   14842       1.9173
   14843       1.8836
   14844       1.9108
   14845       1.9636
   14846       1.9427
   14847       1.9490
   14848       1.9805
   14849       1.8818
   14850       1.9207
   14851       1.8578
   14852       1.8781
   14853       1.8639
   14854       1.8716
   14855       1.9283
   14856       1.9107
   14857       1.8786
   14858       1.8866
   14859       1.8335
   14860       1.8087
   14861       1.8307
   14862       1.8175
   14863       1.8698
   14864       1.8949
   14865       1.8888
   14866       1.8978
   14867       1.8727
   14868       1.9486
   14869       1.9061
   14870       1.9161
   14871       1.9282
   14872       1.9622
   14873       1.9165
   14874       1.9215
   14875       1.9825
   14876       1.9090
   14877       1.9298
   14878       1.8867
   14879       1.8467
   14880       1.9087
   14881       1.9195
   14882       1.9003
   14883       1.8930
   14884       1.9061
   14885       1.8917
   14886       1.8621
   14887       1.8650
   14888       1.9066
   14889       1.9076
   14890       1.9023
   14891       1.8600
   14892       1.8538
   14893       1.8282
   14894       1.7786
   14895       1.8706
   14896       1.8571
   14897       1.8473
   14898       1.8451
   14899       1.8214
   14900       1.8004
   14901       1.7810
   14902       1.7831
   14903       1.8232
   14904       1.8351
   14905       1.8739
   14906       1.8536
   14907       1.8259
   14908       1.8960
   14909       1.8751
   14910       1.8259
   14911       1.8504
   14912       1.8132
   14913       1.8170
   14914       1.9135
   14915       1.8548
   14916       1.8542
   14917       1.8520
   14918       1.8470
   14919       1.8565
   14920       1.8227
   14921       1.8115
   14922       1.8057
   14923       1.7798
   14924       1.7821
   14925       1.8155
   14926       1.8058
   14927       1.8305
   14928       1.8595
   14929       1.8398
   14930       1.8033
   14931       1.8097
   14932       1.7644
   14933       1.7811
   14934       1.8612
   14935       1.8401
   14936       1.8983
   14937       1.8624
   14938       1.8202
   14939       1.8690
   14940       1.8150
   14941       1.8728
   14942       1.9037
   14943       1.8980
   14944       1.8539
   14945       1.9050
   14946       1.8945
   14947       1.8801
   14948       1.9030
   14949       1.9089
   14950       1.9080
   14951       1.9023
   14952       1.9199
   14953       1.9251
   14954       1.9637
   14955       1.9702
   14956       1.9567
   14957       1.9128
   14958       1.9059
   14959       1.8607
   14960       1.8719
   14961       1.8453
   14962       1.8827
   14963       1.8657
   14964       1.8689
   14965       1.8593
   14966       1.8176
   14967       1.8740
   14968       1.8519
   14969       1.8214
   14970       1.8070
   14971       1.8912
   14972       1.8388
   14973       1.8378
   14974       1.8715
   14975       1.8087
   14976       1.8754
   14977       1.8697
   14978       1.8836
   14979       1.8617
   14980       1.8950
   14981       1.8397
   14982       1.8758
   14983       1.8938
   14984       1.8574
   14985       1.8823
   14986       1.9086
   14987       1.8737
   14988       1.8494
   14989       1.8514
   14990       1.9057
   14991       1.9014
   14992       1.8878
   14993       1.8842
   14994       1.8881
   14995       1.8872
   14996       1.9199
   14997       1.9120
   14998       1.8420
   14999       1.8211
   15000       1.8594
   15001       1.8735
   15002       1.8005
   15003       1.8437
   15004       1.8202
   15005       1.8001
   15006       1.8546
   15007       1.8484
   15008       1.8265
   15009       1.8175
   15010       1.8287
   15011       1.8763
   15012       1.8338
   15013       1.8520
   15014       1.8468
   15015       1.7982
   15016       1.7918
   15017       1.8674
   15018       1.8550
   15019       1.8478
   15020       1.8850
   15021       1.8727
   15022       1.8898
   15023       1.8885
   15024       1.8318
   15025       1.8480
   15026       1.8803
   15027       1.8828
   15028       1.9048
   15029       1.9422
   15030       1.9497
   15031       1.9150
   15032       1.8863
   15033       1.9623
   15034       1.8859
   15035       1.9114
   15036       1.9778
   15037       1.9350
   15038       1.8681
   15039       1.9191
   15040       1.8970
   15041       1.8995
   15042       1.8949
   15043       1.9431
   15044       1.9049
   15045       1.9185
   15046       1.9555
   15047       1.9606
   15048       1.9515
   15049       1.9530
   15050       1.8834
   15051       1.9103
   15052       1.9474
   15053       1.8724
   15054       1.9033
   15055       1.9386
   15056       1.9164
   15057       1.9448
   15058       1.8719
   15059       1.8375
   15060       1.8750
   15061       1.8231
   15062       1.8669
   15063       1.8794
   15064       1.8353
   15065       1.8965
   15066       1.8777
   15067       1.8713
   15068       1.8418
   15069       1.9002
   15070       1.8624
   15071       1.9007
   15072       1.8586
   15073       1.9049
   15074       1.8593
   15075       1.8717
   15076       1.8720
   15077       1.8796
   15078       1.8805
   15079       1.8664
   15080       1.9106
   15081       1.9052
   15082       1.9046
   15083       1.9345
   15084       1.9680
   15085       1.9127
   15086       1.9172
   15087       1.9206
   15088       1.8993
   15089       1.9118
   15090       1.8760
   15091       1.8905
   15092       1.7957
   15093       1.8523
   15094       1.7923
   15095       1.8432
   15096       1.8649
   15097       1.8261
   15098       1.8040
   15099       1.8140
   15100       1.7748
   15101       1.8020
   15102       1.8598
   15103       1.8807
   15104       1.9057
   15105       1.8768
   15106       1.8242
   15107       1.8020
   15108       1.8573
   15109       1.8432
   15110       1.8796
   15111       1.8696
   15112       1.8395
   15113       1.8558
   15114       1.8866
   15115       1.8667
   15116       1.8676
   15117       1.8698
   15118       1.8910
   15119       1.8826
   15120       1.8125
   15121       1.8013
   15122       1.8328
   15123       1.8205
   15124       1.8033
   15125       1.8507
   15126       1.8923
   15127       1.8687
   15128       1.8988
   15129       1.8841
   15130       1.8886
   15131       1.8574
   15132       1.8374
   15133       1.8168
   15134       1.8088
   15135       1.8762
   15136       1.8764
   15137       1.8271
   15138       1.8309
   15139       1.8286
   15140       1.8664
   15141       1.8013
   15142       1.8701
   15143       1.8373
   15144       1.8294
   15145       1.8639
   15146       1.8581
   15147       1.8553
   15148       1.8505
   15149       1.9086
   15150       1.8133
   15151       1.8625
   15152       1.8279
   15153       1.8500
   15154       1.9040
   15155       1.8283
   15156       1.8986
   15157       1.8645
   15158       1.8817
   15159       1.8215
   15160       1.8419
   15161       1.8630
   15162       1.8598
   15163       1.8347
   15164       1.9067
   15165       1.8298
   15166       1.8513
   15167       1.8550
   15168       1.8699
   15169       1.9358
   15170       1.8702
   15171       1.9300
   15172       1.9697
   15173       1.9176
   15174       1.9047
   15175       1.9290
   15176       1.9638
   15177       1.8693
   15178       1.8869
   15179       1.9365
   15180       1.9074
   15181       1.9427
   15182       1.9301
   15183       1.9053
   15184       1.8487
   15185       1.9291
   15186       1.9371
   15187       1.8891
   15188       1.9145
   15189       1.9170
   15190       1.9527
   15191       1.9223
   15192       1.9440
   15193       1.9749
   15194       1.9908
   15195       2.0244
   15196       2.0076
   15197       1.9656
   15198       1.9238
   15199       2.0008
   15200       1.9528
   15201       1.9310
   15202       1.9834
   15203       1.8338
   15204       1.8877
   15205       1.8442
   15206       1.8868
   15207       1.8526
   15208       1.8732
   15209       1.8895
   15210       1.9026
   15211       1.9270
   15212       1.8611
   15213       1.8424
   15214       1.8390
   15215       1.7729
   15216       1.7981
   15217       1.8164
   15218       1.8437
   15219       1.8740
   15220       1.8545
   15221       1.7975
   15222       1.7974
   15223       1.8270
   15224       1.8242
   15225       1.8627
   15226       1.8848
   15227       1.8820
   15228       1.8389
   15229       1.8863
   15230       1.8762
   15231       1.8742
   15232       1.8941
   15233       1.9416
   15234       1.9338
   15235       1.9167
   15236       1.8963
   15237       1.9434
   15238       1.8730
   15239       1.8812
   15240       1.9054
   15241       1.8783
   15242       1.8697
   15243       1.9187
   15244       1.8875
   15245       1.8708
   15246       1.8696
   15247       1.9163
   15248       1.9671
   15249       1.9717
   15250       2.0246
   15251       2.0724
   15252       2.0316
   15253       1.9916
   15254       2.0040
   15255       1.9603
   15256       1.9569
   15257       1.9454
   15258       1.9187
   15259       1.8872
   15260       1.9747
   15261       1.8959
   15262       1.8716
   15263       1.8725
   15264       1.8978
   15265       1.8769
   15266       1.8349
   15267       1.7991
   15268       1.8790
   15269       1.9127
   15270       1.9027
   15271       1.8516
   15272       1.8646
   15273       1.8175
   15274       1.8832
   15275       1.8373
   15276       1.8171
   15277       1.8343
   15278       1.8330
   15279       1.7870
   15280       1.8090
   15281       1.7625
   15282       1.8151
   15283       1.8039
   15284       1.8089
   15285       1.8102
   15286       1.8049
   15287       1.7962
   15288       1.8082
   15289       1.8034
   15290       1.8152
   15291       1.7619
   15292       1.7930
   15293       1.7744
   15294       1.8539
   15295       1.8208
   15296       1.7629
   15297       1.8050
   15298       1.7981
   15299       1.8035
   15300       1.7849
   15301       1.7544
   15302       1.7843
   15303       1.7743
   15304       1.8208
   15305       1.7893
   15306       1.7976
   15307       1.7992
   15308       1.7682
   15309       1.7843
   15310       1.8233
   15311       1.7662
   15312       1.8018
   15313       1.8144
   15314       1.8152
   15315       1.8184
   15316       1.8275
   15317       1.8401
   15318       1.8159
   15319       1.8596
   15320       1.8463
   15321       1.8141
   15322       1.8171
   15323       1.8024
   15324       1.8467
   15325       1.8300
   15326       1.8425
   15327       1.8249
   15328       1.7917
   15329       1.7892
   15330       1.7722
   15331       1.7940
   15332       1.8339
   15333       1.8085
   15334       1.8193
   15335       1.8123
   15336       1.8801
   15337       1.8683
   15338       1.8141
   15339       1.8293
   15340       1.8265
   15341       1.8063
   15342       1.8170
   15343       1.8121
   15344       1.8712
   15345       1.8169
   15346       1.8278
   15347       1.8448
   15348       1.8124
   15349       1.8006
   15350       1.9041
   15351       1.8804
   15352       1.8833
   15353       1.8381
   15354       1.8580
   15355       1.8385
   15356       1.8663
   15357       1.8674
   15358       1.8741
   15359       1.8033
   15360       1.8313
   15361       1.8094
   15362       1.7853
   15363       1.7970
   15364       1.8012
   15365       1.8263
   15366       1.8224
   15367       1.9042
   15368       1.8207
   15369       1.8527
   15370       1.7693
   15371       1.7945
   15372       1.8255
   15373       1.8312
   15374       1.8133
   15375       1.8505
   15376       1.9034
   15377       1.8603
   15378       1.8467
   15379       1.8324
   15380       1.7975
   15381       1.8933
   15382       1.8701
   15383       1.8331
   15384       1.8043
   15385       1.8780
   15386       1.8867
   15387       1.8421
   15388       1.8681
   15389       1.8606
   15390       1.8380
   15391       1.8330
   15392       1.8247
   15393       1.8519
   15394       1.8394
   15395       1.7909
   15396       1.8314
   15397       1.8332
   15398       1.8557
   15399       1.8351
   15400       1.7869
   15401       1.8278
   15402       1.8527
   15403       1.8627
   15404       1.8697
   15405       1.9004
   15406       1.9072
   15407       1.8207
   15408       1.8412
   15409       1.7757
   15410       1.7953
   15411       1.8064
   15412       1.7430
   15413       1.8050
   15414       1.7804
   15415       1.7872
   15416       1.7518
   15417       1.7605
   15418       1.7631
   15419       1.8010
   15420       1.8549
   15421       1.7795
   15422       1.8072
   15423       1.8013
   15424       1.7871
   15425       1.8437
   15426       1.7955
   15427       1.8591
   15428       1.8775
   15429       1.8532
   15430       1.8328
   15431       1.8690
   15432       1.8392
   15433       1.8392
   15434       1.9098
   15435       1.8921
   15436       1.9090
   15437       1.8597
   15438       1.8356
   15439       1.8536
   15440       1.9152
   15441       1.9636
   15442       1.8609
   15443       1.9656
   15444       1.9183
   15445       1.9219
   15446       1.9355
   15447       1.9441
   15448       1.9533
   15449       1.9266
   15450       1.9729
   15451       1.9246
   15452       1.9193
   15453       1.8895
   15454       1.8968
   15455       1.9630
   15456       1.9297
   15457       1.9221
   15458       1.8858
   15459       1.8421
   15460       1.8094
   15461       1.8431
   15462       1.8924
   15463       1.9289
   15464       1.9241
   15465       1.8859
   15466       1.8856
   15467       1.9043
   15468       1.8997
   15469       1.8344
   15470       1.9024
   15471       1.8701
   15472       1.8458
   15473       1.9077
   15474       1.8747
   15475       1.8071
   15476       1.8310
   15477       1.8561
   15478       1.9021
   15479       1.9025
   15480       1.8601
   15481       1.8823
   15482       1.8147
   15483       1.8924
   15484       1.8924
   15485       1.9345
   15486       1.9307
   15487       1.9012
   15488       1.8873
   15489       1.9081
   15490       1.8918
   15491       1.9201
   15492       1.8599
   15493       1.8732
   15494       1.8724
   15495       1.8394
   15496       1.8669
   15497       1.8351
   15498       1.8371
   15499       1.8466
   15500       1.8493
   15501       1.8466
   15502       1.8479
   15503       1.8285
   15504       1.8698
   15505       1.8451
   15506       1.8412
   15507       1.8017
   15508       1.8191
   15509       1.7937
   15510       1.8396
   15511       1.8304
   15512       1.8411
   15513       1.8619
   15514       1.8092
   15515       1.8478
   15516       1.8285
   15517       1.8145
   15518       1.8764
   15519       1.8101
   15520       1.8438
   15521       1.8539
   15522       1.9037
   15523       1.9060
   15524       1.9515
   15525       1.9329
   15526       1.8196
   15527       1.8548
   15528       1.8521
   15529       1.8649
   15530       1.9137
   15531       1.9084
   15532       1.9675
   15533       1.9389
   15534       1.9343
   15535       1.8457
   15536       1.8508
   15537       1.7852
   15538       1.7954
   15539       1.8290
   15540       1.8993
   15541       1.8452
   15542       1.9140
   15543       1.8921
   15544       1.9004
   15545       1.9194
   15546       1.8837
   15547       1.8968
   15548       1.8821
   15549       1.9093
   15550       1.9373
   15551       1.8599
   15552       1.8613
   15553       1.8423
   15554       1.8755
   15555       1.8763
   15556       1.8699
   15557       1.8451
   15558       1.8770
   15559       1.8892
   15560       1.8612
   15561       1.9298
   15562       1.8688
   15563       1.8975
   15564       1.9184
   15565       1.9437
   15566       1.9223
   15567       1.9166
   15568       1.8986
   15569       1.9527
   15570       1.9242
   15571       1.9756
   15572       1.9181
   15573       1.9053
   15574       1.8936
   15575       1.9093
   15576       1.9089
   15577       1.8707
   15578       1.8990
   15579       1.9286
   15580       1.8726
   15581       1.8996
   15582       1.8337
   15583       1.9090
   15584       1.8444
   15585       1.8248
   15586       1.8603
   15587       1.8394
   15588       1.8711
   15589       1.8648
   15590       1.8923
   15591       1.8826
   15592       1.8690
   15593       1.9281
   15594       1.9263
   15595       1.8659
   15596       1.8653
   15597       1.9041
   15598       1.9079
   15599       1.9110
   15600       1.8755
   15601       1.8454
   15602       1.8433
   15603       1.8739
   15604       1.8539
   15605       1.8658
   15606       1.8254
   15607       1.8896
   15608       1.8654
   15609       1.8655
   15610       1.9017
   15611       1.8589
   15612       1.9384
   15613       1.8997
   15614       1.8972
   15615       1.8428
   15616       1.8622
   15617       1.9027
   15618       1.9343
   15619       1.8749
   15620       1.8615
   15621       1.8873
   15622       1.8518
   15623       1.8893
   15624       1.9064
   15625       1.9045
   15626       1.9266
   15627       1.9493
   15628       1.9055
   15629       1.8847
   15630       1.8626
   15631       1.9121
   15632       1.9084
   15633       1.9179
   15634       1.9509
   15635       1.9537
   15636       1.9227
   15637       1.9352
   15638       1.8711
   15639       1.8860
   15640       1.9580
   15641       1.8947
   15642       1.9377
   15643       1.9315
   15644       1.9407
   15645       1.9330
   15646       1.9352
   15647       1.9417
   15648       1.9566
   15649       1.9458
   15650       1.9483
   15651       1.9259
   15652       1.8974
   15653       1.9137
   15654       1.8976
   15655       1.9538
   15656       1.8907
   15657       1.8544
   15658       1.8881
   15659       1.8361
   15660       1.9112
   15661       1.8716
   15662       1.8865
   15663       1.9165
   15664       1.8705
   15665       1.9032
   15666       1.8978
   15667       1.8996
   15668       1.9090
   15669       1.8617
   15670       1.8992
   15671       1.8670
   15672       1.9068
   15673       1.8866
   15674       1.8939
   15675       1.8518
   15676       1.8857
   15677       1.9240
   15678       1.8798
   15679       1.8980
   15680       1.9160
   15681       1.9862
   15682       1.9459
   15683       1.9516
   15684       1.9023
   15685       1.9215
   15686       1.9145
   15687       1.9222
   15688       1.9233
   15689       1.9293
   15690       1.9648
   15691       1.9539
   15692       1.9230
   15693       1.8992
   15694       1.9382
   15695       1.9331
   15696       1.8864
   15697       1.8999
   15698       1.8588
   15699       1.9062
   15700       1.8872
   15701       1.8790
   15702       1.9256
   15703       1.9239
   15704       1.8792
   15705       1.8904
   15706       1.8670
   15707       1.9030
   15708       1.9291
   15709       1.9288
   15710       1.9100
   15711       1.8780
   15712       1.9366
   15713       1.9286
   15714       1.9147
   15715       1.9139
   15716       1.9226
   15717       1.8823
   15718       1.9222
   15719       1.8736
   15720       1.9621
   15721       1.9052
   15722       1.9247
   15723       1.8900
   15724       1.9931
   15725       1.9441
   15726       1.9449
   15727       1.9834
   15728       1.9069
   15729       1.9044
   15730       1.8939
   15731       1.9066
   15732       1.8929
   15733       1.8805
   15734       1.8622
   15735       1.8643
   15736       1.9202
   15737       1.8864
   15738       1.9145
   15739       1.8818
   15740       1.8828
   15741       1.8438
   15742       1.8387
   15743       1.8687
   15744       1.8378
   15745       1.8307
   15746       1.8424
   15747       1.8594
   15748       1.8417
   15749       1.8595
   15750       1.8694
   15751       1.8279
   15752       1.9445
   15753       1.8467
   15754       1.8529
   15755       1.8449
   15756       1.8937
   15757       1.9516
   15758       1.8498
   15759       1.8471
   15760       1.9074
   15761       1.8965
   15762       1.8951
   15763       1.8966
   15764       1.8895
   15765       1.8585
   15766       1.8726
   15767       1.9144
   15768       1.8622
   15769       1.8974
   15770       1.9659
   15771       1.9046
   15772       1.9363
   15773       1.9335
   15774       1.9135
   15775       1.9378
   15776       1.9089
   15777       1.9205
   15778       1.9206
   15779       1.9094
   15780       1.9201
   15781       1.9306
   15782       1.9217
   15783       1.9178
   15784       1.9271
   15785       1.9014
   15786       1.8572
   15787       1.8853
   15788       1.9337
   15789       1.9124
   15790       1.8883
   15791       1.9378
   15792       1.9105
   15793       1.8544
   15794       1.8614
   15795       1.9142
   15796       1.8875
   15797       1.9112
   15798       1.8572
   15799       1.8551
   15800       1.8365
   15801       1.8084
   15802       1.7947
   15803       1.8044
   15804       1.8201
   15805       1.8457
   15806       1.8311
   15807       1.8788
   15808       1.9012
   15809       1.8723
   15810       1.8179
   15811       1.9428
   15812       1.8228
   15813       1.8539
   15814       1.8669
   15815       1.9201
   15816       1.9107
   15817       1.8706
   15818       1.8758
   15819       1.9177
   15820       1.9269
   15821       1.8757
   15822       1.9040
   15823       1.9006
   15824       1.8985
   15825       1.9314
   15826       1.8814
   15827       1.9268
   15828       1.8756
   15829       1.8963
   15830       1.8810
   15831       1.8749
   15832       1.8024
   15833       1.8764
   15834       1.8383
   15835       1.8918
   15836       1.8286
   15837       1.8614
   15838       1.8623
   15839       1.8827
   15840       1.9281
   15841       1.9065
   15842       1.9092
   15843       1.8822
   15844       1.9447
   15845       1.8325
   15846       1.9017
   15847       1.8257
   15848       1.8391
   15849       1.8345
   15850       1.8518
   15851       1.8253
   15852       1.8420
   15853       1.8594
   15854       1.8402
   15855       1.7772
   15856       1.7917
   15857       1.8141
   15858       1.8132
   15859       1.8325
   15860       1.7924
   15861       1.7831
   15862       1.8481
   15863       1.8285
   15864       1.8155
   15865       1.8406
   15866       1.8502
   15867       1.8728
   15868       1.8711
   15869       1.8125
   15870       1.8466
   15871       1.8666
   15872       1.8471
   15873       1.9018
   15874       1.8805
   15875       1.8609
   15876       1.8276
   15877       1.8353
   15878       1.9303
   15879       1.8899
   15880       1.9576
   15881       1.8707
   15882       1.8483
   15883       1.8822
   15884       1.9219
   15885       1.8604
   15886       1.9304
   15887       1.8772
   15888       1.8008
   15889       1.8155
   15890       1.8609
   15891       1.8593
   15892       1.8700
   15893       1.8920
   15894       1.8869
   15895       1.8694
   15896       1.8113
   15897       1.8472
   15898       1.8098
   15899       1.8306
   15900       1.8002
   15901       1.7730
   15902       1.7678
   15903       1.7317
   15904       1.7866
   15905       1.7616
   15906       1.7468
   15907       1.7772
   15908       1.7757
   15909       1.7820
   15910       1.8487
   15911       1.8690
   15912       1.8609
   15913       1.8419
   15914       1.8038
   15915       1.8057
   15916       1.8167
   15917       1.8651
   15918       1.8014
   15919       1.8271
   15920       1.8285
   15921       1.7912
   15922       1.8126
   15923       1.8369
   15924       1.8567
   15925       1.7885
   15926       1.8219
   15927       1.7559
   15928       1.7535
   15929       1.7553
   15930       1.8677
   15931       1.8013
   15932       1.8278
   15933       1.7970
   15934       1.8207
   15935       1.8034
   15936       1.8108
   15937       1.8353
   15938       1.8887
   15939       1.8523
   15940       1.8442
   15941       1.8266
   15942       1.8091
   15943       1.8206
   15944       1.8422
   15945       1.8401
   15946       1.8195
   15947       1.8238
   15948       1.8505
   15949       1.8388
   15950       1.8212
   15951       1.8269
   15952       1.7795
   15953       1.8471
   15954       1.8105
   15955       1.8540
   15956       1.8942
   15957       1.8324
   15958       1.8513
   15959       1.8670
   15960       1.8509
   15961       1.8017
   15962       1.8583
   15963       1.8520
   15964       1.8422
   15965       1.8090
   15966       1.8268
   15967       1.8329
   15968       1.8813
   15969       1.8333
   15970       1.8266
   15971       1.8478
   15972       1.8456
   15973       1.8427
   15974       1.8585
   15975       1.7979
   15976       1.7968
   15977       1.7809
   15978       1.7436
   15979       1.8321
   15980       1.8093
   15981       1.8145
   15982       1.8298
   15983       1.8181
   15984       1.7968
   15985       1.8502
   15986       1.8037
   15987       1.8444
   15988       1.7935
   15989       1.8523
   15990       1.8350
   15991       1.8445
   15992       1.8492
   15993       1.8408
   15994       1.7944
   15995       1.8252
   15996       1.8929
   15997       1.8474
   15998       1.9063
   15999       1.9081
   16000       1.8733
   16001       1.9111
   16002       1.8885
   16003       1.9133
   16004       1.8856
   16005       1.9238
   16006       1.9146
   16007       1.8712
   16008       1.8324
   16009       1.8671
   16010       1.8124
   16011       1.8149
   16012       1.8356
   16013       1.8620
   16014       1.8519
   16015       1.8441
   16016       1.8841
   16017       1.9095
   16018       1.8626
   16019       1.8484
   16020       1.8410
   16021       1.9260
   16022       1.8868
   16023       1.8315
   16024       1.9073
   16025       1.8853
   16026       1.8735
   16027       1.9012
   16028       1.8574
   16029       1.9319
   16030       1.9801
   16031       1.9325
   16032       1.9458
   16033       1.9518
   16034       1.9387
   16035       1.9154
   16036       1.9345
   16037       1.8991
   16038       1.8575
   16039       1.8620
   16040       1.8074
   16041       1.8608
   16042       1.8309
   16043       1.8244
   16044       1.8407
   16045       1.8633
   16046       1.8565
   16047       1.8573
   16048       1.9004
   16049       1.9023
   16050       1.8959
   16051       1.9193
   16052       1.8462
   16053       1.8903
   16054       1.8966
   16055       1.8660
   16056       1.9458
   16057       1.9540
   16058       1.9438
   16059       1.9311
   16060       1.8948
   16061       1.8482
   16062       1.8676
   16063       1.8914
   16064       1.8416
   16065       1.9062
   16066       1.8236
   16067       1.8834
   16068       1.8695
   16069       1.8841
   16070       1.8340
   16071       1.8719
   16072       1.8781
   16073       1.8418
   16074       1.8241
   16075       1.8712
   16076       1.8514
   16077       1.8957
   16078       1.9017
   16079       1.9442
   16080       1.8674
   16081       1.8590
   16082       1.8582
   16083       1.9097
   16084       1.8535
   16085       1.8892
   16086       1.8459
   16087       1.8939
   16088       1.8437
   16089       1.8539
   16090       1.8967
   16091       1.8595
   16092       1.9107
   16093       1.8712
   16094       1.8888
   16095       1.8896
   16096       1.9386
   16097       1.8995
   16098       1.9231
   16099       1.9141
   16100       1.8969
   16101       1.8470
   16102       1.8680
   16103       1.8719
   16104       1.8326
   16105       1.8703
   16106       1.8909
   16107       1.8616
   16108       1.8755
   16109       1.9503
   16110       1.9129
   16111       1.9260
   16112       1.8831
   16113       1.8951
   16114       1.9054
   16115       1.8765
   16116       1.9068
   16117       1.9184
   16118       1.9215
   16119       1.8756
   16120       1.8896
   16121       1.9422
   16122       1.8839
   16123       1.8884
   16124       1.8644
   16125       1.9031
   16126       1.8723
   16127       1.8451
   16128       1.8769
   16129       1.9078
   16130       1.8691
   16131       1.9345
   16132       1.9116
   16133       1.9049
   16134       1.8574
   16135       1.8354
   16136       1.8521
   16137       1.8316
   16138       1.9066
   16139       1.9036
   16140       1.8696
   16141       1.8469
   16142       1.8856
   16143       1.8737
   16144       1.8664
   16145       1.8955
   16146       1.9294
   16147       1.8681
   16148       1.8866
   16149       1.8630
   16150       1.8781
   16151       1.8509
   16152       1.8427
   16153       1.8029
   16154       1.8512
   16155       1.8313
   16156       1.8020
   16157       1.8282
   16158       1.7854
   16159       1.7786
   16160       1.7849
   16161       1.7778
   16162       1.8006
   16163       1.8071
   16164       1.8604
   16165       1.8374
   16166       1.8760
   16167       1.8487
   16168       1.8400
   16169       1.8955
   16170       1.9184
   16171       1.8754
   16172       1.8661
   16173       1.9021
   16174       1.8511
   16175       1.9500
   16176       1.9099
   16177       1.8747
   16178       1.8878
   16179       1.8809
   16180       1.8610
   16181       1.8836
   16182       1.8694
   16183       1.8771
   16184       1.8791
   16185       1.9006
   16186       1.9026
   16187       1.8547
   16188       1.8946
   16189       1.8650
   16190       1.8529
   16191       1.8771
   16192       1.8764
   16193       1.8594
   16194       1.8603
   16195       1.8598
   16196       1.8203
   16197       1.8998
   16198       1.8677
   16199       1.8627
   16200       1.8836
   16201       1.8832
   16202       1.8733
   16203       1.8411
   16204       1.9418
   16205       1.8902
   16206       1.8434
   16207       1.7979
   16208       1.9082
   16209       1.8794
   16210       1.8786
   16211       1.9140
   16212       1.8683
   16213       1.9325
   16214       1.9574
   16215       1.8715
   16216       1.8435
   16217       1.8707
   16218       1.8989
   16219       1.9585
   16220       1.9091
   16221       1.8801
   16222       1.8978
   16223       1.8690
   16224       1.8681
   16225       1.8429
   16226       1.9031
   16227       1.8527
   16228       1.9105
   16229       1.8947
   16230       1.8428
   16231       1.8368
   16232       1.8229
   16233       1.8333
   16234       1.8363
   16235       1.8359
   16236       1.8698
   16237       1.8675
   16238       1.8797
   16239       1.8280
   16240       1.8237
   16241       1.8366
   16242       1.8135
   16243       1.8160
   16244       1.7736
   16245       1.8436
   16246       1.9157
   16247       1.8470
   16248       1.8525
   16249       1.7884
   16250       1.8184
   16251       1.8082
   16252       1.8586
   16253       1.8555
   16254       1.8754
   16255       1.8669
   16256       1.8669
   16257       1.8563
   16258       1.8863
   16259       1.8804
   16260       1.8896
   16261       1.8545
   16262       1.9899
   16263       1.9393
   16264       1.9225
   16265       1.9835
   16266       1.8619
   16267       1.8795
   16268       1.8279
   16269       1.7981
   16270       1.8544
   16271       1.8159
   16272       1.8025
   16273       1.8711
   16274       1.8554
   16275       1.8243
   16276       1.8359
   16277       1.8620
   16278       1.8897
   16279       1.8872
   16280       1.8539
   16281       1.8781
   16282       1.8311
   16283       1.9097
   16284       1.8643
   16285       1.8195
   16286       1.8837
   16287       1.8768
   16288       1.9056
   16289       1.8678
   16290       1.8866
   16291       1.8649
   16292       1.8850
   16293       1.8843
   16294       1.8599
   16295       1.9346
   16296       1.8586
   16297       1.8808
   16298       1.8520
   16299       1.8839
   16300       1.8553
   16301       1.8306
   16302       1.8636
   16303       1.8649
   16304       1.8102
   16305       1.8551
   16306       1.8456
   16307       1.8853
   16308       1.9157
   16309       1.8444
   16310       1.8116
   16311       1.8159
   16312       1.8250
   16313       1.8622
   16314       1.8214
   16315       1.8117
   16316       1.8559
   16317       1.8504
   16318       1.8444
   16319       1.9022
   16320       1.8200
   16321       1.8580
   16322       1.8916
   16323       1.8643
   16324       1.8602
   16325       1.8504
   16326       1.8214
   16327       1.8748
   16328       1.8281
   16329       1.8516
   16330       1.8358
   16331       1.8578
   16332       1.8724
   16333       1.8629
   16334       1.9230
   16335       1.9051
   16336       1.9340
   16337       1.8874
   16338       1.8731
   16339       1.8472
   16340       1.8469
   16341       1.8916
   16342       1.8968
   16343       1.8535
   16344       1.8564
   16345       1.8655
   16346       1.8208
   16347       1.9099
   16348       1.9733
   16349       1.9293
   16350       1.9287
   16351       1.8776
   16352       1.9663
   16353       1.9368
   16354       1.9300
   16355       1.9541
   16356       1.8591
   16357       1.9300
   16358       1.8633
   16359       1.8356
   16360       1.8620
   16361       1.9287
   16362       1.9031
   16363       1.9172
   16364       1.9601
   16365       1.9448
   16366       2.0040
   16367       1.9410
   16368       2.0147
   16369       2.0349
   16370       1.9552
   16371       2.0271
   16372       2.0009
   16373       1.9779
   16374       1.9679
   16375       2.0346
   16376       2.0468
   16377       2.0180
   16378       2.0234
   16379       2.0160
   16380       1.9799
   16381       1.9993
   16382       2.0193
   16383       2.0103
   16384       2.0278
   16385       2.0129
   16386       2.0239
   16387       2.0522
   16388       2.0137
   16389       2.0106
   16390       1.9416
   16391       1.9732
   16392       2.0298
   16393       1.9981
   16394       2.0029
   16395       2.0081
   16396       2.0050
   16397       1.9026
   16398       1.9614
   16399       1.9459
   16400       1.9465
   16401       1.9319
   16402       1.9582
   16403       1.9612
   16404       1.9490
   16405       1.9188
   16406       1.9347
   16407       1.9325
   16408       1.9030
   16409       1.8709
   16410       1.8873
   16411       1.8704
   16412       1.8901
   16413       1.8634
   16414       1.8719
   16415       1.8578
   16416       1.8630
   16417       1.8274
   16418       1.8394
   16419       1.8014
   16420       1.8560
   16421       1.8155
   16422       1.8718
   16423       1.8260
   16424       1.8837
   16425       1.9042
   16426       1.8979
   16427       1.8481
   16428       1.8083
   16429       1.8053
   16430       1.8325
   16431       1.8228
   16432       1.8690
   16433       1.8379
   16434       1.8731
   16435       1.9104
   16436       1.8747
   16437       1.8744
   16438       1.8567
   16439       1.8278
   16440       1.8319
   16441       1.8476
   16442       1.8793
   16443       1.8938
   16444       1.8698
   16445       1.8146
   16446       1.8714
   16447       1.8763
   16448       1.8401
   16449       1.8470
   16450       1.8523
   16451       1.8434
   16452       1.8072
   16453       1.8187
   16454       1.8351
   16455       1.8418
   16456       1.8843
   16457       1.8853
   16458       1.8582
   16459       1.8636
   16460       1.9046
   16461       1.8670
   16462       1.8722
   16463       1.8600
   16464       1.8781
   16465       1.9197
   16466       1.8647
   16467       1.8573
   16468       1.8540
   16469       1.8206
   16470       1.8470
   16471       1.8401
   16472       1.8628
   16473       1.9251
   16474       1.8826
   16475       1.8795
   16476       1.9418
   16477       1.8855
   16478       1.8418
   16479       1.8918
   16480       1.9066
   16481       1.8477
   16482       1.8808
   16483       1.8642
   16484       1.8760
   16485       1.8736
   16486       1.8601
   16487       1.8243
   16488       1.8131
   16489       1.8457
   16490       1.8227
   16491       1.8948
   16492       1.8663
   16493       1.8577
   16494       1.8517
   16495       1.8585
   16496       1.7961
   16497       1.8490
   16498       1.7965
   16499       1.8306
   16500       1.8424
   16501       1.7885
   16502       1.7509
   16503       1.7589
   16504       1.7549
   16505       1.7901
   16506       1.7889
   16507       1.7560
   16508       1.8345
   16509       1.8078
   16510       1.8411
   16511       1.8215
   16512       1.8465
   16513       1.8704
   16514       1.8854
   16515       1.9175
   16516       1.9265
   16517       1.9304
   16518       1.9559
   16519       1.9149
   16520       1.8939
   16521       1.8811
   16522       1.7878
   16523       1.8352
   16524       1.8606
   16525       1.8016
   16526       1.8616
   16527       1.7787
   16528       1.7706
   16529       1.8624
   16530       1.8599
   16531       1.7938
   16532       1.8393
   16533       1.9243
   16534       1.8359
   16535       1.8660
   16536       1.8361
   16537       1.8531
   16538       1.8328
   16539       1.7588
   16540       1.8757
   16541       1.8423
   16542       1.8311
   16543       1.8215
   16544       1.8266
   16545       1.8627
   16546       1.8671
   16547       1.8280
   16548       1.8179
   16549       1.8056
   16550       1.8595
   16551       1.8455
   16552       1.9067
   16553       1.8715
   16554       1.9613
   16555       1.8890
   16556       1.8886
   16557       1.8540
   16558       1.8281
   16559       1.8956
   16560       1.8580
   16561       1.8504
   16562       1.8800
   16563       1.8603
   16564       1.8731
   16565       1.9317
   16566       1.8600
   16567       1.8910
   16568       1.9273
   16569       1.9053
   16570       1.9156
   16571       1.8250
   16572       1.8554
   16573       1.8392
   16574       1.8931
   16575       1.9043
   16576       1.8871
   16577       1.8431
   16578       1.8902
   16579       1.8539
   16580       1.8487
   16581       1.8599
   16582       1.8317
   16583       1.8617
   16584       1.8476
   16585       1.8590
   16586       1.8854
   16587       1.9447
   16588       1.8604
   16589       1.8450
   16590       1.8862
   16591       1.8301
   16592       1.8750
   16593       1.8557
   16594       1.8919
   16595       1.8431
   16596       1.8751
   16597       1.8581
   16598       1.9038
   16599       1.8601
   16600       1.8480
   16601       1.8177
   16602       1.8305
   16603       1.8625
   16604       1.8724
   16605       1.8421
   16606       1.8617
   16607       1.8266
   16608       1.8174
   16609       1.7941
   16610       1.8368
   16611       1.8529
   16612       1.8919
   16613       1.8366
   16614       1.9318
   16615       1.9341
   16616       1.8961
   16617       1.9160
   16618       1.9377
   16619       1.9272
   16620       1.9194
   16621       1.9328
   16622       1.9854
   16623       1.9473
   16624       1.8712
   16625       1.8786
   16626       1.9166
   16627       1.9307
   16628       1.9718
   16629       1.9298
   16630       1.9612
   16631       1.9607
   16632       1.9689
   16633       1.8869
   16634       1.8455
   16635       1.9065
   16636       1.9770
   16637       1.9522
   16638       1.9382
   16639       1.9392
   16640       1.8846
   16641       1.8881
   16642       1.8973
   16643       1.8862
   16644       1.8524
   16645       1.9088
   16646       1.9172
   16647       1.9295
   16648       1.9181
   16649       1.9036
   16650       1.8840
   16651       1.8464
   16652       1.9114
   16653       1.8566
   16654       1.8178
   16655       1.8920
   16656       1.8646
   16657       1.8816
   16658       1.8905
   16659       1.8907
   16660       1.9168
   16661       1.8363
   16662       1.8235
   16663       1.8120
   16664       1.8344
   16665       1.7989
   16666       1.8774
   16667       1.8345
   16668       1.8638
   16669       1.7716
   16670       1.8836
   16671       1.8430
   16672       1.9113
   16673       1.8309
   16674       1.8494
   16675       1.9170
   16676       1.8783
   16677       1.9492
   16678       1.9181
   16679       1.9620
   16680       1.9158
   16681       1.9219
   16682       1.9185
   16683       1.9159
   16684       1.9345
   16685       1.9188
   16686       1.9346
   16687       1.9499
   16688       1.9248
   16689       1.9740
   16690       1.9153
   16691       1.9047
   16692       1.9408
   16693       1.8977
   16694       1.9255
   16695       1.9839
   16696       1.9877
   16697       2.0189
   16698       2.0716
   16699       2.0609
   16700       2.0215
   16701       2.0711
   16702       2.0703
   16703       2.0430
   16704       2.0842
   16705       2.1529
   16706       2.0784
   16707       2.0123
   16708       1.9943
   16709       2.0230
   16710       2.0488
   16711       1.9946
   16712       1.9659
   16713       1.9756
   16714       1.9590
   16715       1.9431
   16716       1.9716
   16717       1.9432
   16718       2.0011
   16719       1.9424
   16720       1.9561
   16721       1.9472
   16722       1.9792
   16723       2.0026
   16724       1.9375
   16725       1.9955
   16726       2.0625
   16727       2.0476
   16728       2.0603
   16729       2.0177
   16730       2.0120
   16731       1.9558
   16732       2.0125
   16733       2.0744
   16734       2.0136
   16735       1.9890
   16736       1.9644
   16737       1.9840
   16738       2.0447
   16739       1.9632
   16740       1.9661
   16741       1.9329
   16742       1.9154
   16743       1.9125
   16744       1.8566
   16745       1.9689
   16746       1.9062
   16747       1.9426
   16748       1.9930
   16749       1.9063
   16750       1.9460
   16751       1.9692
   16752       2.0077
   16753       1.9736
   16754       1.9424
   16755       1.9074
   16756       1.8912
   16757       1.8940
   16758       1.9104
   16759       1.9157
   16760       1.9213
   16761       1.9930
   16762       1.9351
   16763       1.9832
   16764       1.9583
   16765       2.0153
   16766       1.9809
   16767       2.0309
   16768       2.0297
   16769       1.9997
   16770       2.0368
   16771       2.0544
   16772       1.9851
   16773       1.9278
   16774       1.9529
   16775       1.9366
   16776       1.9799
   16777       2.0258
   16778       1.9627
   16779       2.0025
   16780       1.9988
   16781       2.0092
   16782       2.0117
   16783       2.0415
   16784       2.0318
   16785       2.0545
   16786       2.0462
   16787       2.0446
   16788       2.0662
   16789       2.0909
   16790       2.0720
   16791       2.0463
   16792       2.0296
   16793       2.0419
   16794       2.0306
   16795       2.0550
   16796       2.0353
   16797       2.0159
   16798       2.0022
   16799       2.0016
   16800       2.0089
   16801       1.9944
   16802       2.0515
   16803       2.0283
   16804       2.1022
   16805       2.0100
   16806       2.0009
   16807       1.9858
   16808       1.9395
   16809       1.8946
   16810       1.9600
   16811       1.9761
   16812       1.9620
   16813       2.0029
   16814       1.9923
   16815       2.0086
   16816       2.0229
   16817       2.0639
   16818       2.0639
   16819       2.0821
   16820       2.0472
   16821       2.0159
   16822       1.9429
   16823       2.0196
   16824       1.9801
   16825       2.0193
   16826       1.9820
   16827       2.0125
   16828       1.9681
   16829       2.0277
   16830       2.0074
   16831       1.9639
   16832       1.9996
   16833       2.0297
   16834       2.0626
   16835       2.0572
   16836       1.9359
   16837       1.9815
   16838       1.9420
   16839       1.9756
   16840       2.0029
   16841       2.0164
   16842       1.9948
   16843       1.9868
   16844       1.9069
   16845       1.9987
   16846       1.9784
   16847       2.0343
   16848       2.0187
   16849       2.0446
   16850       2.0276
   16851       2.0624
   16852       1.9858
   16853       1.9543
   16854       1.9926
   16855       1.9943
   16856       1.9192
   16857       1.9245
   16858       1.9951
   16859       1.9560
   16860       1.9477
   16861       1.9809
   16862       2.0192
   16863       1.9392
   16864       1.9754
   16865       1.9596
   16866       1.9540
   16867       2.0424
   16868       2.0563
   16869       2.0951
   16870       2.1111
   16871       2.0562
   16872       2.0482
   16873       2.0482
   16874       2.0074
   16875       1.9806
   16876       1.9511
   16877       1.9794
   16878       1.9693
   16879       1.9973
   16880       1.9796
   16881       1.9883
   16882       1.9069
   16883       1.9383
   16884       1.9453
   16885       1.9142
   16886       1.8982
   16887       1.8967
   16888       1.9181
   16889       1.8229
   16890       1.8547
   16891       1.8909
   16892       1.8599
   16893       1.8544
   16894       1.8569
   16895       1.8793
   16896       1.9139
   16897       1.9286
   16898       1.9266
   16899       1.9666
   16900       1.9607
   16901       1.9841
   16902       2.0241
   16903       1.9143
   16904       1.9119
   16905       1.8774
   16906       1.9144
   16907       1.9055
   16908       1.9281
   16909       1.9240
   16910       1.9258
   16911       1.8690
   16912       1.8868
   16913       1.9177
   16914       1.8889
   16915       1.8741
   16916       1.8818
   16917       1.8889
   16918       1.8629
   16919       1.8561
   16920       1.8614
   16921       1.8799
   16922       1.9102
   16923       1.9001
   16924       1.8690
   16925       1.8578
   16926       1.8534
   16927       1.8448
   16928       1.8390
   16929       1.8425
   16930       1.8789
   16931       1.8772
   16932       1.8865
   16933       1.9108
   16934       1.8911
   16935       1.8766
   16936       1.8894
   16937       1.9033
   16938       1.8851
   16939       1.8515
   16940       1.8611
   16941       1.9141
   16942       1.8716
   16943       1.8662
   16944       1.9374
   16945       1.9567
   16946       1.8656
   16947       1.8593
   16948       1.8504
   16949       1.8816
   16950       1.8686
   16951       1.8271
   16952       1.8288
   16953       1.8269
   16954       1.8315
   16955       1.8109
   16956       1.7981
   16957       1.7902
   16958       1.8722
   16959       1.8118
   16960       1.8485
   16961       1.8564
   16962       1.9027
   16963       1.9306
   16964       1.8972
   16965       1.8494
   16966       1.8630
   16967       1.8860
   16968       1.9070
   16969       1.9134
   16970       2.0240
   16971       2.0119
   16972       2.0041
   16973       2.0194
   16974       2.0288
   16975       2.0394
   16976       1.9413
   16977       1.9694
   16978       2.0186
   16979       1.9815
   16980       1.9952
   16981       1.9376
   16982       1.8957
   16983       1.8829
   16984       1.9503
   16985       1.9003
   16986       1.8599
   16987       1.8435
   16988       1.8868
   16989       1.8952
   16990       1.9218
   16991       1.8368
   16992       1.8904
   16993       1.9193
   16994       1.8738
   16995       1.9133
   16996       1.8841
   16997       1.8772
   16998       1.9297
   16999       1.9132
   17000       1.9194
   17001       1.9387
   17002       1.8383
   17003       1.8832
   17004       1.8873
   17005       1.9138
   17006       1.8526
   17007       1.8790
   17008       1.8546
   17009       1.8614
   17010       1.9075
   17011       1.8379
   17012       1.8621
   17013       1.8057
   17014       1.7860
   17015       1.8212
   17016       1.8242
   17017       1.8288
   17018       1.8492
   17019       1.8021
   17020       1.8296
   17021       1.8250
   17022       1.8997
   17023       1.8595
   17024       1.8699
   17025       1.8759
   17026       1.8853
   17027       1.8658
   17028       1.8890
   17029       1.9101
   17030       1.9360
   17031       1.9076
   17032       1.8391
   17033       1.8188
   17034       1.8191
   17035       1.8767
   17036       1.8249
   17037       1.8692
   17038       1.9246
   17039       1.8988
   17040       1.9049
   17041       1.9586
   17042       1.8698
   17043       1.8457
   17044       1.8828
   17045       1.9225
   17046       1.8541
   17047       1.8998
   17048       1.9162
   17049       1.9121
   17050       1.9768
   17051       1.9045
   17052       1.8582
   17053       1.8782
   17054       1.8447
   17055       1.8603
   17056       1.8587
   17057       1.9166
   17058       1.8890
   17059       1.8134
   17060       1.8928
   17061       1.8700
   17062       1.8608
   17063       1.8454
   17064       1.8798
   17065       1.8760
   17066       1.8295
   17067       1.8596
   17068       1.8427
   17069       1.8409
   17070       1.8209
   17071       1.8154
   17072       1.8134
   17073       1.8296
   17074       1.7960
   17075       1.7985
   17076       1.7526
   17077       1.7633
   17078       1.7688
   17079       1.8149
   17080       1.8032
   17081       1.8343
   17082       1.8052
   17083       1.7851
   17084       1.7478
   17085       1.8002
   17086       1.8111
   17087       1.7734
   17088       1.7627
   17089       1.8248
   17090       1.7612
   17091       1.8097
   17092       1.8082
   17093       1.8322
   17094       1.8402
   17095       1.8061
   17096       1.8107
   17097       1.8553
   17098       1.8770
   17099       1.8564
   17100       1.8808
   17101       1.8245
   17102       1.8759
   17103       1.8545
   17104       1.8745
   17105       1.8590
   17106       1.8737
   17107       1.8944
   17108       1.9329
   17109       1.8963
   17110       1.8757
   17111       1.8712
   17112       1.8627
   17113       1.8422
   17114       1.9306
   17115       1.8591
   17116       1.8794
   17117       1.8598
   17118       1.8301
   17119       1.8775
   17120       1.9373
   17121       1.8350
   17122       1.8327
   17123       1.8435
   17124       1.8584
   17125       1.8561
   17126       1.8683
   17127       1.8353
   17128       1.8605
   17129       1.8609
   17130       1.8423
   17131       1.8948
   17132       1.8165
   17133       1.8012
   17134       1.7975
   17135       1.8634
   17136       1.8737
   17137       1.8647
   17138       1.8352
   17139       1.9392
   17140       1.9799
   17141       1.9464
   17142       1.9318
   17143       1.9080
   17144       1.8903
   17145       1.9705
   17146       1.9162
   17147       1.9228
   17148       1.9936
   17149       1.9687
   17150       1.9990
   17151       1.9675
   17152       1.9681
   17153       1.9495
   17154       1.9965
   17155       1.9795
   17156       1.9344
   17157       1.9531
   17158       1.9255
   17159       1.9452
   17160       1.9664
   17161       1.9380
   17162       1.9613
   17163       1.9412
   17164       2.0134
   17165       1.9759
   17166       1.9757
   17167       1.9514
   17168       1.9989
   17169       1.9259
   17170       1.8855
   17171       1.8898
   17172       1.9269
   17173       1.9449
   17174       1.8987
   17175       1.9048
   17176       1.9098
   17177       1.9157
   17178       1.8785
   17179       1.8647
   17180       1.9170
   17181       1.9689
   17182       1.9073
   17183       1.8584
   17184       1.8475
   17185       1.8528
   17186       1.9242
   17187       1.9201
   17188       1.8813
   17189       1.8765
   17190       1.8801
   17191       1.9160
   17192       1.8625
   17193       1.8928
   17194       1.8426
   17195       1.8972
   17196       1.8798
   17197       1.8236
   17198       1.8849
   17199       1.8257
   17200       1.8274
   17201       1.8458
   17202       1.8590
   17203       1.9354
   17204       1.9106
   17205       1.9145
   17206       1.8664
   17207       1.9092
   17208       1.9454
   17209       2.0715
   17210       1.9987
   17211       1.9401
   17212       1.8653
   17213       1.8798
   17214       1.8442
   17215       1.8522
   17216       1.8387
   17217       1.9539
   17218       1.9494
   17219       1.8833
   17220       1.8585
   17221       1.9335
   17222       1.9132
   17223       1.8351
   17224       1.9047
   17225       1.8864
   17226       1.8483
   17227       1.8947
   17228       1.8552
   17229       1.8883
   17230       1.8331
   17231       1.8016
   17232       1.8811
   17233       1.9447
   17234       1.8767
   17235       1.8889
   17236       1.9435
   17237       1.9693
   17238       1.9314
   17239       1.9947
   17240       1.9461
   17241       2.0371
   17242       1.9938
   17243       1.9553
   17244       1.9847
   17245       1.9590
   17246       1.9478
   17247       1.9247
   17248       1.9047
   17249       1.9444
   17250       1.9467
   17251       2.0041
   17252       2.0585
   17253       2.0375
   17254       2.0472
   17255       2.0334
   17256       1.9777
   17257       2.0597
   17258       1.9720
   17259       1.9625
   17260       2.0131
   17261       1.9414
   17262       1.9079
   17263       1.9456
   17264       1.9586
   17265       1.9316
   17266       1.8802
   17267       1.9446
   17268       1.9361
   17269       1.9017
   17270       1.9594
   17271       1.9581
   17272       1.9826
   17273       1.9751
   17274       1.9702
   17275       1.9542
   17276       1.9109
   17277       1.9219
   17278       1.9240
   17279       1.9103
   17280       1.9106
   17281       1.9240
   17282       1.9339
   17283       1.8902
   17284       1.9255
   17285       1.9330
   17286       1.9263
   17287       1.9890
   17288       1.9360
   17289       1.9387
   17290       1.9117
   17291       1.9124
   17292       1.9207
   17293       1.9406
   17294       1.9786
   17295       1.8999
   17296       1.9626
   17297       1.9751
   17298       1.9556
   17299       1.9535
   17300       1.9172
   17301       2.0034
   17302       2.0477
   17303       1.9900
   17304       2.0246
   17305       1.9803
   17306       1.9894
   17307       2.0065
   17308       1.9181
   17309       1.9798
   17310       1.9540
   17311       1.8974
   17312       1.9386
   17313       1.9405
   17314       1.8955
   17315       1.9220
   17316       1.8896
   17317       1.8767
   17318       1.9175
   17319       1.8729
   17320       1.8918
   17321       1.8793
   17322       1.8965
   17323       1.9567
   17324       1.8778
   17325       1.9408
   17326       1.8858
   17327       1.8743
   17328       1.8353
   17329       1.8699
   17330       1.8632
   17331       1.8989
   17332       1.8983
   17333       1.8766
   17334       1.8834
   17335       1.9026
   17336       1.8755
   17337       1.9085
   17338       1.8898
   17339       1.9007
   17340       1.8624
   17341       1.8603
   17342       1.8617
   17343       1.8721
   17344       1.9306
   17345       1.8889
   17346       1.9559
   17347       1.9544
   17348       1.9828
   17349       1.9018
   17350       1.8901
   17351       1.9066
   17352       2.0043
   17353       1.9747
   17354       1.9662
   17355       1.9151
   17356       1.9250
   17357       1.9109
   17358       1.9149
   17359       1.9480
   17360       1.9963
   17361       1.9339
   17362       1.9274
   17363       1.9902
   17364       1.9534
   17365       1.9262
   17366       1.9627
   17367       1.8513
   17368       1.8537
   17369       1.9782
   17370       1.9605
   17371       1.9376
   17372       1.9374
   17373       2.0108
   17374       1.9515
   17375       1.9170
   17376       1.9576
   17377       1.9747
   17378       1.9289
   17379       1.9636
   17380       1.8906
   17381       1.9604
   17382       1.9207
   17383       1.9194
   17384       1.9228
   17385       1.8997
   17386       1.9130
   17387       1.9526
   17388       1.9420
   17389       1.9257
   17390       2.0338
   17391       2.0472
   17392       1.9978
   17393       1.9820
   17394       2.0503
   17395       2.0455
   17396       2.0263
   17397       2.0388
   17398       1.9964
   17399       2.0149
   17400       1.9474
   17401       1.9677
   17402       2.0058
   17403       1.9851
   17404       1.9554
   17405       1.9900
   17406       1.9621
   17407       1.9641
   17408       1.9073
   17409       1.9241
   17410       1.9858
   17411       2.0569
   17412       2.0105
   17413       2.0638
   17414       2.0931
   17415       2.0406
   17416       1.9461
   17417       1.9001
   17418       2.0053
   17419       1.9618
   17420       1.9638
   17421       1.9366
   17422       2.0120
   17423       1.9969
   17424       2.0333
   17425       2.0154
   17426       2.0245
   17427       1.9912
   17428       1.9228
   17429       1.9526
   17430       1.9140
   17431       1.9237
   17432       1.8958
   17433       1.8835
   17434       1.8973
   17435       1.9223
   17436       1.9604
   17437       1.9800
   17438       1.9638
   17439       1.9360
   17440       1.9742
   17441       1.9455
   17442       1.9512
   17443       2.0302
   17444       1.9639
   17445       1.9143
   17446       1.9497
   17447       1.9877
   17448       1.9705
   17449       1.9924
   17450       1.9586
   17451       2.0028
   17452       1.9601
   17453       1.9915
   17454       1.9524
   17455       1.9527
   17456       1.9683
   17457       1.9626
   17458       1.9008
   17459       1.9184
   17460       1.9143
   17461       1.8961
   17462       1.9007
   17463       1.9207
   17464       1.8417
   17465       1.8150
   17466       1.7846
   17467       1.8356
   17468       1.7989
   17469       1.8725
   17470       1.8439
   17471       1.8817
   17472       1.8253
   17473       1.8787
   17474       1.9097
   17475       1.9831
   17476       1.9863
   17477       1.9523
   17478       2.0531
   17479       1.9258
   17480       1.9382
   17481       1.9212
   17482       1.9455
   17483       1.9073
   17484       1.9085
   17485       1.9101
   17486       1.9778
   17487       1.9029
   17488       1.9508
   17489       1.9401
   17490       1.9673
   17491       1.9827
   17492       1.9523
   17493       1.9759
   17494       1.9024
   17495       1.9298
   17496       1.9272
   17497       1.9817
   17498       1.9973
   17499       2.0456
   17500       2.0103
   17501       2.0323
   17502       2.0285
   17503       2.0887
   17504       2.0533
   17505       2.0156
   17506       2.1014
   17507       1.9853
   17508       2.0098
   17509       2.0025
   17510       2.0353
   17511       2.0568
   17512       1.9768
   17513       1.9986
   17514       1.9728
   17515       1.9964
   17516       1.9985
   17517       2.0259
   17518       2.0033
   17519       1.9586
   17520       1.9642
   17521       1.9434
   17522       1.9606
   17523       1.9217
   17524       1.9081
   17525       1.9241
   17526       1.9761
   17527       1.9199
   17528       1.9116
   17529       1.9396
   17530       1.9306
   17531       1.9007
   17532       1.9366
   17533       1.9664
   17534       1.9518
   17535       1.9367
   17536       1.9600
   17537       1.9630
   17538       1.8957
   17539       1.8716
   17540       1.9172
   17541       1.8982
   17542       1.8900
   17543       1.8905
   17544       1.8772
   17545       1.8956
   17546       1.9700
   17547       1.9911
   17548       1.9332
   17549       1.9680
   17550       1.9615
   17551       1.9808
   17552       1.9814
   17553       1.9195
   17554       1.9370
   17555       1.9548
   17556       1.9965
   17557       2.0073
   17558       1.9910
   17559       2.0224
   17560       1.9959
   17561       1.9743
   17562       1.9911
   17563       1.9590
   17564       2.0010
   17565       1.9612
   17566       1.9483
   17567       1.9387
   17568       1.9155
   17569       1.8884
   17570       1.8378
   17571       1.9219
   17572       1.8837
   17573       1.9438
   17574       1.9321
   17575       1.9455
   17576       1.9318
   17577       1.9596
   17578       1.9970
   17579       2.0116
   17580       1.9735
   17581       1.9045
   17582       1.9355
   17583       1.9315
   17584       1.9680
   17585       1.9141
   17586       1.9729
   17587       2.0003
   17588       1.9513
   17589       2.0140
   17590       2.0014
   17591       1.9528
   17592       1.9618
   17593       1.9851
   17594       2.0541
   17595       2.0499
   17596       2.0110
   17597       1.9472
   17598       1.9368
   17599       1.9780
   17600       1.9912
   17601       2.0048
   17602       2.0068
   17603       1.9604
   17604       1.9317
   17605       1.9913
   17606       1.9429
   17607       2.0375
   17608       2.0377
   17609       2.0564
   17610       2.0915
   17611       2.0058
   17612       1.9712
   17613       1.9104
   17614       1.9252
   17615       1.9509
   17616       1.9483
   17617       2.0058
   17618       1.9905
   17619       1.9632
   17620       1.9042
   17621       1.9137
   17622       1.9567
   17623       2.0333
   17624       2.0052
   17625       2.0066
   17626       2.0289
   17627       2.0826
   17628       1.9830
   17629       1.9622
   17630       2.0085
   17631       1.9624
   17632       1.9004
   17633       1.9185
   17634       1.9442
   17635       1.9552
   17636       1.9435
   17637       1.9177
   17638       1.9397
   17639       1.9355
   17640       1.9057
   17641       1.9280
   17642       1.8315
   17643       1.9145
   17644       1.9221
   17645       1.8880
   17646       1.8754
   17647       1.9718
   17648       1.9450
   17649       2.0209
   17650       1.9455
   17651       1.9074
   17652       1.9248
   17653       1.8919
   17654       1.9511
   17655       1.9380
   17656       1.9054
   17657       1.9415
   17658       1.9874
   17659       1.9775
   17660       2.0010
   17661       1.9691
   17662       1.9700
   17663       2.0196
   17664       1.9904
   17665       2.0507
   17666       2.0420
   17667       1.9437
   17668       2.0177
   17669       2.0280
   17670       1.9948
   17671       1.9592
   17672       2.0251
   17673       1.9853
   17674       1.9161
   17675       1.9829
   17676       1.9812
   17677       1.9552
   17678       1.9478
   17679       1.9271
   17680       1.9986
   17681       1.9919
   17682       1.9469
   17683       1.9260
   17684       1.9946
   17685       1.9382
   17686       1.9889
   17687       2.0336
   17688       2.0348
   17689       1.9792
   17690       1.9842
   17691       1.9463
   17692       1.9504
   17693       1.9379
   17694       1.9726
   17695       1.9372
   17696       1.9561
   17697       1.9917
   17698       1.9481
   17699       2.0148
   17700       1.9592
   17701       2.0283
   17702       2.0375
   17703       2.0516
   17704       2.0064
   17705       2.0215
   17706       2.0034
   17707       2.0283
   17708       2.0422
   17709       2.0037
   17710       2.0343
   17711       2.0281
   17712       2.0027
   17713       2.0007
   17714       2.0023
   17715       1.9461
   17716       2.0409
   17717       2.0166
   17718       2.0147
   17719       2.0372
   17720       1.9407
   17721       2.0231
   17722       2.0008
   17723       1.9561
   17724       1.9736
   17725       2.0383
   17726       1.9538
   17727       1.9261
   17728       1.9415
   17729       2.0136
   17730       2.0234
   17731       1.9954
   17732       1.9531
   17733       1.9949
   17734       1.9516
   17735       1.9875
   17736       2.0567
   17737       2.0564
   17738       2.0395
   17739       2.0059
   17740       2.0302
   17741       2.0293
   17742       1.9877
   17743       2.0253
   17744       2.0270
   17745       2.0607
   17746       2.0797
   17747       2.0311
   17748       2.0148
   17749       1.9585
   17750       1.9496
   17751       1.9807
   17752       1.9801
   17753       1.9557
   17754       1.8943
   17755       1.9325
   17756       1.8779
   17757       1.9045
   17758       1.9610
   17759       1.9280
   17760       1.9309
   17761       1.9390
   17762       1.9248
   17763       2.0209
   17764       1.9684
   17765       1.9251
   17766       1.9652
   17767       1.9141
   17768       1.9283
   17769       1.8646
   17770       1.8709
   17771       1.8403
   17772       1.8572
   17773       1.8574
   17774       1.9036
   17775       1.8588
   17776       1.8530
   17777       1.8840
   17778       1.9054
   17779       1.8797
   17780       1.8923
   17781       1.9035
   17782       1.9374
   17783       1.9252
   17784       1.9406
   17785       1.8718
   17786       1.9090
   17787       1.9184
   17788       1.9376
   17789       1.9581
   17790       1.9640
   17791       1.9758
   17792       1.9787
   17793       2.0130
   17794       1.9317
   17795       1.9581
   17796       1.9796
   17797       2.0351
   17798       1.9452
   17799       1.9462
   17800       1.9351
   17801       1.9084
   17802       1.8928
   17803       1.9139
   17804       1.8671
   17805       1.8563
   17806       1.9269
   17807       1.8955
   17808       1.8987
   17809       1.9558
   17810       1.9784
   17811       2.0083
   17812       1.9885
   17813       1.9710
   17814       1.9638
   17815       1.9353
   17816       1.9615
   17817       1.9613
   17818       1.9667
   17819       1.9847
   17820       2.0859
   17821       1.9754
   17822       2.0569
   17823       1.9808
   17824       2.0300
   17825       2.0368
   17826       1.9912
   17827       2.0224
   17828       2.0038
   17829       1.9804
   17830       1.9801
   17831       1.9887
   17832       2.0349
   17833       2.0250
   17834       2.0702
   17835       2.0852
   17836       2.0821
   17837       2.0247
   17838       2.0155
   17839       1.9727
   17840       1.9712
   17841       1.9861
   17842       1.9444
   17843       1.9813
   17844       1.8951
   17845       1.9019
   17846       1.8845
   17847       1.9749
   17848       1.8981
   17849       1.9099
   17850       1.9685
   17851       1.8654
   17852       1.8917
   17853       1.8612
   17854       1.9246
   17855       1.8830
   17856       1.9426
   17857       2.0091
   17858       2.0247
   17859       1.9909
   17860       2.0067
   17861       2.0621
   17862       2.0491
   17863       2.0069
   17864       1.9644
   17865       1.9913
   17866       2.0401
   17867       2.0431
   17868       1.9757
   17869       2.0075
   17870       1.9647
   17871       2.0160
   17872       1.9646
   17873       2.0303
   17874       2.0458
   17875       1.9927
   17876       2.0403
   17877       1.9647
   17878       1.9663
   17879       2.0052
   17880       1.9943
   17881       1.9819
   17882       1.9709
   17883       1.9426
   17884       1.9627
   17885       1.9465
   17886       1.9151
   17887       1.9187
   17888       1.9583
   17889       1.9476
   17890       1.8721
   17891       1.8984
   17892       1.9990
   17893       1.9795
   17894       1.9347
   17895       2.0260
   17896       1.9780
   17897       1.9653
   17898       2.0064
   17899       1.9907
   17900       2.0416
   17901       1.9977
   17902       1.9860
   17903       2.0227
   17904       2.0805
   17905       2.0574
   17906       2.0201
   17907       1.9776
   17908       1.9815
   17909       1.9826
   17910       2.0037
   17911       2.0009
   17912       2.0098
   17913       2.0145
   17914       1.9297
   17915       1.8782
   17916       1.9669
   17917       1.9599
   17918       1.9179
   17919       1.8827
   17920       1.8561
   17921       1.9255
   17922       1.9506
   17923       1.9362
   17924       1.8574
   17925       1.8833
   17926       1.9174
   17927       1.8929
   17928       1.8151
   17929       1.8924
   17930       1.8771
   17931       1.8320
   17932       1.8142
   17933       1.8565
   17934       1.8963
   17935       1.9148
   17936       1.8742
   17937       1.8673
   17938       1.9010
   17939       1.9941
   17940       1.8976
   17941       1.9215
   17942       1.8603
   17943       1.8463
   17944       1.8760
   17945       1.9171
   17946       1.9056
   17947       1.8860
   17948       1.9375
   17949       1.8651
   17950       1.9851
   17951       1.8927
   17952       1.9306
   17953       1.9436
   17954       1.9880
   17955       1.9511
   17956       1.8899
   17957       1.9441
   17958       1.9498
   17959       1.9571
   17960       1.9043
   17961       1.9081
   17962       1.9097
   17963       1.9351
   17964       1.9520
   17965       1.9460
   17966       1.9106
   17967       1.9165
   17968       1.9196
   17969       1.9023
   17970       1.9540
   17971       1.9678
   17972       1.9380
   17973       1.8893
   17974       1.8631
   17975       1.8905
   17976       1.9130
   17977       1.9154
   17978       1.9042
   17979       1.8612
   17980       1.9070
   17981       2.0089
   17982       1.8948
   17983       1.9056
   17984       1.8637
   17985       1.9027
   17986       1.9268
   17987       1.9124
   17988       1.9195
   17989       1.9496
   17990       1.8933
   17991       1.8760
   17992       1.9391
   17993       1.9022
   17994       1.9221
   17995       1.8778
   17996       1.8758
   17997       1.8750
   17998       1.9186
   17999       1.8886
   18000       1.8988
   18001       1.9763
   18002       1.8839
   18003       1.9484
   18004       1.9284
   18005       1.9724
   18006       2.0160
   18007       1.9967
   18008       1.9772
   18009       1.9777
   18010       2.0075
   18011       1.9823
   18012       1.9839
   18013       1.9665
   18014       1.9634
   18015       1.9709
   18016       1.9487
   18017       1.9890
   18018       1.9232
   18019       1.9200
   18020       1.8945
   18021       1.9465
   18022       1.9626
   18023       1.9299
   18024       1.9523
   18025       1.9514
   18026       1.9360
   18027       1.9731
   18028       1.9926
   18029       1.9983
   18030       1.9944
   18031       2.0204
   18032       2.0100
   18033       2.0377
   18034       2.0585
   18035       2.0217
   18036       1.9762
   18037       1.9657
   18038       1.9333
   18039       1.9371
   18040       1.9639
   18041       1.9334
   18042       1.9795
   18043       1.9408
   18044       1.9402
   18045       1.8859
   18046       1.9078
   18047       1.9860
   18048       1.9389
   18049       1.9244
   18050       1.8639
   18051       1.9342
   18052       1.9556
   18053       1.9515
   18054       1.9637
   18055       1.9495
   18056       1.9312
   18057       1.9370
   18058       1.9838
   18059       1.9739
   18060       1.9508
   18061       1.9713
   18062       1.9884
   18063       2.0054
   18064       2.0068
   18065       1.9953
   18066       1.8849
   18067       1.9270
   18068       1.9462
   18069       1.8993
   18070       1.9349
   18071       1.9060
   18072       1.8703
   18073       1.9282
   18074       1.9596
   18075       1.9559
   18076       1.9117
   18077       1.9591
   18078       1.9427
   18079       1.8999
   18080       1.9533
   18081       1.9371
   18082       1.9476
   18083       1.9356
   18084       1.9148
   18085       1.9571
   18086       1.9160
   18087       1.9663
   18088       1.9759
   18089       1.9618
   18090       1.9660
   18091       1.9613
   18092       1.9670
   18093       1.9376
   18094       1.9350
   18095       1.9595
   18096       1.9630
   18097       1.9404
   18098       1.9050
   18099       1.9451
   18100       1.9339
   18101       1.8947
   18102       1.9321
   18103       1.9331
   18104       1.9684
   18105       1.8817
   18106       1.9322
   18107       1.9427
   18108       1.9063
   18109       1.9247
   18110       1.8540
   18111       1.8750
   18112       1.8474
   18113       1.8959
   18114       1.9013
   18115       1.8967
   18116       1.9340
   18117       1.9053
   18118       1.8551
   18119       1.8791
   18120       1.8825
   18121       1.8901
   18122       1.8932
   18123       1.9180
   18124       1.8922
   18125       1.8751
   18126       1.8846
   18127       1.8970
   18128       1.8944
   18129       1.8362
   18130       1.8484
   18131       1.8904
   18132       1.8568
   18133       1.9045
   18134       1.8509
   18135       1.8538
   18136       1.9238
   18137       1.9074
   18138       1.9203
   18139       1.9397
   18140       1.9747
   18141       1.9536
   18142       1.9584
   18143       1.9401
   18144       1.8718
   18145       1.9488
   18146       1.9065
   18147       1.9408
   18148       1.9173
   18149       1.9304
   18150       1.8741
   18151       1.8874
   18152       1.9189
   18153       1.9743
   18154       1.9332
   18155       1.9537
   18156       1.9168
   18157       1.9443
   18158       1.9701
   18159       1.9683
   18160       1.9766
   18161       1.9642
   18162       1.9812
   18163       1.9161
   18164       1.9905
   18165       2.0056
   18166       1.9317
   18167       1.9890
   18168       2.0463
   18169       2.0115
   18170       1.9860
   18171       2.0273
   18172       1.9617
   18173       2.0055
   18174       2.0193
   18175       1.9729
   18176       1.9821
   18177       1.9158
   18178       1.9311
   18179       1.9007
   18180       1.8911
   18181       1.9521
   18182       1.9131
   18183       1.9055
   18184       2.0015
   18185       2.0189
   18186       1.9673
   18187       1.9916
   18188       1.9398
   18189       2.0179
   18190       2.0099
   18191       1.9848
   18192       1.9634
   18193       1.9704
   18194       1.9827
   18195       1.9676
   18196       1.9296
   18197       1.9498
   18198       1.9498
   18199       1.9387
   18200       1.8866
   18201       1.8860
   18202       1.9147
   18203       1.9202
   18204       1.9511
   18205       1.9459
   18206       1.9158
   18207       1.9042
   18208       1.8755
   18209       1.8823
   18210       1.9048
   18211       1.9341
   18212       1.9126
   18213       1.8858
   18214       1.8875
   18215       1.8763
   18216       1.8603
   18217       1.8441
   18218       1.8568
   18219       1.9211
   18220       1.9349
   18221       1.9773
   18222       1.9010
   18223       1.9463
   18224       1.9089
   18225       1.8781
   18226       1.9328
   18227       1.9454
   18228       1.9601
   18229       1.9405
   18230       1.9173
   18231       1.9007
   18232       1.8629
   18233       1.8650
   18234       1.8500
   18235       1.8437
   18236       1.9121
   18237       1.8584
   18238       1.9544
   18239       1.9815
   18240       2.0069
   18241       1.9914
   18242       1.9017
   18243       1.9115
   18244       1.9708
   18245       1.9053
   18246       1.9443
   18247       1.9486
   18248       2.0075
   18249       1.9893
   18250       1.9984
   18251       1.9391
   18252       1.9732
   18253       2.0304
   18254       2.0099
   18255       2.0015
   18256       1.9820
   18257       1.9290
   18258       1.9068
   18259       1.9432
   18260       1.9588
   18261       1.8893
   18262       1.9851
   18263       1.9575
   18264       1.9793
   18265       1.9466
   18266       1.8807
   18267       1.8984
   18268       1.8759
   18269       1.9187
   18270       1.9601
   18271       1.9264
   18272       1.9677
   18273       1.9079
   18274       1.9266
   18275       1.9104
   18276       1.9244
   18277       1.8916
   18278       1.9025
   18279       1.8724
   18280       1.9035
   18281       1.9388
   18282       1.9222
   18283       1.8845
   18284       1.9021
   18285       1.8763
   18286       1.9077
   18287       1.9129
   18288       1.9584
   18289       1.9824
   18290       1.9561
   18291       1.9693
   18292       1.9426
   18293       2.0024
   18294       1.9291
   18295       2.0082
   18296       1.9699
   18297       1.9665
   18298       1.9769
   18299       1.9860
   18300       1.9748
   18301       1.9432
   18302       1.9563
   18303       1.9464
   18304       1.9305
   18305       1.9378
   18306       1.9452
   18307       1.9361
   18308       2.0112
   18309       1.9701
   18310       1.9580
   18311       1.9502
   18312       1.9579
   18313       1.9963
   18314       2.0221
   18315       2.0550
   18316       1.9878
   18317       2.0069
   18318       1.9470
   18319       1.9261
   18320       1.9430
   18321       1.9197
   18322       1.8682
   18323       1.8912
   18324       1.9515
   18325       1.9085
   18326       1.9018
   18327       1.9246
   18328       1.9471
   18329       1.9168
   18330       1.9230
   18331       1.9025
   18332       1.9131
   18333       1.9848
   18334       1.9892
   18335       2.0184
   18336       1.9921
   18337       1.9234
   18338       1.9842
   18339       2.0167
   18340       2.0301
   18341       2.0561
   18342       2.0178
   18343       1.9975
   18344       1.9991
   18345       1.9451
   18346       1.9796
   18347       1.9201
   18348       1.9500
   18349       1.8927
   18350       1.9431
   18351       1.9213
   18352       1.9154
   18353       1.9586
   18354       1.9636
   18355       1.9039
   18356       1.9489
   18357       1.8992
   18358       1.8969
   18359       1.9229
   18360       1.9101
   18361       1.8798
   18362       1.9636
   18363       1.9067
   18364       1.9367
   18365       1.9324
   18366       1.8939
   18367       1.8903
   18368       1.8869
   18369       1.9074
   18370       1.9558
   18371       1.9150
   18372       1.9718
   18373       2.0298
   18374       1.9442
   18375       1.9148
   18376       1.9083
   18377       1.9283
   18378       1.9346
   18379       1.9259
   18380       1.9397
   18381       1.9667
   18382       1.9893
   18383       1.9942
   18384       1.9911
   18385       2.0247
   18386       1.9465
   18387       1.9818
   18388       1.9875
   18389       1.9012
   18390       1.9718
   18391       2.0025
   18392       1.9742
   18393       2.0136
   18394       1.9911
   18395       1.9312
   18396       1.9687
   18397       1.9484
   18398       2.0111
   18399       1.9405
   18400       1.9977
   18401       1.9534
   18402       1.9608
   18403       1.9235
   18404       1.9139
   18405       1.9301
   18406       1.9477
   18407       1.9809
   18408       1.9781
   18409       1.9670
   18410       1.9285
   18411       1.8580
   18412       1.9234
   18413       1.8898
   18414       1.9132
   18415       1.8949
   18416       1.8833
   18417       1.9395
   18418       1.9651
   18419       1.8893
   18420       1.9160
   18421       1.9650
   18422       1.9221
   18423       1.9324
   18424       1.9425
   18425       1.8995
   18426       1.9758
   18427       1.9142
   18428       1.9461
   18429       1.9589
   18430       2.0024
   18431       1.9264
   18432       1.9156
   18433       1.9534
   18434       1.9820
   18435       1.9296
   18436       1.9312
   18437       1.9203
   18438       1.8930
   18439       1.9542
   18440       1.8915
   18441       1.9050
   18442       1.9094
   18443       1.9241
   18444       1.8666
   18445       1.9542
   18446       1.9374
   18447       1.9257
   18448       1.9968
   18449       1.8972
   18450       1.9009
   18451       1.8543
   18452       1.9407
   18453       1.8893
   18454       1.8549
   18455       1.9153
   18456       1.8634
   18457       1.8755
   18458       1.8871
   18459       1.8391
   18460       1.8405
   18461       1.9221
   18462       1.9648
   18463       1.9738
   18464       1.9425
   18465       1.8682
   18466       1.8719
   18467       1.9385
   18468       1.9105
   18469       1.8997
   18470       1.8757
   18471       1.8297
   18472       1.8602
   18473       1.8597
   18474       1.8771
   18475       1.7998
   18476       1.8501
   18477       1.8434
   18478       1.8237
   18479       1.8712
   18480       1.8909
   18481       1.9616
   18482       1.8937
   18483       1.8819
   18484       1.8978
   18485       1.9115
   18486       1.8692
   18487       1.8973
   18488       1.8646
   18489       1.8718
   18490       1.8687
   18491       1.8607
   18492       1.9116
   18493       1.9444
   18494       1.9076
   18495       1.9243
   18496       1.9688
   18497       1.9243
   18498       1.8961
   18499       1.8752
   18500       1.8910
   18501       1.8539
   18502       1.8894
   18503       1.8429
   18504       1.8854
   18505       1.9228
   18506       1.9312
   18507       2.0050
   18508       1.9866
   18509       2.0085
   18510       1.9854
   18511       1.9712
   18512       2.0330
   18513       2.0298
   18514       2.0288
   18515       1.9916
   18516       2.0066
   18517       2.0165
   18518       2.0446
   18519       2.0346
   18520       1.9844
   18521       2.0034
   18522       1.9656
   18523       1.9252
   18524       1.9283
   18525       1.9012
   18526       1.9143
   18527       1.9226
   18528       1.9521
   18529       1.9194
   18530       1.9537
   18531       2.0200
   18532       1.9386
   18533       1.9242
   18534       1.9384
   18535       1.9696
   18536       1.9668
   18537       1.9392
   18538       1.9597
   18539       1.9714
   18540       1.9789
   18541       1.9610
   18542       2.0260
   18543       1.9915
   18544       1.9454
   18545       1.9323
   18546       1.9308
   18547       2.0151
   18548       2.0668
   18549       2.0483
   18550       2.0011
   18551       2.0087
   18552       1.9956
   18553       1.9609
   18554       2.0198
   18555       2.0032
   18556       1.9402
   18557       1.9777
   18558       1.9990
   18559       1.9688
   18560       1.9450
   18561       1.9920
   18562       1.9483
   18563       1.8963
   18564       1.9268
   18565       1.9447
   18566       1.9519
   18567       2.0173
   18568       1.9708
   18569       1.9484
   18570       2.0084
   18571       1.9436
   18572       1.9279
   18573       1.9516
   18574       1.9764
   18575       2.0477
   18576       2.0086
   18577       1.9897
   18578       1.9832
   18579       2.0197
   18580       1.9943
   18581       1.9345
   18582       1.9323
   18583       1.9882
   18584       1.9057
   18585       1.9606
   18586       1.8853
   18587       1.9761
   18588       1.9640
   18589       1.9721
   18590       1.9652
   18591       1.9402
   18592       1.9279
   18593       1.8845
   18594       1.9011
   18595       1.8859
   18596       1.8994
   18597       1.9529
   18598       1.9096
   18599       1.9610
   18600       1.9888
   18601       1.9874
   18602       1.9926
   18603       1.9768
   18604       1.9922
   18605       1.9429
   18606       1.8942
   18607       1.9320
   18608       1.9567
   18609       1.9218
   18610       1.9489
   18611       1.9887
   18612       1.9608
   18613       1.9507
   18614       2.0005
   18615       1.9657
   18616       1.9233
   18617       1.9329
   18618       1.9137
   18619       1.9776
   18620       1.9521
   18621       1.9793
   18622       1.9973
   18623       1.9155
   18624       1.9371
   18625       2.0041
   18626       2.0242
   18627       2.0084
   18628       1.9252
   18629       1.8983
   18630       1.9158
   18631       1.9495
   18632       1.9064
   18633       1.8995
   18634       1.9560
   18635       1.9515
   18636       1.9889
   18637       1.9564
   18638       1.9820
   18639       1.9822
   18640       1.9565
   18641       2.0649
   18642       2.0355
   18643       1.9881
   18644       2.0359
   18645       2.0093
   18646       2.0036
   18647       2.0121
   18648       2.0117
   18649       2.0115
   18650       2.0272
   18651       2.0180
   18652       2.0363
   18653       2.0818
   18654       2.0698
   18655       2.0582
   18656       1.9530
   18657       1.9847
   18658       1.9688
   18659       1.9792
   18660       1.9673
   18661       1.9036
   18662       1.8923
   18663       1.9380
   18664       1.8966
   18665       2.0181
   18666       1.9850
   18667       1.9531
   18668       2.0535
   18669       1.9695
   18670       2.0172
   18671       1.9635
   18672       1.9038
   18673       1.8555
   18674       1.9366
   18675       1.9809
   18676       1.9371
   18677       2.0102
   18678       1.9562
   18679       1.9553
   18680       1.9249
   18681       1.8812
   18682       1.8854
   18683       1.9153
   18684       1.9498
   18685       1.8892
   18686       1.9355
   18687       1.9359
   18688       1.8807
   18689       1.8608
   18690       1.9846
   18691       1.9545
   18692       1.9146
   18693       1.9633
   18694       1.9371
   18695       1.9187
   18696       1.9401
   18697       1.8880
   18698       1.9103
   18699       1.9163
   18700       1.9219
   18701       1.9229
   18702       1.9336
   18703       1.9382
   18704       1.9215
   18705       1.8985
   18706       1.9459
   18707       1.9080
   18708       1.9821
   18709       2.0049
   18710       2.0121
   18711       2.0533
   18712       2.0030
   18713       2.0618
   18714       2.0242
   18715       1.9908
   18716       1.9539
   18717       1.9785
   18718       1.9152
   18719       1.9666
   18720       1.9864
   18721       1.9533
   18722       1.9552
   18723       1.9035
   18724       1.9435
   18725       1.9175
   18726       1.9007
   18727       1.9326
   18728       1.9003
   18729       1.9408
   18730       1.9247
   18731       1.9201
   18732       1.8718
   18733       1.8487
   18734       1.9024
   18735       1.9127
   18736       1.9513
   18737       1.9688
   18738       1.9833
   18739       1.9488
   18740       1.9568
   18741       1.9624
   18742       1.9181
   18743       1.9443
   18744       1.8822
   18745       1.8808
   18746       1.8887
   18747       1.9603
   18748       1.9641
   18749       1.9880
   18750       1.9334
   18751       1.9343
   18752       1.9242
   18753       1.9632
   18754       2.0130
   18755       1.9645
   18756       1.8885
   18757       1.9311
   18758       1.9162
   18759       1.9740
   18760       1.9015
   18761       1.9991
   18762       1.9806
   18763       1.9333
   18764       1.9350
   18765       1.8742
   18766       1.9113
   18767       1.9196
   18768       1.9050
   18769       1.8771
   18770       1.8324
   18771       1.8645
   18772       1.8239
   18773       1.8599
   18774       1.8996
   18775       1.8725
   18776       1.9896
   18777       1.9443
   18778       2.0210
   18779       2.0839
   18780       2.0488
   18781       2.0175
   18782       2.0419
   18783       2.0542
   18784       2.0122
   18785       2.0270
   18786       2.0512
   18787       1.9928
   18788       2.0291
   18789       2.0296
   18790       1.9975
   18791       1.9410
   18792       1.9870
   18793       1.9257
   18794       1.9866
   18795       1.9449
   18796       1.9640
   18797       1.9816
   18798       1.9803
   18799       1.9594
   18800       1.9252
   18801       1.9043
   18802       1.9055
   18803       1.9615
   18804       1.9621
   18805       1.9630
   18806       2.0284
   18807       1.9691
   18808       1.9771
   18809       1.9769
   18810       1.9938
   18811       1.9657
   18812       1.9380
   18813       2.0066
   18814       1.9768
   18815       1.9817
   18816       1.9498
   18817       1.8985
   18818       1.9537
   18819       1.9865
   18820       1.9901
   18821       1.9996
   18822       1.9912
   18823       1.9830
   18824       1.9949
   18825       1.9409
   18826       1.9350
   18827       1.9810
   18828       2.0200
   18829       1.9311
   18830       1.9528
   18831       1.9392
   18832       1.9048
   18833       1.9332
   18834       1.9192
   18835       1.8835
   18836       1.9608
   18837       1.9454
   18838       1.9014
   18839       1.8746
   18840       1.8851
   18841       1.9467
   18842       1.9062
   18843       1.8864
   18844       1.8613
   18845       1.9083
   18846       1.9910
   18847       1.9674
   18848       1.9039
   18849       1.9591
   18850       1.8961
   18851       1.9049
   18852       1.8899
   18853       1.8884
   18854       1.8722
   18855       1.9108
   18856       1.8787
   18857       1.8359
   18858       1.8800
   18859       1.8797
   18860       1.8727
   18861       1.9146
   18862       1.9487
   18863       1.9599
   18864       1.9454
   18865       1.9719
   18866       1.9586
   18867       1.9113
   18868       1.9553
   18869       1.8869
   18870       1.8589
   18871       1.8723
   18872       1.8761
   18873       1.9203
   18874       1.8644
   18875       1.9168
   18876       1.8780
   18877       1.9586
   18878       1.9959
   18879       1.9730
   18880       1.9835
   18881       2.0162
   18882       1.9191
   18883       1.9578
   18884       1.9802
   18885       1.9319
   18886       1.9298
   18887       1.9261
   18888       1.8836
   18889       1.9299
   18890       1.9042
   18891       1.9126
   18892       1.8437
   18893       1.9237
   18894       1.9242
   18895       1.9321
   18896       1.9600
   18897       1.9868
   18898       1.9778
   18899       1.9956
   18900       1.9331
   18901       1.9794
   18902       1.9764
   18903       1.9544
   18904       1.9357
   18905       1.9203
   18906       1.9342
   18907       1.8911
   18908       1.9055
   18909       1.8848
   18910       1.9074
   18911       1.9489
   18912       1.9394
   18913       1.9169
   18914       1.9117
   18915       1.9042
   18916       1.8914
   18917       1.8745
   18918       1.9073
   18919       1.9115
   18920       1.8858
   18921       1.9008
   18922       1.8751
   18923       1.9031
   18924       1.9294
   18925       1.9379
   18926       1.8799
   18927       1.9308
   18928       1.9435
   18929       2.0118
   18930       1.9561
   18931       1.9812
   18932       1.9803
   18933       2.0117
   18934       1.9787
   18935       2.0272
   18936       2.0550
   18937       2.0699
   18938       2.0613
   18939       1.9630
   18940       1.9905
   18941       2.0153
   18942       1.9459
   18943       1.9683
   18944       1.9920
   18945       1.9666
   18946       1.9483
   18947       1.9618
   18948       1.9472
   18949       1.9670
   18950       1.9785
   18951       1.9731
   18952       1.9765
   18953       1.9182
   18954       1.9329
   18955       1.9633
   18956       2.0191
   18957       1.9736
   18958       1.9797
   18959       1.9431
   18960       2.0114
   18961       2.0411
   18962       2.0016
   18963       1.9887
   18964       1.9755
   18965       2.0189
   18966       1.9154
   18967       1.9660
   18968       1.9710
   18969       1.9600
   18970       1.9555
   18971       1.9387
   18972       1.9493
   18973       1.9851
   18974       2.0219
   18975       2.0917
   18976       2.0386
   18977       2.0098
   18978       2.0474
   18979       2.0421
   18980       2.0150
   18981       1.9723
   18982       2.0109
   18983       2.0130
   18984       2.0501
   18985       1.9857
   18986       2.0043
   18987       1.9988
   18988       1.9748
   18989       2.0036
   18990       1.9715
   18991       2.0490
   18992       1.9836
   18993       1.9899
   18994       1.9532
   18995       1.9609
   18996       2.0049
   18997       2.0151
   18998       1.9856
   18999       1.9373
   19000       1.8991
   19001       1.9989
   19002       1.9787
   19003       2.0539
   19004       2.0168
   19005       1.9574
   19006       1.9677
   19007       2.0125
   19008       2.0216
   19009       1.9895
   19010       2.0652
   19011       2.0671
   19012       2.0715
   19013       2.0654
   19014       2.0104
   19015       1.9530
   19016       1.9170
   19017       2.0292
   19018       1.9488
   19019       2.0012
   19020       1.9890
   19021       2.0664
   19022       2.0133
   19023       1.9705
   19024       1.9862
   19025       1.9998
   19026       1.9356
   19027       2.0016
   19028       1.9540
   19029       1.9483
   19030       1.9828
   19031       1.9992
   19032       1.9618
   19033       2.0633
   19034       2.0403
   19035       2.0312
   19036       2.0629
   19037       2.0181
   19038       2.0446
   19039       2.0200
   19040       1.9814
   19041       1.9832
   19042       2.0063
   19043       2.0560
   19044       2.0136
   19045       2.0800
   19046       2.0281
   19047       2.0216
   19048       2.0293
   19049       2.0133
   19050       2.1236
   19051       2.1072
   19052       2.0616
   19053       2.0477
   19054       2.0701
   19055       2.0651
   19056       2.0661
   19057       2.0709
   19058       2.0126
   19059       2.0488
   19060       2.0414
   19061       2.0252
   19062       2.0527
   19063       2.0122
   19064       2.0312
   19065       2.0868
   19066       2.1461
   19067       2.1084
   19068       2.1394
   19069       2.0412
   19070       2.0847
   19071       2.0982
   19072       2.1348
   19073       2.1040
   19074       2.0872
   19075       2.0821
   19076       2.0954
   19077       2.0768
   19078       2.1042
   19079       2.0293
   19080       2.0193
   19081       2.0198
   19082       2.0482
   19083       2.0001
   19084       2.0173
   19085       2.0805
   19086       2.0408
   19087       2.0832
   19088       2.0761
   19089       2.0762
   19090       2.0718
   19091       2.0872
   19092       2.0089
   19093       2.0194
   19094       2.1144
   19095       2.0895
   19096       2.1199
   19097       2.0612
   19098       2.0815
   19099       2.1306
   19100       2.0886
   19101       2.1710
   19102       2.1388
   19103       2.1752
   19104       2.1544
   19105       2.1234
   19106       2.1156
   19107       2.1507
   19108       2.2004
   19109       2.2235
   19110       2.1840
   19111       2.1453
   19112       2.1466
   19113       2.1511
   19114       2.1446
   19115       2.1201
   19116       2.1102
   19117       2.1422
   19118       2.1337
   19119       2.1276
   19120       2.1150
   19121       2.1882
   19122       2.2397
   19123       2.1820
   19124       2.1863
   19125       2.1821
   19126       2.1301
   19127       2.1314
   19128       2.0869
   19129       2.1101
   19130       2.1407
   19131       2.0834
   19132       2.0548
   19133       2.1056
   19134       2.1192
   19135       2.1196
   19136       2.1342
   19137       2.1146
   19138       2.1202
   19139       2.1281
   19140       2.0605
   19141       2.0994
   19142       2.1029
   19143       2.1242
   19144       2.1820
   19145       2.0919
   19146       2.1237
   19147       2.1488
   19148       2.1596
   19149       2.1064
   19150       2.1366
   19151       2.0956
   19152       2.1078
   19153       2.1088
   19154       2.1001
   19155       2.0947
   19156       2.0983
   19157       2.0820
   19158       2.0444
   19159       2.0765
   19160       2.1088
   19161       2.1592
   19162       2.1197
   19163       2.1042
   19164       2.1543
   19165       2.1673
   19166       2.0483
   19167       2.0036
   19168       2.0426
   19169       1.9933
   19170       2.0381
   19171       2.0983
   19172       2.0829
   19173       2.1020
   19174       2.1392
   19175       2.1335
   19176       2.1043
   19177       2.1133
   19178       2.0923
   19179       2.0921
   19180       2.1309
   19181       2.0642
   19182       2.1078
   19183       2.0755
   19184       2.1352
   19185       2.0747
   19186       2.0450
   19187       2.1340
   19188       2.1096
   19189       2.1057
   19190       2.1663
   19191       2.1114
   19192       2.0912
   19193       2.0753
   19194       2.1115
   19195       2.1075
   19196       2.0893
   19197       2.1157
   19198       2.1861
   19199       2.1092
   19200       2.1749
   19201       2.1539
   19202       2.0804
   19203       2.1058
   19204       2.0820
   19205       2.1308
   19206       2.1373
   19207       2.1029
   19208       2.1467
   19209       2.0769
   19210       2.1342
   19211       2.0970
   19212       2.0904
   19213       2.1747
   19214       2.1324
   19215       2.1899
   19216       2.1555
   19217       2.1464
   19218       2.1357
   19219       2.0840
   19220       2.1270
   19221       2.0968
   19222       2.1362
   19223       2.0536
   19224       2.0865
   19225       2.0361
   19226       2.0506
   19227       2.1039
   19228       2.0662
   19229       2.1054
   19230       2.1061
   19231       2.1258
   19232       2.0945
   19233       2.1582
   19234       2.1357
   19235       2.1039
   19236       2.0771
   19237       2.1068
   19238       2.1234
   19239       2.0780
   19240       2.1494
   19241       2.0775
   19242       2.0686
   19243       2.0935
   19244       2.1540
   19245       2.0744
   19246       2.0523
   19247       2.0540
   19248       2.0959
   19249       2.0549
   19250       2.0667
   19251       2.0057
   19252       1.9957
   19253       2.0517
   19254       2.0551
   19255       1.9771
   19256       2.0555
   19257       2.0651
   19258       2.0986
   19259       2.1129
   19260       2.0955
   19261       1.9941
   19262       2.1024
   19263       2.0327
   19264       2.0639
   19265       2.0918
   19266       2.0270
   19267       2.0796
   19268       2.0790
   19269       1.9846
   19270       1.9690
   19271       1.9482
   19272       1.9642
   19273       1.9462
   19274       1.9122
   19275       1.9493
   19276       1.8956
   19277       1.9925
   19278       1.9485
   19279       1.9817
   19280       2.0297
   19281       1.9638
   19282       1.9920
   19283       2.0419
   19284       2.0596
   19285       2.0740
   19286       2.0737
   19287       2.0799
   19288       2.0227
   19289       1.9943
   19290       2.0761
   19291       2.0931
   19292       2.0538
   19293       2.0594
   19294       2.0411
   19295       2.0244
   19296       2.1314
   19297       2.1057
   19298       2.0026
   19299       2.0690
   19300       2.0312
   19301       2.0418
   19302       2.0363
   19303       2.1214
   19304       2.0772
   19305       2.0836
   19306       2.0451
   19307       1.9776
   19308       2.0565
   19309       2.0497
   19310       2.0733
   19311       2.0641
   19312       2.0430
   19313       2.0495
   19314       2.0106
   19315       1.9589
   19316       2.0191
   19317       1.9615
   19318       2.0361
   19319       2.0762
   19320       2.0283
   19321       1.9966
   19322       2.0295
   19323       2.0763
   19324       2.0345
   19325       2.0269
   19326       2.0589
   19327       2.0608
   19328       2.0651
   19329       2.1370
   19330       2.1102
   19331       2.0712
   19332       2.1209
   19333       2.1598
   19334       2.1407
   19335       2.1118
   19336       2.1272
   19337       2.0746
   19338       2.0768
   19339       2.0707
   19340       2.0538
   19341       2.1180
   19342       2.0895
   19343       2.0981
   19344       2.0725
   19345       2.1011
   19346       2.0574
   19347       2.0498
   19348       2.1342
   19349       2.1584
   19350       2.0743
   19351       2.1489
   19352       2.1493
   19353       2.1312
   19354       2.1690
   19355       2.0686
   19356       2.1129
   19357       2.1698
   19358       2.1268
   19359       2.0764
   19360       2.0817
   19361       2.1167
   19362       2.0383
   19363       2.0751
   19364       2.1110
   19365       2.1006
   19366       2.1303
   19367       2.1524
   19368       2.1123
   19369       2.1592
   19370       2.1721
   19371       2.1570
   19372       2.1703
   19373       2.1211
   19374       2.1227
   19375       2.0331
   19376       2.0868
   19377       2.0720
   19378       2.0450
   19379       2.0834
   19380       2.0339
   19381       2.0185
   19382       1.9788
   19383       1.9857
   19384       1.9402
   19385       1.9826
   19386       1.9739
   19387       2.0024
   19388       1.9969
   19389       2.0483
   19390       2.0238
   19391       2.0083
   19392       2.0429
   19393       2.0867
   19394       2.0528
   19395       1.9993
   19396       2.0531
   19397       2.0552
   19398       2.0678
   19399       2.0467
   19400       2.0050
   19401       1.9880
   19402       2.0121
   19403       2.0622
   19404       2.0415
   19405       2.0274
   19406       1.9592
   19407       1.9492
   19408       1.9898
   19409       2.0053
   19410       2.0182
   19411       2.0231
   19412       1.9764
   19413       1.9887
   19414       1.9794
   19415       2.0154
   19416       2.0046
   19417       1.9813
   19418       1.9797
   19419       1.9770
   19420       2.0072
   19421       2.0345
   19422       1.9934
   19423       2.0270
   19424       2.0405
   19425       1.9458
   19426       1.9366
   19427       2.0148
   19428       1.9645
   19429       2.0285
   19430       2.0554
   19431       2.0605
   19432       2.0377
   19433       2.0249
   19434       2.0234
   19435       2.0623
   19436       2.0816
   19437       2.0896
   19438       2.0780
   19439       2.1289
   19440       2.0897
   19441       2.1148
   19442       2.1235
   19443       2.1467
   19444       2.1316
   19445       2.0951
   19446       2.0998
   19447       2.1889
   19448       2.1577
   19449       2.1189
   19450       2.1674
   19451       2.0895
   19452       2.0778
   19453       2.1002
   19454       2.0075
   19455       2.0403
   19456       2.0484
   19457       2.0135
   19458       2.0531
   19459       2.0479
   19460       1.9873
   19461       1.9506
   19462       2.0457
   19463       2.0441
   19464       2.0822
   19465       2.0381
   19466       2.0108
   19467       2.0044
   19468       2.0725
   19469       2.0402
   19470       2.0562
   19471       1.9717
   19472       2.1035
   19473       2.0588
   19474       2.0473
   19475       2.0176
   19476       1.9589
   19477       2.0018
   19478       1.9277
   19479       1.8987
   19480       1.9527
   19481       1.9587
   19482       1.9121
   19483       1.9737
   19484       1.9544
   19485       1.9464
   19486       1.9772
   19487       1.9676
   19488       1.9669
   19489       1.9681
   19490       1.9630
   19491       1.9537
   19492       2.0276
   19493       1.9846
   19494       1.9314
   19495       1.9417
   19496       1.8638
   19497       1.8846
   19498       1.9400
   19499       1.9214
   19500       1.9554
   19501       1.8890
   19502       1.9107
   19503       1.8953
   19504       1.9898
   19505       1.9920
   19506       2.0050
   19507       1.9049
   19508       1.9190
   19509       1.9026
   19510       1.8817
   19511       1.9099
   19512       1.9009
   19513       1.9098
   19514       1.9030
   19515       1.8836
   19516       1.9327
   19517       1.8986
   19518       1.8986
   19519       1.8798
   19520       1.8839
   19521       1.9626
   19522       1.9042
   19523       1.8976
   19524       1.9068
   19525       1.9927
   19526       1.9582
   19527       1.9844
   19528       1.9564
   19529       1.9291
   19530       1.9603
   19531       1.9726
   19532       1.9524
   19533       1.9820
   19534       1.9758
   19535       1.9568
   19536       1.9234
   19537       1.9320
   19538       1.9321
   19539       1.9521
   19540       1.9142
   19541       1.9757
   19542       1.9221
   19543       1.8719
   19544       1.9537
   19545       1.9090
   19546       1.9192
   19547       1.9498
   19548       1.9644
   19549       1.9838
   19550       2.0676
   19551       1.9798
   19552       2.0040
   19553       1.9887
   19554       1.9176
   19555       1.9622
   19556       2.0516
   19557       2.0320
   19558       1.9619
   19559       2.0293
   19560       2.0146
   19561       2.0085
   19562       1.9993
   19563       1.9731
   19564       2.0254
   19565       1.9907
   19566       2.0248
   19567       2.0371
   19568       1.9907
   19569       1.9617
   19570       1.9664
   19571       1.9931
   19572       1.9851
   19573       2.0479
   19574       1.9734
   19575       1.9401
   19576       1.9291
   19577       1.9188
   19578       1.9349
   19579       1.9717
   19580       1.9275
   19581       1.9207
   19582       1.9067
   19583       1.8814
   19584       1.9136
   19585       1.9518
   19586       1.9336
   19587       1.9295
   19588       1.9485
   19589       1.9902
   19590       1.9560
   19591       1.9646
   19592       1.9214
   19593       1.9666
   19594       1.9193
   19595       1.9119
   19596       1.9206
   19597       1.9227
   19598       1.9255
   19599       1.8755
   19600       1.8881
   19601       1.8664
   19602       1.8562
   19603       1.9264
   19604       1.9484
   19605       1.9577
   19606       1.9529
   19607       1.9035
   19608       1.9355
   19609       1.9711
   19610       1.9364
   19611       2.0099
   19612       1.9788
   19613       1.9272
   19614       1.9120
   19615       1.9402
   19616       1.9727
   19617       1.9881
   19618       1.9302
   19619       1.9230
   19620       1.9431
   19621       1.9288
   19622       1.9023
   19623       1.9515
   19624       1.9439
   19625       2.0408
   19626       2.0432
   19627       2.0913
   19628       2.0556
   19629       1.9585
   19630       1.9970
   19631       1.9942
   19632       1.9513
   19633       1.9734
   19634       1.9821
   19635       2.0240
   19636       2.0850
   19637       2.0054
   19638       2.0955
   19639       2.0536
   19640       2.0098
   19641       1.9906
   19642       1.9922
   19643       1.9608
   19644       1.9166
   19645       1.9700
   19646       1.9615
   19647       1.9128
   19648       1.9569
   19649       1.9531
   19650       1.9747
   19651       1.9317
   19652       1.9493
   19653       1.9578
   19654       1.9902
   19655       1.9686
   19656       2.0088
   19657       1.9873
   19658       1.8991
   19659       1.8898
   19660       1.9094
   19661       1.9013
   19662       1.9024
   19663       1.8810
   19664       1.8992
   19665       1.9266
   19666       1.9553
   19667       1.9329
   19668       1.9793
   19669       1.9640
   19670       1.9816
   19671       1.9413
   19672       1.9763
   19673       1.9668
   19674       1.9921
   19675       1.9925
   19676       2.0362
   19677       2.0250
   19678       2.0688
   19679       2.0608
   19680       1.9351
   19681       1.9962
   19682       1.9412
   19683       1.9415
   19684       1.9257
   19685       1.9431
   19686       1.9838
   19687       1.9745
   19688       1.8941
   19689       1.8692
   19690       1.8596
   19691       1.9813
   19692       1.9621
   19693       1.9813
   19694       1.9683
   19695       1.9730
   19696       1.9830
   19697       2.0209
   19698       1.9796
   19699       1.9405
   19700       1.9701
   19701       1.9208
   19702       1.9616
   19703       1.9213
   19704       1.9815
   19705       1.9949
   19706       1.9194
   19707       1.9792
   19708       1.9321
   19709       1.9096
   19710       1.9335
   19711       1.9828
   19712       1.9827
   19713       1.9757
   19714       1.9059
   19715       1.9304
   19716       1.9522
   19717       1.9295
   19718       1.9415
   19719       1.8519
   19720       1.8510
   19721       1.8702
   19722       1.8752
   19723       1.8635
   19724       1.8403
   19725       1.9246
   19726       1.8787
   19727       1.9245
   19728       1.9208
   19729       1.9175
   19730       1.9104
   19731       1.9020
   19732       1.9231
   19733       1.9596
   19734       1.9157
   19735       1.9201
   19736       1.9580
   19737       1.9596
   19738       1.9669
   19739       1.9570
   19740       1.9046
   19741       1.9356
   19742       1.9427
   19743       1.9146
   19744       1.9058
   19745       1.8657
   19746       1.8913
   19747       1.8372
   19748       1.9037
   19749       1.9240
   19750       1.9022
   19751       1.9235
   19752       1.8954
   19753       1.8924
   19754       1.8711
   19755       1.8926
   19756       1.9684
   19757       1.8980
   19758       1.8784
   19759       1.9344
   19760       1.8780
   19761       1.8789
   19762       1.8290
   19763       1.8008
   19764       1.8455
   19765       1.8399
   19766       1.8336
   19767       1.8815
   19768       1.9059
   19769       1.9302
   19770       1.9622
   19771       1.9725
   19772       1.9007
   19773       1.9492
   19774       1.9389
   19775       1.9421
   19776       1.9038
   19777       1.9340
   19778       1.9749
   19779       1.9774
   19780       1.9374
   19781       1.9948
   19782       1.9824
   19783       2.0374
   19784       1.9366
   19785       1.9445
   19786       1.9614
   19787       1.9433
   19788       2.0696
   19789       1.9364
   19790       1.9531
   19791       2.0319
   19792       1.9784
   19793       2.0099
   19794       1.9678
   19795       2.0183
   19796       2.0025
   19797       1.9719
   19798       2.0171
   19799       1.9909
   19800       1.9917
   19801       2.0901
   19802       2.0560
   19803       2.1162
   19804       2.1168
   19805       2.1025
   19806       1.9943
   19807       2.0301
   19808       2.0254
   19809       2.0431
   19810       2.0060
   19811       1.9948
   19812       1.9386
   19813       1.9912
   19814       2.0112
   19815       1.9849
   19816       2.0538
   19817       2.0470
   19818       2.0015
   19819       1.9789
   19820       1.9799
   19821       2.0076
   19822       1.9683
   19823       1.9804
   19824       2.0170
   19825       2.0212
   19826       2.0435
   19827       1.9939
   19828       2.0169
   19829       1.9974
   19830       2.0274
   19831       2.0039
   19832       1.9062
   19833       1.9623
   19834       2.0026
   19835       1.9997
   19836       2.0383
   19837       2.0054
   19838       1.9723
   19839       1.9530
   19840       2.0344
   19841       2.0731
   19842       2.0389
   19843       1.9963
   19844       2.0307
   19845       2.0415
   19846       2.0539
   19847       2.0422
   19848       1.9957
   19849       1.9876
   19850       2.0104
   19851       2.0291
   19852       2.0699
   19853       2.0544
   19854       2.0391
   19855       2.0345
   19856       2.0484
   19857       1.9505
   19858       1.9998
   19859       2.0356
   19860       1.9532
   19861       2.0181
   19862       2.0695
   19863       2.0120
   19864       2.0347
   19865       2.0764
   19866       1.9956
   19867       2.0231
   19868       1.9813
   19869       1.9215
   19870       1.9831
   19871       1.9661
   19872       2.0012
   19873       1.9952
   19874       2.0006
   19875       1.9571
   19876       1.9506
   19877       2.0089
   19878       1.9770
   19879       1.9862
   19880       2.0293
   19881       2.0090
   19882       2.0482
   19883       2.0290
   19884       2.0178
   19885       2.0019
   19886       2.0574
   19887       2.0272
   19888       2.0124
   19889       1.9583
   19890       1.9177
   19891       1.9264
   19892       1.9507
   19893       1.9481
   19894       1.9873
   19895       1.9934
   19896       1.9539
   19897       1.9385
   19898       1.9689
   19899       1.9671
   19900       1.9726
   19901       2.0468
   19902       1.9834
   19903       1.9434
   19904       1.9661
   19905       1.9762
   19906       1.9327
   19907       1.9292
   19908       1.9074
   19909       1.9149
   19910       1.9077
   19911       1.8728
   19912       1.8589
   19913       1.9224
   19914       1.8946
   19915       1.9116
   19916       1.9642
   19917       2.0001
   19918       1.9184
   19919       1.9119
   19920       1.9216
   19921       1.8804
   19922       1.9390
   19923       1.9151
   19924       1.9222
   19925       1.9263
   19926       1.9504
   19927       1.9658
   19928       1.9837
   19929       1.9249
   19930       1.9127
   19931       1.8858
   19932       1.9031
   19933       1.8864
   19934       1.9058
   19935       1.8567
   19936       1.9052
   19937       1.8948
   19938       1.9047
   19939       1.9323
   19940       1.9233
   19941       1.9409
   19942       1.9656
   19943       1.8596
   19944       1.9385
   19945       1.9230
   19946       1.8434
   19947       1.8903
   19948       1.8024
   19949       1.8413
   19950       1.8786
   19951       1.9751
   19952       1.9262
   19953       1.8622
   19954       1.9282
   19955       1.8644
   19956       1.8872
   19957       1.8568
   19958       1.8703
   19959       1.8676
   19960       1.9083
   19961       2.0137
   19962       1.9959
   19963       1.9134
   19964       1.8910
   19965       1.8817
   19966       1.8693
   19967       1.9031
   19968       1.9214
   19969       1.9786
   19970       1.9806
   19971       1.9730
   19972       1.9656
   19973       1.9316
   19974       1.9441
   19975       1.9825
   19976       1.9446
   19977       1.9819
   19978       1.9246
   19979       1.9693
   19980       1.9391
   19981       1.9400
   19982       1.9667
   19983       1.9992
   19984       1.9545
   19985       1.9597
   19986       1.9360
   19987       1.9623
   19988       1.9431
   19989       1.9677
   19990       1.9970
   19991       1.9258
   19992       1.9795
   19993       1.9537
   19994       1.9833
   19995       1.9240
   19996       1.9496
   19997       1.9085
   19998       1.8802
   19999       1.8714
   20000       1.8911
   20001       1.9341
   20002       1.9558
   20003       1.8717
   20004       1.9779
   20005       1.9329
   20006       1.9309
   20007       2.0209
   20008       1.9970
   20009       2.0781
   20010       2.0201
   20011       1.9710
   20012       1.9609
   20013       1.9817
   20014       2.0478
   20015       2.0323
   20016       2.0030
   20017       1.9663
   20018       1.9965
   20019       1.9538
   20020       1.9652
   20021       2.0223
   20022       1.9806
   20023       1.9294
   20024       1.9553
   20025       1.9681
   20026       1.9454
   20027       1.9382
   20028       1.9295
   20029       1.9238
   20030       1.9426
   20031       1.9453
   20032       1.9138
   20033       1.9337
   20034       1.9589
   20035       1.9309
   20036       1.9500
   20037       1.9570
   20038       1.9363
   20039       1.9194
   20040       1.9552
   20041       1.9577
   20042       2.0020
   20043       2.0538
   20044       1.9538
   20045       1.9105
   20046       1.9693
   20047       1.9754
   20048       1.9935
   20049       2.0115
   20050       1.9823
   20051       1.9380
   20052       2.0080
   20053       2.0462
   20054       2.0274
   20055       2.0503
   20056       1.9753
   20057       2.0114
   20058       1.9532
   20059       1.9353
   20060       1.9574
   20061       1.9707
   20062       1.9869
   20063       1.9222
   20064       1.9730
   20065       1.9850
   20066       1.9806
   20067       2.0142
   20068       2.0308
   20069       2.0145
   20070       1.9778
   20071       1.8870
   20072       1.8843
   20073       1.9205
   20074       1.9686
   20075       1.9920
   20076       1.9109
   20077       1.8955
   20078       1.9015
   20079       1.9273
   20080       1.8826
   20081       1.8286
   20082       1.8824
   20083       1.8741
   20084       1.8719
   20085       1.9246
   20086       1.9262
   20087       1.9771
   20088       2.0120
   20089       1.9244
   20090       1.9071
   20091       1.9095
   20092       1.9207
   20093       1.9739
   20094       1.9791
   20095       2.0047
   20096       2.0098
   20097       1.9940
   20098       1.9958
   20099       1.9899
   20100       1.9584
   20101       1.9832
   20102       1.9769
   20103       1.9862
   20104       1.9777
   20105       1.9680
   20106       1.9753
   20107       1.9383
   20108       2.0202
   20109       2.0125
   20110       2.0079
   20111       1.9755
   20112       1.9945
   20113       1.9547
   20114       1.9967
   20115       1.9419
   20116       1.9954
   20117       1.9925
   20118       1.9207
   20119       1.9698
   20120       1.9929
   20121       1.9546
   20122       1.9436
   20123       1.9615
   20124       1.9679
   20125       2.0745
   20126       1.9710
   20127       1.9725
   20128       1.9034
   20129       1.9134
   20130       1.9210
   20131       1.9466
   20132       1.9521
   20133       1.9371
   20134       1.9894
   20135       1.9283
   20136       1.9832
   20137       1.9545
   20138       1.9483
   20139       1.9458
   20140       1.9229
   20141       1.9053
   20142       1.9604
   20143       1.9679
   20144       1.9606
   20145       1.9758
   20146       1.9545
   20147       1.9793
   20148       1.9768
   20149       2.1150
   20150       2.0229
   20151       2.0021
   20152       2.0083
   20153       1.9527
   20154       2.0008
   20155       1.9418
   20156       1.9619
   20157       2.0194
   20158       2.0169
   20159       1.9687
   20160       1.9722
   20161       1.9618
   20162       2.0680
   20163       1.9854
   20164       1.9955
   20165       2.0269
   20166       2.0283
   20167       2.0273
   20168       1.9527
   20169       1.9481
   20170       1.9634
   20171       1.9756
   20172       1.9639
   20173       1.9255
   20174       1.9812
   20175       1.9190
   20176       1.9623
   20177       1.9375
   20178       1.9263
   20179       1.9344
   20180       2.0062
   20181       1.9180
   20182       1.9286
   20183       1.9562
   20184       1.8985
   20185       1.9261
   20186       1.9172
   20187       1.8956
   20188       1.8821
   20189       1.8942
   20190       1.8769
   20191       1.8857
   20192       1.9034
   20193       1.8865
   20194       1.9050
   20195       1.8798
   20196       1.8727
   20197       1.8757
   20198       1.8982
   20199       1.9252
   20200       1.8713
   20201       1.8802
   20202       1.8697
   20203       1.8720
   20204       1.8796
   20205       1.9266
   20206       1.9192
   20207       1.9037
   20208       1.8609
   20209       1.8549
   20210       1.8780
   20211       1.8827
   20212       1.8996
   20213       1.9376
   20214       1.9581
   20215       1.9211
   20216       1.9232
   20217       1.8863
   20218       1.9360
   20219       1.8886
   20220       1.9302
   20221       1.9889
   20222       1.9573
   20223       1.9174
   20224       1.9892
   20225       1.9341
   20226       1.9479
   20227       2.0200
   20228       1.9759
   20229       1.9621
   20230       1.9539
   20231       1.9312
   20232       1.8788
   20233       1.9588
   20234       1.9512
   20235       1.8876
   20236       1.9293
   20237       1.9530
   20238       1.9570
   20239       1.8834
   20240       1.9916
   20241       1.8808
   20242       1.9291
   20243       2.0060
   20244       1.9443
   20245       1.9189
   20246       1.9123
   20247       1.9264
   20248       1.9661
   20249       1.9638
   20250       1.8790
   20251       1.9400
   20252       1.9465
   20253       1.9752
   20254       1.9435
   20255       2.0105
   20256       1.9646
   20257       1.9092
   20258       1.9863
   20259       1.9431
   20260       1.9639
   20261       1.9523
   20262       1.8931
   20263       1.9036
   20264       1.9308
   20265       1.9637
   20266       1.9402
   20267       1.9090
   20268       1.9580
   20269       1.9242
   20270       1.9236
   20271       1.9342
   20272       1.9102
   20273       1.9194
   20274       1.9560
   20275       1.9525
   20276       1.9871
   20277       1.9449
   20278       1.9226
   20279       1.9196
   20280       1.8893
   20281       1.8519
   20282       1.8588
   20283       1.8936
   20284       1.9294
   20285       1.9183
   20286       1.8516
   20287       1.8870
   20288       1.8450
   20289       1.8786
   20290       1.8807
   20291       1.8390
   20292       1.8881
   20293       1.8417
   20294       1.9018
   20295       1.8568
   20296       1.8347
   20297       1.9027
   20298       1.8623
   20299       1.9022
   20300       1.9647
   20301       1.8758
   20302       1.9344
   20303       1.9269
   20304       1.9344
   20305       1.8780
   20306       1.9196
   20307       1.9148
   20308       1.8913
   20309       1.9412
   20310       1.9446
   20311       1.9122
   20312       1.8994
   20313       1.9452
   20314       2.0027
   20315       1.9945
   20316       2.0305
   20317       1.9738
   20318       2.0147
   20319       1.9532
   20320       2.0022
   20321       2.0103
   20322       1.9946
   20323       1.9411
   20324       1.9693
   20325       1.9853
   20326       1.9793
   20327       1.9566
   20328       1.9793
   20329       1.8797
   20330       1.9338
   20331       1.8657
   20332       1.9412
   20333       1.9272
   20334       1.9205
   20335       1.8829
   20336       1.8989
   20337       1.9198
   20338       1.9189
   20339       1.9291
   20340       1.9095
   20341       1.9265
   20342       1.8869
   20343       1.9115
   20344       1.9516
   20345       1.9516
   20346       1.9862
   20347       1.9510
   20348       1.9225
   20349       1.9492
   20350       1.9319
   20351       1.9041
   20352       2.0069
   20353       1.9547
   20354       1.9167
   20355       1.9569
   20356       1.9326
   20357       1.9674
   20358       1.9678
   20359       1.9782
   20360       1.9391
   20361       1.9818
   20362       1.9357
   20363       1.9353
   20364       1.9272
   20365       1.9272
   20366       1.9064
   20367       1.9541
   20368       1.9328
   20369       1.8807
   20370       1.9460
   20371       1.8803
   20372       1.9421
   20373       1.9837
   20374       2.0240
   20375       1.9325
   20376       1.9042
   20377       1.9087
   20378       1.9375
   20379       1.9274
   20380       1.9256
   20381       1.9190
   20382       1.9301
   20383       1.9075
   20384       1.8735
   20385       1.8946
   20386       1.9270
   20387       1.9241
   20388       1.9530
   20389       1.9292
   20390       1.9061
   20391       1.9248
   20392       1.9027
   20393       1.8985
   20394       1.9088
   20395       1.8907
   20396       1.9363
   20397       1.9540
   20398       1.9109
   20399       1.9579
   20400       1.9539
   20401       1.9889
   20402       2.0115
   20403       1.9447
   20404       1.9193
   20405       1.8851
   20406       1.9082
   20407       1.9063
   20408       1.9357
   20409       1.9541
   20410       1.9316
   20411       1.8891
   20412       1.8429
   20413       1.8555
   20414       1.8858
   20415       1.8386
   20416       1.9057
   20417       1.8765
   20418       1.8094
   20419       1.8982
   20420       1.9495
   20421       1.9162
   20422       1.9335
   20423       1.9377
   20424       1.8472
   20425       1.8658
   20426       1.8899
   20427       1.8784
   20428       1.8812
   20429       1.9302
   20430       1.8966
   20431       1.9380
   20432       1.8885
   20433       1.9264
   20434       1.8648
   20435       1.9780
   20436       1.8905
   20437       1.8425
   20438       1.8959
   20439       1.8612
   20440       1.9378
   20441       1.8885
   20442       1.8846
   20443       1.9085
   20444       1.9495
   20445       1.8960
   20446       1.9573
   20447       1.9706
   20448       1.9540
   20449       1.8893
   20450       1.8920
   20451       1.8981
   20452       1.8902
   20453       1.8906
   20454       1.9250
   20455       1.8991
   20456       2.0268
   20457       1.9376
   20458       1.8873
   20459       1.9608
   20460       2.0194
   20461       2.0187
   20462       1.9646
   20463       2.0477
   20464       2.0237
   20465       2.0757
   20466       2.0525
   20467       2.0277
   20468       2.0547
   20469       2.1175
   20470       2.0868
   20471       2.0952
   20472       2.0907
   20473       2.0220
   20474       2.0479
   20475       2.0623
   20476       2.0740
   20477       1.9862
   20478       2.0147
   20479       2.0634
   20480       2.0227
   20481       2.0546
   20482       2.0869
   20483       1.9808
   20484       1.9604
   20485       2.0333
   20486       2.0435
   20487       1.9823
   20488       1.9630
   20489       1.9789
   20490       1.9541
   20491       1.9774
   20492       1.9383
   20493       1.9295
   20494       1.9311
   20495       1.9441
   20496       2.0712
   20497       2.0883
   20498       2.0348
   20499       2.0726
   20500       1.9756
   20501       2.0033
   20502       1.8782
   20503       1.9417
   20504       1.9502
   20505       1.9790
   20506       2.0553
   20507       2.0322
   20508       2.0018
   20509       2.0282
   20510       1.9909
   20511       1.9408
   20512       1.9422
   20513       1.9517
   20514       1.9553
   20515       1.9808
   20516       1.9044
   20517       1.8689
   20518       1.8599
   20519       1.8832
   20520       1.8930
   20521       1.8676
   20522       1.8146
   20523       1.8692
   20524       1.8890
   20525       1.8674
   20526       1.8522
   20527       1.8366
   20528       1.8547
   20529       1.8545
   20530       1.8548
   20531       1.8585
   20532       1.8919
   20533       1.8449
   20534       1.8566
   20535       1.8691
   20536       1.8418
   20537       1.7972
   20538       1.8260
   20539       1.8294
   20540       1.8083
   20541       1.8526
   20542       1.8567
   20543       1.8557
   20544       1.8803
   20545       1.8516
   20546       1.8118
   20547       1.8733
   20548       1.9213
   20549       1.8885
   20550       1.8791
   20551       1.8353
   20552       1.8386
   20553       1.8094
   20554       1.8175
   20555       1.8179
   20556       1.8546
   20557       1.8423
   20558       1.8081
   20559       1.7948
   20560       1.8135
   20561       1.7767
   20562       1.8490
   20563       1.8603
   20564       1.7994
   20565       1.7849
   20566       1.7942
   20567       1.8146
   20568       1.8797
   20569       1.8187
   20570       1.8420
   20571       1.8328
   20572       1.8746
   20573       1.8536
   20574       1.8549
   20575       1.8453
   20576       1.8579
   20577       1.8119
   20578       1.9352
   20579       1.8435
   20580       1.8706
   20581       1.8925
   20582       1.9116
   20583       1.8983
   20584       1.8887
   20585       1.8893
   20586       1.9129
   20587       1.8356
   20588       1.8663
   20589       1.8579
   20590       1.9442
   20591       1.9293
   20592       1.9164
   20593       1.9005
   20594       1.9029
   20595       1.9272
   20596       1.9177
   20597       1.9397
   20598       1.9622
   20599       1.9137
   20600       2.0170
   20601       1.9177
   20602       1.9149
   20603       1.9241
   20604       1.9143
   20605       1.8883
   20606       1.8850
   20607       1.8491
   20608       1.8900
   20609       1.8896
   20610       1.9286
   20611       1.9493
   20612       1.9497
   20613       1.9599
   20614       1.9250
   20615       1.9059
   20616       1.8804
   20617       1.9015
   20618       1.8804
   20619       1.9559
   20620       1.9753
   20621       1.9515
   20622       1.9789
   20623       1.9498
   20624       1.9594
   20625       1.9554
   20626       1.9206
   20627       1.9313
   20628       1.9061
   20629       1.8983
   20630       1.8829
   20631       1.9129
   20632       1.9153
   20633       1.8991
   20634       1.8945
   20635       1.9500
   20636       1.9359
   20637       1.9050
   20638       1.9367
   20639       1.9535
   20640       1.9172
   20641       1.8588
   20642       1.8699
   20643       1.9429
   20644       1.9773
   20645       1.9428
   20646       1.9704
   20647       2.0100
   20648       2.0200
   20649       1.9609
   20650       1.9389
   20651       1.9671
   20652       2.0125
   20653       1.9871
   20654       1.9678
   20655       2.0001
   20656       1.9712
   20657       1.9369
   20658       1.9547
   20659       1.9275
   20660       1.9528
   20661       1.8922
   20662       1.9139
   20663       2.0052
   20664       1.9553
   20665       1.9008
   20666       1.8999
   20667       1.9120
   20668       1.9976
   20669       1.9802
   20670       1.9950
   20671       1.9850
   20672       1.9772
   20673       1.9282
   20674       1.9402
   20675       1.9471
   20676       1.9457
   20677       1.9785
   20678       1.9569
   20679       1.9235
   20680       1.9475
   20681       1.9490
   20682       1.9567
   20683       1.9401
   20684       1.9955
   20685       1.9590
   20686       1.9435
   20687       1.9420
   20688       1.8915
   20689       1.9068
   20690       1.9362
   20691       1.9151
   20692       1.9401
   20693       1.9261
   20694       1.9872
   20695       2.0159
   20696       1.9688
   20697       2.0243
   20698       1.9981
   20699       2.0225
   20700       2.0642
   20701       2.0740
   20702       2.0149
   20703       1.9724
   20704       1.9336
   20705       1.8728
   20706       1.9700
   20707       2.0540
   20708       1.9665
   20709       1.9632
   20710       1.9906
   20711       1.9756
   20712       1.9515
   20713       1.9737
   20714       1.8985
   20715       1.8947
   20716       1.9104
   20717       1.9397
   20718       1.8808
   20719       1.9301
   20720       1.9458
   20721       1.9479
   20722       1.9479
   20723       1.9462
   20724       1.9475
   20725       1.9889
   20726       1.9409
   20727       1.9176
   20728       1.9631
   20729       1.9535
   20730       1.9815
   20731       1.9596
   20732       1.9957
   20733       1.9838
   20734       1.9793
   20735       1.9861
   20736       2.0105
   20737       2.0521
   20738       1.9921
   20739       1.9681
   20740       1.9818
   20741       1.9542
   20742       1.9149
   20743       1.9522
   20744       2.0002
   20745       1.9924
   20746       1.9926
   20747       2.0041
   20748       1.9991
   20749       2.0107
   20750       1.9764
   20751       1.9355
   20752       1.9147
   20753       1.9592
   20754       1.9896
   20755       1.9805
   20756       1.9902
   20757       1.9978
   20758       1.9380
   20759       1.9954
   20760       1.9927
   20761       2.0213
   20762       1.9869
   20763       2.0552
   20764       2.0026
   20765       1.9869
   20766       1.9773
   20767       1.9759
   20768       1.9286
   20769       1.9446
   20770       1.9601
   20771       1.9378
   20772       1.9275
   20773       1.8899
   20774       1.9930
   20775       1.9699
   20776       2.0094
   20777       1.9674
   20778       1.9980
   20779       1.8706
   20780       1.8859
   20781       1.9163
   20782       1.9476
   20783       2.0095
   20784       1.9873
   20785       1.9474
   20786       1.9447
   20787       1.9697
   20788       2.0204
   20789       1.9265
   20790       1.9832
   20791       2.0046
   20792       1.9817
   20793       1.9913
   20794       1.9704
   20795       2.0211
   20796       2.0097
   20797       1.9883
   20798       2.0086
   20799       2.0474
   20800       2.0333
   20801       2.0840
   20802       2.0356
   20803       2.0134
   20804       2.0233
   20805       2.0444
   20806       2.0470
   20807       2.0348
   20808       1.9430
   20809       1.9681
   20810       2.0378
   20811       1.9677
   20812       2.0082
   20813       2.0073
   20814       1.9998
   20815       2.0311
   20816       2.0043
   20817       2.0316
   20818       2.0002
   20819       1.9324
   20820       1.9775
   20821       1.9961
   20822       1.9818
   20823       1.9871
   20824       1.9812
   20825       2.0138
   20826       1.9535
   20827       1.9636
   20828       1.9730
   20829       1.9790
   20830       1.9747
   20831       1.9839
   20832       1.9406
   20833       1.9822
   20834       1.9542
   20835       1.9428
   20836       1.9250
   20837       1.9340
   20838       1.9676
   20839       2.0081
   20840       2.0101
   20841       2.0642
   20842       2.0315
   20843       2.0504
   20844       2.0344
   20845       2.0991
   20846       2.0592
   20847       2.0660
   20848       2.1034
   20849       2.1010
   20850       2.0620
   20851       2.0212
   20852       1.9974
   20853       1.9872
   20854       1.9716
   20855       1.9511
   20856       1.9092
   20857       1.9965
   20858       1.9032
   20859       1.8562
   20860       1.9144
   20861       1.9187
   20862       1.9164
   20863       1.8817
   20864       1.9280
   20865       1.9328
   20866       1.9344
   20867       1.8964
   20868       1.8889
   20869       1.9246
   20870       1.9538
   20871       1.9550
   20872       1.9649
   20873       1.9324
   20874       1.9324
   20875       1.9491
   20876       2.0022
   20877       1.9693
   20878       2.0325
   20879       2.0063
   20880       1.9941
   20881       2.0028
   20882       2.0169
   20883       2.0345
   20884       2.0653
   20885       2.0232
   20886       2.0035
   20887       2.0376
   20888       2.0694
   20889       2.0172
   20890       1.9989
   20891       2.0104
   20892       1.9955
   20893       2.0121
   20894       2.0230
   20895       1.9914
   20896       2.0231
   20897       2.0174
   20898       1.9809
   20899       1.9867
   20900       2.0618
   20901       2.0783
   20902       2.0124
   20903       2.0377
   20904       2.0450
   20905       2.0183
   20906       2.0982
   20907       2.0507
   20908       2.0466
   20909       2.0727
   20910       2.0568
   20911       2.0649
   20912       2.0581
   20913       2.1273
   20914       2.1813
   20915       2.1243
   20916       2.1422
   20917       2.1164
   20918       2.1572
   20919       2.0981
   20920       2.0767
   20921       2.0966
   20922       2.1304
   20923       2.0469
   20924       2.1520
   20925       2.0932
   20926       2.0388
   20927       2.0777
   20928       2.0454
   20929       2.0130
   20930       2.0295
   20931       1.9798
   20932       1.9716
   20933       2.0162
   20934       2.0072
   20935       2.0125
   20936       2.0471
   20937       2.0218
   20938       2.0628
   20939       2.0376
   20940       2.0239
   20941       1.9994
   20942       2.0306
   20943       2.0457
   20944       2.0167
   20945       2.0208
   20946       2.0513
   20947       2.0019
   20948       2.0444
   20949       2.0498
   20950       2.0298
   20951       2.0073
   20952       2.0313
   20953       2.0253
   20954       1.9953
   20955       1.9852
   20956       1.9493
   20957       1.9479
   20958       1.9452
   20959       1.9649
   20960       1.9788
   20961       1.9694
   20962       1.9728
   20963       1.9815
   20964       1.9552
   20965       2.0643
   20966       2.0234
   20967       2.0050
   20968       1.9847
   20969       2.0268
   20970       2.0639
   20971       2.0818
   20972       2.0962
   20973       2.0617
   20974       2.0357
   20975       2.0633
   20976       2.0486
   20977       2.0291
   20978       2.0770
   20979       2.0682
   20980       2.0748
   20981       2.0576
   20982       2.0416
   20983       2.0485
   20984       2.0513
   20985       2.0318
   20986       2.0300
   20987       1.9872
   20988       2.0330
   20989       1.9702
   20990       2.0217
   20991       1.9820
   20992       2.0220
   20993       1.9906
   20994       2.0203
   20995       2.0181
   20996       2.0195
   20997       1.9984
   20998       2.0306
   20999       1.9610
   21000       1.9450
   21001       1.9409
   21002       1.9100
   21003       2.0584
   21004       2.0607
   21005       2.0681
   21006       2.0572
   21007       2.1070
   21008       2.1286
   21009       2.1045
   21010       2.1306
   21011       2.0857
   21012       2.0843
   21013       2.0957
   21014       2.0277
   21015       2.0068
   21016       2.0400
   21017       2.0298
   21018       2.0265
   21019       2.0784
   21020       2.0503
   21021       2.0830
   21022       2.0892
   21023       2.0769
   21024       2.0652
   21025       2.0464
   21026       2.0786
   21027       2.0643
   21028       2.0487
   21029       2.0394
   21030       2.0490
   21031       1.9704
   21032       2.0259
   21033       2.0926
   21034       2.0304
   21035       2.0100
   21036       2.0130
   21037       1.9783
   21038       2.0149
   21039       1.9781
   21040       1.9852
   21041       2.0637
   21042       2.0639
   21043       2.1095
   21044       2.0670
   21045       2.0953
   21046       2.0330
   21047       2.0732
   21048       2.0851
   21049       2.0584
   21050       2.1181
   21051       2.1090
   21052       2.0917
   21053       2.0392
   21054       2.0444
   21055       2.0337
   21056       2.0714
   21057       2.0972
   21058       2.0160
   21059       2.0070
   21060       2.0013
   21061       2.0224
   21062       1.9852
   21063       1.9948
   21064       2.0240
   21065       2.0392
   21066       2.0224
   21067       2.0298
   21068       2.0356
   21069       2.0100
   21070       2.0654
   21071       2.1096
   21072       2.1025
   21073       2.0348
   21074       2.0761
   21075       2.0598
   21076       2.0763
   21077       2.0359
   21078       2.0429
   21079       2.0037
   21080       1.9968
   21081       2.0323
   21082       1.9803
   21083       1.9261
   21084       1.9508
   21085       2.0474
   21086       2.0360
   21087       1.9961
   21088       2.0541
   21089       1.9949
   21090       2.0127
   21091       2.0052
   21092       1.9813
   21093       1.9642
   21094       1.9184
   21095       1.9203
   21096       1.9659
   21097       1.9920
   21098       1.9948
   21099       2.0266
   21100       2.0608
   21101       2.0330
   21102       2.0591
   21103       2.0745
   21104       2.0534
   21105       2.0803
   21106       2.0645
   21107       2.0380
   21108       2.0657
   21109       2.0670
   21110       2.0171
   21111       2.0527
   21112       2.0443
   21113       2.0599
   21114       2.0637
   21115       1.9992
   21116       2.0871
   21117       2.0458
   21118       2.0298
   21119       2.0398
   21120       2.0357
   21121       2.0281
   21122       2.0057
   21123       2.0590
   21124       2.0356
   21125       2.0222
   21126       2.0670
   21127       1.9799
   21128       1.9670
   21129       2.0030
   21130       1.9761
   21131       2.0052
   21132       2.0229
   21133       2.0509
   21134       2.0604
   21135       2.0979
   21136       2.0566
   21137       2.1679
   21138       2.1065
   21139       2.0454
   21140       2.0548
   21141       2.0540
   21142       1.9853
   21143       2.0188
   21144       2.0259
   21145       2.0264
   21146       2.0331
   21147       2.0422
   21148       2.0502
   21149       2.0750
   21150       1.9830
   21151       1.9676
   21152       2.0185
   21153       1.9690
   21154       1.9962
   21155       1.9744
   21156       1.9330
   21157       1.9552
   21158       2.0322
   21159       2.0056
   21160       2.0459
   21161       2.0462
   21162       2.0173
   21163       2.0231
   21164       1.9814
   21165       2.0604
   21166       2.0755
   21167       2.0526
   21168       2.0345
   21169       2.0805
   21170       1.9892
   21171       2.0061
   21172       1.9671
   21173       1.9275
   21174       1.9337
   21175       1.9809
   21176       1.9011
   21177       1.9748
   21178       1.9759
   21179       1.9608
   21180       1.9199
   21181       1.9126
   21182       1.9506
   21183       2.0066
   21184       2.0295
   21185       1.9991
   21186       1.9734
   21187       2.0424
   21188       2.0709
   21189       2.0162
   21190       1.9675
   21191       2.0226
   21192       2.0289
   21193       2.0078
   21194       2.0634
   21195       1.9653
   21196       1.9644
   21197       1.8989
   21198       1.9709
   21199       1.9578
   21200       1.9754
   21201       1.9807
   21202       1.9390
   21203       2.0310
   21204       1.9922
   21205       2.0025
   21206       1.9829
   21207       1.9794
   21208       1.9730
   21209       1.9662
   21210       2.0024
   21211       2.0273
   21212       2.0417
   21213       1.9572
   21214       1.9496
   21215       1.9903
   21216       2.0311
   21217       2.0315
   21218       1.9644
   21219       1.9993
   21220       1.9964
   21221       1.9692
   21222       1.9389
   21223       1.9339
   21224       1.9472
   21225       1.9431
   21226       1.9903
   21227       1.9846
   21228       1.9545
   21229       1.9725
   21230       1.9788
   21231       2.0021
   21232       2.0537
   21233       2.0459
   21234       2.0169
   21235       1.9340
   21236       1.8898
   21237       1.9418
   21238       1.8855
   21239       1.9017
   21240       1.9259
   21241       1.9080
   21242       1.9406
   21243       1.9545
   21244       1.9092
   21245       1.8966
   21246       1.9079
   21247       1.9499
   21248       1.9588
   21249       1.9942
   21250       2.0244
   21251       2.0158
   21252       1.9326
   21253       1.9636
   21254       2.0040
   21255       2.0031
   21256       2.0479
   21257       1.9801
   21258       2.0317
   21259       2.0176
   21260       2.0165
   21261       1.9779
   21262       1.9448
   21263       1.9972
   21264       1.9817
   21265       2.0394
   21266       2.0567
   21267       2.0074
   21268       2.0752
   21269       2.0233
   21270       2.0422
   21271       2.0335
   21272       1.9937
   21273       1.9663
   21274       1.9802
   21275       1.9867
   21276       1.9744
   21277       1.9645
   21278       1.9491
   21279       1.9698
   21280       1.9476
   21281       1.9172
   21282       1.9629
   21283       1.9622
   21284       1.9652
   21285       1.9204
   21286       1.8859
   21287       1.9520
   21288       1.9575
   21289       1.9553
   21290       1.9908
   21291       1.9104
   21292       1.9014
   21293       1.9495
   21294       1.8951
   21295       1.8798
   21296       1.9341
   21297       1.8801
   21298       1.8439
   21299       1.9138
   21300       1.9521
   21301       1.9234
   21302       1.9070
   21303       1.8746
   21304       1.9085
   21305       1.8752
   21306       1.8844
   21307       1.8651
   21308       1.9482
   21309       1.9593
   21310       1.8868
   21311       1.9191
   21312       1.9146
   21313       1.8673
   21314       1.8989
   21315       1.8967
   21316       1.9154
   21317       1.8889
   21318       1.9033
   21319       1.8951
   21320       1.9418
   21321       1.9092
   21322       1.9090
   21323       1.9135
   21324       1.8897
   21325       1.8845
   21326       1.9272
   21327       1.8941
   21328       1.9172
   21329       1.9308
   21330       1.9341
   21331       1.9059
   21332       1.9461
   21333       1.9749
   21334       1.9892
   21335       1.9573
   21336       1.9561
   21337       1.9127
   21338       1.9194
   21339       2.0017
   21340       1.9286
   21341       1.9735
   21342       1.8960
   21343       1.9431
   21344       1.9569
   21345       1.8734
   21346       1.9420
   21347       1.9233
   21348       1.9201
   21349       1.8955
   21350       1.9768
   21351       1.9388
   21352       1.9049
   21353       1.9000
   21354       1.9649
   21355       1.9550
   21356       2.0283
   21357       1.9432
   21358       1.9674
   21359       1.9351
   21360       1.8879
   21361       1.9289
   21362       1.8829
   21363       1.8521
   21364       1.9379
   21365       1.9498
   21366       1.8690
   21367       1.9192
   21368       1.8737
   21369       1.8886
   21370       1.9193
   21371       1.9435
   21372       1.9702
   21373       1.9201
   21374       1.9197
   21375       1.8902
   21376       1.8914
   21377       1.8868
   21378       1.8833
   21379       1.9578
   21380       1.9111
   21381       1.8864
   21382       1.8914
   21383       1.9089
   21384       1.8798
   21385       1.8818
   21386       1.9331
   21387       1.9976
   21388       1.9805
   21389       1.9697
   21390       1.9687
   21391       1.9811
   21392       1.9851
   21393       1.8767
   21394       1.8976
   21395       1.8739
   21396       1.9311
   21397       1.9607
   21398       1.9006
   21399       1.9653
   21400       1.9486
   21401       1.9926
   21402       2.0668
   21403       1.9486
   21404       2.0402
   21405       1.9945
   21406       2.0816
   21407       2.1366
   21408       1.9760
   21409       2.0521
   21410       2.0640
   21411       2.0736
   21412       2.0051
   21413       2.0101
   21414       2.0329
   21415       1.9890
   21416       2.0241
   21417       2.0191
   21418       2.0006
   21419       2.0021
   21420       1.9558
   21421       1.9592
   21422       2.0359
   21423       1.9964
   21424       1.9971
   21425       1.9347
   21426       1.9672
   21427       1.8861
   21428       1.9621
   21429       1.9798
   21430       1.9363
   21431       1.9235
   21432       1.9345
   21433       1.8978
   21434       1.9204
   21435       1.9660
   21436       1.9885
   21437       1.9631
   21438       1.9794
   21439       2.0044
   21440       1.9770
   21441       2.0049
   21442       1.9673
   21443       1.9541
   21444       1.9460
   21445       1.9865
   21446       2.0370
   21447       1.9940
   21448       2.0055
   21449       1.9486
   21450       1.9422
   21451       1.9940
   21452       2.0087
   21453       1.9531
   21454       1.9277
   21455       1.9919
   21456       1.9388
   21457       1.9683
   21458       1.9721
   21459       2.0860
   21460       2.0205
   21461       2.0515
   21462       2.0181
   21463       2.0295
   21464       2.0393
   21465       2.0343
   21466       2.0642
   21467       2.0362
   21468       2.0193
   21469       2.0009
   21470       2.0757
   21471       2.0752
   21472       1.9955
   21473       1.9835
   21474       2.0206
   21475       2.0635
   21476       2.0470
   21477       1.9882
   21478       2.0216
   21479       2.0296
   21480       1.9702
   21481       1.9716
   21482       2.0195
   21483       1.9319
   21484       2.0163
   21485       1.9480
   21486       1.9667
   21487       1.9507
   21488       1.9512
   21489       2.0164
   21490       2.0090
   21491       1.9901
   21492       2.0831
   21493       2.0330
   21494       2.0663
   21495       1.9664
   21496       1.9305
   21497       1.9786
   21498       1.9914
   21499       1.9982
   21500       1.9299
   21501       2.0394
   21502       2.0231
   21503       1.9657
   21504       1.9589
   21505       1.9694
   21506       1.9862
   21507       1.9621
   21508       1.9873
   21509       1.9973
   21510       2.0271
   21511       1.9992
   21512       1.9606
   21513       2.0375
   21514       1.9592
   21515       2.0250
   21516       1.9571
   21517       2.0299
   21518       1.9421
   21519       2.0101
   21520       1.9931
   21521       2.0501
   21522       2.0006
   21523       1.9733
   21524       1.9746
   21525       2.0383
   21526       1.9597
   21527       1.9684
   21528       1.9922
   21529       1.9878
   21530       2.0178
   21531       1.9202
   21532       1.9582
   21533       1.9486
   21534       1.9550
   21535       1.9851
   21536       1.9370
   21537       1.9633
   21538       1.9479
   21539       1.9213
   21540       1.9397
   21541       2.0300
   21542       2.0045
   21543       2.0104
   21544       1.9714
   21545       1.9730
   21546       2.0345
   21547       2.0831
   21548       2.0242
   21549       1.9997
   21550       1.9628
   21551       1.8829
   21552       1.9571
   21553       1.9790
   21554       1.9576
   21555       1.9767
   21556       2.0355
   21557       2.0155
   21558       1.9868
   21559       2.0430
   21560       2.0211
   21561       1.9930
   21562       1.9463
   21563       1.9241
   21564       1.9369
   21565       1.9855
   21566       1.9525
   21567       2.0329
   21568       2.0329
   21569       1.9626
   21570       1.9137
   21571       1.9723
   21572       1.9613
   21573       1.9478
   21574       1.9669
   21575       2.0037
   21576       1.9802
   21577       2.0031
   21578       1.9362
   21579       2.0370
   21580       2.0247
   21581       2.0079
   21582       1.9628
   21583       2.0497
   21584       1.9735
   21585       1.9812
   21586       2.0299
   21587       1.9972
   21588       2.0252
   21589       1.9946
   21590       2.0294
   21591       1.9938
   21592       1.9869
   21593       1.9857
   21594       1.9252
   21595       1.9570
   21596       1.9256
   21597       1.8923
   21598       1.9168
   21599       1.9545
   21600       1.9633
   21601       1.9635
   21602       1.9837
   21603       1.9743
   21604       1.9592
   21605       1.9689
   21606       1.9294
   21607       1.9174
   21608       1.9388
   21609       1.9929
   21610       2.0155
   21611       2.0646
   21612       2.0280
   21613       2.0123
   21614       2.0787
   21615       2.0549
   21616       2.0712
   21617       2.0407
   21618       2.0230
   21619       2.0221
   21620       2.0102
   21621       2.0121
   21622       1.9451
   21623       2.0123
   21624       2.0237
   21625       2.0180
   21626       2.0177
   21627       1.9649
   21628       2.0195
   21629       1.9979
   21630       1.9880
   21631       1.9916
   21632       2.0229
   21633       2.0031
   21634       2.0353
   21635       2.0052
   21636       1.9226
   21637       1.9063
   21638       2.0100
   21639       2.0302
   21640       2.0392
   21641       2.0190
   21642       2.0242
   21643       2.0307
   21644       2.0336
   21645       2.0343
   21646       1.9951
   21647       1.9803
   21648       1.9644
   21649       1.9719
   21650       2.0507
   21651       2.0361
   21652       1.9586
   21653       1.9654
   21654       1.9544
   21655       1.9645
   21656       1.9972
   21657       1.9939
   21658       2.0013
   21659       2.0072
   21660       1.9279
   21661       1.9513
   21662       2.0077
   21663       2.0449
   21664       2.0092
   21665       2.0032
   21666       1.9874
   21667       2.0193
   21668       2.0616
   21669       2.0512
   21670       2.0253
   21671       2.0076
   21672       1.9372
   21673       1.9871
   21674       1.9621
   21675       1.9512
   21676       1.9929
   21677       1.9362
   21678       1.9363
   21679       1.8839
   21680       1.9324
   21681       1.8812
   21682       1.8769
   21683       1.8763
   21684       1.9299
   21685       1.9366
   21686       1.9426
   21687       1.9772
   21688       2.0124
   21689       1.9500
   21690       1.9927
   21691       1.9756
   21692       1.9547
   21693       2.0240
   21694       2.0074
   21695       1.9976
   21696       1.9387
   21697       2.0019
   21698       2.0296
   21699       2.0312
   21700       1.9794
   21701       1.9840
   21702       1.9158
   21703       1.9558
   21704       1.9681
   21705       2.0038
   21706       1.9990
   21707       1.9806
   21708       2.0265
   21709       2.0719
   21710       2.0187
   21711       2.0538
   21712       2.0202
   21713       1.9762
   21714       1.9994
   21715       1.9536
   21716       1.9569
   21717       2.0070
   21718       2.0230
   21719       1.9963
   21720       2.0241
   21721       2.0134
   21722       1.9463
   21723       1.8895
   21724       1.9023
   21725       1.8893
   21726       1.8917
   21727       1.8990
   21728       1.8941
   21729       1.8337
   21730       1.8546
   21731       1.8683
   21732       1.9049
   21733       1.8865
   21734       1.8881
   21735       1.8860
   21736       1.9126
   21737       1.9373
   21738       1.8925
   21739       1.9247
   21740       1.9391
   21741       1.9419
   21742       1.9106
   21743       1.9152
   21744       1.9408
   21745       1.9043
   21746       1.9652
   21747       1.9541
   21748       1.9497
   21749       1.9456
   21750       1.9276
   21751       1.9560
   21752       1.9596
   21753       1.9667
   21754       1.9328
   21755       1.9534
   21756       1.9473
   21757       1.9055
   21758       1.8685
   21759       1.9206
   21760       1.9669
   21761       1.9234
   21762       1.9918
   21763       1.8981
   21764       1.9126
   21765       1.9380
   21766       1.9831
   21767       1.9134
   21768       1.9674
   21769       1.9497
   21770       1.9667
   21771       1.9658
   21772       1.9848
   21773       1.9126
   21774       1.9383
   21775       1.9361
   21776       1.9603
   21777       1.9835
   21778       1.9518
   21779       2.0467
   21780       1.9554
   21781       1.9406
   21782       1.9576
   21783       1.9360
   21784       1.9112
   21785       1.9649
   21786       1.9360
   21787       1.9420
   21788       1.9358
   21789       1.9394
   21790       1.8968
   21791       1.9427
   21792       1.9579
   21793       1.9501
   21794       1.8750
   21795       1.9439
   21796       1.9637
   21797       1.9532
   21798       1.9405
   21799       1.9378
   21800       1.9481
   21801       1.9362
   21802       1.9438
   21803       1.9244
   21804       1.9500
   21805       1.9310
   21806       2.0016
   21807       1.9440
   21808       1.9140
   21809       1.9300
   21810       1.8905
   21811       1.9297
   21812       1.9663
   21813       1.9611
   21814       1.9270
   21815       1.9381
   21816       1.9505
   21817       2.0115
   21818       1.9865
   21819       1.9444
   21820       1.9640
   21821       1.9889
   21822       1.9810
   21823       1.9777
   21824       1.8936
   21825       1.9854
   21826       1.9949
   21827       1.9640
   21828       1.9906
   21829       2.0181
   21830       1.9716
   21831       1.9708
   21832       1.9380
   21833       1.9127
   21834       1.9796
   21835       2.0843
   21836       2.0621
   21837       2.0891
   21838       2.0330
   21839       2.0327
   21840       2.0852
   21841       2.0687
   21842       2.1139
   21843       2.1206
   21844       2.1043
   21845       2.0642
   21846       2.1122
   21847       2.0572
   21848       2.0813
   21849       2.0578
   21850       1.9600
   21851       1.9213
   21852       1.9226
   21853       1.9685
   21854       2.0051
   21855       1.9755
   21856       2.0541
   21857       1.9975
   21858       2.0361
   21859       1.9626
   21860       1.9397
   21861       1.9066
   21862       1.9652
   21863       1.9699
   21864       1.9731
   21865       1.9604
   21866       2.0010
   21867       1.9660
   21868       1.9840
   21869       1.9104
   21870       1.9670
   21871       2.0048
   21872       2.0372
   21873       1.9559
   21874       1.9107
   21875       1.9328
   21876       1.9374
   21877       1.9355
   21878       1.9570
   21879       1.9522
   21880       1.9624
   21881       1.9698
   21882       1.9871
   21883       1.9847
   21884       1.9618
   21885       1.9542
   21886       1.9844
   21887       2.0099
   21888       1.9869
   21889       1.9849
   21890       1.9576
   21891       1.9389
   21892       1.9496
   21893       1.9798
   21894       1.9134
   21895       2.0114
   21896       2.0070
   21897       1.9849
   21898       1.9603
   21899       2.0420
   21900       2.0042
   21901       2.0407
   21902       2.0255
   21903       1.9803
   21904       1.9362
   21905       2.0053
   21906       1.9416
   21907       2.0337
   21908       1.9846
   21909       1.9720
   21910       1.9849
   21911       1.9820
   21912       2.0321
   21913       2.0520
   21914       1.9732
   21915       2.0186
   21916       2.0717
   21917       1.9985
   21918       1.9726
   21919       1.9686
   21920       1.9883
   21921       2.0047
   21922       2.1268
   21923       2.0402
   21924       2.1101
   21925       2.0971
   21926       2.0290
   21927       2.0380
   21928       1.9918
   21929       2.0181
   21930       1.9590
   21931       1.9939
   21932       2.0305
   21933       1.9839
   21934       2.0036
   21935       1.9558
   21936       1.9417
   21937       1.9288
   21938       1.9158
   21939       1.9280
   21940       1.9552
   21941       1.9386
   21942       1.9460
   21943       1.9231
   21944       1.9469
   21945       1.9115
   21946       1.9782
   21947       1.9331
   21948       1.9590
   21949       1.9374
   21950       1.9811
   21951       1.9374
   21952       2.0265
   21953       1.9846
   21954       1.9735
   21955       1.8713
   21956       1.8970
   21957       1.8724
   21958       1.8787
   21959       1.8921
   21960       1.9312
   21961       1.9280
   21962       1.9550
   21963       1.9234
   21964       1.9028
   21965       1.8603
   21966       1.8304
   21967       1.8988
   21968       1.8348
   21969       1.8548
   21970       1.8430
   21971       1.8403
   21972       1.8747
   21973       1.8950
   21974       1.8968
   21975       1.9234
   21976       1.8903
   21977       1.8802
   21978       1.9184
   21979       1.8969
   21980       1.9416
   21981       1.8942
   21982       1.9460
   21983       1.9833
   21984       2.0002
   21985       1.9716
   21986       1.9789
   21987       1.9857
   21988       2.0318
   21989       1.9500
   21990       1.9622
   21991       1.9541
   21992       2.0277
   21993       1.9772
   21994       2.0341
   21995       1.9958
   21996       2.0092
   21997       2.0419
   21998       1.9862
   21999       2.0108
   22000       1.9328
   22001       1.9323
   22002       1.9610
   22003       1.9433
   22004       1.9432
   22005       1.9675
   22006       1.9412
   22007       1.9607
   22008       2.0444
   22009       2.0109
   22010       2.0021
   22011       1.9267
   22012       2.0231
   22013       2.0310
   22014       2.0123
   22015       2.0513
   22016       1.9349
   22017       2.0368
   22018       2.0114
   22019       2.0234
   22020       2.0353
   22021       2.0732
   22022       2.0005
   22023       2.0087
   22024       1.9886
   22025       2.0664
   22026       2.0010
   22027       1.9707
   22028       1.9215
   22029       1.9645
   22030       1.9500
   22031       2.0049
   22032       1.9678
   22033       1.9282
   22034       1.9098
   22035       1.8843
   22036       1.9115
   22037       1.9199
   22038       1.9447
   22039       1.9186
   22040       1.8583
   22041       1.8431
   22042       1.9385
   22043       1.8981
   22044       1.9443
   22045       1.9489
   22046       1.9602
   22047       1.9664
   22048       1.9380
   22049       1.9783
   22050       1.9885
   22051       2.0146
   22052       1.9766
   22053       2.0393
   22054       1.9892
   22055       2.0202
   22056       2.0431
   22057       2.1324
   22058       2.0673
   22059       2.1058
   22060       2.1190
   22061       2.1434
   22062       2.0996
   22063       2.0916
   22064       2.1433
   22065       2.0875
   22066       2.1754
   22067       2.0975
   22068       2.0973
   22069       2.1173
   22070       2.0651
   22071       2.0412
   22072       1.9873
   22073       2.0125
   22074       1.9824
   22075       2.0263
   22076       2.0430
   22077       1.9955
   22078       1.9564
   22079       2.0349
   22080       2.0801
   22081       2.0233
   22082       2.0406
   22083       2.0468
   22084       2.0289
   22085       2.1073
   22086       2.0090
   22087       1.9947
   22088       2.0398
   22089       1.9799
   22090       1.9568
   22091       2.0302
   22092       2.0229
   22093       2.0485
   22094       1.9581
   22095       2.0197
   22096       1.9979
   22097       2.0065
   22098       2.0186
   22099       1.9947
   22100       2.0230
   22101       2.0566
   22102       2.0179
   22103       2.0711
   22104       2.1029
   22105       2.0794
   22106       2.1286
   22107       2.0812
   22108       2.0561
   22109       2.0854
   22110       2.0987
   22111       2.0387
   22112       2.0241
   22113       2.1423
   22114       2.1178
   22115       2.0916
   22116       2.0552
   22117       2.0860
   22118       2.0544
   22119       2.0276
   22120       1.9625
   22121       2.0077
   22122       2.0524
   22123       2.0682
   22124       1.9797
   22125       2.0325
   22126       2.0085
   22127       2.0210
   22128       1.9930
   22129       2.0087
   22130       1.9627
   22131       1.9833
   22132       2.0504
   22133       2.0267
   22134       1.9939
   22135       2.0005
   22136       2.0181
   22137       1.9873
   22138       2.0061
   22139       1.9277
   22140       1.9334
   22141       1.9310
   22142       1.9883
   22143       1.9968
   22144       2.0425
   22145       2.0726
   22146       2.0436
   22147       2.0678
   22148       2.0386
   22149       2.0918
   22150       2.0608
   22151       2.0849
   22152       2.0061
   22153       1.9918
   22154       1.9988
   22155       2.0142
   22156       2.0610
   22157       1.9579
   22158       1.9687
   22159       1.9670
   22160       1.9412
   22161       1.9762
   22162       1.9845
   22163       1.9570
   22164       2.0160
   22165       2.0013
   22166       2.0080
   22167       2.0638
   22168       2.0618
   22169       2.0831
   22170       2.0773
   22171       2.0772
   22172       2.0449
   22173       1.9793
   22174       1.9986
   22175       1.9738
   22176       1.9488
   22177       1.9381
   22178       1.9824
   22179       1.9455
   22180       1.9365
   22181       1.9208
   22182       1.9724
   22183       1.9879
   22184       1.9532
   22185       1.9485
   22186       2.0154
   22187       1.9984
   22188       2.0354
   22189       1.9262
   22190       1.9646
   22191       1.9830
   22192       1.9306
   22193       1.9839
   22194       1.9298
   22195       2.0285
   22196       2.0559
   22197       2.0372
   22198       2.0366
   22199       1.9064
   22200       1.9947
   22201       1.9852
   22202       1.8768
   22203       1.9364
   22204       1.9494
   22205       1.9824
   22206       1.9867
   22207       2.0284
   22208       2.0077
   22209       1.9171
   22210       1.8950
   22211       1.9147
   22212       1.9766
   22213       1.9762
   22214       1.9606
   22215       1.9459
   22216       1.9431
   22217       1.9044
   22218       1.9075
   22219       1.9485
   22220       1.9849
   22221       1.9317
   22222       1.9416
   22223       1.9374
   22224       2.0149
   22225       1.9318
   22226       1.9579
   22227       2.0249
   22228       1.9348
   22229       1.9374
   22230       1.9627
   22231       1.8598
   22232       1.9112
   22233       1.9189
   22234       1.9241
   22235       1.9643
   22236       1.9340
   22237       1.9132
   22238       1.8987
   22239       1.9472
   22240       1.9326
   22241       1.9288
   22242       1.9701
   22243       2.0027
   22244       2.0107
   22245       1.9237
   22246       1.9518
   22247       1.9809
   22248       1.9802
   22249       1.9800
   22250       1.9302
   22251       1.9614
   22252       1.9718
   22253       1.9982
   22254       2.0077
   22255       1.9910
   22256       2.0159
   22257       2.0137
   22258       2.0677
   22259       2.0916
   22260       2.0054
   22261       1.9639
   22262       1.9366
   22263       1.8922
   22264       1.9183
   22265       1.9332
   22266       1.9253
   22267       1.9612
   22268       1.9213
   22269       1.9253
   22270       1.9539
   22271       1.9172
   22272       1.8877
   22273       1.8705
   22274       1.8641
   22275       1.8923
   22276       1.9331
   22277       1.9720
   22278       1.9311
   22279       1.9682
   22280       1.9207
   22281       1.9327
   22282       1.9476
   22283       1.9366
   22284       1.9948
   22285       2.0225
   22286       1.9949
   22287       1.9599
   22288       2.0402
   22289       2.0670
   22290       2.0273
   22291       2.0401
   22292       1.9285
   22293       2.0400
   22294       2.0511
   22295       2.0267
   22296       2.0626
   22297       2.0600
   22298       2.0627
   22299       2.0998
   22300       2.1104
   22301       2.1208
   22302       2.1420
   22303       2.0618
   22304       2.0689
   22305       2.0875
   22306       2.0626
   22307       2.0745
   22308       2.0564
   22309       2.0956
   22310       2.1237
   22311       2.0496
   22312       2.0369
   22313       1.9947
   22314       1.9890
   22315       1.9891
   22316       1.9403
   22317       1.9255
   22318       1.9846
   22319       1.9080
   22320       1.9853
   22321       1.9469
   22322       1.9586
   22323       1.9733
   22324       1.9601
   22325       1.9544
   22326       1.9983
   22327       1.9424
   22328       1.9720
   22329       1.9191
   22330       1.9553
   22331       1.9394
   22332       1.8914
   22333       1.8990
   22334       1.9069
   22335       1.9662
   22336       1.9438
   22337       1.9105
   22338       1.9128
   22339       1.9692
   22340       1.9197
   22341       1.9645
   22342       2.0196
   22343       1.9761
   22344       1.9597
   22345       1.9973
   22346       2.0491
   22347       1.9990
   22348       2.0289
   22349       2.0010
   22350       1.9808
   22351       1.9812
   22352       1.9957
   22353       1.9737
   22354       1.9941
   22355       1.9870
   22356       2.0190
   22357       1.9721
   22358       2.0428
   22359       2.0719
   22360       2.0610
   22361       2.1224
   22362       2.0802
   22363       2.0964
   22364       2.0898
   22365       2.1818
   22366       2.1311
   22367       2.0615
   22368       2.0321
   22369       2.0990
   22370       2.0760
   22371       2.0092
   22372       1.9889
   22373       2.0323
   22374       1.9937
   22375       1.9360
   22376       2.0061
   22377       1.9678
   22378       2.0411
   22379       1.9852
   22380       2.0569
   22381       2.0739
   22382       2.0333
   22383       2.0684
   22384       2.0409
   22385       2.0642
   22386       2.0991
   22387       2.1419
   22388       2.0282
   22389       2.0370
   22390       2.1064
   22391       2.0503
   22392       2.0464
   22393       2.0207
   22394       2.0532
   22395       2.0398
   22396       2.0765
   22397       2.0820
   22398       2.1056
   22399       2.0599
   22400       2.0871
   22401       2.0550
   22402       2.0446
   22403       2.0799
   22404       2.1010
   22405       2.0587
   22406       2.0510
   22407       2.1169
   22408       2.0361
   22409       2.0168
   22410       2.0499
   22411       2.0092
   22412       2.0206
   22413       2.0390
   22414       2.1027
   22415       2.0332
   22416       2.0065
   22417       2.0478
   22418       2.0542
   22419       2.0894
   22420       2.0635
   22421       2.0744
   22422       2.0378
   22423       2.0844
   22424       2.0937
   22425       2.0615
   22426       1.9960
   22427       1.9653
   22428       2.0360
   22429       2.0145
   22430       2.0310
   22431       1.9625
   22432       2.0210
   22433       1.9332
   22434       1.9917
   22435       2.0247
   22436       2.0057
   22437       2.0525
   22438       2.0342
   22439       2.0214
   22440       1.9782
   22441       2.0544
   22442       1.9410
   22443       1.9577
   22444       2.0138
   22445       2.0308
   22446       1.9614
   22447       1.9406
   22448       1.9832
   22449       2.0048
   22450       2.0488
   22451       2.0286
   22452       2.0510
   22453       2.0145
   22454       2.0250
   22455       2.0802
   22456       2.0085
   22457       2.0243
   22458       2.0161
   22459       1.9508
   22460       2.0154
   22461       1.9793
   22462       2.0429
   22463       2.0169
   22464       1.9958
   22465       2.0594
   22466       2.0140
   22467       2.0216
   22468       2.0262
   22469       2.0097
   22470       2.0271
   22471       1.9561
   22472       1.9813
   22473       1.9075
   22474       1.9326
   22475       1.9998
   22476       2.0231
   22477       1.9905
   22478       1.9281
   22479       2.0202
   22480       2.0237
   22481       2.0409
   22482       2.0000
   22483       2.0461
   22484       1.9956
   22485       2.0361
   22486       1.9759
   22487       1.9253
   22488       1.9580
   22489       1.9687
   22490       1.9966
   22491       1.9403
   22492       1.9613
   22493       1.9420
   22494       1.9126
   22495       1.9468
   22496       1.9335
   22497       1.9484
   22498       1.9512
   22499       1.9418
   22500       1.9515
   22501       1.9641
   22502       1.9734
   22503       2.0159
   22504       1.9703
   22505       2.0139
   22506       1.9939
   22507       1.9787
   22508       1.9698
   22509       1.9313
   22510       1.9496
   22511       1.8793
   22512       1.8913
   22513       1.8955
   22514       1.9322
   22515       1.9611
   22516       1.9134
   22517       1.9874
   22518       1.9718
   22519       1.9867
   22520       1.9752
   22521       2.0354
   22522       2.0505
   22523       1.9603
   22524       2.0328
   22525       1.9852
   22526       1.9562
   22527       1.9162
   22528       1.9012
   22529       1.9211
   22530       1.9929
   22531       1.9303
   22532       1.9883
   22533       1.9863
   22534       2.0328
   22535       2.0350
   22536       2.0155
   22537       2.0192
   22538       2.0001
   22539       2.0269
   22540       2.0500
   22541       2.0481
   22542       2.0334
   22543       2.0689
   22544       1.9844
   22545       1.9861
   22546       1.9890
   22547       2.0316
   22548       2.0415
   22549       2.0590
   22550       1.9812
   22551       2.0247
   22552       2.0056
   22553       1.9819
   22554       2.0534
   22555       2.0021
   22556       2.0355
   22557       2.0285
   22558       2.0426
   22559       1.9942
   22560       2.0084
   22561       2.0272
   22562       1.9585
   22563       1.9897
   22564       2.0429
   22565       2.0201
   22566       1.9954
   22567       2.0122
   22568       2.0443
   22569       1.9956
   22570       2.0219
   22571       2.0339
   22572       2.0113
   22573       2.0350
   22574       2.0496
   22575       2.0413
   22576       2.1288
   22577       2.0665
   22578       2.0418
   22579       1.9577
   22580       2.0564
   22581       2.0818
   22582       2.0086
   22583       2.0528
   22584       1.9845
   22585       2.0465
   22586       2.0610
   22587       2.0460
   22588       2.0654
   22589       1.9766
   22590       1.9549
   22591       1.9495
   22592       1.9934
   22593       2.0213
   22594       2.0059
   22595       1.9445
   22596       1.9817
   22597       1.9742
   22598       1.9630
   22599       1.9472
   22600       1.9648
   22601       1.9614
   22602       1.9481
   22603       2.0229
   22604       1.9860
   22605       2.0314
   22606       1.9788
   22607       2.0494
   22608       2.0165
   22609       1.8956
   22610       1.9930
   22611       1.9893
   22612       1.9812
   22613       1.9998
   22614       1.9701
   22615       1.9659
   22616       2.0371
   22617       2.0929
   22618       2.0635
   22619       2.0562
   22620       2.0356
   22621       2.0288
   22622       1.9992
   22623       2.0447
   22624       1.9797
   22625       1.9615
   22626       2.0127
   22627       2.0021
   22628       2.0692
   22629       2.0504
   22630       2.0905
   22631       2.0856
   22632       2.0838
   22633       2.0554
   22634       2.0924
   22635       2.0144
   22636       2.0553
   22637       2.0055
   22638       2.0172
   22639       1.9966
   22640       2.0301
   22641       2.0752
   22642       1.9951
   22643       2.0664
   22644       2.0069
   22645       2.0487
   22646       2.0582
   22647       2.0368
   22648       2.0691
   22649       2.0668
   22650       2.0195
   22651       2.0397
   22652       2.0707
   22653       2.0267
   22654       2.0333
   22655       2.1002
   22656       2.0417
   22657       2.0482
   22658       2.0526
   22659       2.0338
   22660       2.0692
   22661       2.0315
   22662       2.0582
   22663       2.0213
   22664       2.0068
   22665       1.9925
   22666       1.9914
   22667       1.9640
   22668       1.9991
   22669       1.9646
   22670       2.0211
   22671       2.0011
   22672       2.0209
   22673       2.0025
   22674       1.9864
   22675       1.9675
   22676       1.9483
   22677       1.9895
   22678       1.9378
   22679       1.9506
   22680       1.9702
   22681       1.9576
   22682       1.9831
   22683       1.9712
   22684       1.9661
   22685       2.0226
   22686       2.0297
   22687       1.9763
   22688       1.9699
   22689       2.0225
   22690       2.0072
   22691       1.9365
   22692       1.9031
   22693       1.9734
   22694       1.9426
   22695       1.8825
   22696       1.9476
   22697       1.9330
   22698       1.8909
   22699       1.9296
   22700       1.9441
   22701       1.8877
   22702       1.8700
   22703       1.9284
   22704       1.9969
   22705       1.9584
   22706       1.9634
   22707       1.9548
   22708       1.9237
   22709       1.8885
   22710       1.9185
   22711       1.9518
   22712       1.9269
   22713       1.9454
   22714       1.9105
   22715       1.8416
   22716       1.8726
   22717       1.8478
   22718       1.8768
   22719       1.8803
   22720       1.8724
   22721       1.8940
   22722       1.8672
   22723       1.9301
   22724       1.8837
   22725       1.9900
   22726       1.9387
   22727       1.9121
   22728       1.9414
   22729       1.8137
   22730       1.9074
   22731       1.9396
   22732       1.9354
   22733       1.9056
   22734       1.9277
   22735       1.9102
   22736       1.9677
   22737       1.9470
   22738       1.9474
   22739       1.8583
   22740       1.9456
   22741       1.9188
   22742       1.9554
   22743       1.8509
   22744       1.9326
   22745       1.9473
   22746       1.9416
   22747       1.9489
   22748       1.8878
   22749       1.8670
   22750       1.9278
   22751       1.9268
   22752       1.9178
   22753       1.8936
   22754       1.8838
   22755       1.9071
   22756       1.8971
   22757       1.9680
   22758       2.0345
   22759       1.9681
   22760       1.9504
   22761       1.9195
   22762       1.8878
   22763       1.9521
   22764       1.9329
   22765       1.8641
   22766       1.9090
   22767       1.9087
   22768       1.9271
   22769       1.9241
   22770       1.9108
   22771       1.9170
   22772       1.9347
   22773       1.8459
   22774       1.8821
   22775       1.8886
   22776       1.8454
   22777       1.8910
   22778       1.8403
   22779       1.9415
   22780       1.8355
   22781       1.8389
   22782       1.8101
   22783       1.8154
   22784       1.8800
   22785       1.8860
   22786       1.9021
   22787       1.8784
   22788       1.8530
   22789       1.8934
   22790       1.9067
   22791       1.9474
   22792       1.9047
   22793       1.8632
   22794       1.8729
   22795       1.9050
   22796       1.8967
   22797       1.9040
   22798       1.9066
   22799       1.9107
   22800       1.9146
   22801       1.8928
   22802       1.9080
   22803       1.8855
   22804       1.8694
   22805       1.9082
   22806       1.9379
   22807       1.9043
   22808       1.9333
   22809       1.9536
   22810       1.9452
   22811       1.9393
   22812       1.9598
   22813       1.9053
   22814       1.8816
   22815       1.8925
   22816       1.9607
   22817       1.9395
   22818       1.9473
   22819       2.0202
   22820       1.9857
   22821       1.9707
   22822       2.0260
   22823       2.0471
   22824       2.0024
   22825       1.9544
   22826       1.8715
   22827       1.8681
   22828       1.8630
   22829       1.9272
   22830       1.8945
   22831       1.9275
   22832       1.8779
   22833       1.9404
   22834       1.9113
   22835       1.9193
   22836       1.8901
   22837       1.9987
   22838       1.8967
   22839       1.9021
   22840       1.9206
   22841       1.9301
   22842       1.9518
   22843       1.9152
   22844       1.9268
   22845       1.9280
   22846       1.9073
   22847       1.9471
   22848       1.9298
   22849       1.8276
   22850       1.8841
   22851       1.9197
   22852       1.9175
   22853       1.9528
   22854       1.9870
   22855       1.9513
   22856       1.9461
   22857       2.0060
   22858       2.0056
   22859       2.0026
   22860       2.0232
   22861       1.9978
   22862       1.9883
   22863       2.0064
   22864       1.9522
   22865       1.9264
   22866       1.9587
   22867       1.9265
   22868       1.9566
   22869       1.9304
   22870       1.9171
   22871       1.9213
   22872       1.9342
   22873       1.9312
   22874       1.9385
   22875       1.9016
   22876       1.9825
   22877       1.9402
   22878       2.0055
   22879       1.9565
   22880       1.9605
   22881       1.9475
   22882       1.9370
   22883       2.0226
   22884       1.9445
   22885       1.9059
   22886       1.8678
   22887       1.8842
   22888       1.9614
   22889       1.9451
   22890       1.9586
   22891       1.9201
   22892       1.8932
   22893       1.8741
   22894       1.8743
   22895       1.8325
   22896       1.8838
   22897       1.8963
   22898       1.8424
   22899       1.8567
   22900       1.7949
   22901       1.8020
   22902       1.7744
   22903       1.8048
   22904       1.8213
   22905       1.8314
   22906       1.7984
   22907       1.7499
   22908       1.7610
   22909       1.7816
   22910       1.7683
   22911       1.8094
   22912       1.8543
   22913       1.9171
   22914       1.8734
   22915       1.9379
   22916       1.9163
   22917       1.9139
   22918       1.8736
   22919       1.8847
   22920       1.9051
   22921       1.8580
   22922       1.8776
   22923       1.9056
   22924       1.9115
   22925       1.9066
   22926       1.9035
   22927       1.8880
   22928       1.9089
   22929       1.9014
   22930       1.9478
   22931       1.9068
   22932       1.8753
   22933       1.9161
   22934       1.9126
   22935       1.9152
   22936       1.8835
   22937       1.8923
   22938       1.9470
   22939       1.9356
   22940       1.9387
   22941       1.9305
   22942       1.9362
   22943       1.9260
   22944       1.9628
   22945       1.9633
   22946       1.9343
   22947       1.9061
   22948       1.8604
   22949       1.9637
   22950       1.9378
   22951       1.9360
   22952       1.9438
   22953       1.9117
   22954       1.9631
   22955       1.9048
   22956       1.8974
   22957       1.9635
   22958       1.9701
   22959       1.9689
   22960       2.0045
   22961       1.9506
   22962       1.9460
   22963       1.9599
   22964       1.9164
   22965       1.9445
   22966       1.9591
   22967       1.9214
   22968       1.9130
   22969       1.8716
   22970       1.9371
   22971       1.9290
   22972       1.9709
   22973       1.9100
   22974       1.9281
   22975       1.9146
   22976       1.9118
   22977       1.9026
   22978       1.8966
   22979       1.8744
   22980       1.8853
   22981       1.9278
   22982       1.9283
   22983       1.9396
   22984       1.9837
   22985       1.9134
   22986       1.9066
   22987       1.8621
   22988       1.9117
   22989       2.0074
   22990       1.9847
   22991       1.9637
   22992       1.8923
   22993       1.9487
   22994       1.9665
   22995       1.9349
   22996       1.9729
   22997       2.0131
   22998       1.9756
   22999       1.9788
   23000       1.9513
   23001       1.9863
   23002       2.0024
   23003       2.0055
   23004       1.9895
   23005       1.9603
   23006       1.9663
   23007       1.9555
   23008       1.9233
   23009       1.9598
   23010       1.9682
   23011       2.0083
   23012       1.9619
   23013       1.9362
   23014       1.9959
   23015       1.9422
   23016       1.9290
   23017       1.9695
   23018       1.9584
   23019       1.9884
   23020       1.9688
   23021       1.9879
   23022       1.9511
   23023       1.9757
   23024       1.8888
   23025       1.9036
   23026       1.8996
   23027       1.9373
   23028       1.8848
   23029       1.9407
   23030       1.9568
   23031       1.8961
   23032       1.9219
   23033       1.8842
   23034       1.9608
   23035       1.9462
   23036       1.9959
   23037       1.9804
   23038       1.9736
   23039       1.9415
   23040       1.9800
   23041       2.0120
   23042       1.9979
   23043       2.0527
   23044       2.0497
   23045       1.9562
   23046       1.9497
   23047       1.9700
   23048       2.0667
   23049       2.0334
   23050       1.9890
   23051       2.0066
   23052       2.0696
   23053       2.0256
   23054       1.9962
   23055       2.0721
   23056       2.0279
   23057       2.0035
   23058       1.9801
   23059       1.9492
   23060       1.9295
   23061       1.9739
   23062       1.9210
   23063       1.9585
   23064       1.9417
   23065       1.9592
   23066       1.9825
   23067       2.0101
   23068       2.0285
   23069       2.0359
   23070       2.0154
   23071       2.0232
   23072       2.0147
   23073       2.0338
   23074       1.9832
   23075       2.0363
   23076       1.9561
   23077       1.9253
   23078       1.9038
   23079       1.9911
   23080       1.9936
   23081       2.0331
   23082       1.9817
   23083       1.9839
   23084       1.9905
   23085       2.0217
   23086       2.0034
   23087       2.0633
   23088       2.0126
   23089       1.9856
   23090       2.0259
   23091       2.1063
   23092       2.0536
   23093       2.0357
   23094       1.9889
   23095       1.9699
   23096       1.9789
   23097       1.9507
   23098       1.9972
   23099       1.9941
   23100       2.0212
   23101       2.0495
   23102       1.9504
   23103       1.9745
   23104       1.9126
   23105       2.0448
   23106       2.0276
   23107       2.0093
   23108       2.0091
   23109       2.0814
   23110       2.0309
   23111       2.0119
   23112       1.9917
   23113       1.9766
   23114       2.0160
   23115       2.0079
   23116       1.9901
   23117       1.9967
   23118       2.0031
   23119       2.0123
   23120       1.9852
   23121       2.0149
   23122       2.0072
   23123       1.9915
   23124       1.9897
   23125       2.0350
   23126       2.0027
   23127       1.9839
   23128       1.9065
   23129       1.9571
   23130       1.9728
   23131       1.9522
   23132       1.9895
   23133       1.9664
   23134       1.9830
   23135       1.9663
   23136       1.9930
   23137       1.9645
   23138       2.0103
   23139       2.0233
   23140       2.0011
   23141       1.9701
   23142       1.9423
   23143       1.9218
   23144       1.9230
   23145       1.9544
   23146       1.9472
   23147       1.9572
   23148       1.9566
   23149       1.9520
   23150       1.9621
   23151       2.0090
   23152       2.0482
   23153       1.9627
   23154       2.0343
   23155       1.9856
   23156       2.0093
   23157       1.9535
   23158       1.8981
   23159       1.9260
   23160       1.9563
   23161       1.9953
   23162       1.9859
   23163       2.0297
   23164       2.0815
   23165       2.0508
   23166       2.0676
   23167       2.0874
   23168       2.0623
   23169       1.9968
   23170       2.0294
   23171       2.0066
   23172       2.0291
   23173       1.9779
   23174       1.9703
   23175       1.9865
   23176       2.0018
   23177       2.0632
   23178       1.9703
   23179       1.9599
   23180       1.9165
   23181       2.0261
   23182       1.9740
   23183       1.9426
   23184       2.0008
   23185       1.9801
   23186       1.9991
   23187       1.9949
   23188       1.9721
   23189       2.0074
   23190       1.9903
   23191       2.0164
   23192       1.9836
   23193       1.9348
   23194       1.9705
   23195       2.0321
   23196       2.0451
   23197       2.0909
   23198       2.0585
   23199       2.0637
   23200       2.0116
   23201       1.9994
   23202       2.0111
   23203       2.0417
   23204       2.0219
   23205       2.0048
   23206       1.9947
   23207       1.9743
   23208       1.9753
   23209       1.9246
   23210       2.0288
   23211       2.0194
   23212       1.9479
   23213       1.9994
   23214       1.9728
   23215       2.0100
   23216       2.0084
   23217       2.0445
   23218       2.0418
   23219       1.9784
   23220       1.9634
   23221       1.9853
   23222       1.9232
   23223       1.9815
   23224       1.9742
   23225       1.9847
   23226       1.9720
   23227       1.9816
   23228       1.9974
   23229       1.9490
   23230       1.9529
   23231       1.9322
   23232       1.9584
   23233       1.9546
   23234       1.9105
   23235       1.9222
   23236       1.9534
   23237       1.9262
   23238       1.9444
   23239       1.9259
   23240       1.9887
   23241       1.9282
   23242       2.0195
   23243       1.9564
   23244       1.9881
   23245       1.9505
   23246       1.9696
   23247       1.9967
   23248       1.9745
   23249       1.9458
   23250       1.9927
   23251       1.9970
   23252       1.9994
   23253       1.9645
   23254       1.9292
   23255       1.9360
   23256       1.9488
   23257       2.0365
   23258       2.0017
   23259       1.9984
   23260       2.0459
   23261       1.9591
   23262       2.0296
   23263       1.9761
   23264       1.9494
   23265       1.9580
   23266       2.0609
   23267       2.0024
   23268       2.0155
   23269       1.9769
   23270       1.9857
   23271       1.9611
   23272       2.0311
   23273       1.9694
   23274       1.9701
   23275       2.0069
   23276       1.9703
   23277       1.9971
   23278       1.9973
   23279       2.0070
   23280       1.9324
   23281       2.0087
   23282       2.0211
   23283       1.9792
   23284       2.0145
   23285       1.9591
   23286       2.0244
   23287       2.0177
   23288       2.0392
   23289       1.9845
   23290       1.9521
   23291       1.9529
   23292       1.9055
   23293       1.9473
   23294       1.9945
   23295       1.9326
   23296       1.9256
   23297       1.8866
   23298       1.9626
   23299       1.9535
   23300       1.9200
   23301       1.9366
   23302       1.9279
   23303       1.9410
   23304       1.9157
   23305       1.9496
   23306       1.9798
   23307       1.8892
   23308       1.9189
   23309       1.9280
   23310       1.8958
   23311       1.9726
   23312       1.8828
   23313       1.9383
   23314       1.9139
   23315       1.8805
   23316       1.8860
   23317       1.9321
   23318       1.8824
   23319       1.9592
   23320       1.9019
   23321       1.9637
   23322       1.8756
   23323       1.9136
   23324       1.9057
   23325       1.9964
   23326       1.9365
   23327       1.9440
   23328       1.9920
   23329       1.9926
   23330       1.9891
   23331       1.9975
   23332       1.9201
   23333       1.9434
   23334       1.8878
   23335       1.8779
   23336       1.8751
   23337       1.8613
   23338       1.9162
   23339       1.8840
   23340       1.9570
   23341       1.9488
   23342       2.0088
   23343       2.0015
   23344       1.9264
   23345       1.9556
   23346       1.9019
   23347       1.9539
   23348       2.0145
   23349       2.0048
   23350       1.9974
   23351       1.9578
   23352       1.9825
   23353       1.9567
   23354       2.0017
   23355       2.0598
   23356       1.9897
   23357       1.9886
   23358       1.9702
   23359       2.0352
   23360       2.0253
   23361       2.0620
   23362       2.0986
   23363       2.1010
   23364       2.0363
   23365       1.9606
   23366       1.9807
   23367       1.9129
   23368       1.9550
   23369       1.9199
   23370       1.9260
   23371       1.9348
   23372       1.9491
   23373       1.9029
   23374       1.9588
   23375       1.9462
   23376       1.9063
   23377       1.9883
   23378       1.9709
   23379       1.9754
   23380       2.0309
   23381       1.9917
   23382       2.0185
   23383       1.9724
   23384       1.9851
   23385       2.0364
   23386       2.0529
   23387       2.0118
   23388       1.9583
   23389       1.9541
   23390       1.9999
   23391       1.9722
   23392       2.0108
   23393       2.0265
   23394       1.9843
   23395       1.9800
   23396       2.0034
   23397       2.0046
   23398       1.9857
   23399       2.0252
   23400       1.9905
   23401       2.0327
   23402       2.0587
   23403       2.0052
   23404       2.0185
   23405       2.0772
   23406       2.0546
   23407       2.1229
   23408       2.1150
   23409       2.0551
   23410       2.0746
   23411       2.0911
   23412       2.0267
   23413       2.0355
   23414       2.0970
   23415       2.0319
   23416       1.9931
   23417       2.0519
   23418       1.9778
   23419       1.9657
   23420       2.0078
   23421       2.0413
   23422       2.0804
   23423       2.0646
   23424       1.9899
   23425       1.9806
   23426       2.0351
   23427       1.9616
   23428       2.0621
   23429       2.0156
   23430       2.0767
   23431       2.1141
   23432       2.0901
   23433       2.0944
   23434       2.0881
   23435       2.0317
   23436       2.0108
   23437       2.0347
   23438       2.0593
   23439       2.0023
   23440       2.0256
   23441       2.0818
   23442       2.0365
   23443       2.0835
   23444       2.0949
   23445       2.1128
   23446       2.0302
   23447       2.0773
   23448       2.0603
   23449       2.0349
   23450       1.9933
   23451       2.0106
   23452       1.9570
   23453       1.9491
   23454       1.9878
   23455       2.0232
   23456       2.0256
   23457       2.0143
   23458       1.9674
   23459       1.9763
   23460       2.0176
   23461       2.0542
   23462       2.1344
   23463       2.0526
   23464       2.0610
   23465       2.0398
   23466       2.0826
   23467       2.0506
   23468       2.0922
   23469       2.0480
   23470       2.0709
   23471       2.0678
   23472       2.1316
   23473       2.0998
   23474       1.9855
   23475       2.0357
   23476       2.0608
   23477       2.0897
   23478       2.0676
   23479       2.1216
   23480       2.0926
   23481       2.1085
   23482       2.0523
   23483       2.0891
   23484       2.0881
   23485       2.0794
   23486       2.0489
   23487       2.0826
   23488       2.0182
   23489       2.1191
   23490       2.0342
   23491       2.0844
   23492       2.0507
   23493       2.0673
   23494       2.0730
   23495       2.0955
   23496       2.0606
   23497       2.0498
   23498       2.1167
   23499       2.0244
   23500       2.0589
   23501       2.0413
   23502       1.9937
   23503       1.9944
   23504       2.0256
   23505       1.9464
   23506       1.9688
   23507       1.9364
   23508       1.9303
   23509       1.9803
   23510       2.0287
   23511       1.9982
   23512       1.9900
   23513       2.0163
   23514       2.0191
   23515       2.1229
   23516       2.0727
   23517       2.0605
   23518       2.0669
   23519       2.1185
   23520       2.0983
   23521       2.0175
   23522       2.0048
   23523       2.0421
   23524       2.0277
   23525       1.9983
   23526       1.9962
   23527       2.0516
   23528       2.0201
   23529       2.0478
   23530       2.0385
   23531       2.0499
   23532       2.0218
   23533       2.0246
   23534       2.0274
   23535       2.0039
   23536       2.0474
   23537       2.0479
   23538       2.0360
   23539       2.0359
   23540       2.0311
   23541       2.0015
   23542       1.9770
   23543       1.9442
   23544       1.9876
   23545       2.0018
   23546       2.0115
   23547       1.9810
   23548       1.9271
   23549       1.9489
   23550       1.9945
   23551       1.9429
   23552       1.9576
   23553       1.9295
   23554       1.9551
   23555       1.8945
   23556       1.9464
   23557       1.9894
   23558       2.0073
   23559       1.9902
   23560       2.0476
   23561       2.0584
   23562       2.0040
   23563       1.9717
   23564       1.9848
   23565       2.0220
   23566       2.0616
   23567       2.0498
   23568       2.0384
   23569       1.9767
   23570       1.9714
   23571       2.0335
   23572       2.0078
   23573       1.9574
   23574       2.0729
   23575       2.0210
   23576       2.0117
   23577       1.9884
   23578       1.9936
   23579       2.0739
   23580       2.0656
   23581       2.0824
   23582       1.9975
   23583       1.9617
   23584       2.0141
   23585       1.9795
   23586       1.9796
   23587       2.0488
   23588       1.9986
   23589       1.9012
   23590       2.0292
   23591       2.0365
   23592       2.0254
   23593       2.0529
   23594       1.9897
   23595       2.0175
   23596       2.0580
   23597       2.0932
   23598       2.0369
   23599       2.0186
   23600       2.0608
   23601       2.0725
   23602       2.0839
   23603       2.1571
   23604       2.1299
   23605       2.1623
   23606       2.1193
   23607       2.1167
   23608       2.1047
   23609       2.1084
   23610       2.1042
   23611       2.0752
   23612       2.0707
   23613       2.0389
   23614       2.0305
   23615       2.0309
   23616       1.9994
   23617       1.9669
   23618       2.0408
   23619       2.0586
   23620       2.0218
   23621       2.0670
   23622       1.9915
   23623       2.0269
   23624       2.0243
   23625       1.9944
   23626       1.9619
   23627       1.9925
   23628       2.0140
   23629       2.0160
   23630       2.0145
   23631       2.0739
   23632       2.0909
   23633       2.1126
   23634       2.1282
   23635       2.0528
   23636       2.0346
   23637       2.0467
   23638       2.0561
   23639       2.1028
   23640       2.0978
   23641       2.0106
   23642       2.0615
   23643       2.0515
   23644       2.0514
   23645       2.0417
   23646       2.0067
   23647       2.0359
   23648       2.0156
   23649       2.0262
   23650       1.9546
   23651       2.0214
   23652       1.9701
   23653       2.0533
   23654       2.0663
   23655       2.0916
   23656       2.0192
   23657       2.0090
   23658       2.0110
   23659       1.9950
   23660       2.0292
   23661       2.0318
   23662       1.9575
   23663       1.9448
   23664       1.9352
   23665       1.9965
   23666       1.9618
   23667       1.9714
   23668       1.9421
   23669       1.9143
   23670       1.9899
   23671       1.9475
   23672       2.0022
   23673       2.0068
   23674       1.9786
   23675       1.9953
   23676       1.9899
   23677       1.9715
   23678       1.9444
   23679       1.9077
   23680       2.0145
   23681       1.9474
   23682       1.9551
   23683       1.9677
   23684       1.9142
   23685       1.8807
   23686       1.8890
   23687       1.8928
   23688       1.9071
   23689       1.9530
   23690       1.9191
   23691       1.9706
   23692       1.8952
   23693       1.9240
   23694       1.8256
   23695       1.8884
   23696       1.9032
   23697       1.8804
   23698       1.9172
   23699       1.8870
   23700       1.8660
   23701       1.9517
   23702       1.9028
   23703       1.9053
   23704       1.9107
   23705       1.9616
   23706       1.9206
   23707       1.9599
   23708       1.9513
   23709       1.9646
   23710       1.9212
   23711       1.8934
   23712       1.9157
   23713       1.9182
   23714       1.9050
   23715       1.9472
   23716       1.8818
   23717       1.9079
   23718       1.9417
   23719       1.9476
   23720       1.9495
   23721       1.9124
   23722       1.9456
   23723       1.9806
   23724       1.8789
   23725       1.9305
   23726       1.9782
   23727       1.9366
   23728       1.8981
   23729       1.8872
   23730       1.9764
   23731       1.9277
   23732       1.9115
   23733       1.9229
   23734       1.9299
   23735       1.8830
   23736       1.8326
   23737       1.8655
   23738       1.8603
   23739       1.8776
   23740       1.8750
   23741       1.8739
   23742       1.9388
   23743       1.8434
   23744       1.8722
   23745       1.8546
   23746       1.8075
   23747       1.8484
   23748       1.8590
   23749       1.8929
   23750       1.9067
   23751       1.9004
   23752       1.9703
   23753       1.9820
   23754       1.9134
   23755       1.9551
   23756       1.9606
   23757       1.9075
   23758       1.9020
   23759       1.8411
   23760       1.9100
   23761       1.8871
   23762       1.8940
   23763       1.9743
   23764       1.8838
   23765       1.9229
   23766       1.9148
   23767       1.9518
   23768       1.9392
   23769       1.9051
   23770       1.8765
   23771       1.8914
   23772       1.9826
   23773       1.9345
   23774       1.9358
   23775       1.9582
   23776       1.9824
   23777       1.9471
   23778       2.0037
   23779       1.9610
   23780       1.9666
   23781       1.9557
   23782       1.9882
   23783       1.9234
   23784       1.9017
   23785       1.9346
   23786       1.9358
   23787       1.9707
   23788       1.9010
   23789       1.9005
   23790       1.8836
   23791       1.9076
   23792       1.8605
   23793       1.9258
   23794       1.9030
   23795       1.9539
   23796       1.9054
   23797       1.9414
   23798       1.9833
   23799       1.9659
   23800       1.9628
   23801       2.0494
   23802       2.0198
   23803       1.9496
   23804       1.9632
   23805       2.0048
   23806       1.9545
   23807       1.9116
   23808       1.9587
   23809       1.9250
   23810       1.9674
   23811       1.9486
   23812       2.0834
   23813       2.0365
   23814       2.0453
   23815       2.0269
   23816       2.0019
   23817       1.9537
   23818       1.9649
   23819       2.0542
   23820       1.9767
   23821       2.0192
   23822       2.0567
   23823       2.0087
   23824       2.0298
   23825       2.0773
   23826       2.0671
   23827       2.0691
   23828       2.0026
   23829       2.0019
   23830       2.0393
   23831       1.9573
   23832       2.0039
   23833       1.9983
   23834       2.0330
   23835       1.9509
   23836       2.0117
   23837       2.0231
   23838       1.9658
   23839       1.9589
   23840       1.9693
   23841       1.9070
   23842       1.9350
   23843       1.8932
   23844       1.8582
   23845       1.9411
   23846       1.9346
   23847       1.9331
   23848       1.9010
   23849       1.9722
   23850       1.9431
   23851       1.9066
   23852       1.9208
   23853       1.8915
   23854       1.9363
   23855       1.9089
   23856       1.8990
   23857       1.8765
   23858       1.9268
   23859       1.9085
   23860       1.9500
   23861       1.9327
   23862       1.9833
   23863       1.9564
   23864       1.9646
   23865       1.9577
   23866       1.9566
   23867       1.9541
   23868       1.9160
   23869       1.9518
   23870       1.9006
   23871       1.9260
   23872       1.9781
   23873       2.0489
   23874       1.9693
   23875       1.9315
   23876       1.9292
   23877       1.9216
   23878       1.9131
   23879       1.8967
   23880       1.9364
   23881       1.9012
   23882       1.9285
   23883       2.0136
   23884       1.9219
   23885       1.9815
   23886       2.0181
   23887       1.9618
   23888       1.9639
   23889       2.0008
   23890       1.9416
   23891       1.9314
   23892       1.9370
   23893       1.9458
   23894       1.9207
   23895       1.9863
   23896       1.9998
   23897       2.0115
   23898       1.9708
   23899       1.9860
   23900       2.0173
   23901       1.9837
   23902       1.9997
   23903       1.9775
   23904       2.0014
   23905       2.0551
   23906       2.0301
   23907       1.9989
   23908       1.9859
   23909       2.0484
   23910       2.0684
   23911       2.0620
   23912       2.0565
   23913       2.1277
   23914       2.0853
   23915       2.0789
   23916       2.0611
   23917       2.0697
   23918       2.0538
   23919       2.0630
   23920       1.9815
   23921       2.0495
   23922       2.0609
   23923       2.0290
   23924       1.9202
   23925       1.9449
   23926       1.9832
   23927       2.0201
   23928       2.0359
   23929       2.0118
   23930       2.0165
   23931       2.0229
   23932       2.0476
   23933       2.0794
   23934       1.9829
   23935       2.0118
   23936       2.0207
   23937       1.9513
   23938       1.9852
   23939       1.9168
   23940       1.9718
   23941       2.0075
   23942       1.9668
   23943       2.0024
   23944       2.0037
   23945       2.0335
   23946       2.0395
   23947       2.0497
   23948       2.0227
   23949       2.0459
   23950       2.0831
   23951       2.1448
   23952       2.0371
   23953       2.0230
   23954       1.9886
   23955       2.0539
   23956       2.0066
   23957       2.0613
   23958       2.0385
   23959       2.0501
   23960       2.0270
   23961       1.9689
   23962       2.0387
   23963       2.0274
   23964       2.0200
   23965       2.0084
   23966       1.9858
   23967       2.0570
   23968       2.0528
   23969       2.0772
   23970       2.0406
   23971       2.0464
   23972       2.0464
   23973       2.0057
   23974       1.9656
   23975       2.0065
   23976       2.0290
   23977       2.0202
   23978       2.0492
   23979       2.0598
   23980       2.0747
   23981       2.0429
   23982       2.1118
   23983       2.0431
   23984       2.0714
   23985       2.0539
   23986       2.0568
   23987       1.9666
   23988       2.0295
   23989       2.1169
   23990       2.1261
   23991       2.0595
   23992       2.0383
   23993       2.0483
   23994       2.0523
   23995       2.0517
   23996       2.0476
   23997       2.0188
   23998       2.0447
   23999       2.0450
   24000       2.0442
   24001       2.0527
   24002       2.0186
   24003       2.0441
   24004       2.0486
   24005       2.0730
   24006       2.0374
   24007       2.0733
   24008       2.0174
   24009       2.0279
   24010       2.0281
   24011       2.0367
   24012       2.0428
   24013       2.0753
   24014       2.0349
   24015       1.9781
   24016       2.0425
   24017       2.0042
   24018       2.0569
   24019       1.9901
   24020       2.0232
   24021       2.0269
   24022       2.0580
   24023       2.0199
   24024       2.0190
   24025       2.1463
   24026       2.0891
   24027       1.9796
   24028       1.9962
   24029       2.0153
   24030       2.0506
   24031       1.9824
   24032       1.9956
   24033       2.0531
   24034       2.0221
   24035       2.0066
   24036       2.0069
   24037       1.9804
   24038       1.9826
   24039       1.9941
   24040       1.9722
   24041       1.9968
   24042       2.0269
   24043       2.0634
   24044       2.0885
   24045       2.0581
   24046       2.0066
   24047       2.0940
   24048       2.0814
   24049       2.0780
   24050       2.0501
   24051       2.0888
   24052       2.0281
   24053       2.0505
   24054       2.0302
   24055       2.0722
   24056       2.0791
   24057       2.0450
   24058       2.0186
   24059       2.0678
   24060       2.0141
   24061       2.0852
   24062       2.0625
   24063       2.0680
   24064       2.1166
   24065       2.1785
   24066       2.0878
   24067       2.0667
   24068       2.0838
   24069       2.0839
   24070       2.0840
   24071       2.1642
   24072       2.0846
   24073       2.0652
   24074       2.0343
   24075       2.0315
   24076       2.0761
   24077       2.0947
   24078       2.0644
   24079       2.0876
   24080       2.0893
   24081       2.0582
   24082       2.0583
   24083       2.0482
   24084       2.0843
   24085       2.0363
   24086       1.9759
   24087       2.0507
   24088       2.0305
   24089       2.0903
   24090       2.0885
   24091       2.0801
   24092       2.1064
   24093       2.1249
   24094       2.0953
   24095       2.1103
   24096       2.0782
   24097       2.0613
   24098       2.0355
   24099       2.0524
   24100       2.0484
   24101       2.0936
   24102       2.1068
   24103       2.0880
   24104       2.0325
   24105       2.1093
   24106       2.0971
   24107       2.1505
   24108       2.0788
   24109       2.0756
   24110       2.1504
   24111       2.1490
   24112       2.1127
   24113       2.0461
   24114       2.0376
   24115       2.0533
   24116       1.9938
   24117       2.0314
   24118       1.9937
   24119       1.9829
   24120       2.0417
   24121       1.9794
   24122       2.0102
   24123       2.0084
   24124       1.9711
   24125       2.0384
   24126       2.0160
   24127       2.0133
   24128       2.0148
   24129       1.9954
   24130       2.0595
   24131       2.0087
   24132       2.0776
   24133       2.0643
   24134       2.0526
   24135       2.1110
   24136       2.0904
   24137       2.0811
   24138       2.0524
   24139       2.1076
   24140       2.1034
   24141       2.0368
   24142       2.1187
   24143       2.0473
   24144       2.0869
   24145       2.1264
   24146       2.1188
   24147       2.1263
   24148       2.1219
   24149       2.1022
   24150       2.0659
   24151       2.1349
   24152       2.1292
   24153       2.0826
   24154       2.0939
   24155       2.0891
   24156       2.0584
   24157       2.1437
   24158       2.0917
   24159       2.0943
   24160       2.0367
   24161       2.0952
   24162       2.0290
   24163       1.9873
   24164       2.0300
   24165       2.0024
   24166       2.0707
   24167       1.9718
   24168       2.0390
   24169       2.0713
   24170       2.0677
   24171       2.0473
   24172       2.1290
   24173       2.0857
   24174       2.0175
   24175       2.0416
   24176       2.0351
   24177       2.0133
   24178       2.0864
   24179       2.0993
   24180       2.0428
   24181       2.0344
   24182       1.9544
   24183       2.0204
   24184       2.0308
   24185       2.1398
   24186       2.1687
   24187       2.1299
   24188       2.1120
   24189       2.0877
   24190       2.0362
   24191       2.0835
   24192       2.0551
   24193       2.0530
   24194       2.0297
   24195       2.0729
   24196       2.0667
   24197       2.2038
   24198       2.1709
   24199       2.1104
   24200       2.1221
   24201       2.1153
   24202       2.0755
   24203       2.1374
   24204       2.1844
   24205       2.1338
   24206       2.1256
   24207       2.0794
   24208       2.1004
   24209       2.1086
   24210       2.1606
   24211       2.1566
   24212       2.1772
   24213       2.1324
   24214       2.2257
   24215       2.1369
   24216       2.1050
   24217       2.0886
   24218       2.1388
   24219       2.1098
   24220       2.1384
   24221       2.0870
   24222       2.0784
   24223       2.0800
   24224       2.0592
   24225       2.1115
   24226       2.1109
   24227       2.0964
   24228       2.1088
   24229       2.1570
   24230       2.1234
   24231       2.1551
   24232       2.1273
   24233       2.0452
   24234       2.0656
   24235       2.0445
   24236       2.0269
   24237       2.0778
   24238       2.0701
   24239       2.0458
   24240       2.0476
   24241       2.0744
   24242       2.1296
   24243       2.0894
   24244       2.0747
   24245       2.0326
   24246       1.9414
   24247       1.9984
   24248       2.0563
   24249       2.0220
   24250       1.9796
   24251       1.9880
   24252       1.9559
   24253       1.9842
   24254       1.9427
   24255       2.0223
   24256       1.9843
   24257       1.9517
   24258       1.9585
   24259       1.9632
   24260       1.9627
   24261       1.9484
   24262       1.9424
   24263       2.0365
   24264       1.9787
   24265       2.0350
   24266       2.0020
   24267       2.0062
   24268       1.9896
   24269       2.0206
   24270       2.0155
   24271       2.0419
   24272       2.0695
   24273       2.0057
   24274       2.0409
   24275       1.9914
   24276       2.0136
   24277       2.0214
   24278       1.9803
   24279       1.9754
   24280       1.9926
   24281       1.9445
   24282       1.9950
   24283       1.9685
   24284       1.9322
   24285       1.9498
   24286       1.9886
   24287       1.9503
   24288       2.0158
   24289       2.0233
   24290       1.9553
   24291       2.0015
   24292       2.0021
   24293       1.9857
   24294       1.9936
   24295       2.0193
   24296       1.9955
   24297       1.9816
   24298       1.9726
   24299       1.9880
   24300       1.9828
   24301       2.0335
   24302       2.1060
   24303       2.0707
   24304       2.0647
   24305       2.0411
   24306       2.0436
   24307       2.1254
   24308       2.0775
   24309       2.0660
   24310       2.0837
   24311       2.0925
   24312       2.0761
   24313       1.9745
   24314       2.0545
   24315       1.9612
   24316       1.9559
   24317       1.9356
   24318       2.0276
   24319       1.9515
   24320       1.9890
   24321       1.9719
   24322       1.9990
   24323       1.9974
   24324       2.0117
   24325       2.0015
   24326       1.9749
   24327       2.0408
   24328       1.9735
   24329       2.0137
   24330       1.9940
   24331       1.9749
   24332       2.0419
   24333       2.0598
   24334       2.0810
   24335       2.1056
   24336       2.0764
   24337       1.9964
   24338       2.0544
   24339       2.0542
   24340       2.0784
   24341       2.0685
   24342       2.0413
   24343       2.0574
   24344       2.0440
   24345       2.0078
   24346       2.0339
   24347       2.0675
   24348       2.0291
   24349       2.0317
   24350       2.0450
   24351       2.0485
   24352       2.0710
   24353       2.0428
   24354       2.0690
   24355       2.0522
   24356       2.0602
   24357       2.0754
   24358       2.0602
   24359       2.0165
   24360       1.9690
   24361       2.0478
   24362       1.9834
   24363       1.9965
   24364       2.0461
   24365       1.9962
   24366       2.0446
   24367       1.9782
   24368       2.0110
   24369       1.9738
   24370       1.9804
   24371       2.0444
   24372       1.9937
   24373       2.0918
   24374       2.0936
   24375       2.0609
   24376       2.0090
   24377       2.0468
   24378       2.0698
   24379       2.0872
   24380       2.1107
   24381       2.0707
   24382       2.0629
   24383       2.0171
   24384       2.0257
   24385       2.0505
   24386       1.9976
   24387       1.9976
   24388       2.0642
   24389       2.0404
   24390       2.0721
   24391       2.0268
   24392       2.0162
   24393       1.9737
   24394       2.0622
   24395       2.0308
   24396       2.0300
   24397       2.1247
   24398       2.1480
   24399       2.1046
   24400       2.0613
   24401       2.0645
   24402       2.0334
   24403       2.0733
   24404       2.0641
   24405       1.9785
   24406       2.0123
   24407       1.9959
   24408       2.0172
   24409       2.0758
   24410       2.1531
   24411       2.0681
   24412       1.9911
   24413       2.0012
   24414       2.0064
   24415       2.0459
   24416       2.0073
   24417       2.0050
   24418       2.0174
   24419       2.0293
   24420       1.9936
   24421       1.9890
   24422       1.9703
   24423       2.0046
   24424       1.9981
   24425       1.9879
   24426       2.0233
   24427       2.0042
   24428       2.0170
   24429       2.0038
   24430       2.0101
   24431       2.0278
   24432       2.0764
   24433       2.0960
   24434       2.1502
   24435       2.0399
   24436       2.0792
   24437       2.1477
   24438       2.0603
   24439       2.1087
   24440       2.1114
   24441       2.1144
   24442       2.0846
   24443       2.0634
   24444       2.0626
   24445       2.0076
   24446       2.0134
   24447       1.9916
   24448       2.0012
   24449       2.0655
   24450       2.0188
   24451       2.0019
   24452       2.1178
   24453       2.0340
   24454       2.0739
   24455       2.0790
   24456       2.0607
   24457       2.0080
   24458       1.9616
   24459       2.0068
   24460       1.9828
   24461       1.9739
   24462       2.0184
   24463       1.9736
   24464       1.9172
   24465       1.9837
   24466       1.9430
   24467       1.9932
   24468       2.0266
   24469       2.1132
   24470       1.9823
   24471       1.9554
   24472       1.9279
   24473       1.9052
   24474       1.9908
   24475       2.0049
   24476       1.9349
   24477       1.9833
   24478       2.0008
   24479       1.9958
   24480       2.0456
   24481       1.9928
   24482       2.0192
   24483       1.9688
   24484       1.9851
   24485       2.0009
   24486       1.9142
   24487       1.9317
   24488       1.9356
   24489       1.9750
   24490       1.9150
   24491       1.9658
   24492       1.9475
   24493       1.9049
   24494       1.9737
   24495       1.9633
   24496       2.0086
   24497       2.0002
   24498       2.0112
   24499       2.0043
   24500       2.0232
   24501       1.9819
   24502       2.0476
   24503       1.9882
   24504       2.0019
   24505       1.9939
   24506       1.9682
   24507       1.9717
   24508       1.9092
   24509       1.9234
   24510       1.9446
   24511       1.9360
   24512       1.9424
   24513       1.8906
   24514       2.0110
   24515       1.9693
   24516       2.1273
   24517       2.0602
   24518       2.0863
   24519       1.9976
   24520       1.9731
   24521       2.0162
   24522       1.9720
   24523       1.9697
   24524       1.9617
   24525       1.9206
   24526       1.9560
   24527       1.9746
   24528       1.9291
   24529       2.0131
   24530       1.9978
   24531       1.9681
   24532       1.9460
   24533       1.9591
   24534       1.9912
   24535       1.9364
   24536       1.9381
   24537       1.9732
   24538       1.9529
   24539       1.9935
   24540       1.9683
   24541       1.9646
   24542       1.9669
   24543       1.9389
   24544       1.9944
   24545       1.9697
   24546       1.9700
   24547       1.9077
   24548       1.9103
   24549       1.8686
   24550       1.9506
   24551       1.9521
   24552       1.9348
   24553       1.8749
   24554       1.9829
   24555       1.9208
   24556       1.9741
   24557       1.9343
   24558       1.9818
   24559       1.9053
   24560       1.9372
   24561       1.8840
   24562       1.8972
   24563       1.9695
   24564       1.9920
   24565       1.9674
   24566       1.9922
   24567       2.0050
   24568       2.0228
   24569       2.0606
   24570       2.0159
   24571       2.0222
   24572       2.0310
   24573       1.9450
   24574       1.9834
   24575       1.9278
   24576       1.8877
   24577       1.8664
   24578       1.8584
   24579       1.9132
   24580       1.8637
   24581       1.8658
   24582       1.9712
   24583       1.9509
   24584       1.9586
   24585       1.9606
   24586       1.9875
   24587       1.9573
   24588       1.9434
   24589       1.9364
   24590       1.9759
   24591       1.9558
   24592       1.9579
   24593       2.0341
   24594       2.0284
   24595       2.0518
   24596       2.0440
   24597       2.0222
   24598       2.0352
   24599       2.0760
   24600       2.0722
   24601       2.0479
   24602       2.0578
   24603       2.0247
   24604       2.0291
   24605       2.0261
   24606       1.9583
   24607       1.9725
   24608       1.9949
   24609       2.0300
   24610       1.9976
   24611       2.0871
   24612       2.0951
   24613       2.0353
   24614       1.9967
   24615       2.0158
   24616       2.0301
   24617       2.0840
   24618       2.0373
   24619       2.0621
   24620       2.1574
   24621       2.0524
   24622       2.0927
   24623       2.0815
   24624       2.0026
   24625       2.0104
   24626       2.0576
   24627       2.0554
   24628       2.0754
   24629       2.0654
   24630       2.0848
   24631       2.0811
   24632       2.1397
   24633       2.1582
   24634       2.0859
   24635       2.0175
   24636       2.0280
   24637       2.0696
   24638       2.1362
   24639       2.0862
   24640       2.0456
   24641       2.0398
   24642       2.0143
   24643       2.0621
   24644       2.0129
   24645       2.0904
   24646       2.0229
   24647       2.0156
   24648       1.9972
   24649       1.9546
   24650       1.9958
   24651       1.9467
   24652       1.9864
   24653       2.0341
   24654       2.0329
   24655       2.0108
   24656       1.9793
   24657       2.0456
   24658       2.0397
   24659       1.9956
   24660       2.0010
   24661       2.0061
   24662       1.9961
   24663       1.9748
   24664       1.9899
   24665       2.0142
   24666       2.0404
   24667       2.0209
   24668       2.0357
   24669       2.0452
   24670       1.9699
   24671       1.9518
   24672       1.9981
   24673       2.0421
   24674       2.0223
   24675       1.9781
   24676       1.9707
   24677       1.9538
   24678       1.9713
   24679       1.9319
   24680       1.9967
   24681       1.9445
   24682       1.9739
   24683       1.9977
   24684       1.9778
   24685       1.9511
   24686       1.9922
   24687       2.0043
   24688       2.0364
   24689       1.9698
   24690       2.0167
   24691       2.0901
   24692       1.9978
   24693       1.9748
   24694       2.0469
   24695       1.9750
   24696       1.9858
   24697       2.0262
   24698       2.0235
   24699       2.0270
   24700       2.0255
   24701       1.9925
   24702       2.0364
   24703       2.0305
   24704       1.9653
   24705       1.9759
   24706       1.9956
   24707       1.9514
   24708       1.9660
   24709       1.9444
   24710       1.9369
   24711       1.9674
   24712       1.9619
   24713       1.9732
   24714       1.9965
   24715       1.9883
   24716       1.9904
   24717       1.9543
   24718       1.9606
   24719       1.9128
   24720       1.9419
   24721       1.9231
   24722       1.9428
   24723       1.9489
   24724       1.9267
   24725       1.9297
   24726       1.9770
   24727       1.8583
   24728       1.9469
   24729       1.9210
   24730       1.9163
   24731       1.9554
   24732       2.0305
   24733       1.9586
   24734       1.8653
   24735       1.9166
   24736       1.8880
   24737       1.9191
   24738       1.9453
   24739       1.9260
   24740       1.9191
   24741       1.9106
   24742       1.9093
   24743       1.9496
   24744       1.9807
   24745       1.9907
   24746       1.9534
   24747       2.0316
   24748       1.9847
   24749       1.9973
   24750       2.0015
   24751       2.0229
   24752       1.9797
   24753       1.9397
   24754       1.9705
   24755       1.9884
   24756       2.0204
   24757       2.0075
   24758       2.0394
   24759       1.9927
   24760       1.9462
   24761       1.9769
   24762       1.9617
   24763       2.0054
   24764       1.9539
   24765       2.0139
   24766       2.0138
   24767       1.9097
   24768       1.9929
   24769       1.9281
   24770       1.9307
   24771       1.9230
   24772       1.9207
   24773       1.9692
   24774       1.9433
   24775       1.9242
   24776       1.9620
   24777       1.9605
   24778       1.9465
   24779       1.9711
   24780       1.9532
   24781       1.9072
   24782       1.9910
   24783       1.9933
   24784       1.9522
   24785       1.9172
   24786       1.9898
   24787       1.9026
   24788       1.9278
   24789       1.9781
   24790       2.0110
   24791       1.9720
   24792       1.9673
   24793       1.9067
   24794       1.9144
   24795       2.0030
   24796       2.0285
   24797       1.9706
   24798       1.9791
   24799       1.9895
   24800       1.9747
   24801       1.9653
   24802       1.9988
   24803       2.0367
   24804       2.0149
   24805       1.9754
   24806       2.0306
   24807       2.0137
   24808       1.9857
   24809       2.0064
   24810       1.9661
   24811       1.9644
   24812       1.9538
   24813       2.0162
   24814       2.0195
   24815       1.9780
   24816       2.0178
   24817       2.0123
   24818       1.9835
   24819       1.9678
   24820       1.9465
   24821       1.9668
   24822       1.9614
   24823       1.9663
   24824       2.0081
   24825       1.9707
   24826       1.9349
   24827       1.9205
   24828       1.9610
   24829       1.9688
   24830       1.9451
   24831       1.9047
   24832       1.9030
   24833       1.9590
   24834       1.9343
   24835       1.9599
   24836       1.9487
   24837       1.9802
   24838       1.9539
   24839       1.9579
   24840       1.9254
   24841       1.8369
   24842       1.8546
   24843       1.9129
   24844       1.8609
   24845       1.8670
   24846       1.9124
   24847       1.8967
   24848       1.8766
   24849       1.9405
   24850       1.9307
   24851       1.8892
   24852       1.8619
   24853       1.8560
   24854       1.8602
   24855       1.8560
   24856       1.8420
   24857       1.8902
   24858       1.8507
   24859       1.8882
   24860       1.9658
   24861       1.9610
   24862       1.9375
   24863       1.8948
   24864       1.9338
   24865       1.9110
   24866       1.8982
   24867       1.9240
   24868       1.9291
   24869       1.9105
   24870       1.9151
   24871       1.9239
   24872       1.9061
   24873       1.9073
   24874       1.9288
   24875       1.9222
   24876       1.8797
   24877       1.9318
   24878       1.8695
   24879       1.8712
   24880       1.8949
   24881       1.9051
   24882       1.8959
   24883       1.8640
   24884       1.9104
   24885       1.9304
   24886       1.9167
   24887       1.9224
   24888       1.9647
   24889       1.9215
   24890       1.9641
   24891       1.9342
   24892       1.9481
   24893       2.0221
   24894       1.9378
   24895       1.8752
   24896       1.9018
   24897       1.9001
   24898       1.9156
   24899       1.9249
   24900       1.9119
   24901       1.8685
   24902       1.9323
   24903       1.8599
   24904       1.8969
   24905       1.8913
   24906       1.9301
   24907       1.9696
   24908       1.9097
   24909       1.9102
   24910       1.9513
   24911       1.9481
   24912       1.9414
   24913       1.9755
   24914       1.9397
   24915       1.9176
   24916       1.9152
   24917       1.9638
   24918       1.8990
   24919       1.9497
   24920       1.9472
   24921       1.9602
   24922       1.8808
   24923       1.9241
   24924       1.9256
   24925       1.9628
   24926       1.9678
   24927       2.0004
   24928       1.9525
   24929       1.9654
   24930       1.9866
   24931       1.9304
   24932       1.9324
   24933       1.9336
   24934       1.9282
   24935       1.9394
   24936       1.9842
   24937       1.9748
   24938       1.9489
   24939       1.9845
   24940       2.0159
   24941       1.9168
   24942       1.9566
   24943       1.9565
   24944       1.8918
   24945       1.9178
   24946       1.8829
   24947       1.9300
   24948       1.9236
   24949       1.9057
   24950       1.9202
   24951       1.9473
   24952       1.8955
   24953       1.9169
   24954       1.9515
   24955       1.9010
   24956       1.9015
   24957       1.9246
   24958       1.8834
   24959       1.9055
   24960       1.9204
   24961       1.9629
   24962       1.8915
   24963       1.9144
   24964       1.9475
   24965       1.9091
   24966       1.9256
   24967       1.9292
   24968       1.9039
   24969       1.9057
   24970       1.9164
   24971       1.9400
   24972       1.9120
   24973       1.9151
   24974       1.9030
   24975       1.9415
   24976       1.9049
   24977       1.9145
   24978       1.9441
   24979       1.9704
   24980       1.9096
   24981       1.8973
   24982       1.9127
   24983       1.9420
   24984       1.9507
   24985       1.9135
   24986       1.9622
   24987       1.9487
   24988       1.9606
   24989       1.9669
   24990       1.9145
   24991       1.9513
   24992       1.9330
   24993       1.9353
   24994       1.9383
   24995       1.9374
   24996       1.9292
   24997       1.9331
   24998       1.9401
   24999       1.9425
   25000       1.8953
   25001       1.9384
   25002       1.9469
   25003       1.9938
   25004       1.9827
   25005       1.9465
   25006       1.9609
   25007       1.9864
   25008       1.9790
   25009       1.9625
   25010       1.9664
   25011       2.0039
   25012       1.9505
   25013       1.9320
   25014       1.9874
   25015       1.9495
   25016       1.9856
   25017       1.9422
   25018       2.0163
   25019       1.9632
   25020       1.9332
   25021       1.9730
   25022       1.9811
   25023       1.9098
   25024       1.9088
   25025       1.9051
   25026       1.9389
   25027       1.9298
   25028       1.9461
   25029       1.9479
   25030       1.9580
   25031       1.9292
   25032       1.9284
   25033       1.9676
   25034       1.9815
   25035       1.9710
   25036       1.9627
   25037       1.9281
   25038       1.9940
   25039       1.9928
   25040       1.9339
   25041       1.9683
   25042       1.9377
   25043       1.9875
   25044       2.0182
   25045       2.0670
   25046       2.0079
   25047       1.9263
   25048       1.9699
   25049       1.9370
   25050       1.9260
   25051       1.9432
   25052       1.9491
   25053       1.9857
   25054       1.9936
   25055       1.9541
   25056       1.9809
   25057       1.9074
   25058       1.9335
   25059       1.9313
   25060       1.9118
   25061       1.8998
   25062       1.8487
   25063       1.9257
   25064       1.8719
   25065       1.8829
   25066       1.9497
   25067       1.9275
   25068       1.9085
   25069       1.9112
   25070       1.9869
   25071       1.9278
   25072       1.9459
   25073       1.9199
   25074       1.9900
   25075       1.9739
   25076       1.9184
   25077       1.9336
   25078       1.9643
   25079       1.9307
   25080       1.9347
   25081       1.9651
   25082       1.9399
   25083       1.9360
   25084       1.9723
   25085       1.9432
   25086       1.9679
   25087       1.9073
   25088       1.9403
   25089       1.8987
   25090       1.8546
   25091       1.8741
   25092       1.8708
   25093       1.9082
   25094       1.9025
   25095       1.8361
   25096       1.8799
   25097       1.9355
   25098       1.8995
   25099       1.9377
   25100       1.9483
   25101       1.9209
   25102       1.9887
   25103       2.0040
   25104       2.0082
   25105       2.0280
   25106       1.9623
   25107       1.9331
   25108       1.9342
   25109       1.9465
   25110       1.9572
   25111       1.9259
   25112       1.9171
   25113       1.9410
   25114       1.9909
   25115       1.9713
   25116       1.9587
   25117       1.9455
   25118       1.9509
   25119       1.9677
   25120       1.9578
   25121       1.9627
   25122       1.9862
   25123       1.9510
   25124       1.9509
   25125       1.8699
   25126       1.9342
   25127       1.9039
   25128       1.9402
   25129       1.9417
   25130       1.9654
   25131       1.8844
   25132       1.9762
   25133       1.9395
   25134       1.9517
   25135       1.9837
   25136       1.9245
   25137       1.8706
   25138       1.9015
   25139       1.9305
   25140       1.9029
   25141       1.8926
   25142       1.8857
   25143       1.8840
   25144       1.9657
   25145       1.9129
   25146       1.9052
   25147       1.9647
   25148       1.9504
   25149       1.9153
   25150       1.9573
   25151       1.9818
   25152       1.9683
   25153       1.9258
   25154       1.8857
   25155       1.9034
   25156       1.9116
   25157       1.8645
   25158       1.8094
   25159       1.8431
   25160       1.9033
   25161       1.8569
   25162       1.8731
   25163       1.8380
   25164       1.8550
   25165       1.9185
   25166       1.9269
   25167       1.9258
   25168       1.9240
   25169       1.9213
   25170       1.8911
   25171       1.9016
   25172       1.8728
   25173       1.9341
   25174       1.9441
   25175       1.9743
   25176       1.9846
   25177       1.9625
   25178       1.9137
   25179       1.9955
   25180       2.0098
   25181       2.0039
   25182       2.0532
   25183       1.9865
   25184       2.0139
   25185       1.9366
   25186       1.9450
   25187       1.9549
   25188       1.9464
   25189       1.8844
   25190       1.8986
   25191       1.9240
   25192       1.9846
   25193       1.8948
   25194       1.9344
   25195       1.9194
   25196       1.8841
   25197       1.9481
   25198       1.9181
   25199       1.9590
   25200       1.8737
   25201       1.9102
   25202       1.9791
   25203       1.9639
   25204       1.9781
   25205       1.9850
   25206       1.9672
   25207       1.9209
   25208       1.9674
   25209       1.9758
   25210       1.9333
   25211       1.9652
   25212       1.9187
   25213       1.9693
   25214       1.9996
   25215       2.0224
   25216       1.9735
   25217       2.0106
   25218       2.0081
   25219       2.0124
   25220       1.9829
   25221       1.9925
   25222       1.9858
   25223       2.0103
   25224       1.9719
   25225       1.9985
   25226       1.9827
   25227       1.9835
   25228       2.0127
   25229       1.9463
   25230       1.9682
   25231       1.9535
   25232       1.9909
   25233       2.0270
   25234       2.0123
   25235       2.0360
   25236       2.0051
   25237       1.9802
   25238       1.9563
   25239       1.9481
   25240       1.9778
   25241       1.9556
   25242       1.9394
   25243       1.9888
   25244       1.9784
   25245       1.9971
   25246       1.9095
   25247       1.9221
   25248       1.9537
   25249       1.9468
   25250       1.9279
   25251       1.9687
   25252       1.9049
   25253       1.9373
   25254       1.9916
   25255       1.9245
   25256       2.0394
   25257       1.9973
   25258       2.0007
   25259       2.0166
   25260       2.0141
   25261       2.0458
   25262       2.0131
   25263       2.0071
   25264       2.0258
   25265       1.9638
   25266       1.9685
   25267       2.0051
   25268       2.0495
   25269       2.0273
   25270       2.1118
   25271       2.0493
   25272       1.9761
   25273       1.9923
   25274       2.0359
   25275       2.0523
   25276       2.0912
   25277       1.9611
   25278       2.0160
   25279       2.0276
   25280       2.0016
   25281       1.9762
   25282       2.0086
   25283       1.9653
   25284       2.0029
   25285       2.0044
   25286       1.9398
   25287       1.9816
   25288       2.0269
   25289       1.9713
   25290       1.9423
   25291       1.9582
   25292       2.0093
   25293       1.9930
   25294       1.9539
   25295       2.0039
   25296       1.9622
   25297       1.9655
   25298       2.0222
   25299       1.9492
   25300       1.9942
   25301       2.0149
   25302       1.9902
   25303       2.0004
   25304       2.0726
   25305       2.0055
   25306       1.9874
   25307       1.9869
   25308       1.9646
   25309       2.0155
   25310       1.9599
   25311       2.0121
   25312       1.9945
   25313       1.9436
   25314       1.9560
   25315       1.9738
   25316       1.9715
   25317       2.0228
   25318       1.9804
   25319       1.9633
   25320       2.0297
   25321       2.0236
   25322       2.0076
   25323       1.9629
   25324       2.0428
   25325       2.0442
   25326       2.0754
   25327       2.0110
   25328       2.0104
   25329       1.9818
   25330       2.0712
   25331       2.0922
   25332       2.0501
   25333       2.0749
   25334       2.0245
   25335       2.1618
   25336       2.1087
   25337       2.0940
   25338       2.0455
   25339       1.9481
   25340       1.9954
   25341       2.0341
   25342       2.0125
   25343       2.0679
   25344       2.0306
   25345       2.0918
   25346       2.0405
   25347       1.9919
   25348       2.0235
   25349       1.9494
   25350       1.9555
   25351       1.9335
   25352       1.9253
   25353       1.9403
   25354       1.8940
   25355       1.9615
   25356       2.0083
   25357       2.0099
   25358       2.0259
   25359       1.9886
   25360       2.0204
   25361       2.0059
   25362       1.9828
   25363       1.9733
   25364       2.0007
   25365       1.9720
   25366       2.0227
   25367       2.0496
   25368       1.9699
   25369       1.9907
   25370       1.9288
   25371       1.9307
   25372       1.9866
   25373       2.0115
   25374       2.0160
   25375       1.9926
   25376       1.9739
   25377       1.9663
   25378       2.0079
   25379       1.9601
   25380       1.9892
   25381       1.9814
   25382       2.0602
   25383       2.0821
   25384       2.0583
   25385       1.9987
   25386       2.0125
   25387       1.9830
   25388       1.9672
   25389       1.9795
   25390       2.0197
   25391       2.0701
   25392       2.0299
   25393       2.1123
   25394       2.0963
   25395       2.0936
   25396       2.0822
   25397       2.0887
   25398       2.1192
   25399       2.1297
   25400       2.1388
   25401       2.1414
   25402       2.1232
   25403       2.1157
   25404       2.1516
   25405       2.1069
   25406       2.1021
   25407       2.0785
   25408       2.1067
   25409       2.0623
   25410       2.0208
   25411       2.0209
   25412       2.0523
   25413       2.0128
   25414       2.0360
   25415       2.0224
   25416       2.0327
   25417       2.0844
   25418       2.0354
   25419       1.9815
   25420       2.0416
   25421       2.0501
   25422       2.0166
   25423       2.1313
   25424       2.0553
   25425       2.0556
   25426       2.0827
   25427       2.0849
   25428       2.0651
   25429       2.0515
   25430       2.0283
   25431       2.1476
   25432       2.0838
   25433       2.0249
   25434       2.0438
   25435       2.0904
   25436       2.1283
   25437       2.0420
   25438       2.0429
   25439       2.0088
   25440       2.0091
   25441       2.0040
   25442       2.0884
   25443       2.0568
   25444       2.0010
   25445       2.0876
   25446       2.0642
   25447       2.0395
   25448       2.0010
   25449       1.9834
   25450       1.8978
   25451       1.8777
   25452       1.9170
   25453       1.8928
   25454       1.9303
   25455       1.9332
   25456       1.9830
   25457       1.9517
   25458       1.9515
   25459       1.9655
   25460       1.9689
   25461       1.8810
   25462       1.8049
   25463       1.9434
   25464       1.9853
   25465       1.9280
   25466       1.9846
   25467       1.8960
   25468       1.9326
   25469       1.9454
   25470       1.9130
   25471       1.9034
   25472       1.9109
   25473       1.9053
   25474       1.9001
   25475       1.8928
   25476       1.8998
   25477       1.9519
   25478       1.9774
   25479       1.8603
   25480       1.8809
   25481       1.8991
   25482       1.9168
   25483       1.9451
   25484       1.9608
   25485       1.9809
   25486       1.9869
   25487       2.0130
   25488       2.0008
   25489       1.9632
   25490       1.9068
   25491       1.9703
   25492       1.8692
   25493       1.9160
   25494       1.9323
   25495       1.9388
   25496       1.9367
   25497       1.8974
   25498       1.9551
   25499       1.8950
   25500       1.9302
   25501       1.9483
   25502       1.9567
   25503       1.9736
   25504       1.9200
   25505       1.9025
   25506       1.9388
   25507       2.0133
   25508       2.0449
   25509       1.9665
   25510       2.0200
   25511       2.0433
   25512       2.0363
   25513       1.9953
   25514       1.9956
   25515       1.8983
   25516       1.9082
   25517       1.9802
   25518       1.9434
   25519       1.9459
   25520       2.0023
   25521       1.9919
   25522       2.0290
   25523       1.9813
   25524       2.0058
   25525       1.9756
   25526       1.9644
   25527       1.9740
   25528       2.0063
   25529       1.9675
   25530       1.9775
   25531       2.0163
   25532       2.0129
   25533       1.9770
   25534       2.0172
   25535       2.0012
   25536       1.9741
   25537       1.9791
   25538       2.0043
   25539       1.9363
   25540       2.0057
   25541       1.9784
   25542       1.9259
   25543       1.9747
   25544       2.0151
   25545       1.9762
   25546       1.9675
   25547       1.9889
   25548       1.9872
   25549       1.9201
   25550       1.9547
   25551       1.8776
   25552       1.9104
   25553       1.9623
   25554       1.9448
   25555       1.9648
   25556       1.8661
   25557       1.9329
   25558       1.9555
   25559       1.9276
   25560       1.9422
   25561       1.9630
   25562       1.9653
   25563       1.9903
   25564       1.9757
   25565       2.0070
   25566       1.9773
   25567       1.9634
   25568       1.9516
   25569       1.9583
   25570       1.9573
   25571       1.9084
   25572       1.9757
   25573       1.9853
   25574       1.9708
   25575       1.9560
   25576       1.9825
   25577       1.9942
   25578       1.9239
   25579       2.0006
   25580       1.9920
   25581       2.0378
   25582       2.0581
   25583       2.0094
   25584       1.9428
   25585       1.9701
   25586       1.9577
   25587       2.0536
   25588       2.0510
   25589       2.0070
   25590       1.9917
   25591       1.9997
   25592       1.9971
   25593       1.9827
   25594       2.0090
   25595       2.0297
   25596       1.9382
   25597       1.9725
   25598       1.9581
   25599       2.0384
   25600       1.9995
   25601       1.9982
   25602       1.9904
   25603       1.9695
   25604       1.9545
   25605       1.9972
   25606       1.9914
   25607       1.9830
   25608       1.9603
   25609       1.9720
   25610       1.9437
   25611       1.9492
   25612       2.0218
   25613       1.9899
   25614       2.0023
