#Frame        chain_C
       1       0.0000
       2       0.5536
       3       0.6590
       4       0.7340
       5       0.6572
       6       0.6580
       7       0.6055
       8       0.6908
       9       0.7730
      10       0.7731
      11       0.8860
      12       0.9657
      13       0.9434
      14       0.9206
      15       1.0683
      16       0.9021
      17       0.9291
      18       0.9931
      19       0.7857
      20       0.8710
      21       0.7372
      22       0.9005
      23       0.8852
      24       0.9787
      25       0.8874
      26       0.8121
      27       0.7648
      28       0.7816
      29       0.7284
      30       0.7612
      31       0.8287
      32       0.8600
      33       0.9316
      34       0.8768
      35       0.8622
      36       0.8562
      37       0.9501
      38       1.0548
      39       0.8924
      40       0.9221
      41       1.0645
      42       1.0001
      43       1.0202
      44       0.9548
      45       1.0727
      46       1.2143
      47       1.0634
      48       1.1197
      49       1.1485
      50       1.0464
      51       1.0523
      52       0.9056
      53       0.8652
      54       1.0124
      55       1.0654
      56       1.1401
      57       1.1196
      58       1.1127
      59       1.2235
      60       1.2072
      61       1.1639
      62       1.0886
      63       1.1221
      64       1.0253
      65       1.1188
      66       1.0271
      67       1.0580
      68       1.1689
      69       1.1900
      70       1.0946
      71       1.0427
      72       1.2200
      73       1.0910
      74       1.1182
      75       1.1718
      76       1.1343
      77       1.1341
      78       1.1753
      79       1.1922
      80       1.1391
      81       1.0793
      82       1.1730
      83       1.1845
      84       1.2425
      85       1.3574
      86       1.3124
      87       1.3132
      88       1.2944
      89       1.2883
      90       1.3132
      91       1.1928
      92       1.2544
      93       1.1924
      94       1.3385
      95       1.2645
      96       1.2114
      97       1.1828
      98       1.1754
      99       1.2377
     100       1.3574
     101       1.3369
     102       1.4122
     103       1.2940
     104       1.2716
     105       1.2842
     106       1.2375
     107       1.1930
     108       1.3347
     109       1.2482
     110       1.2264
     111       1.3097
     112       1.1861
     113       1.1940
     114       1.2948
     115       1.1827
     116       1.2715
     117       1.1661
     118       1.2310
     119       1.2545
     120       1.2233
     121       1.1741
     122       1.2533
     123       1.3351
     124       1.2874
     125       1.3057
     126       1.2734
     127       1.2537
     128       1.2091
     129       1.2351
     130       1.1801
     131       1.2569
     132       1.1772
     133       1.2546
     134       1.2136
     135       1.3340
     136       1.1485
     137       1.3184
     138       1.2759
     139       1.2303
     140       1.2254
     141       1.1786
     142       1.2489
     143       1.2585
     144       1.2163
     145       1.2653
     146       1.2523
     147       1.2653
     148       1.2057
     149       1.2210
     150       1.1978
     151       1.2440
     152       1.3153
     153       1.2769
     154       1.3451
     155       1.2203
     156       1.2952
     157       1.3034
     158       1.2316
     159       1.2718
     160       1.2883
     161       1.2968
     162       1.4013
     163       1.3308
     164       1.3516
     165       1.2438
     166       1.2729
     167       1.2428
     168       1.2867
     169       1.1785
     170       1.3101
     171       1.2119
     172       1.2367
     173       1.1364
     174       1.1481
     175       1.1376
     176       1.2965
     177       1.0807
     178       1.1436
     179       1.0852
     180       1.2636
     181       1.1070
     182       1.2922
     183       1.2160
     184       1.2087
     185       1.2658
     186       1.3023
     187       1.1195
     188       1.1865
     189       1.1666
     190       1.1445
     191       1.1998
     192       1.0506
     193       1.1217
     194       1.0553
     195       1.2120
     196       1.1075
     197       1.1379
     198       1.1041
     199       1.0738
     200       1.0540
     201       1.1563
     202       1.0707
     203       1.1208
     204       1.1090
     205       1.2039
     206       1.2321
     207       1.2853
     208       1.1297
     209       1.2076
     210       1.2198
     211       1.1746
     212       1.1986
     213       1.0815
     214       1.2218
     215       1.2657
     216       1.2609
     217       1.2049
     218       1.1203
     219       1.0944
     220       1.1613
     221       1.1326
     222       1.0670
     223       1.0028
     224       1.0561
     225       1.0902
     226       1.0835
     227       1.1095
     228       1.0581
     229       1.0971
     230       1.0720
     231       1.1269
     232       1.0758
     233       1.1393
     234       1.1659
     235       1.2130
     236       1.0718
     237       1.1250
     238       1.0943
     239       1.1139
     240       1.0903
     241       1.0720
     242       1.1541
     243       1.1611
     244       1.1940
     245       1.1476
     246       1.1344
     247       1.3241
     248       1.1568
     249       1.1225
     250       1.2157
     251       1.1985
     252       1.1556
     253       1.0909
     254       1.1435
     255       1.1823
     256       1.2221
     257       1.3116
     258       1.3220
     259       1.1096
     260       1.1665
     261       1.1414
     262       1.1180
     263       1.1561
     264       1.0769
     265       1.1832
     266       1.1002
     267       1.1967
     268       1.1828
     269       1.2735
     270       1.1276
     271       1.2056
     272       1.1216
     273       1.1175
     274       1.2043
     275       1.1437
     276       1.2295
     277       1.1957
     278       1.2274
     279       1.1135
     280       1.1118
     281       1.3196
     282       1.3734
     283       1.2562
     284       1.2576
     285       1.2838
     286       1.2892
     287       1.3053
     288       1.4009
     289       1.3693
     290       1.2695
     291       1.3538
     292       1.2508
     293       1.3110
     294       1.2592
     295       1.2744
     296       1.3309
     297       1.3760
     298       1.2203
     299       1.0764
     300       1.1004
     301       1.1943
     302       1.1325
     303       1.1384
     304       1.2068
     305       1.2815
     306       1.3854
     307       1.3248
     308       1.2722
     309       1.1379
     310       1.2460
     311       1.2850
     312       1.3029
     313       1.3456
     314       1.3730
     315       1.1762
     316       1.1092
     317       1.3271
     318       1.2850
     319       1.2691
     320       1.2969
     321       1.2672
     322       1.1650
     323       1.1953
     324       1.1612
     325       1.0937
     326       1.1568
     327       1.1718
     328       1.1223
     329       1.1259
     330       0.9961
     331       1.1006
     332       0.9909
     333       1.0258
     334       1.1444
     335       1.1053
     336       1.0185
     337       1.0432
     338       1.0523
     339       1.1524
     340       1.1043
     341       1.1599
     342       1.0853
     343       1.1018
     344       1.0998
     345       1.1479
     346       1.1622
     347       0.9626
     348       1.0808
     349       1.0646
     350       1.0928
     351       0.9677
     352       0.9652
     353       0.9403
     354       1.0638
     355       0.9386
     356       1.0593
     357       1.1784
     358       1.0932
     359       1.0245
     360       1.1325
     361       1.1029
     362       1.1596
     363       1.0947
     364       1.1943
     365       1.1013
     366       1.1398
     367       1.2519
     368       1.1990
     369       1.2668
     370       1.3477
     371       1.3284
     372       1.3628
     373       1.3885
     374       1.3042
     375       1.3128
     376       1.4853
     377       1.4448
     378       1.3837
     379       1.4067
     380       1.3632
     381       1.6802
     382       1.5938
     383       1.4746
     384       1.4007
     385       1.4472
     386       1.5000
     387       1.4125
     388       1.4003
     389       1.3734
     390       1.3523
     391       1.2690
     392       1.5378
     393       1.4894
     394       1.6176
     395       1.5577
     396       1.7595
     397       1.5476
     398       1.5221
     399       1.5942
     400       1.5081
     401       1.4198
     402       1.3776
     403       1.4365
     404       1.4050
     405       1.3931
     406       1.4219
     407       1.2843
     408       1.2508
     409       1.3299
     410       1.3117
     411       1.2580
     412       1.2813
     413       1.2949
     414       1.2971
     415       1.2442
     416       1.2176
     417       1.2692
     418       1.2789
     419       1.3395
     420       1.4874
     421       1.3119
     422       1.2902
     423       1.2303
     424       1.2823
     425       1.2173
     426       1.3643
     427       1.3741
     428       1.3637
     429       1.2877
     430       1.3135
     431       1.2513
     432       1.1689
     433       1.2746
     434       1.1826
     435       1.2348
     436       1.2101
     437       1.2516
     438       1.2638
     439       1.1988
     440       1.3260
     441       1.2692
     442       1.3434
     443       1.4744
     444       1.5929
     445       1.6971
     446       1.6506
     447       1.4586
     448       1.3860
     449       1.4193
     450       1.3660
     451       1.4880
     452       1.6300
     453       1.6056
     454       1.6626
     455       1.5878
     456       1.5911
     457       1.5262
     458       1.6147
     459       1.5774
     460       1.5289
     461       1.4821
     462       1.5230
     463       1.4764
     464       1.6043
     465       1.5726
     466       1.5344
     467       1.5030
     468       1.4874
     469       1.5811
     470       1.6275
     471       1.4954
     472       1.6123
     473       1.5301
     474       1.5610
     475       1.4847
     476       1.4887
     477       1.4215
     478       1.4690
     479       1.5817
     480       1.4391
     481       1.4247
     482       1.4349
     483       1.3834
     484       1.3908
     485       1.4789
     486       1.5098
     487       1.5383
     488       1.4560
     489       1.6165
     490       1.4421
     491       1.3233
     492       1.3256
     493       1.4311
     494       1.3574
     495       1.5950
     496       1.4849
     497       1.6345
     498       1.4306
     499       1.5100
     500       1.4210
     501       1.3545
     502       1.3231
     503       1.2988
     504       1.3413
     505       1.3996
     506       1.5478
     507       1.4707
     508       1.4827
     509       1.4852
     510       1.5923
     511       1.5182
     512       1.4853
     513       1.5186
     514       1.6834
     515       1.6782
     516       1.6004
     517       1.6945
     518       1.6360
     519       1.6279
     520       1.6756
     521       1.7994
     522       1.6522
     523       1.5407
     524       1.6479
     525       1.5652
     526       1.6107
     527       1.6326
     528       1.5578
     529       1.5158
     530       1.5349
     531       1.4648
     532       1.6150
     533       1.5890
     534       1.5697
     535       1.6866
     536       1.6320
     537       1.6150
     538       1.6736
     539       1.5580
     540       1.4745
     541       1.4422
     542       1.4613
     543       1.4738
     544       1.6218
     545       1.7079
     546       1.6510
     547       1.5819
     548       1.7544
     549       1.6372
     550       1.6572
     551       1.8361
     552       1.6075
     553       1.6522
     554       1.6386
     555       1.5185
     556       1.4732
     557       1.3126
     558       1.3424
     559       1.3689
     560       1.4289
     561       1.4832
     562       1.4523
     563       1.3645
     564       1.4604
     565       1.4256
     566       1.3368
     567       1.4272
     568       1.4115
     569       1.3862
     570       1.3594
     571       1.4752
     572       1.4664
     573       1.4930
     574       1.4480
     575       1.4613
     576       1.5429
     577       1.5575
     578       1.4509
     579       1.4771
     580       1.4983
     581       1.3571
     582       1.4792
     583       1.3818
     584       1.4465
     585       1.3835
     586       1.5093
     587       1.3247
     588       1.4282
     589       1.4780
     590       1.4608
     591       1.5045
     592       1.4536
     593       1.3327
     594       1.3407
     595       1.4078
     596       1.4397
     597       1.5056
     598       1.3737
     599       1.3303
     600       1.3691
     601       1.3040
     602       1.3198
     603       1.3134
     604       1.3433
     605       1.4843
     606       1.4373
     607       1.4858
     608       1.4092
     609       1.4528
     610       1.4670
     611       1.4471
     612       1.3552
     613       1.3793
     614       1.3849
     615       1.4627
     616       1.3267
     617       1.1756
     618       1.4182
     619       1.3214
     620       1.3745
     621       1.4918
     622       1.4111
     623       1.4411
     624       1.4434
     625       1.3857
     626       1.3509
     627       1.4215
     628       1.4570
     629       1.4802
     630       1.4128
     631       1.4508
     632       1.2440
     633       1.3010
     634       1.2710
     635       1.4825
     636       1.5947
     637       1.2725
     638       1.3889
     639       1.2345
     640       1.4235
     641       1.3358
     642       1.5056
     643       1.4164
     644       1.3471
     645       1.4101
     646       1.3688
     647       1.2560
     648       1.3710
     649       1.4890
     650       1.5725
     651       1.4257
     652       1.3914
     653       1.4223
     654       1.4426
     655       1.3195
     656       1.3334
     657       1.3164
     658       1.3435
     659       1.3119
     660       1.2758
     661       1.4162
     662       1.3866
     663       1.4116
     664       1.4640
     665       1.5398
     666       1.5553
     667       1.5956
     668       1.6834
     669       1.5539
     670       1.6314
     671       1.6001
     672       1.7300
     673       1.6289
     674       1.6461
     675       1.7073
     676       1.6271
     677       1.6760
     678       1.6827
     679       1.5642
     680       1.5368
     681       1.4714
     682       1.5394
     683       1.5279
     684       1.5108
     685       1.6364
     686       1.6384
     687       1.5156
     688       1.5592
     689       1.5715
     690       1.6390
     691       1.6023
     692       1.5334
     693       1.5015
     694       1.6392
     695       1.5188
     696       1.6760
     697       1.4358
     698       1.4924
     699       1.5029
     700       1.5668
     701       1.7302
     702       1.7017
     703       1.6259
     704       1.5462
     705       1.7339
     706       1.7169
     707       1.7536
     708       1.7656
     709       1.6956
     710       1.7507
     711       1.6933
     712       1.6578
     713       1.6763
     714       1.5900
     715       1.6795
     716       1.5318
     717       1.4861
     718       1.4956
     719       1.5622
     720       1.5496
     721       1.5658
     722       1.4913
     723       1.4934
     724       1.4261
     725       1.2868
     726       1.3262
     727       1.4963
     728       1.4961
     729       1.4405
     730       1.4991
     731       1.3992
     732       1.4223
     733       1.4462
     734       1.5555
     735       1.5408
     736       1.5603
     737       1.4533
     738       1.4681
     739       1.5495
     740       1.5785
     741       1.4761
     742       1.5220
     743       1.6167
     744       1.5243
     745       1.5892
     746       1.4818
     747       1.6593
     748       1.5756
     749       1.5324
     750       1.5661
     751       1.5426
     752       1.4103
     753       1.4868
     754       1.3553
     755       1.4252
     756       1.3607
     757       1.2824
     758       1.2966
     759       1.3609
     760       1.3830
     761       1.3732
     762       1.5031
     763       1.4313
     764       1.4090
     765       1.3765
     766       1.4017
     767       1.5363
     768       1.6486
     769       1.4796
     770       1.4580
     771       1.3483
     772       1.3658
     773       1.3783
     774       1.4105
     775       1.4121
     776       1.5340
     777       1.3559
     778       1.4067
     779       1.3371
     780       1.2865
     781       1.3116
     782       1.4304
     783       1.3423
     784       1.3299
     785       1.2501
     786       1.3174
     787       1.3374
     788       1.3112
     789       1.3938
     790       1.2473
     791       1.3189
     792       1.1704
     793       1.1845
     794       1.2117
     795       1.3989
     796       1.4291
     797       1.5257
     798       1.3236
     799       1.2969
     800       1.2909
     801       1.2882
     802       1.3446
     803       1.4045
     804       1.3179
     805       1.2999
     806       1.3266
     807       1.3041
     808       1.3351
     809       1.4551
     810       1.3089
     811       1.3026
     812       1.3446
     813       1.4240
     814       1.4129
     815       1.3476
     816       1.3233
     817       1.4471
     818       1.4255
     819       1.3623
     820       1.3585
     821       1.3539
     822       1.3365
     823       1.3919
     824       1.4345
     825       1.3854
     826       1.3298
     827       1.3989
     828       1.3910
     829       1.5387
     830       1.6048
     831       1.4827
     832       1.5649
     833       1.4203
     834       1.5367
     835       1.5024
     836       1.7160
     837       1.4561
     838       1.4372
     839       1.4356
     840       1.3647
     841       1.4050
     842       1.3697
     843       1.2019
     844       1.2479
     845       1.4367
     846       1.2183
     847       1.3732
     848       1.3604
     849       1.3382
     850       1.3565
     851       1.3824
     852       1.4735
     853       1.4579
     854       1.3445
     855       1.4003
     856       1.3951
     857       1.4322
     858       1.4217
     859       1.5249
     860       1.4167
     861       1.4728
     862       1.3661
     863       1.3110
     864       1.4595
     865       1.4600
     866       1.3126
     867       1.4525
     868       1.4332
     869       1.3682
     870       1.3997
     871       1.5697
     872       1.4905
     873       1.4028
     874       1.4235
     875       1.4862
     876       1.4089
     877       1.4592
     878       1.4239
     879       1.4410
     880       1.3729
     881       1.4373
     882       1.4123
     883       1.4190
     884       1.3747
     885       1.4269
     886       1.5077
     887       1.6299
     888       1.5519
     889       1.4507
     890       1.5315
     891       1.4834
     892       1.4619
     893       1.6385
     894       1.5563
     895       1.5541
     896       1.5668
     897       1.6006
     898       1.6466
     899       1.5866
     900       1.4928
     901       1.6029
     902       1.5236
     903       1.4769
     904       1.5690
     905       1.5394
     906       1.4026
     907       1.4407
     908       1.4198
     909       1.3380
     910       1.3534
     911       1.3767
     912       1.3913
     913       1.4806
     914       1.4508
     915       1.3612
     916       1.4728
     917       1.3510
     918       1.4980
     919       1.5537
     920       1.4072
     921       1.3504
     922       1.4127
     923       1.4452
     924       1.4998
     925       1.4184
     926       1.5032
     927       1.3926
     928       1.4051
     929       1.4216
     930       1.3871
     931       1.3895
     932       1.4506
     933       1.3923
     934       1.3442
     935       1.4080
     936       1.5479
     937       1.4990
     938       1.4870
     939       1.5356
     940       1.5151
     941       1.3995
     942       1.5698
     943       1.6746
     944       1.5944
     945       1.5682
     946       1.4477
     947       1.4402
     948       1.5765
     949       1.5311
     950       1.4454
     951       1.5976
     952       1.5873
     953       1.6201
     954       1.6609
     955       1.6576
     956       1.6646
     957       1.4728
     958       1.5561
     959       1.5152
     960       1.4946
     961       1.5057
     962       1.4148
     963       1.3436
     964       1.5249
     965       1.5454
     966       1.6344
     967       1.6525
     968       1.5901
     969       1.7012
     970       1.6596
     971       1.6379
     972       1.5925
     973       1.5923
     974       1.5568
     975       1.5391
     976       1.4659
     977       1.3908
     978       1.5839
     979       1.5488
     980       1.4486
     981       1.4630
     982       1.3574
     983       1.4170
     984       1.3787
     985       1.4337
     986       1.5437
     987       1.4895
     988       1.4314
     989       1.3219
     990       1.4229
     991       1.4540
     992       1.3585
     993       1.4388
     994       1.3810
     995       1.5086
     996       1.4368
     997       1.4478
     998       1.4970
     999       1.5421
    1000       1.5096
    1001       1.4912
    1002       1.5449
    1003       1.4985
    1004       1.4891
    1005       1.4935
    1006       1.3755
    1007       1.5735
    1008       1.5894
    1009       1.4410
    1010       1.4431
    1011       1.4110
    1012       1.5200
    1013       1.4957
    1014       1.4821
    1015       1.4287
    1016       1.3237
    1017       1.3938
    1018       1.6287
    1019       1.6213
    1020       1.6209
    1021       1.6758
    1022       1.6217
    1023       1.4875
    1024       1.5505
    1025       1.4983
    1026       1.4772
    1027       1.5662
    1028       1.5843
    1029       1.4881
    1030       1.4320
    1031       1.5523
    1032       1.5200
    1033       1.5440
    1034       1.4929
    1035       1.5928
    1036       1.5391
    1037       1.6135
    1038       1.6315
    1039       1.6166
    1040       1.6294
    1041       1.5196
    1042       1.6037
    1043       1.7085
    1044       1.6185
    1045       1.6088
    1046       1.5794
    1047       1.5757
    1048       1.7336
    1049       1.6083
    1050       1.5553
    1051       1.5580
    1052       1.5666
    1053       1.5085
    1054       1.5602
    1055       1.5903
    1056       1.6152
    1057       1.5805
    1058       1.6703
    1059       1.6619
    1060       1.5490
    1061       1.5503
    1062       1.5164
    1063       1.5113
    1064       1.5919
    1065       1.5266
    1066       1.5230
    1067       1.3904
    1068       1.4757
    1069       1.5538
    1070       1.5025
    1071       1.5017
    1072       1.3932
    1073       1.5159
    1074       1.3889
    1075       1.5684
    1076       1.5903
    1077       1.5347
    1078       1.6157
    1079       1.5225
    1080       1.6060
    1081       1.5387
    1082       1.5089
    1083       1.5815
    1084       1.6343
    1085       1.6240
    1086       1.6091
    1087       1.6340
    1088       1.5932
    1089       1.7461
    1090       1.5433
    1091       1.5819
    1092       1.4444
    1093       1.5899
    1094       1.5622
    1095       1.6861
    1096       1.6845
    1097       1.5106
    1098       1.6799
    1099       1.5671
    1100       1.4654
    1101       1.5343
    1102       1.5416
    1103       1.5151
    1104       1.4590
    1105       1.4951
    1106       1.5791
    1107       1.5863
    1108       1.5372
    1109       1.4580
    1110       1.5742
    1111       1.5579
    1112       1.5212
    1113       1.5922
    1114       1.6269
    1115       1.5505
    1116       1.6298
    1117       1.5593
    1118       1.5199
    1119       1.4962
    1120       1.6044
    1121       1.6220
    1122       1.5502
    1123       1.5440
    1124       1.6190
    1125       1.7085
    1126       1.6800
    1127       1.6977
    1128       1.6556
    1129       1.5348
    1130       1.6188
    1131       1.6249
    1132       1.6464
    1133       1.5593
    1134       1.5495
    1135       1.6116
    1136       1.5397
    1137       1.4898
    1138       1.5944
    1139       1.5216
    1140       1.4519
    1141       1.5533
    1142       1.4696
    1143       1.4468
    1144       1.4146
    1145       1.4658
    1146       1.5077
    1147       1.5138
    1148       1.4795
    1149       1.3854
    1150       1.5541
    1151       1.5355
    1152       1.5384
    1153       1.6022
    1154       1.5243
    1155       1.6023
    1156       1.6255
    1157       1.5783
    1158       1.4996
    1159       1.4531
    1160       1.4965
    1161       1.5323
    1162       1.4598
    1163       1.4663
    1164       1.4978
    1165       1.4478
    1166       1.3995
    1167       1.5072
    1168       1.4733
    1169       1.4876
    1170       1.4361
    1171       1.5744
    1172       1.5814
    1173       1.5370
    1174       1.5976
    1175       1.5344
    1176       1.6843
    1177       1.6008
    1178       1.6024
    1179       1.5753
    1180       1.6840
    1181       1.7534
    1182       1.5812
    1183       1.6451
    1184       1.5157
    1185       1.6330
    1186       1.6441
    1187       1.6981
    1188       1.5866
    1189       1.4682
    1190       1.6218
    1191       1.4405
    1192       1.4584
    1193       1.4598
    1194       1.4909
    1195       1.4676
    1196       1.4090
    1197       1.4662
    1198       1.5245
    1199       1.3947
    1200       1.5308
    1201       1.5802
    1202       1.5392
    1203       1.3764
    1204       1.4513
    1205       1.5459
    1206       1.3566
    1207       1.5587
    1208       1.4597
    1209       1.5639
    1210       1.4314
    1211       1.4370
    1212       1.4470
    1213       1.6475
    1214       1.6724
    1215       1.5566
    1216       1.6225
    1217       1.6700
    1218       1.6124
    1219       1.6281
    1220       1.6152
    1221       1.6869
    1222       1.5832
    1223       1.6701
    1224       1.6421
    1225       1.6315
    1226       1.6735
    1227       1.6842
    1228       1.7015
    1229       1.6346
    1230       1.6369
    1231       1.7155
    1232       1.7675
    1233       1.6697
    1234       1.5843
    1235       1.6303
    1236       1.4070
    1237       1.5641
    1238       1.5631
    1239       1.5557
    1240       1.6866
    1241       1.7518
    1242       1.7135
    1243       1.5779
    1244       1.7752
    1245       1.7446
    1246       1.6313
    1247       1.5630
    1248       1.6176
    1249       1.5251
    1250       1.5977
    1251       1.6439
    1252       1.6632
    1253       1.5771
    1254       1.5522
    1255       1.5453
    1256       1.5211
    1257       1.5529
    1258       1.6322
    1259       1.6118
    1260       1.5684
    1261       1.4894
    1262       1.5188
    1263       1.4465
    1264       1.5700
    1265       1.5395
    1266       1.5685
    1267       1.5515
    1268       1.5084
    1269       1.3542
    1270       1.4619
    1271       1.4732
    1272       1.4253
    1273       1.3963
    1274       1.4575
    1275       1.4652
    1276       1.5052
    1277       1.5441
    1278       1.6169
    1279       1.4964
    1280       1.5952
    1281       1.4854
    1282       1.5232
    1283       1.4284
    1284       1.5170
    1285       1.5152
    1286       1.4362
    1287       1.4084
    1288       1.4222
    1289       1.4908
    1290       1.5636
    1291       1.4420
    1292       1.5153
    1293       1.6163
    1294       1.5155
    1295       1.5602
    1296       1.5986
    1297       1.5854
    1298       1.5241
    1299       1.4588
    1300       1.4952
    1301       1.5831
    1302       1.5927
    1303       1.4867
    1304       1.5286
    1305       1.4286
    1306       1.4892
    1307       1.5423
    1308       1.4498
    1309       1.4260
    1310       1.5114
    1311       1.5481
    1312       1.5448
    1313       1.5439
    1314       1.5933
    1315       1.4888
    1316       1.5408
    1317       1.6492
    1318       1.6525
    1319       1.6330
    1320       1.4911
    1321       1.5956
    1322       1.6053
    1323       1.5147
    1324       1.5279
    1325       1.4730
    1326       1.5063
    1327       1.5333
    1328       1.5032
    1329       1.5075
    1330       1.5059
    1331       1.5475
    1332       1.5119
    1333       1.5220
    1334       1.4895
    1335       1.4592
    1336       1.4172
    1337       1.3949
    1338       1.4369
    1339       1.4199
    1340       1.4870
    1341       1.3997
    1342       1.4371
    1343       1.6004
    1344       1.5692
    1345       1.4574
    1346       1.5632
    1347       1.5449
    1348       1.6101
    1349       1.5326
    1350       1.5441
    1351       1.5410
    1352       1.5452
    1353       1.5266
    1354       1.4816
    1355       1.4684
    1356       1.3683
    1357       1.4551
    1358       1.4762
    1359       1.5457
    1360       1.5147
    1361       1.4755
    1362       1.4819
    1363       1.5074
    1364       1.4382
    1365       1.5275
    1366       1.4529
    1367       1.5406
    1368       1.4663
    1369       1.5552
    1370       1.4547
    1371       1.4737
    1372       1.5719
    1373       1.4375
    1374       1.5118
    1375       1.5015
    1376       1.4639
    1377       1.5666
    1378       1.5268
    1379       1.5471
    1380       1.5919
    1381       1.5402
    1382       1.5073
    1383       1.6756
    1384       1.6698
    1385       1.6061
    1386       1.5689
    1387       1.6377
    1388       1.5971
    1389       1.5856
    1390       1.6829
    1391       1.5366
    1392       1.5534
    1393       1.7496
    1394       1.6296
    1395       1.6283
    1396       1.5591
    1397       1.7163
    1398       1.6206
    1399       1.6078
    1400       1.6125
    1401       1.5970
    1402       1.6407
    1403       1.6209
    1404       1.5962
    1405       1.5936
    1406       1.6296
    1407       1.6263
    1408       1.5242
    1409       1.6485
    1410       1.6110
    1411       1.6029
    1412       1.6228
    1413       1.5925
    1414       1.5519
    1415       1.6469
    1416       1.6444
    1417       1.7009
    1418       1.5770
    1419       1.6527
    1420       1.5946
    1421       1.6619
    1422       1.5513
    1423       1.5545
    1424       1.6351
    1425       1.6748
    1426       1.7142
    1427       1.6174
    1428       1.8253
    1429       1.7284
    1430       1.7285
    1431       1.7563
    1432       1.7750
    1433       1.5866
    1434       1.7750
    1435       1.5798
    1436       1.6690
    1437       1.6342
    1438       1.5740
    1439       1.5259
    1440       1.5951
    1441       1.4758
    1442       1.4511
    1443       1.5124
    1444       1.5065
    1445       1.5857
    1446       1.6281
    1447       1.5389
    1448       1.6075
    1449       1.5792
    1450       1.7059
    1451       1.5241
    1452       1.5512
    1453       1.6792
    1454       1.5638
    1455       1.6584
    1456       1.4199
    1457       1.4956
    1458       1.4379
    1459       1.5169
    1460       1.5075
    1461       1.5304
    1462       1.6417
    1463       1.6372
    1464       1.5230
    1465       1.5530
    1466       1.5919
    1467       1.5381
    1468       1.6140
    1469       1.5929
    1470       1.6057
    1471       1.5273
    1472       1.6754
    1473       1.4805
    1474       1.5413
    1475       1.4812
    1476       1.6438
    1477       1.6683
    1478       1.7124
    1479       1.7187
    1480       1.5289
    1481       1.6001
    1482       1.5586
    1483       1.6843
    1484       1.6169
    1485       1.6749
    1486       1.6478
    1487       1.6137
    1488       1.6169
    1489       1.6095
    1490       1.6244
    1491       1.6650
    1492       1.5942
    1493       1.7206
    1494       1.5449
    1495       1.6514
    1496       1.5765
    1497       1.6357
    1498       1.6144
    1499       1.4888
    1500       1.6562
    1501       1.7062
    1502       1.7810
    1503       1.6438
    1504       1.6967
    1505       1.5532
    1506       1.5670
    1507       1.4744
    1508       1.5919
    1509       1.5799
    1510       1.6477
    1511       1.5910
    1512       1.6736
    1513       1.6899
    1514       1.7186
    1515       1.6379
    1516       1.5801
    1517       1.6813
    1518       1.6378
    1519       1.7335
    1520       1.5894
    1521       1.6902
    1522       1.5915
    1523       1.5480
    1524       1.4486
    1525       1.5621
    1526       1.6132
    1527       1.5236
    1528       1.6589
    1529       1.5933
    1530       1.6209
    1531       1.5866
    1532       1.5174
    1533       1.5810
    1534       1.6249
    1535       1.4977
    1536       1.5333
    1537       1.5198
    1538       1.5877
    1539       1.6913
    1540       1.6053
    1541       1.6512
    1542       1.5871
    1543       1.6709
    1544       1.6915
    1545       1.8024
    1546       1.7875
    1547       1.7429
    1548       1.6654
    1549       1.6512
    1550       1.6714
    1551       1.7204
    1552       1.6887
    1553       1.7924
    1554       1.7705
    1555       1.8236
    1556       1.7110
    1557       1.7007
    1558       1.6670
    1559       1.7449
    1560       1.6787
    1561       1.7624
    1562       1.7014
    1563       1.7031
    1564       1.5608
    1565       1.5868
    1566       1.6048
    1567       1.6891
    1568       1.6246
    1569       1.6658
    1570       1.6037
    1571       1.7081
    1572       1.5973
    1573       1.7125
    1574       1.5679
    1575       1.6243
    1576       1.5867
    1577       1.7208
    1578       1.5739
    1579       1.7725
    1580       1.7056
    1581       1.6979
    1582       1.6938
    1583       1.6219
    1584       1.6209
    1585       1.6455
    1586       1.6629
    1587       1.6016
    1588       1.6461
    1589       1.5970
    1590       1.6725
    1591       1.6287
    1592       1.6551
    1593       1.6370
    1594       1.6063
    1595       1.5798
    1596       1.5833
    1597       1.6388
    1598       1.6831
    1599       1.6417
    1600       1.6500
    1601       1.6997
    1602       1.6403
    1603       1.5732
    1604       1.5617
    1605       1.5469
    1606       1.5949
    1607       1.7757
    1608       1.6446
    1609       1.5618
    1610       1.7014
    1611       1.6550
    1612       1.6586
    1613       1.7527
    1614       1.7565
    1615       1.7780
    1616       1.7674
    1617       1.7537
    1618       1.7052
    1619       1.7963
    1620       1.7840
    1621       1.8420
    1622       1.8030
    1623       1.9394
    1624       1.8617
    1625       1.9285
    1626       2.0633
    1627       1.9953
    1628       1.7595
    1629       1.8273
    1630       1.7163
    1631       1.6628
    1632       1.6626
    1633       1.7342
    1634       1.6965
    1635       1.7401
    1636       1.8836
    1637       1.8104
    1638       1.8297
    1639       1.9152
    1640       1.9409
    1641       1.7902
    1642       1.8177
    1643       1.8200
    1644       1.8125
    1645       1.7979
    1646       1.8531
    1647       1.8149
    1648       1.8477
    1649       1.7768
    1650       1.8734
    1651       1.9397
    1652       1.8253
    1653       1.9216
    1654       1.8099
    1655       1.8913
    1656       1.8303
    1657       1.7223
    1658       1.8015
    1659       1.6373
    1660       1.7190
    1661       1.6759
    1662       1.8953
    1663       1.7253
    1664       1.7121
    1665       1.7790
    1666       1.7818
    1667       1.7092
    1668       1.7002
    1669       1.6679
    1670       1.7298
    1671       1.6735
    1672       1.6417
    1673       1.7047
    1674       1.6834
    1675       1.6209
    1676       1.5021
    1677       1.6239
    1678       1.5910
    1679       1.7203
    1680       1.8035
    1681       1.7474
    1682       1.6989
    1683       1.6345
    1684       1.6327
    1685       1.6671
    1686       1.6579
    1687       1.6058
    1688       1.7414
    1689       1.6631
    1690       1.7095
    1691       1.7494
    1692       1.7281
    1693       1.6776
    1694       1.6941
    1695       1.7100
    1696       1.6464
    1697       1.6317
    1698       1.6894
    1699       1.6441
    1700       1.6532
    1701       1.7288
    1702       1.7539
    1703       1.6860
    1704       1.6565
    1705       1.7414
    1706       1.6759
    1707       1.7310
    1708       1.6690
    1709       1.6581
    1710       1.7289
    1711       1.6622
    1712       1.6604
    1713       1.6859
    1714       1.7046
    1715       1.6305
    1716       1.6682
    1717       1.7605
    1718       1.7246
    1719       1.7090
    1720       1.7453
    1721       1.6708
    1722       1.6954
    1723       1.5793
    1724       1.6750
    1725       1.8192
    1726       1.7333
    1727       1.7016
    1728       1.7447
    1729       1.9101
    1730       1.9137
    1731       1.9004
    1732       1.8954
    1733       1.7794
    1734       1.7701
    1735       1.7939
    1736       1.7107
    1737       1.6493
    1738       1.6455
    1739       1.8595
    1740       1.8512
    1741       1.8346
    1742       1.8237
    1743       1.7094
    1744       1.6798
    1745       1.6800
    1746       1.7651
    1747       1.8084
    1748       1.8425
    1749       1.8746
    1750       1.8939
    1751       1.8671
    1752       1.8803
    1753       1.9361
    1754       1.9451
    1755       1.8298
    1756       1.8071
    1757       1.7111
    1758       1.7892
    1759       1.8400
    1760       1.8505
    1761       1.6997
    1762       1.8228
    1763       1.9198
    1764       1.8906
    1765       1.9278
    1766       1.8959
    1767       1.8922
    1768       1.8971
    1769       1.8640
    1770       1.9630
    1771       1.9356
    1772       1.9450
    1773       1.9756
    1774       2.0118
    1775       1.9668
    1776       1.8961
    1777       1.8251
    1778       1.8669
    1779       1.8838
    1780       1.8892
    1781       1.9581
    1782       2.0710
    1783       1.9360
    1784       1.8969
    1785       1.8409
    1786       1.8698
    1787       1.8239
    1788       2.0425
    1789       2.0346
    1790       1.9324
    1791       2.0016
    1792       2.0686
    1793       1.9271
    1794       1.9286
    1795       1.9543
    1796       1.8525
    1797       1.8002
    1798       1.8565
    1799       1.8452
    1800       1.7432
    1801       1.8226
    1802       1.7971
    1803       1.8401
    1804       1.9460
    1805       1.9756
    1806       1.8725
    1807       1.9006
    1808       1.8979
    1809       1.7947
    1810       1.8669
    1811       1.9646
    1812       1.8564
    1813       1.7932
    1814       1.9438
    1815       1.9311
    1816       2.0140
    1817       1.8352
    1818       1.8228
    1819       1.7904
    1820       1.8309
    1821       1.9491
    1822       1.9823
    1823       1.9966
    1824       1.8889
    1825       1.8868
    1826       1.9634
    1827       1.9373
    1828       1.9627
    1829       1.9512
    1830       1.8496
    1831       1.9752
    1832       1.8384
    1833       1.9307
    1834       1.9995
    1835       1.9441
    1836       2.0221
    1837       1.8765
    1838       1.8671
    1839       1.8887
    1840       1.9134
    1841       1.9534
    1842       1.9705
    1843       1.8981
    1844       2.0339
    1845       1.9783
    1846       1.9321
    1847       1.9595
    1848       1.9286
    1849       2.0478
    1850       1.9137
    1851       2.0283
    1852       1.9560
    1853       2.0159
    1854       1.9605
    1855       1.9307
    1856       1.8604
    1857       1.9174
    1858       1.9477
    1859       1.8641
    1860       1.9965
    1861       1.9367
    1862       1.9542
    1863       2.0015
    1864       1.8597
    1865       1.8638
    1866       1.7811
    1867       1.8466
    1868       1.7610
    1869       1.8994
    1870       1.8632
    1871       1.9064
    1872       1.8897
    1873       1.8676
    1874       1.9567
    1875       1.9380
    1876       1.8627
    1877       1.9562
    1878       1.8833
    1879       1.9203
    1880       1.9624
    1881       1.8930
    1882       2.0190
    1883       1.9306
    1884       1.9427
    1885       1.8407
    1886       1.8896
    1887       1.9388
    1888       1.9987
    1889       1.9107
    1890       1.9421
    1891       1.9670
    1892       1.8405
    1893       1.8375
    1894       1.8536
    1895       1.8831
    1896       1.8801
    1897       1.9338
    1898       1.9207
    1899       1.9690
    1900       1.9519
    1901       1.9363
    1902       2.0520
    1903       1.8771
    1904       1.8346
    1905       1.9305
    1906       1.9228
    1907       1.9000
    1908       1.9630
    1909       1.9766
    1910       1.9763
    1911       1.9000
    1912       1.8182
    1913       1.9949
    1914       1.9396
    1915       1.9675
    1916       1.9855
    1917       2.0066
    1918       2.0200
    1919       1.9669
    1920       1.9005
    1921       1.7972
    1922       1.7847
    1923       1.8370
    1924       1.8791
    1925       1.8153
    1926       1.8377
    1927       1.9350
    1928       1.8071
    1929       1.7735
    1930       1.8252
    1931       1.8619
    1932       1.7837
    1933       1.8656
    1934       1.7974
    1935       1.8852
    1936       1.8779
    1937       1.8293
    1938       1.8110
    1939       1.8641
    1940       1.9140
    1941       1.7792
    1942       1.8637
    1943       1.8966
    1944       1.9364
    1945       1.7949
    1946       1.8569
    1947       1.9413
    1948       2.0413
    1949       1.9661
    1950       1.9532
    1951       1.9313
    1952       1.9923
    1953       1.9780
    1954       1.9323
    1955       1.7889
    1956       1.8628
    1957       1.8482
    1958       1.8440
    1959       1.9110
    1960       1.8393
    1961       1.8392
    1962       1.8722
    1963       1.7770
    1964       1.9136
    1965       1.9204
    1966       1.9729
    1967       1.8428
    1968       1.9851
    1969       1.9016
    1970       2.0283
    1971       2.0420
    1972       2.0130
    1973       1.9919
    1974       1.9414
    1975       1.9388
    1976       1.8500
    1977       1.8358
    1978       1.9821
    1979       2.0219
    1980       1.8230
    1981       1.9487
    1982       1.8814
    1983       1.8543
    1984       1.8565
    1985       1.8508
    1986       1.9250
    1987       1.9803
    1988       1.8866
    1989       1.8665
    1990       1.9477
    1991       1.8983
    1992       1.7822
    1993       1.9716
    1994       1.9711
    1995       1.9496
    1996       1.9264
    1997       1.8473
    1998       1.8819
    1999       1.8541
    2000       2.0007
    2001       2.0766
    2002       1.9551
    2003       1.9512
    2004       1.9219
    2005       1.9406
    2006       1.9709
    2007       1.9285
    2008       2.0264
    2009       1.9291
    2010       1.8733
    2011       1.9349
    2012       2.0367
    2013       2.0580
    2014       1.9743
    2015       2.0362
    2016       1.8504
    2017       2.0113
    2018       2.0923
    2019       2.0234
    2020       1.9884
    2021       1.9782
    2022       1.9844
    2023       1.9713
    2024       1.8717
    2025       1.8646
    2026       1.8186
    2027       1.9624
    2028       1.9850
    2029       1.8852
    2030       2.1177
    2031       1.9730
    2032       1.8103
    2033       1.8524
    2034       1.9789
    2035       1.9557
    2036       1.9766
    2037       1.9855
    2038       1.9739
    2039       1.9907
    2040       1.9261
    2041       1.9246
    2042       1.9397
    2043       2.0106
    2044       1.8804
    2045       1.8804
    2046       1.8724
    2047       1.9169
    2048       1.8896
    2049       1.8849
    2050       1.8206
    2051       1.9360
    2052       2.0501
    2053       2.0137
    2054       1.9949
    2055       1.9358
    2056       2.0234
    2057       2.0085
    2058       1.9454
    2059       1.8550
    2060       1.9557
    2061       2.0962
    2062       2.0534
    2063       1.9808
    2064       2.1707
    2065       2.1053
    2066       2.0788
    2067       1.9542
    2068       1.9806
    2069       1.8848
    2070       1.9982
    2071       1.9550
    2072       1.9719
    2073       2.0628
    2074       1.8998
    2075       1.9524
    2076       2.0216
    2077       2.0206
    2078       2.0203
    2079       2.0030
    2080       1.8833
    2081       2.0124
    2082       2.1086
    2083       2.0356
    2084       2.0524
    2085       2.0440
    2086       1.9269
    2087       1.9535
    2088       1.9584
    2089       1.9279
    2090       1.8962
    2091       1.8966
    2092       1.8173
    2093       1.8066
    2094       1.9047
    2095       1.9039
    2096       1.9729
    2097       1.9005
    2098       1.9532
    2099       1.8029
    2100       1.8662
    2101       1.9589
    2102       1.8909
    2103       1.8783
    2104       1.8047
    2105       1.8257
    2106       1.8640
    2107       1.8647
    2108       1.8052
    2109       1.8158
    2110       1.8246
    2111       1.9558
    2112       2.0097
    2113       1.9630
    2114       1.9378
    2115       1.9369
    2116       1.9327
    2117       1.8958
    2118       1.9294
    2119       1.8714
    2120       1.8387
    2121       1.7450
    2122       1.8535
    2123       1.7953
    2124       1.7861
    2125       1.8165
    2126       1.8172
    2127       1.8369
    2128       1.8610
    2129       1.8218
    2130       1.8025
    2131       1.7658
    2132       1.9062
    2133       1.9134
    2134       1.9202
    2135       1.8490
    2136       1.9650
    2137       1.8153
    2138       1.8891
    2139       1.8412
    2140       1.8822
    2141       1.8516
    2142       1.9473
    2143       1.8646
    2144       1.9239
    2145       1.9488
    2146       1.9748
    2147       2.0016
    2148       1.8871
    2149       1.7814
    2150       1.9836
    2151       1.7751
    2152       1.8915
    2153       1.8488
    2154       1.9483
    2155       2.0368
    2156       1.8987
    2157       1.9112
    2158       1.8074
    2159       1.8723
    2160       1.8425
    2161       1.9043
    2162       1.8042
    2163       2.0025
    2164       1.9228
    2165       2.0315
    2166       1.8876
    2167       1.7455
    2168       1.7397
    2169       1.8564
    2170       1.7677
    2171       1.7905
    2172       1.8588
    2173       1.8857
    2174       1.8972
    2175       1.8174
    2176       1.8877
    2177       1.8423
    2178       1.8735
    2179       1.7791
    2180       1.8858
    2181       1.8925
    2182       1.7772
    2183       1.8205
    2184       1.8274
    2185       1.7442
    2186       1.9059
    2187       1.8785
    2188       1.9709
    2189       1.8865
    2190       1.9295
    2191       1.9738
    2192       1.9381
    2193       1.8838
    2194       1.8318
    2195       1.9586
    2196       1.9421
    2197       1.9104
    2198       1.9115
    2199       1.8606
    2200       1.9640
    2201       1.9234
    2202       1.9491
    2203       1.9417
    2204       1.8462
    2205       1.7888
    2206       1.7866
    2207       1.8839
    2208       1.8657
    2209       1.9678
    2210       2.0856
    2211       2.0162
    2212       1.9086
    2213       1.9876
    2214       1.9499
    2215       2.0787
    2216       1.9990
    2217       1.7944
    2218       1.9251
    2219       1.8660
    2220       1.9217
    2221       1.9692
    2222       1.8453
    2223       1.7895
    2224       1.8857
    2225       1.9852
    2226       2.0433
    2227       2.0095
    2228       1.9294
    2229       1.9669
    2230       1.8860
    2231       1.9606
    2232       2.2134
    2233       2.1825
    2234       2.0117
    2235       1.9822
    2236       1.9683
    2237       2.0088
    2238       2.0565
    2239       2.0136
    2240       2.0857
    2241       2.1714
    2242       2.2092
    2243       2.0522
    2244       2.0442
    2245       2.0191
    2246       1.9970
    2247       2.1452
    2248       2.0376
    2249       2.0397
    2250       1.9571
    2251       2.0943
    2252       1.9902
    2253       1.9568
    2254       2.0632
    2255       2.0280
    2256       2.0073
    2257       2.0109
    2258       1.9436
    2259       1.9153
    2260       1.9799
    2261       2.0304
    2262       2.0306
    2263       2.0532
    2264       2.0659
    2265       2.1355
    2266       1.9895
    2267       1.8671
    2268       2.0002
    2269       2.0636
    2270       2.0755
    2271       2.1597
    2272       2.0681
    2273       2.0332
    2274       2.0832
    2275       2.0404
    2276       2.0746
    2277       1.9062
    2278       1.9534
    2279       1.9394
    2280       2.0049
    2281       2.1116
    2282       2.0018
    2283       2.0471
    2284       1.9912
    2285       2.1367
    2286       2.0882
    2287       2.1196
    2288       2.1022
    2289       2.0291
    2290       2.0099
    2291       2.0352
    2292       2.0390
    2293       1.9229
    2294       1.9803
    2295       2.0792
    2296       2.0439
    2297       2.1706
    2298       2.0494
    2299       1.9441
    2300       1.9753
    2301       2.1165
    2302       2.1203
    2303       2.1020
    2304       2.1819
    2305       2.1106
    2306       2.1673
    2307       2.0761
    2308       1.9371
    2309       2.0304
    2310       2.0014
    2311       1.9210
    2312       1.8582
    2313       1.9181
    2314       1.9536
    2315       2.0235
    2316       2.0003
    2317       2.0374
    2318       2.0720
    2319       2.0963
    2320       2.0217
    2321       2.0175
    2322       2.0886
    2323       2.1191
    2324       2.1187
    2325       2.1559
    2326       2.0989
    2327       2.0973
    2328       2.0272
    2329       1.9985
    2330       2.0438
    2331       2.0326
    2332       2.1037
    2333       2.1691
    2334       2.1314
    2335       2.1185
    2336       2.1650
    2337       2.2191
    2338       2.0800
    2339       2.1296
    2340       2.1760
    2341       2.1475
    2342       2.1461
    2343       2.1403
    2344       2.1176
    2345       2.0639
    2346       2.0281
    2347       2.0081
    2348       2.0758
    2349       1.8958
    2350       2.0296
    2351       2.0247
    2352       1.9817
    2353       1.9851
    2354       1.9343
    2355       1.9913
    2356       1.9787
    2357       1.9699
    2358       2.0001
    2359       2.0037
    2360       2.0158
    2361       2.1652
    2362       1.9900
    2363       1.9701
    2364       2.0572
    2365       2.0407
    2366       2.1008
    2367       1.9754
    2368       1.8553
    2369       1.9966
    2370       2.1220
    2371       1.9425
    2372       1.9209
    2373       1.9614
    2374       2.0082
    2375       1.9373
    2376       1.8827
    2377       2.0164
    2378       2.0378
    2379       2.0076
    2380       2.0125
    2381       2.0710
    2382       2.0099
    2383       2.0136
    2384       2.0582
    2385       1.9173
    2386       2.0125
    2387       2.0411
    2388       2.1039
    2389       2.1110
    2390       1.9650
    2391       2.0153
    2392       1.9436
    2393       2.0165
    2394       1.9824
    2395       2.2080
    2396       2.0887
    2397       2.1058
    2398       2.1450
    2399       2.2767
    2400       2.0687
    2401       2.2538
    2402       2.2556
    2403       2.1597
    2404       2.1577
    2405       2.1330
    2406       2.0449
    2407       2.0281
    2408       2.0396
    2409       2.0359
    2410       2.2114
    2411       2.1196
    2412       2.0406
    2413       1.9299
    2414       1.9634
    2415       1.8270
    2416       1.9687
    2417       1.8961
    2418       1.8665
    2419       2.0772
    2420       2.0660
    2421       1.9872
    2422       2.0308
    2423       1.9589
    2424       1.9724
    2425       1.9269
    2426       2.0491
    2427       2.0685
    2428       2.0464
    2429       2.1785
    2430       2.0290
    2431       2.0466
    2432       2.1040
    2433       1.9397
    2434       1.9447
    2435       2.0067
    2436       1.9001
    2437       1.8723
    2438       2.0242
    2439       2.0682
    2440       2.1091
    2441       2.0708
    2442       2.0118
    2443       1.9845
    2444       2.0941
    2445       1.9905
    2446       1.9553
    2447       1.9023
    2448       1.9542
    2449       2.0835
    2450       1.9490
    2451       1.9006
    2452       1.8953
    2453       1.9797
    2454       1.9847
    2455       2.0584
    2456       2.0104
    2457       1.9577
    2458       1.9815
    2459       2.0057
    2460       1.8767
    2461       2.0376
    2462       1.9162
    2463       1.9713
    2464       1.9917
    2465       2.0424
    2466       1.9380
    2467       2.0624
    2468       1.8396
    2469       1.8298
    2470       1.8145
    2471       1.9186
    2472       1.8448
    2473       1.9371
    2474       1.8058
    2475       1.8163
    2476       1.9446
    2477       1.8890
    2478       1.9946
    2479       1.9150
    2480       1.8722
    2481       1.8947
    2482       1.9371
    2483       1.9482
    2484       1.9065
    2485       1.8825
    2486       1.8903
    2487       1.8691
    2488       1.9474
    2489       1.9552
    2490       1.8971
    2491       1.9470
    2492       1.8907
    2493       1.8924
    2494       1.9730
    2495       1.8897
    2496       1.9047
    2497       1.9184
    2498       2.0971
    2499       2.0353
    2500       1.8823
    2501       1.8625
    2502       2.0418
    2503       1.9784
    2504       2.0436
    2505       1.9690
    2506       1.9358
    2507       2.0018
    2508       1.9795
    2509       1.8611
    2510       2.0034
    2511       1.9858
    2512       1.9150
    2513       1.8947
    2514       1.8282
    2515       1.8833
    2516       1.8478
    2517       1.7990
    2518       1.8473
    2519       1.8177
    2520       1.8546
    2521       1.7402
    2522       1.9402
    2523       1.8974
    2524       1.8445
    2525       1.8099
    2526       1.8475
    2527       1.8628
    2528       1.8219
    2529       1.7980
    2530       1.8659
    2531       1.8069
    2532       1.9507
    2533       1.9067
    2534       1.9863
    2535       1.9164
    2536       2.0483
    2537       1.9116
    2538       1.8697
    2539       1.8644
    2540       1.8690
    2541       1.8859
    2542       1.9319
    2543       1.9510
    2544       1.9276
    2545       1.9296
    2546       1.9567
    2547       1.9774
    2548       1.9497
    2549       1.9717
    2550       1.9342
    2551       1.9368
    2552       2.0026
    2553       1.9165
    2554       1.9778
    2555       1.9461
    2556       1.9387
    2557       1.9694
    2558       1.9811
    2559       2.0108
    2560       1.9065
    2561       1.9622
    2562       1.8094
    2563       1.8857
    2564       1.8995
    2565       1.9404
    2566       1.8740
    2567       1.9139
    2568       1.8935
    2569       1.8883
    2570       2.0337
    2571       1.9023
    2572       1.9050
    2573       2.0132
    2574       1.9782
    2575       1.8985
    2576       1.9393
    2577       1.9874
    2578       1.9823
    2579       1.9781
    2580       1.9743
    2581       1.9969
    2582       1.9860
    2583       1.9253
    2584       1.9211
    2585       1.9215
    2586       1.8105
    2587       1.8508
    2588       1.9512
    2589       1.9864
    2590       1.9973
    2591       1.9753
    2592       2.1009
    2593       2.1578
    2594       1.9747
    2595       1.9561
    2596       1.9512
    2597       1.8772
    2598       1.8369
    2599       1.9481
    2600       1.8602
    2601       1.9951
    2602       2.0179
    2603       2.0512
    2604       1.9450
    2605       1.9938
    2606       2.0890
    2607       2.0719
    2608       2.0442
    2609       2.0917
    2610       2.1786
    2611       2.1045
    2612       2.0413
    2613       2.0420
    2614       2.0902
    2615       2.0488
    2616       2.0878
    2617       2.0550
    2618       2.0709
    2619       2.0451
    2620       2.0796
    2621       2.1116
    2622       2.1044
    2623       2.0772
    2624       2.0568
    2625       2.0788
    2626       2.0081
    2627       2.0034
    2628       2.0514
    2629       1.9759
    2630       1.9185
    2631       1.9933
    2632       1.9800
    2633       2.0355
    2634       2.0712
    2635       2.1292
    2636       2.0829
    2637       1.9953
    2638       2.0299
    2639       1.9190
    2640       2.0150
    2641       2.0759
    2642       2.0307
    2643       1.9800
    2644       1.9341
    2645       1.9257
    2646       1.9738
    2647       2.0588
    2648       2.0393
    2649       2.0847
    2650       1.9961
    2651       1.9888
    2652       1.9931
    2653       2.1739
    2654       2.0961
    2655       2.0183
    2656       1.9585
    2657       2.0080
    2658       1.9909
    2659       1.9930
    2660       2.0833
    2661       2.0257
    2662       2.0694
    2663       1.9533
    2664       1.8779
    2665       1.8432
    2666       1.8963
    2667       2.0385
    2668       1.9657
    2669       1.9443
    2670       1.8904
    2671       2.0071
    2672       1.8882
    2673       1.8994
    2674       1.9115
    2675       1.9572
    2676       1.9792
    2677       1.8298
    2678       1.9707
    2679       2.0091
    2680       1.9917
    2681       2.0061
    2682       2.0300
    2683       2.0662
    2684       2.1839
    2685       2.1036
    2686       1.9690
    2687       2.0440
    2688       2.0000
    2689       2.0213
    2690       2.0395
    2691       1.8970
    2692       2.0078
    2693       1.9752
    2694       2.0311
    2695       1.8330
    2696       1.8366
    2697       1.9133
    2698       1.9404
    2699       2.0150
    2700       2.0190
    2701       2.1672
    2702       2.1097
    2703       2.0339
    2704       2.1087
    2705       2.1623
    2706       2.1855
    2707       1.9916
    2708       1.9669
    2709       2.0599
    2710       1.9889
    2711       2.0121
    2712       2.0944
    2713       2.0724
    2714       2.0516
    2715       1.9417
    2716       2.0443
    2717       2.0652
    2718       1.8618
    2719       1.8865
    2720       1.9140
    2721       1.9253
    2722       1.8593
    2723       1.8765
    2724       1.8756
    2725       1.8772
    2726       1.8167
    2727       1.9262
    2728       1.9319
    2729       1.9355
    2730       1.9053
    2731       1.9155
    2732       1.9451
    2733       1.9794
    2734       1.9690
    2735       1.8277
    2736       1.9070
    2737       1.9206
    2738       1.7736
    2739       1.7866
    2740       1.8505
    2741       1.8499
    2742       1.8514
    2743       1.9507
    2744       1.8441
    2745       1.8455
    2746       1.9827
    2747       1.9362
    2748       1.9524
    2749       1.9924
    2750       1.9568
    2751       1.9169
    2752       1.9382
    2753       1.9935
    2754       2.0456
    2755       1.9421
    2756       1.8336
    2757       2.0211
    2758       1.9440
    2759       1.9994
    2760       2.0822
    2761       2.0339
    2762       2.0304
    2763       1.9726
    2764       2.0401
    2765       2.0036
    2766       2.0424
    2767       1.9199
    2768       1.8228
    2769       1.8405
    2770       1.8702
    2771       1.8328
    2772       1.7579
    2773       1.7568
    2774       1.8156
    2775       1.8269
    2776       1.7999
    2777       1.8408
    2778       1.8638
    2779       1.8836
    2780       1.7937
    2781       2.0163
    2782       1.9226
    2783       1.8384
    2784       1.8823
    2785       1.8105
    2786       1.7788
    2787       1.8094
    2788       1.8486
    2789       1.7996
    2790       1.8140
    2791       1.8630
    2792       1.9771
    2793       1.9298
    2794       1.9193
    2795       1.9087
    2796       1.8882
    2797       2.0283
    2798       1.9392
    2799       1.8916
    2800       1.9905
    2801       2.0340
    2802       1.9184
    2803       1.8842
    2804       2.0428
    2805       1.9753
    2806       1.9644
    2807       1.9067
    2808       1.9646
    2809       1.9003
    2810       1.8885
    2811       1.8753
    2812       1.8456
    2813       1.9370
    2814       1.8833
    2815       1.8667
    2816       1.8700
    2817       1.8310
    2818       1.8691
    2819       1.9929
    2820       1.9733
    2821       1.9734
    2822       2.0935
    2823       1.9173
    2824       1.9280
    2825       1.9483
    2826       1.9600
    2827       2.0592
    2828       2.0255
    2829       1.9786
    2830       1.8925
    2831       1.9369
    2832       2.0657
    2833       1.9826
    2834       1.9568
    2835       2.0391
    2836       1.9614
    2837       1.9221
    2838       1.9123
    2839       1.9715
    2840       1.8653
    2841       1.8778
    2842       1.8281
    2843       1.9265
    2844       2.0392
    2845       2.0514
    2846       2.0159
    2847       2.0463
    2848       2.0359
    2849       1.9969
    2850       2.0238
    2851       1.9697
    2852       1.8183
    2853       1.9054
    2854       1.9853
    2855       2.0636
    2856       1.9632
    2857       2.1178
    2858       1.9310
    2859       2.0824
    2860       2.0275
    2861       2.0381
    2862       2.0875
    2863       2.1417
    2864       2.1080
    2865       2.1279
    2866       2.0636
    2867       2.0564
    2868       2.0183
    2869       2.1291
    2870       2.1171
    2871       1.9419
    2872       2.0054
    2873       1.9738
    2874       1.8692
    2875       2.0177
    2876       1.9633
    2877       1.9257
    2878       1.9910
    2879       2.0186
    2880       1.9485
    2881       1.9762
    2882       1.8786
    2883       1.8967
    2884       1.9722
    2885       1.8403
    2886       1.8271
    2887       1.7898
    2888       1.8546
    2889       1.8871
    2890       1.8565
    2891       1.9254
    2892       1.9366
    2893       1.9807
    2894       1.9437
    2895       1.8889
    2896       1.9331
    2897       2.0318
    2898       2.0479
    2899       1.9787
    2900       2.0077
    2901       1.9340
    2902       2.0438
    2903       1.9253
    2904       1.9572
    2905       1.9813
    2906       1.9503
    2907       1.9019
    2908       1.8321
    2909       1.8611
    2910       1.9177
    2911       1.8556
    2912       1.9005
    2913       1.8546
    2914       1.8616
    2915       1.8774
    2916       1.8575
    2917       1.9747
    2918       1.9704
    2919       1.9077
    2920       1.9800
    2921       1.9197
    2922       1.8273
    2923       1.9886
    2924       1.9628
    2925       1.9913
    2926       1.9892
    2927       1.9281
    2928       1.9259
    2929       1.9417
    2930       1.9248
    2931       1.8358
    2932       1.9934
    2933       1.9929
    2934       1.9672
    2935       1.9504
    2936       1.8644
    2937       1.9294
    2938       1.8976
    2939       1.9414
    2940       1.9653
    2941       2.0049
    2942       1.9115
    2943       1.9656
    2944       1.9640
    2945       1.9954
    2946       1.9647
    2947       2.0351
    2948       1.9103
    2949       1.9475
    2950       2.0411
    2951       2.0551
    2952       1.9575
    2953       1.9683
    2954       1.9691
    2955       1.8406
    2956       1.9179
    2957       1.9375
    2958       1.8900
    2959       1.8243
    2960       1.9101
    2961       1.9168
    2962       1.9440
    2963       1.9702
    2964       2.0414
    2965       2.0104
    2966       1.9786
    2967       2.0791
    2968       1.9593
    2969       1.8955
    2970       1.8353
    2971       1.9978
    2972       1.9893
    2973       2.0150
    2974       1.9605
    2975       1.9809
    2976       1.7958
    2977       1.8604
    2978       1.8859
    2979       1.9661
    2980       1.9647
    2981       1.9493
    2982       2.2100
    2983       2.0126
    2984       1.9597
    2985       1.9899
    2986       1.9132
    2987       2.0032
    2988       2.0439
    2989       1.9947
    2990       2.0434
    2991       2.0673
    2992       1.9512
    2993       2.0512
    2994       1.9704
    2995       2.0590
    2996       2.1133
    2997       2.0418
    2998       1.9764
    2999       1.9804
    3000       1.9253
    3001       2.0555
    3002       2.0528
    3003       2.1509
    3004       2.0664
    3005       1.9844
    3006       2.1394
    3007       2.1410
    3008       2.0609
    3009       1.9219
    3010       2.0786
    3011       2.0773
    3012       1.8906
    3013       2.0099
    3014       2.0503
    3015       1.9776
    3016       2.0834
    3017       1.9766
    3018       1.9833
    3019       2.0114
    3020       2.0430
    3021       2.0657
    3022       1.9831
    3023       2.0417
    3024       1.9773
    3025       1.9204
    3026       1.8497
    3027       2.0066
    3028       1.9729
    3029       1.9770
    3030       2.0068
    3031       2.0072
    3032       2.0984
    3033       2.1124
    3034       2.0037
    3035       2.1103
    3036       2.0179
    3037       2.0159
    3038       1.9215
    3039       1.9494
    3040       1.8937
    3041       1.9442
    3042       1.8569
    3043       1.8364
    3044       1.8471
    3045       1.8762
    3046       1.9179
    3047       1.9060
    3048       2.0920
    3049       2.0223
    3050       2.0121
    3051       1.9520
    3052       1.9366
    3053       1.9487
    3054       1.9087
    3055       1.9660
    3056       1.9517
    3057       2.0085
    3058       2.0194
    3059       2.0007
    3060       2.0072
    3061       1.8991
    3062       1.9440
    3063       1.9788
    3064       1.8661
    3065       1.8311
    3066       1.9046
    3067       1.9032
    3068       2.0086
    3069       1.7841
    3070       1.9071
    3071       1.8673
    3072       1.9196
    3073       1.8685
    3074       1.8760
    3075       1.9090
    3076       1.7988
    3077       1.8589
    3078       1.7420
    3079       1.9138
    3080       1.8265
    3081       1.8735
    3082       1.9767
    3083       1.9409
    3084       1.9607
    3085       1.9305
    3086       1.9445
    3087       1.9220
    3088       1.9017
    3089       1.9701
    3090       2.0401
    3091       1.9829
    3092       1.9381
    3093       1.9471
    3094       1.9328
    3095       1.9400
    3096       2.1053
    3097       2.0358
    3098       2.0859
    3099       2.1145
    3100       2.0225
    3101       1.9920
    3102       2.0822
    3103       2.0299
    3104       1.9036
    3105       1.9114
    3106       1.9849
    3107       1.9747
    3108       1.9980
    3109       2.0190
    3110       1.9551
    3111       1.9983
    3112       1.9195
    3113       1.9210
    3114       2.0204
    3115       1.9201
    3116       1.9548
    3117       1.9681
    3118       2.0031
    3119       1.9357
    3120       1.9263
    3121       1.9656
    3122       2.0196
    3123       2.0311
    3124       2.0900
    3125       1.9996
    3126       2.0764
    3127       1.9691
    3128       1.8703
    3129       2.0165
    3130       2.0534
    3131       1.9089
    3132       2.0156
    3133       1.9864
    3134       2.0435
    3135       1.9548
    3136       2.0267
    3137       1.9267
    3138       2.0061
    3139       1.9255
    3140       1.9323
    3141       1.9048
    3142       1.8005
    3143       1.7916
    3144       1.8574
    3145       1.8273
    3146       1.9105
    3147       1.9060
    3148       1.9108
    3149       1.8437
    3150       1.8526
    3151       1.7884
    3152       1.8250
    3153       1.8152
    3154       1.7278
    3155       1.8462
    3156       1.9055
    3157       1.8877
    3158       1.9013
    3159       1.9624
    3160       1.9126
    3161       2.0669
    3162       1.9513
    3163       1.9990
    3164       1.9965
    3165       1.8964
    3166       1.8714
    3167       1.8389
    3168       1.8727
    3169       1.8568
    3170       2.0485
    3171       1.9735
    3172       1.9251
    3173       2.0522
    3174       1.9651
    3175       1.8997
    3176       1.9144
    3177       2.0296
    3178       1.9954
    3179       2.0187
    3180       1.9999
    3181       1.9956
    3182       1.9298
    3183       2.0715
    3184       1.9631
    3185       1.9751
    3186       2.0443
    3187       1.8579
    3188       1.8466
    3189       2.0783
    3190       2.0423
    3191       2.1226
    3192       2.0522
    3193       1.8007
    3194       1.8736
    3195       1.8940
    3196       1.9666
    3197       1.9519
    3198       1.8954
    3199       1.9403
    3200       1.9521
    3201       1.9604
    3202       2.0570
    3203       1.9184
    3204       1.9884
    3205       1.9057
    3206       1.7878
    3207       1.8374
    3208       1.8656
    3209       1.7392
    3210       1.8867
    3211       1.8566
    3212       1.8426
    3213       1.8080
    3214       1.8387
    3215       1.7042
    3216       1.8222
    3217       1.7719
    3218       1.8181
    3219       1.7582
    3220       1.7712
    3221       1.7606
    3222       1.8776
    3223       1.9043
    3224       1.8996
    3225       1.8522
    3226       1.8375
    3227       1.9695
    3228       1.9182
    3229       1.8978
    3230       1.7866
    3231       1.8421
    3232       1.8071
    3233       1.8548
    3234       1.8192
    3235       1.7344
    3236       1.7732
    3237       1.8967
    3238       1.9962
    3239       1.8951
    3240       1.8448
    3241       1.9446
    3242       1.8293
    3243       1.8675
    3244       1.8266
    3245       1.9658
    3246       1.9216
    3247       1.8898
    3248       1.9970
    3249       2.0264
    3250       2.0238
    3251       1.9579
    3252       2.0514
    3253       1.8668
    3254       1.8274
    3255       1.8196
    3256       1.9383
    3257       1.8975
    3258       1.7933
    3259       1.9144
    3260       1.9275
    3261       1.9797
    3262       1.9308
    3263       1.8325
    3264       1.8778
    3265       1.9179
    3266       1.9233
    3267       1.9095
    3268       1.8204
    3269       1.8981
    3270       1.9123
    3271       1.9033
    3272       1.9277
    3273       1.7565
    3274       1.9248
    3275       1.9586
    3276       1.8544
    3277       1.8713
    3278       1.8867
    3279       1.8198
    3280       1.8186
    3281       1.8848
    3282       1.8913
    3283       1.8202
    3284       1.8055
    3285       1.8187
    3286       1.8618
    3287       1.9391
    3288       1.8496
    3289       1.8625
    3290       1.7739
    3291       1.8735
    3292       1.7975
    3293       1.8970
    3294       1.8169
    3295       1.9223
    3296       2.0355
    3297       1.9153
    3298       1.8994
    3299       1.8288
    3300       1.9280
    3301       1.8916
    3302       2.0012
    3303       2.0075
    3304       2.0151
    3305       2.0778
    3306       1.9770
    3307       1.8769
    3308       1.9346
    3309       1.9652
    3310       1.9168
    3311       1.9305
    3312       1.9444
    3313       1.8884
    3314       1.8335
    3315       1.9009
    3316       1.8822
    3317       1.8939
    3318       1.7900
    3319       1.8579
    3320       1.8688
    3321       1.8590
    3322       1.8528
    3323       1.8188
    3324       1.9184
    3325       1.9591
    3326       1.9227
    3327       1.9199
    3328       1.9481
    3329       1.9902
    3330       1.8285
    3331       1.9142
    3332       1.8589
    3333       1.7931
    3334       1.8177
    3335       1.8262
    3336       1.9040
    3337       1.9023
    3338       1.9393
    3339       1.9962
    3340       1.8013
    3341       1.9040
    3342       1.9519
    3343       1.9838
    3344       1.9983
    3345       1.9162
    3346       1.9448
    3347       1.9801
    3348       1.9731
    3349       1.8819
    3350       1.8008
    3351       1.8927
    3352       1.9823
    3353       1.9207
    3354       1.8965
    3355       1.9004
    3356       1.9604
    3357       2.0009
    3358       1.9561
    3359       2.0285
    3360       1.9653
    3361       1.8853
    3362       1.9690
    3363       1.9933
    3364       1.8915
    3365       1.9656
    3366       1.9825
    3367       1.9392
    3368       2.0033
    3369       1.9090
    3370       1.9318
    3371       1.9702
    3372       1.8931
    3373       1.9218
    3374       1.9672
    3375       1.8369
    3376       1.7970
    3377       1.8825
    3378       1.9094
    3379       1.7669
    3380       1.8057
    3381       1.8994
    3382       1.8230
    3383       1.8888
    3384       1.7277
    3385       1.7905
    3386       1.7981
    3387       1.8862
    3388       1.7750
    3389       1.7675
    3390       1.7988
    3391       1.8041
    3392       1.8373
    3393       1.8178
    3394       1.9197
    3395       1.9526
    3396       1.9906
    3397       1.9303
    3398       2.0306
    3399       1.9080
    3400       1.8974
    3401       1.9464
    3402       1.8199
    3403       1.8180
    3404       1.9265
    3405       1.9568
    3406       1.9290
    3407       1.9985
    3408       1.9823
    3409       1.9593
    3410       1.8689
    3411       1.9984
    3412       1.8349
    3413       1.8275
    3414       1.8493
    3415       1.9490
    3416       2.0192
    3417       1.9643
    3418       2.0291
    3419       1.8862
    3420       1.9503
    3421       1.8479
    3422       1.8674
    3423       1.9299
    3424       2.0070
    3425       1.8211
    3426       1.8891
    3427       1.9590
    3428       1.9786
    3429       1.9388
    3430       1.8980
    3431       1.9329
    3432       1.8789
    3433       1.8050
    3434       1.9105
    3435       1.8350
    3436       1.9470
    3437       1.9273
    3438       1.8829
    3439       1.8878
    3440       1.9981
    3441       1.9548
    3442       2.0111
    3443       2.0671
    3444       2.1004
    3445       2.1082
    3446       2.1260
    3447       2.1169
    3448       2.0876
    3449       2.0621
    3450       2.0497
    3451       1.9886
    3452       1.9816
    3453       2.1359
    3454       2.1750
    3455       2.1954
    3456       2.1012
    3457       2.2079
    3458       2.0894
    3459       2.1077
    3460       2.0480
    3461       2.0826
    3462       2.1385
    3463       1.9845
    3464       2.1433
    3465       2.0842
    3466       2.1084
    3467       2.1129
    3468       2.0545
    3469       2.1110
    3470       1.9824
    3471       2.0389
    3472       2.0119
    3473       1.9460
    3474       1.9603
    3475       1.9840
    3476       1.9091
    3477       1.9268
    3478       1.8830
    3479       1.8653
    3480       1.8541
    3481       1.9569
    3482       2.0173
    3483       1.9457
    3484       2.0075
    3485       2.0588
    3486       2.0242
    3487       1.8833
    3488       1.8521
    3489       1.9972
    3490       1.9332
    3491       1.9518
    3492       2.0073
    3493       1.9704
    3494       1.9001
    3495       1.9939
    3496       2.0368
    3497       1.9500
    3498       1.9997
    3499       2.0420
    3500       2.0709
    3501       2.0805
    3502       2.0895
    3503       2.1044
    3504       1.9871
    3505       2.0789
    3506       2.0720
    3507       2.1115
    3508       1.9529
    3509       2.0559
    3510       1.9462
    3511       2.0986
    3512       2.0150
    3513       2.0357
    3514       2.0401
    3515       1.9670
    3516       2.0255
    3517       1.9716
    3518       1.9585
    3519       1.9700
    3520       2.0028
    3521       2.1444
    3522       2.1201
    3523       2.1003
    3524       1.9268
    3525       1.9623
    3526       1.8892
    3527       2.0106
    3528       2.0545
    3529       2.0024
    3530       1.9904
    3531       2.0682
    3532       1.9836
    3533       1.8662
    3534       1.9518
    3535       1.8973
    3536       1.9069
    3537       1.8838
    3538       1.9335
    3539       1.9963
    3540       1.9261
    3541       1.9699
    3542       1.9500
    3543       1.9539
    3544       1.9952
    3545       1.9415
    3546       1.9210
    3547       1.9839
    3548       1.9893
    3549       1.9774
    3550       1.9940
    3551       1.9135
    3552       1.9956
    3553       1.9819
    3554       2.0137
    3555       1.9693
    3556       1.9958
    3557       1.9668
    3558       1.9387
    3559       2.0112
    3560       2.0856
    3561       2.0054
    3562       2.0281
    3563       1.9525
    3564       1.9464
    3565       2.0597
    3566       1.9861
    3567       2.1078
    3568       1.9740
    3569       2.0066
    3570       2.0360
    3571       2.0264
    3572       2.0677
    3573       1.9726
    3574       1.9473
    3575       2.0066
    3576       2.0659
    3577       1.9556
    3578       1.9057
    3579       2.0536
    3580       1.9629
    3581       1.8876
    3582       1.9853
    3583       1.9027
    3584       1.9912
    3585       1.9094
    3586       1.8900
    3587       2.0136
    3588       1.8350
    3589       1.9510
    3590       1.9246
    3591       2.0303
    3592       2.0230
    3593       1.9693
    3594       1.9694
    3595       2.0116
    3596       2.0541
    3597       2.0069
    3598       1.9441
    3599       1.9911
    3600       2.0374
    3601       1.9978
    3602       1.9164
    3603       1.9737
    3604       2.0406
    3605       2.0527
    3606       1.9698
    3607       1.9822
    3608       2.0620
    3609       2.0074
    3610       2.1030
    3611       2.1707
    3612       2.0811
    3613       2.1297
    3614       2.0887
    3615       2.0918
    3616       2.0918
    3617       2.0634
    3618       2.1103
    3619       2.1022
    3620       2.0800
    3621       2.0007
    3622       2.0356
    3623       2.1662
    3624       2.0496
    3625       2.0686
    3626       2.0635
    3627       2.0009
    3628       2.0547
    3629       1.9339
    3630       1.9821
    3631       2.0190
    3632       2.0748
    3633       1.9845
    3634       1.9424
    3635       1.9381
    3636       2.0078
    3637       2.0614
    3638       2.1312
    3639       2.1330
    3640       2.0809
    3641       2.0182
    3642       1.9896
    3643       1.9487
    3644       1.8971
    3645       1.9514
    3646       2.0578
    3647       2.0559
    3648       1.9950
    3649       1.9709
    3650       1.9574
    3651       2.0576
    3652       2.0160
    3653       1.9503
    3654       1.9517
    3655       1.9791
    3656       1.9978
    3657       1.9331
    3658       1.9090
    3659       1.9012
    3660       1.9431
    3661       1.9637
    3662       1.9980
    3663       1.9136
    3664       1.8709
    3665       1.9085
    3666       1.8477
    3667       1.9347
    3668       1.8253
    3669       2.0041
    3670       1.9265
    3671       2.0170
    3672       1.9093
    3673       1.9216
    3674       1.9587
    3675       1.9511
    3676       1.9378
    3677       1.9577
    3678       2.0061
    3679       1.9351
    3680       2.0006
    3681       1.9886
    3682       2.0348
    3683       1.9847
    3684       2.0176
    3685       2.0591
    3686       1.9764
    3687       1.9564
    3688       1.9650
    3689       2.0021
    3690       1.9136
    3691       1.9137
    3692       1.8795
    3693       1.8652
    3694       1.9432
    3695       1.9673
    3696       2.0009
    3697       1.9385
    3698       1.8893
    3699       1.8950
    3700       1.8009
    3701       1.8625
    3702       1.8222
    3703       1.8064
    3704       1.8428
    3705       1.8697
    3706       1.8978
    3707       1.8751
    3708       1.8890
    3709       1.9466
    3710       1.9528
    3711       1.9376
    3712       1.9202
    3713       1.9195
    3714       1.7769
    3715       1.8172
    3716       1.8276
    3717       1.8378
    3718       1.7654
    3719       1.8338
    3720       1.8969
    3721       1.8985
    3722       1.8623
    3723       1.8051
    3724       1.8702
    3725       1.8436
    3726       1.8663
    3727       1.8874
    3728       1.9934
    3729       1.9243
    3730       1.9539
    3731       1.9661
    3732       1.9739
    3733       1.9684
    3734       1.9246
    3735       2.0196
    3736       2.1080
    3737       2.0680
    3738       1.9482
    3739       2.1168
    3740       2.0673
    3741       2.0327
    3742       2.0197
    3743       2.0263
    3744       2.1100
    3745       2.0679
    3746       2.0370
    3747       2.0282
    3748       2.1103
    3749       2.0799
    3750       1.9757
    3751       2.0671
    3752       1.9818
    3753       2.0605
    3754       2.1624
    3755       2.1340
    3756       2.0804
    3757       2.0851
    3758       2.0613
    3759       1.9975
    3760       2.0943
    3761       2.0730
    3762       2.0798
    3763       2.0780
    3764       2.0676
    3765       2.0039
    3766       1.9775
    3767       1.9947
    3768       1.9771
    3769       1.9352
    3770       1.9290
    3771       2.0724
    3772       1.9920
    3773       2.0034
    3774       2.0118
    3775       2.0435
    3776       1.8948
    3777       2.0036
    3778       2.0400
    3779       1.8597
    3780       1.9167
    3781       1.8916
    3782       1.9722
    3783       1.8711
    3784       1.9448
    3785       1.9934
    3786       1.9192
    3787       1.8676
    3788       1.9465
    3789       1.9887
    3790       2.0165
    3791       1.9790
    3792       1.9480
    3793       2.0304
    3794       1.9861
    3795       1.9591
    3796       2.0234
    3797       2.0376
    3798       2.0670
    3799       2.0914
    3800       1.9950
    3801       2.0416
    3802       2.0574
    3803       1.9460
    3804       1.9696
    3805       1.9462
    3806       1.9849
    3807       2.0194
    3808       2.0046
    3809       1.8787
    3810       2.0294
    3811       2.0334
    3812       2.0305
    3813       1.9103
    3814       1.8294
    3815       1.7865
    3816       1.9609
    3817       1.9442
    3818       1.9124
    3819       1.8563
    3820       1.9033
    3821       1.9772
    3822       1.8760
    3823       1.9975
    3824       2.0857
    3825       2.0114
    3826       1.9614
    3827       1.9604
    3828       2.0241
    3829       2.0352
    3830       2.0108
    3831       1.9565
    3832       2.0596
    3833       1.9822
    3834       1.9711
    3835       1.8752
    3836       1.9109
    3837       1.9754
    3838       1.9797
    3839       1.8946
    3840       1.9264
    3841       1.9828
    3842       1.8821
    3843       1.9685
    3844       1.9841
    3845       2.0226
    3846       2.0190
    3847       1.9533
    3848       1.9911
    3849       1.9982
    3850       2.0568
    3851       1.9633
    3852       1.9487
    3853       1.8913
    3854       2.0144
    3855       2.0506
    3856       1.9552
    3857       1.9855
    3858       1.9534
    3859       1.9300
    3860       1.9220
    3861       1.9689
    3862       2.0616
    3863       2.1121
    3864       1.9689
    3865       1.9205
    3866       1.9562
    3867       1.9818
    3868       1.9554
    3869       1.9109
    3870       1.9673
    3871       1.9841
    3872       1.8453
    3873       1.8116
    3874       1.9769
    3875       2.0235
    3876       1.9716
    3877       1.9359
    3878       1.8745
    3879       1.8366
    3880       1.9437
    3881       1.9224
    3882       1.9360
    3883       1.9354
    3884       1.8841
    3885       1.8922
    3886       2.0031
    3887       1.8403
    3888       1.8230
    3889       1.8308
    3890       1.8681
    3891       1.7956
    3892       1.9078
    3893       1.8961
    3894       1.9434
    3895       1.8780
    3896       1.9085
    3897       2.0026
    3898       1.8811
    3899       1.8184
    3900       1.9461
    3901       1.9160
    3902       1.9785
    3903       1.9510
    3904       1.9472
    3905       1.8930
    3906       2.0546
    3907       1.9135
    3908       1.9674
    3909       1.9107
    3910       1.9018
    3911       1.9657
    3912       1.8877
    3913       1.9684
    3914       1.8848
    3915       1.8840
    3916       1.8816
    3917       1.9632
    3918       1.9313
    3919       2.0853
    3920       1.9525
    3921       1.8857
    3922       1.8900
    3923       1.9345
    3924       1.9431
    3925       1.9497
    3926       1.9399
    3927       2.0787
    3928       1.9503
    3929       1.9961
    3930       1.9809
    3931       1.9010
    3932       1.8891
    3933       1.8743
    3934       1.9818
    3935       1.8997
    3936       1.9558
    3937       1.9677
    3938       1.9368
    3939       1.9013
    3940       2.0239
    3941       1.9046
    3942       1.9229
    3943       2.0259
    3944       1.9921
    3945       2.0288
    3946       1.8923
    3947       1.9150
    3948       1.9521
    3949       1.7880
    3950       1.9407
    3951       1.8288
    3952       1.8081
    3953       1.7298
    3954       1.8989
    3955       1.8783
    3956       1.8922
    3957       1.7897
    3958       1.8633
    3959       1.9855
    3960       1.9388
    3961       1.8928
    3962       1.8448
    3963       1.8278
    3964       1.7984
    3965       1.7380
    3966       1.8433
    3967       1.8309
    3968       1.7959
    3969       1.8520
    3970       1.9306
    3971       1.9541
    3972       1.8479
    3973       1.8474
    3974       2.0732
    3975       1.7791
    3976       1.9678
    3977       1.8948
    3978       1.9939
    3979       1.8756
    3980       1.8518
    3981       1.9191
    3982       1.9370
    3983       1.8765
    3984       1.9300
    3985       1.9843
    3986       1.8604
    3987       1.8994
    3988       1.8762
    3989       1.8926
    3990       1.9199
    3991       1.8698
    3992       1.9803
    3993       1.9828
    3994       1.9225
    3995       1.8886
    3996       1.8775
    3997       1.8923
    3998       1.7983
    3999       1.9410
    4000       1.8605
    4001       1.8320
    4002       1.7760
    4003       1.9665
    4004       1.8801
    4005       1.9136
    4006       1.8039
    4007       1.7868
    4008       1.6825
    4009       1.7003
    4010       1.6881
    4011       1.8736
    4012       1.7916
    4013       1.7871
    4014       1.9652
    4015       1.8533
    4016       1.8675
    4017       1.7539
    4018       1.9533
    4019       1.8490
    4020       1.8853
    4021       1.8087
    4022       1.8228
    4023       1.9712
    4024       1.9806
    4025       1.8419
    4026       1.9965
    4027       1.9065
    4028       1.9412
    4029       1.8905
    4030       1.8871
    4031       1.9252
    4032       1.7893
    4033       1.7927
    4034       1.8602
    4035       1.7752
    4036       1.8642
    4037       2.0007
    4038       1.8223
    4039       1.8529
    4040       1.8542
    4041       1.9784
    4042       1.8673
    4043       1.9296
    4044       1.8839
    4045       1.8281
    4046       1.8906
    4047       1.8428
    4048       1.9422
    4049       1.9264
    4050       1.8839
    4051       1.9303
    4052       1.8688
    4053       1.8715
    4054       1.7577
    4055       1.8068
    4056       1.8275
    4057       1.8929
    4058       1.8727
    4059       1.8779
    4060       1.8879
    4061       1.8405
    4062       1.8764
    4063       1.7805
    4064       1.7420
    4065       1.7259
    4066       1.8306
    4067       1.7708
    4068       1.8602
    4069       1.8478
    4070       1.7624
    4071       1.8120
    4072       1.8812
    4073       1.8742
    4074       1.8012
    4075       1.7862
    4076       1.8638
    4077       1.7667
    4078       1.7221
    4079       1.7503
    4080       1.7548
    4081       1.8246
    4082       1.7984
    4083       1.8069
    4084       1.9220
    4085       2.0352
    4086       1.8772
    4087       1.9730
    4088       1.9437
    4089       1.8161
    4090       1.8019
    4091       1.8284
    4092       1.8649
    4093       1.8080
    4094       1.9386
    4095       2.0162
    4096       1.9222
    4097       2.0237
    4098       1.8740
    4099       1.9339
    4100       1.8880
    4101       1.8965
    4102       1.7861
    4103       1.8798
    4104       1.7026
    4105       1.7578
    4106       1.8493
    4107       1.8864
    4108       2.0014
    4109       1.9839
    4110       1.9200
    4111       1.9818
    4112       1.8807
    4113       1.8746
    4114       1.8545
    4115       1.9276
    4116       1.8406
    4117       1.9564
    4118       1.8900
    4119       1.9122
    4120       1.9191
    4121       2.0373
    4122       1.9481
    4123       2.0077
    4124       1.8816
    4125       1.9980
    4126       2.0856
    4127       1.9866
    4128       2.1290
    4129       1.9482
    4130       2.0017
    4131       1.8467
    4132       1.7486
    4133       1.8825
    4134       1.9651
    4135       2.0723
    4136       2.0687
    4137       1.8814
    4138       2.0040
    4139       1.9364
    4140       1.9762
    4141       2.0029
    4142       1.9831
    4143       1.9375
    4144       1.9348
    4145       1.9317
    4146       1.8760
    4147       1.8263
    4148       1.9164
    4149       1.9192
    4150       1.9414
    4151       1.9076
    4152       1.7996
    4153       1.7488
    4154       1.8217
    4155       1.7750
    4156       1.8669
    4157       1.8790
    4158       1.9161
    4159       1.8503
    4160       1.9413
    4161       1.8615
    4162       1.9145
    4163       1.8417
    4164       1.8952
    4165       1.8781
    4166       1.8328
    4167       1.7677
    4168       1.7734
    4169       1.8224
    4170       1.7901
    4171       1.8203
    4172       1.9011
    4173       1.7237
    4174       1.8288
    4175       1.7575
    4176       1.8706
    4177       1.7557
    4178       1.7910
    4179       1.7633
    4180       1.7555
    4181       1.8470
    4182       1.8093
    4183       1.7422
    4184       1.7098
    4185       1.7388
    4186       1.7980
    4187       1.7708
    4188       1.8915
    4189       1.7601
    4190       1.9427
    4191       1.9116
    4192       1.9464
    4193       1.9121
    4194       1.9435
    4195       1.8982
    4196       1.9088
    4197       1.9472
    4198       1.9245
    4199       1.9746
    4200       1.9186
    4201       1.8679
    4202       1.7964
    4203       1.8488
    4204       1.8433
    4205       1.8083
    4206       1.9404
    4207       1.8528
    4208       1.7652
    4209       1.8375
    4210       1.9115
    4211       1.8517
    4212       1.9033
    4213       1.8792
    4214       1.8636
    4215       1.9902
    4216       1.8824
    4217       1.8482
    4218       1.7808
    4219       1.9219
    4220       1.7447
    4221       1.7640
    4222       1.8313
    4223       1.8077
    4224       1.8558
    4225       1.9315
    4226       1.9977
    4227       1.8304
    4228       1.8047
    4229       1.8917
    4230       1.9436
    4231       1.8074
    4232       1.9778
    4233       1.9176
    4234       1.8228
    4235       1.8918
    4236       1.7913
    4237       1.9701
    4238       1.9510
    4239       1.8808
    4240       1.8230
    4241       1.9892
    4242       2.0010
    4243       2.0944
    4244       2.1615
    4245       2.0424
    4246       1.9955
    4247       1.9056
    4248       1.9030
    4249       2.0061
    4250       1.9463
    4251       1.8553
    4252       1.9197
    4253       1.8399
    4254       1.8767
    4255       1.8392
    4256       1.8046
    4257       1.8246
    4258       1.8844
    4259       1.8555
    4260       1.8608
    4261       1.8594
    4262       1.8257
    4263       1.8040
    4264       1.9331
    4265       1.8185
    4266       1.8473
    4267       1.9360
    4268       1.8639
    4269       1.9343
    4270       1.8325
    4271       1.9386
    4272       1.9269
    4273       1.9192
    4274       1.9152
    4275       1.8080
    4276       1.9157
    4277       1.8641
    4278       1.9680
    4279       1.9538
    4280       1.9096
    4281       1.8927
    4282       2.0006
    4283       1.9062
    4284       1.9057
    4285       1.8656
    4286       1.9473
    4287       2.0273
    4288       2.0148
    4289       1.8639
    4290       1.9614
    4291       1.9433
    4292       1.9407
    4293       1.8789
    4294       1.9187
    4295       1.9958
    4296       2.0210
    4297       1.9459
    4298       2.0661
    4299       2.0118
    4300       2.0796
    4301       2.1394
    4302       2.0486
    4303       1.9946
    4304       1.9972
    4305       1.9773
    4306       2.0203
    4307       1.8717
    4308       1.9554
    4309       1.8517
    4310       2.0811
    4311       1.9836
    4312       2.0261
    4313       1.9904
    4314       1.9093
    4315       1.9030
    4316       1.9130
    4317       1.9710
    4318       2.0697
    4319       1.9790
    4320       2.0047
    4321       1.9926
    4322       1.9172
    4323       2.0240
    4324       2.0437
    4325       2.1077
    4326       2.0379
    4327       2.0927
    4328       2.0233
    4329       1.9266
    4330       1.8844
    4331       1.8495
    4332       1.8491
    4333       1.8637
    4334       1.9118
    4335       1.9169
    4336       1.9102
    4337       1.9103
    4338       1.9930
    4339       2.0566
    4340       1.9439
    4341       1.9054
    4342       2.1023
    4343       2.0944
    4344       2.0522
    4345       2.0081
    4346       2.1170
    4347       2.0368
    4348       2.0532
    4349       2.0315
    4350       2.0204
    4351       2.0617
    4352       1.9443
    4353       1.9940
    4354       1.8222
    4355       1.9462
    4356       1.8439
    4357       1.8747
    4358       1.8971
    4359       1.9398
    4360       1.8851
    4361       1.9859
    4362       1.8781
    4363       2.0024
    4364       1.9945
    4365       1.9365
    4366       1.9712
    4367       1.8697
    4368       2.0467
    4369       1.9211
    4370       1.9449
    4371       2.0515
    4372       2.0140
    4373       2.2112
    4374       2.1199
    4375       2.0441
    4376       2.0775
    4377       2.0473
    4378       2.0581
    4379       2.1349
    4380       2.2039
    4381       2.1332
    4382       2.1186
    4383       2.0534
    4384       1.9565
    4385       1.9619
    4386       2.1267
    4387       2.0013
    4388       2.1405
    4389       2.0190
    4390       2.1517
    4391       2.1108
    4392       2.0022
    4393       1.9748
    4394       1.9410
    4395       1.9448
    4396       1.9477
    4397       1.9233
    4398       1.8287
    4399       1.7775
    4400       1.9114
    4401       1.9811
    4402       1.9281
    4403       1.9079
    4404       2.0123
    4405       1.9712
    4406       2.1735
    4407       2.0830
    4408       2.0107
    4409       1.9448
    4410       2.0501
    4411       1.9679
    4412       1.9338
    4413       1.9433
    4414       2.0205
    4415       1.9201
    4416       1.9331
    4417       1.9043
    4418       2.0045
    4419       2.0844
    4420       2.0268
    4421       2.0224
    4422       2.0388
    4423       2.0134
    4424       2.0638
    4425       2.0680
    4426       1.9874
    4427       1.9823
    4428       1.8958
    4429       1.9081
    4430       1.9643
    4431       1.9278
    4432       1.9319
    4433       1.9368
    4434       1.9828
    4435       1.8765
    4436       1.9151
    4437       2.0350
    4438       2.0183
    4439       1.9406
    4440       1.9081
    4441       1.9133
    4442       2.0082
    4443       1.9407
    4444       2.0642
    4445       1.9866
    4446       2.0785
    4447       2.0105
    4448       1.9075
    4449       2.0027
    4450       1.9565
    4451       1.9636
    4452       1.8865
    4453       1.9958
    4454       1.9177
    4455       2.0188
    4456       1.9846
    4457       2.1749
    4458       2.1088
    4459       2.0870
    4460       2.1999
    4461       2.0633
    4462       2.0115
    4463       2.0631
    4464       2.1084
    4465       2.0474
    4466       2.0573
    4467       2.2108
    4468       2.1403
    4469       2.1999
    4470       2.1439
    4471       2.1095
    4472       2.0906
    4473       2.2004
    4474       2.1013
    4475       2.1476
    4476       2.0858
    4477       2.0108
    4478       2.0068
    4479       1.8609
    4480       1.9117
    4481       2.0337
    4482       2.0252
    4483       2.0407
    4484       2.0535
    4485       2.0640
    4486       1.9688
    4487       2.0291
    4488       2.0432
    4489       2.0462
    4490       2.0407
    4491       1.9877
    4492       2.0586
    4493       2.0067
    4494       1.9985
    4495       1.8512
    4496       1.9245
    4497       1.9957
    4498       1.9733
    4499       2.0125
    4500       2.0988
    4501       1.9426
    4502       1.9620
    4503       2.0331
    4504       2.0199
    4505       2.0987
    4506       2.0183
    4507       2.0621
    4508       2.0628
    4509       1.9168
    4510       2.0554
    4511       2.1392
    4512       2.0557
    4513       2.0050
    4514       1.9647
    4515       1.9730
    4516       2.0079
    4517       2.0149
    4518       2.0099
    4519       2.0992
    4520       2.0919
    4521       2.0182
    4522       2.0188
    4523       2.0179
    4524       1.8918
    4525       2.0034
    4526       1.9809
    4527       1.8765
    4528       2.0270
    4529       1.8105
    4530       1.9103
    4531       1.8073
    4532       1.8810
    4533       1.8706
    4534       2.0102
    4535       1.8529
    4536       1.9107
    4537       1.9544
    4538       2.1627
    4539       1.9767
    4540       1.9182
    4541       1.9726
    4542       1.9873
    4543       2.0076
    4544       2.0646
    4545       2.0548
    4546       2.0038
    4547       1.8866
    4548       1.9429
    4549       1.9608
    4550       1.9391
    4551       1.9210
    4552       1.8630
    4553       1.9374
    4554       2.0398
    4555       2.0109
    4556       1.9286
    4557       2.0196
    4558       2.0257
    4559       2.0344
    4560       1.9968
    4561       2.0426
    4562       1.9705
    4563       1.9007
    4564       1.8855
    4565       1.9607
    4566       1.9644
    4567       1.9244
    4568       1.9262
    4569       1.9233
    4570       1.9256
    4571       1.9642
    4572       1.9888
    4573       1.9594
    4574       1.9525
    4575       1.9210
    4576       1.9029
    4577       1.8697
    4578       1.9555
    4579       2.0113
    4580       1.8641
    4581       1.8712
    4582       1.8165
    4583       1.8452
    4584       1.7017
    4585       1.8266
    4586       1.8907
    4587       1.7748
    4588       1.9446
    4589       2.0092
    4590       1.9844
    4591       2.0653
    4592       2.1545
    4593       2.0217
    4594       2.0871
    4595       1.9112
    4596       1.8853
    4597       1.9492
    4598       1.8880
    4599       1.9172
    4600       1.8564
    4601       1.8696
    4602       1.9817
    4603       1.9158
    4604       1.9361
    4605       1.8090
    4606       1.8966
    4607       1.7732
    4608       1.7279
    4609       1.7829
    4610       1.7905
    4611       1.8293
    4612       1.8401
    4613       1.8608
    4614       1.8962
    4615       1.8126
    4616       1.8751
    4617       1.8369
    4618       1.9540
    4619       1.9362
    4620       1.9321
    4621       1.8858
    4622       1.8474
    4623       1.8925
    4624       1.7677
    4625       1.8297
    4626       1.8239
    4627       1.7576
    4628       1.8519
    4629       1.8464
    4630       1.7918
    4631       1.8746
    4632       1.8491
    4633       1.8294
    4634       1.8136
    4635       1.8284
    4636       1.8989
    4637       1.8737
    4638       1.9545
    4639       1.9441
    4640       1.9252
    4641       1.8683
    4642       1.8446
    4643       1.9380
    4644       1.8384
    4645       1.9302
    4646       1.8444
    4647       1.8603
    4648       1.7831
    4649       1.9353
    4650       1.8394
    4651       1.8767
    4652       1.7874
    4653       1.9345
    4654       1.8493
    4655       1.9326
    4656       1.9117
    4657       1.9661
    4658       1.9509
    4659       1.8940
    4660       1.9052
    4661       1.9076
    4662       1.8560
    4663       1.8502
    4664       1.8689
    4665       1.8758
    4666       1.8655
    4667       1.8159
    4668       1.8372
    4669       1.8573
    4670       1.9554
    4671       1.9881
    4672       1.8861
    4673       1.9653
    4674       1.9558
    4675       1.8837
    4676       1.9539
    4677       1.9442
    4678       1.8818
    4679       1.8871
    4680       1.8227
    4681       1.7734
    4682       1.7722
    4683       1.8510
    4684       1.9033
    4685       1.8695
    4686       1.7791
    4687       1.8566
    4688       1.8645
    4689       1.8541
    4690       1.8268
    4691       2.0129
    4692       2.0752
    4693       2.0550
    4694       1.9704
    4695       1.9965
    4696       1.9241
    4697       1.9441
    4698       2.0448
    4699       1.9674
    4700       1.8397
    4701       1.8309
    4702       1.9354
    4703       1.8382
    4704       1.8559
    4705       1.7701
    4706       1.8390
    4707       1.9328
    4708       1.9356
    4709       1.9326
    4710       1.8131
    4711       1.9016
    4712       1.9198
    4713       1.9368
    4714       1.8843
    4715       1.9593
    4716       1.8958
    4717       2.0383
    4718       1.8730
    4719       1.8435
    4720       1.8667
    4721       1.8874
    4722       1.8868
    4723       1.9054
    4724       1.8541
    4725       1.9137
    4726       1.8027
    4727       1.7020
    4728       1.7792
    4729       1.8436
    4730       1.7400
    4731       1.7823
    4732       1.7394
    4733       1.7416
    4734       1.7366
    4735       1.8123
    4736       1.9100
    4737       1.9391
    4738       1.8243
    4739       1.7762
    4740       1.7237
    4741       1.9237
    4742       1.7684
    4743       1.8656
    4744       1.8214
    4745       1.9322
    4746       1.8578
    4747       1.8723
    4748       1.7737
    4749       1.8082
    4750       1.8848
    4751       1.8756
    4752       1.7274
    4753       1.8999
    4754       1.8068
    4755       1.8604
    4756       1.8907
    4757       1.7561
    4758       1.9467
    4759       1.9055
    4760       1.9479
    4761       1.8438
    4762       1.8370
    4763       1.9438
    4764       1.8663
    4765       1.8893
    4766       1.8049
    4767       1.7836
    4768       1.9501
    4769       1.8694
    4770       1.8375
    4771       1.8649
    4772       1.9174
    4773       1.9564
    4774       1.8967
    4775       1.8851
    4776       1.8924
    4777       1.8306
    4778       1.8199
    4779       1.8412
    4780       1.8635
    4781       1.8755
    4782       1.8019
    4783       1.8090
    4784       1.8605
    4785       1.9015
    4786       1.8958
    4787       1.8526
    4788       1.8223
    4789       1.9717
    4790       1.9170
    4791       1.8810
    4792       1.8282
    4793       1.7849
    4794       1.7360
    4795       1.7252
    4796       1.8527
    4797       1.8660
    4798       1.8301
    4799       1.8172
    4800       1.8290
    4801       1.8392
    4802       1.9994
    4803       1.8485
    4804       1.7163
    4805       1.8314
    4806       1.9029
    4807       1.8539
    4808       1.8488
    4809       1.8695
    4810       1.8236
    4811       1.8141
    4812       1.8661
    4813       1.9075
    4814       1.8285
    4815       1.8067
    4816       1.8245
    4817       1.8791
    4818       1.8786
    4819       1.7960
    4820       1.8705
    4821       1.8652
    4822       1.8093
    4823       1.8519
    4824       1.9552
    4825       1.8875
    4826       1.8760
    4827       1.9067
    4828       1.8406
    4829       1.8238
    4830       1.8154
    4831       1.8130
    4832       1.8916
    4833       1.8567
    4834       1.9341
    4835       1.8670
    4836       1.7881
    4837       1.7876
    4838       1.8079
    4839       1.8199
    4840       1.8186
    4841       1.8928
    4842       1.8704
    4843       1.8363
    4844       1.9029
    4845       1.7975
    4846       1.7386
    4847       1.9248
    4848       1.9286
    4849       1.9576
    4850       1.9305
    4851       1.9539
    4852       1.8752
    4853       1.8736
    4854       1.8393
    4855       1.9646
    4856       1.9990
    4857       1.9197
    4858       2.0213
    4859       2.0310
    4860       1.8720
    4861       1.9131
    4862       1.9284
    4863       1.9180
    4864       1.8616
    4865       1.8752
    4866       1.9072
    4867       1.9180
    4868       2.0121
    4869       1.9982
    4870       1.9225
    4871       2.0145
    4872       1.8508
    4873       1.9473
    4874       2.0111
    4875       1.8984
    4876       1.8812
    4877       1.9064
    4878       1.9385
    4879       1.9260
    4880       2.0067
    4881       1.9677
    4882       1.9003
    4883       1.8763
    4884       1.9984
    4885       1.9004
    4886       1.9335
    4887       1.9978
    4888       1.9496
    4889       1.8505
    4890       1.8801
    4891       1.8032
    4892       1.8366
    4893       1.9156
    4894       1.8127
    4895       1.7928
    4896       1.8612
    4897       1.8836
    4898       1.8597
    4899       1.8186
    4900       1.8675
    4901       1.8297
    4902       1.7534
    4903       1.9101
    4904       1.8439
    4905       1.8981
    4906       1.9399
    4907       1.8965
    4908       2.0615
    4909       1.9627
    4910       1.9594
    4911       1.9077
    4912       1.9504
    4913       1.9190
    4914       1.8782
    4915       1.9340
    4916       1.8901
    4917       1.8329
    4918       1.9465
    4919       1.8544
    4920       1.8677
    4921       1.7701
    4922       1.8982
    4923       1.8855
    4924       1.8910
    4925       2.0465
    4926       2.0105
    4927       2.0000
    4928       1.9424
    4929       1.9645
    4930       2.0024
    4931       1.9350
    4932       1.8270
    4933       1.9380
    4934       1.8778
    4935       1.9856
    4936       1.9481
    4937       1.9891
    4938       1.9936
    4939       1.9048
    4940       2.0253
    4941       1.9090
    4942       1.9327
    4943       1.9688
    4944       1.8040
    4945       1.8429
    4946       1.8599
    4947       1.9164
    4948       1.8765
    4949       1.7995
    4950       1.9338
    4951       1.8932
    4952       1.9913
    4953       1.8726
    4954       1.9704
    4955       1.9998
    4956       1.9120
    4957       2.0425
    4958       1.9649
    4959       1.9573
    4960       1.9240
    4961       2.0126
    4962       2.0180
    4963       1.9501
    4964       2.0341
    4965       2.1092
    4966       1.8618
    4967       1.8505
    4968       1.9486
    4969       2.0037
    4970       1.9838
    4971       1.9613
    4972       1.9933
    4973       1.9959
    4974       2.0703
    4975       2.0180
    4976       2.0006
    4977       1.9937
    4978       2.0535
    4979       1.9793
    4980       1.9920
    4981       2.1370
    4982       2.0233
    4983       2.0596
    4984       2.0211
    4985       1.9942
    4986       2.0638
    4987       2.0215
    4988       1.9017
    4989       1.9549
    4990       1.9735
    4991       2.0197
    4992       1.9468
    4993       2.0734
    4994       1.9863
    4995       2.1032
    4996       1.9726
    4997       2.0128
    4998       1.8252
    4999       1.9048
    5000       1.9317
    5001       1.8433
    5002       1.8953
    5003       1.9376
    5004       2.0684
    5005       1.8920
    5006       1.7825
    5007       1.7755
    5008       1.8970
    5009       1.9997
    5010       1.8161
    5011       1.8887
    5012       1.8965
    5013       1.8666
    5014       1.8536
    5015       2.0811
    5016       1.8489
    5017       1.7908
    5018       1.9378
    5019       1.8180
    5020       1.8055
    5021       1.8783
    5022       1.9116
    5023       1.8694
    5024       1.8787
    5025       1.9747
    5026       1.8148
    5027       1.9743
    5028       1.9234
    5029       1.8967
    5030       1.8359
    5031       1.8047
    5032       1.8373
    5033       1.9553
    5034       1.9287
    5035       1.8431
    5036       1.8900
    5037       1.8527
    5038       1.8581
    5039       1.8764
    5040       1.9374
    5041       1.9211
    5042       1.9013
    5043       1.8927
    5044       1.9689
    5045       1.9404
    5046       1.8816
    5047       1.8236
    5048       1.8882
    5049       1.9260
    5050       1.9231
    5051       1.9487
    5052       1.9970
    5053       1.9713
    5054       1.9334
    5055       1.9328
    5056       1.9649
    5057       1.9945
    5058       1.9779
    5059       1.9410
    5060       1.9254
    5061       1.9690
    5062       1.8987
    5063       1.9197
    5064       1.9167
    5065       1.8878
    5066       2.0079
    5067       2.0826
    5068       1.8983
    5069       1.9493
    5070       1.9941
    5071       1.9162
    5072       1.8637
    5073       1.9892
    5074       1.9882
    5075       1.9949
    5076       1.9884
    5077       1.9681
    5078       2.1172
    5079       2.0144
    5080       2.0281
    5081       2.0573
    5082       2.0031
    5083       1.9299
    5084       1.9369
    5085       1.9523
    5086       1.9419
    5087       1.9827
    5088       2.0163
    5089       1.9461
    5090       1.9737
    5091       1.8189
    5092       1.8808
    5093       1.8277
    5094       1.8964
    5095       1.9843
    5096       1.9439
    5097       2.0900
    5098       2.0350
    5099       1.9827
    5100       1.9556
    5101       1.7765
    5102       1.7947
    5103       1.8263
    5104       1.7772
    5105       1.9585
    5106       1.8622
    5107       1.8562
    5108       1.9259
    5109       1.9264
    5110       1.9009
    5111       1.9474
    5112       2.0235
    5113       1.9363
    5114       1.8237
    5115       1.8932
    5116       1.9215
    5117       1.9880
    5118       1.8559
    5119       1.9580
    5120       1.8862
    5121       1.9296
    5122       1.8783
    5123       1.9359
    5124       1.8995
    5125       1.8648
    5126       1.9328
    5127       1.8890
    5128       1.9011
    5129       2.0459
    5130       1.8563
    5131       1.8737
    5132       1.9914
    5133       1.9157
    5134       1.7971
    5135       1.8669
    5136       1.8411
    5137       1.8973
    5138       1.7708
    5139       1.8400
    5140       1.7498
    5141       1.8426
    5142       1.7205
    5143       1.8326
    5144       1.7586
    5145       1.8856
    5146       1.7964
    5147       1.7734
    5148       1.7368
    5149       1.8450
    5150       1.8727
    5151       1.7837
    5152       1.8175
    5153       1.8418
    5154       1.8178
    5155       1.8914
    5156       1.8683
    5157       1.7692
    5158       1.8539
    5159       1.9000
    5160       1.7401
    5161       1.8308
    5162       1.8731
    5163       1.7823
    5164       1.8552
    5165       1.8905
    5166       1.8883
    5167       1.9726
    5168       2.0160
    5169       2.0021
    5170       2.0250
    5171       1.9516
    5172       1.9408
    5173       1.9153
    5174       1.8846
    5175       1.8314
    5176       1.8834
    5177       1.9035
    5178       1.7065
    5179       1.7156
    5180       1.6374
    5181       1.8415
    5182       1.7827
    5183       1.8911
    5184       1.8996
    5185       1.9712
    5186       1.8180
    5187       1.9088
    5188       1.9426
    5189       1.9737
    5190       1.9661
    5191       2.0539
    5192       2.1079
    5193       2.1264
    5194       2.1574
    5195       2.0668
    5196       1.9755
    5197       2.1284
    5198       1.9443
    5199       1.9627
    5200       1.9149
    5201       1.9443
    5202       2.0273
    5203       2.1328
    5204       2.0866
    5205       2.0374
    5206       1.9448
    5207       2.0499
    5208       1.9668
    5209       1.9607
    5210       1.9423
    5211       1.9649
    5212       2.0072
    5213       2.0437
    5214       1.9451
    5215       1.9615
    5216       2.0263
    5217       1.9435
    5218       1.8747
    5219       1.9831
    5220       2.0060
    5221       1.9225
    5222       1.9209
    5223       2.0304
    5224       2.1174
    5225       1.9532
    5226       1.9284
    5227       2.0292
    5228       1.9432
    5229       1.9446
    5230       2.0333
    5231       2.1200
    5232       2.0104
    5233       2.0503
    5234       1.9986
    5235       1.9335
    5236       2.0080
    5237       1.9945
    5238       1.9651
    5239       1.9665
    5240       2.1318
    5241       2.0770
    5242       2.0631
    5243       2.1446
    5244       2.1480
    5245       2.1636
    5246       2.1275
    5247       2.0422
    5248       2.0128
    5249       1.9500
    5250       1.8973
    5251       1.9455
    5252       1.8970
    5253       2.0064
    5254       2.0025
    5255       1.8859
    5256       1.9338
    5257       2.0527
    5258       1.9844
    5259       1.9147
    5260       1.9290
    5261       1.9813
    5262       1.8957
    5263       1.9866
    5264       1.9092
    5265       2.0245
    5266       2.0130
    5267       1.8908
    5268       1.9690
    5269       2.0205
    5270       1.9415
    5271       1.8965
    5272       1.9614
    5273       1.9530
    5274       2.0035
    5275       1.9469
    5276       1.9449
    5277       1.9826
    5278       1.8679
    5279       2.0104
    5280       1.8679
    5281       1.9596
    5282       1.9658
    5283       1.9887
    5284       1.8184
    5285       2.0336
    5286       1.9547
    5287       2.0367
    5288       2.0510
    5289       2.0156
    5290       2.0887
    5291       2.0289
    5292       1.9555
    5293       2.0192
    5294       2.0308
    5295       2.0434
    5296       2.1154
    5297       2.0632
    5298       2.0461
    5299       1.9854
    5300       2.0644
    5301       2.0381
    5302       2.1078
    5303       2.0548
    5304       2.0449
    5305       2.0726
    5306       2.1414
    5307       1.9928
    5308       2.0235
    5309       1.9021
    5310       1.8631
    5311       1.9343
    5312       1.9244
    5313       1.9514
    5314       1.8783
    5315       1.9365
    5316       2.0110
    5317       2.0137
    5318       1.9916
    5319       1.9898
    5320       2.0165
    5321       1.9246
    5322       1.9752
    5323       1.9969
    5324       2.0025
    5325       1.7897
    5326       1.8993
    5327       1.9821
    5328       1.9189
    5329       1.9087
    5330       2.0743
    5331       2.0300
    5332       1.9623
    5333       1.9459
    5334       2.0221
    5335       1.9709
    5336       1.9852
    5337       1.9436
    5338       1.9082
    5339       2.0093
    5340       2.0399
    5341       1.9557
    5342       2.0985
    5343       2.0089
    5344       2.0654
    5345       2.0154
    5346       1.9282
    5347       1.9047
    5348       1.9730
    5349       1.9468
    5350       1.9407
    5351       2.0488
    5352       2.1416
    5353       2.1447
    5354       2.0704
    5355       2.1058
    5356       2.0634
    5357       2.1377
    5358       1.9427
    5359       2.1136
    5360       2.0473
    5361       2.1061
    5362       2.1141
    5363       2.0595
    5364       1.9519
    5365       2.1504
    5366       2.2634
    5367       2.1825
    5368       2.2189
    5369       2.2263
    5370       2.0937
    5371       2.0202
    5372       2.0212
    5373       1.9406
    5374       1.9704
    5375       2.0856
    5376       1.9925
    5377       2.0184
    5378       1.9246
    5379       1.9091
    5380       1.8630
    5381       2.0150
    5382       2.0368
    5383       1.9450
    5384       1.9508
    5385       1.9751
    5386       1.8885
    5387       2.0833
    5388       2.1048
    5389       2.0672
    5390       2.1280
    5391       1.9901
    5392       2.0044
    5393       2.0217
    5394       1.9449
    5395       1.9534
    5396       1.9405
    5397       1.8832
    5398       1.9440
    5399       1.9246
    5400       1.9322
    5401       1.8246
    5402       1.8523
    5403       1.8615
    5404       1.9369
    5405       2.0308
    5406       1.8844
    5407       1.9340
    5408       1.9684
    5409       1.9975
    5410       1.9713
    5411       2.0669
    5412       2.1944
    5413       2.1210
    5414       2.1029
    5415       2.0400
    5416       2.0957
    5417       2.0344
    5418       1.9447
    5419       2.0475
    5420       1.9659
    5421       2.0239
    5422       1.9800
    5423       1.9478
    5424       2.0161
    5425       2.0653
    5426       2.0251
    5427       2.1040
    5428       2.1306
    5429       2.0162
    5430       2.0141
    5431       2.0120
    5432       2.0073
    5433       2.0565
    5434       1.9293
    5435       1.9158
    5436       1.9127
    5437       1.9226
    5438       1.9071
    5439       2.0064
    5440       2.0371
    5441       2.0628
    5442       2.0415
    5443       2.0104
    5444       2.0845
    5445       2.0455
    5446       1.9802
    5447       1.8957
    5448       1.9959
    5449       1.9889
    5450       1.9594
    5451       1.9803
    5452       2.0172
    5453       1.9645
    5454       1.9759
    5455       1.9394
    5456       1.9137
    5457       1.9588
    5458       2.0521
    5459       1.8670
    5460       2.0278
    5461       2.0383
    5462       2.0844
    5463       1.9842
    5464       2.0071
    5465       2.1030
    5466       1.9371
    5467       1.9977
    5468       2.0273
    5469       1.9566
    5470       2.0312
    5471       1.9310
    5472       2.0629
    5473       1.9645
    5474       1.9582
    5475       1.9146
    5476       1.9730
    5477       1.9326
    5478       1.9111
    5479       1.8477
    5480       1.9143
    5481       1.8686
    5482       1.8478
    5483       1.9147
    5484       1.8657
    5485       1.9891
    5486       1.9696
    5487       1.9313
    5488       1.8441
    5489       1.9087
    5490       1.9289
    5491       1.9619
    5492       1.9274
    5493       1.9057
    5494       1.8959
    5495       1.8813
    5496       1.9643
    5497       1.9193
    5498       1.9899
    5499       1.8690
    5500       1.8360
    5501       1.9512
    5502       1.8925
    5503       1.9385
    5504       1.9028
    5505       1.9397
    5506       1.9294
    5507       1.9758
    5508       1.9797
    5509       1.9632
    5510       1.9387
    5511       1.9664
    5512       1.9550
    5513       2.0587
    5514       1.9933
    5515       1.8917
    5516       1.9521
    5517       1.9666
    5518       1.8771
    5519       1.8481
    5520       1.9435
    5521       2.0216
    5522       1.9221
    5523       1.9364
    5524       1.9444
    5525       1.8735
    5526       1.8963
    5527       1.8524
    5528       1.9059
    5529       1.9145
    5530       1.8895
    5531       1.8373
    5532       1.9547
    5533       1.9240
    5534       1.9121
    5535       1.9488
    5536       1.9935
    5537       1.9505
    5538       2.0474
    5539       2.0335
    5540       1.9450
    5541       1.9754
    5542       1.9011
    5543       1.8938
    5544       2.0744
    5545       1.8622
    5546       1.8722
    5547       1.8941
    5548       1.7610
    5549       1.8651
    5550       1.8352
    5551       1.8154
    5552       1.9435
    5553       1.8754
    5554       1.9100
    5555       1.8650
    5556       1.9405
    5557       2.0275
    5558       1.9457
    5559       1.9506
    5560       1.9233
    5561       1.9551
    5562       2.0320
    5563       1.9757
    5564       1.9547
    5565       1.9240
    5566       1.9265
    5567       1.9009
    5568       2.0180
    5569       1.9131
    5570       1.9065
    5571       1.9127
    5572       1.8849
    5573       1.9108
    5574       1.9618
    5575       1.7673
    5576       1.8128
    5577       1.8048
    5578       1.8355
    5579       1.9257
    5580       1.9001
    5581       1.9199
    5582       1.9770
    5583       1.8882
    5584       1.8961
    5585       1.8399
    5586       1.9414
    5587       1.9403
    5588       1.9277
    5589       1.9104
    5590       1.9473
    5591       1.9839
    5592       2.0964
    5593       1.9950
    5594       1.9581
    5595       1.8919
    5596       1.8338
    5597       1.9558
    5598       1.9188
    5599       1.8891
    5600       1.9007
    5601       1.9099
    5602       1.8077
    5603       1.8328
    5604       1.9494
    5605       1.9148
    5606       1.8926
    5607       1.9733
    5608       1.9069
    5609       1.8496
    5610       1.8034
    5611       1.8598
    5612       2.1552
    5613       1.9923
    5614       1.9846
    5615       1.9925
    5616       1.9290
    5617       1.9532
    5618       1.8370
    5619       1.9008
    5620       1.8249
    5621       1.7638
    5622       1.7487
    5623       1.8140
    5624       1.8235
    5625       1.8246
    5626       1.8566
    5627       1.8421
    5628       1.8648
    5629       1.8186
    5630       1.8935
    5631       1.8523
    5632       2.0036
    5633       1.9502
    5634       2.0135
    5635       2.0476
    5636       2.0955
    5637       1.9940
    5638       2.0433
    5639       2.0457
    5640       1.9050
    5641       1.9699
    5642       1.8809
    5643       1.7926
    5644       1.8864
    5645       2.0108
    5646       1.8824
    5647       1.8651
    5648       1.9202
    5649       1.9189
    5650       1.7601
    5651       1.8515
    5652       1.8950
    5653       1.8966
    5654       1.9195
    5655       1.8799
    5656       1.8831
    5657       1.9757
    5658       2.0036
    5659       1.9512
    5660       1.9059
    5661       1.9230
    5662       1.8736
    5663       1.7710
    5664       1.8392
    5665       1.8792
    5666       1.9164
    5667       1.8830
    5668       1.7752
    5669       1.6984
    5670       1.7781
    5671       1.8062
    5672       1.8513
    5673       1.8527
    5674       1.8451
    5675       1.8538
    5676       1.9319
    5677       1.9409
    5678       1.8761
    5679       1.9450
    5680       1.8456
    5681       1.8583
    5682       1.8561
    5683       1.8010
    5684       1.9064
    5685       1.7706
    5686       1.8263
    5687       1.8936
    5688       1.8596
    5689       1.9514
    5690       1.9554
    5691       1.8658
    5692       1.9123
    5693       1.9299
    5694       1.9041
    5695       1.9477
    5696       1.9338
    5697       1.8749
    5698       1.8139
    5699       1.9786
    5700       1.9452
    5701       1.9994
    5702       1.9302
    5703       1.9560
    5704       2.0458
    5705       2.0563
    5706       1.9832
    5707       2.0174
    5708       1.9406
    5709       1.9603
    5710       1.9753
    5711       1.9831
    5712       2.0738
    5713       2.0495
    5714       2.0267
    5715       1.9627
    5716       2.0437
    5717       2.0411
    5718       2.0104
    5719       1.9345
    5720       1.9684
    5721       1.8798
    5722       1.9526
    5723       1.8851
    5724       1.9580
    5725       1.9625
    5726       1.9309
    5727       1.8974
    5728       1.9269
    5729       1.8803
    5730       1.9614
    5731       1.9581
    5732       1.8609
    5733       1.9749
    5734       1.8663
    5735       1.8800
    5736       1.8945
    5737       1.7887
    5738       1.8101
    5739       1.8918
    5740       1.9112
    5741       1.8502
    5742       1.8453
    5743       1.7883
    5744       1.8702
    5745       1.8628
    5746       1.9028
    5747       1.8514
    5748       1.9005
    5749       1.9012
    5750       1.8287
    5751       1.7928
    5752       1.8867
    5753       1.8893
    5754       1.9206
    5755       1.8950
    5756       1.9216
    5757       1.8483
    5758       1.9009
    5759       1.9486
    5760       1.8740
    5761       1.8365
    5762       1.8255
    5763       1.9067
    5764       1.9695
    5765       1.9771
    5766       2.0618
    5767       2.0142
    5768       2.0510
    5769       1.9796
    5770       1.9149
    5771       2.0663
    5772       1.9880
    5773       1.9818
    5774       1.8947
    5775       1.9758
    5776       2.0719
    5777       1.9718
    5778       2.0285
    5779       1.9885
    5780       1.9186
    5781       1.9650
    5782       1.9904
    5783       1.9551
    5784       1.9948
    5785       2.0132
    5786       1.9265
    5787       1.9817
    5788       2.0054
    5789       2.0381
    5790       1.8541
    5791       1.8976
    5792       1.8765
    5793       1.7410
    5794       1.8646
    5795       1.8477
    5796       1.8970
    5797       1.8777
    5798       1.8613
    5799       1.9262
    5800       1.8681
    5801       1.9632
    5802       1.9380
    5803       1.8119
    5804       1.9638
    5805       1.9218
    5806       1.8532
    5807       1.7820
    5808       1.8287
    5809       2.0174
    5810       2.0326
    5811       2.0466
    5812       2.0233
    5813       2.0417
    5814       2.0298
    5815       2.1046
    5816       1.9818
    5817       2.0932
    5818       2.0631
    5819       1.9141
    5820       1.9800
    5821       1.9167
    5822       1.8984
    5823       1.9497
    5824       1.9296
    5825       1.9261
    5826       2.0048
    5827       1.8746
    5828       1.7801
    5829       1.8659
    5830       1.9537
    5831       1.8470
    5832       1.8773
    5833       1.9592
    5834       1.8341
    5835       1.8224
    5836       1.8418
    5837       1.9347
    5838       1.9730
    5839       1.9239
    5840       1.9213
    5841       2.0223
    5842       1.9540
    5843       2.0559
    5844       2.0224
    5845       1.9430
    5846       2.0637
    5847       2.0386
    5848       1.9091
    5849       1.9335
    5850       1.8592
    5851       1.9360
    5852       1.8954
    5853       1.9062
    5854       1.9489
    5855       1.9452
    5856       1.9563
    5857       1.9272
    5858       1.9855
    5859       1.9052
    5860       1.9051
    5861       1.8693
    5862       1.9212
    5863       1.8696
    5864       1.9682
    5865       1.8247
    5866       1.9610
    5867       2.0244
    5868       1.8337
    5869       1.9043
    5870       1.9115
    5871       1.9195
    5872       1.9963
    5873       2.0061
    5874       2.0135
    5875       2.0428
    5876       1.9835
    5877       2.0658
    5878       2.0348
    5879       2.1276
    5880       2.1003
    5881       1.9900
    5882       1.9936
    5883       2.0868
    5884       2.1534
    5885       2.1043
    5886       1.9919
    5887       2.0407
    5888       2.0752
    5889       2.0164
    5890       1.9839
    5891       1.8936
    5892       1.9308
    5893       1.9236
    5894       2.0349
    5895       2.0097
    5896       2.0154
    5897       2.0590
    5898       1.8699
    5899       1.8774
    5900       2.0008
    5901       1.9810
    5902       2.0734
    5903       2.0256
    5904       1.9068
    5905       1.9134
    5906       2.0111
    5907       1.9837
    5908       1.9440
    5909       1.9131
    5910       2.0749
    5911       1.9242
    5912       1.9820
    5913       2.0515
    5914       1.9508
    5915       1.9384
    5916       1.9648
    5917       2.0529
    5918       1.9756
    5919       1.9410
    5920       2.0951
    5921       2.0109
    5922       2.0086
    5923       1.9779
    5924       1.8818
    5925       2.0037
    5926       1.9713
    5927       1.9653
    5928       1.9028
    5929       1.8748
    5930       1.8966
    5931       2.0005
    5932       2.0322
    5933       1.9809
    5934       2.0322
    5935       1.9006
    5936       1.9680
    5937       1.9703
    5938       1.9475
    5939       2.0414
    5940       1.9041
    5941       1.9794
    5942       1.9680
    5943       1.9765
    5944       1.8940
    5945       2.0325
    5946       1.9254
    5947       1.8227
    5948       1.8867
    5949       1.8308
    5950       1.8641
    5951       1.9012
    5952       1.9317
    5953       2.0349
    5954       2.0700
    5955       2.0786
    5956       1.9502
    5957       1.9481
    5958       1.9197
    5959       1.9768
    5960       1.8620
    5961       1.8879
    5962       1.8922
    5963       1.8485
    5964       2.0037
    5965       2.0015
    5966       2.0102
    5967       1.9393
    5968       1.8667
    5969       2.0078
    5970       1.9440
    5971       1.9943
    5972       2.0444
    5973       2.0489
    5974       2.0353
    5975       2.0196
    5976       1.9492
    5977       1.8845
    5978       1.9906
    5979       1.9940
    5980       2.0079
    5981       1.9101
    5982       1.9102
    5983       1.9320
    5984       1.9685
    5985       1.8959
    5986       1.7987
    5987       1.9005
    5988       1.9524
    5989       1.8310
    5990       1.9438
    5991       1.8996
    5992       1.9055
    5993       1.8262
    5994       1.8068
    5995       1.8782
    5996       1.8590
    5997       1.9735
    5998       1.9296
    5999       1.9938
    6000       1.9713
    6001       2.0026
    6002       2.0481
    6003       2.0562
    6004       1.9735
    6005       1.9279
    6006       1.8605
    6007       1.9280
    6008       2.0054
    6009       1.9613
    6010       1.7662
    6011       1.8502
    6012       1.9283
    6013       1.7882
    6014       1.8680
    6015       1.8913
    6016       1.9142
    6017       1.9541
    6018       1.8973
    6019       2.0735
    6020       1.9804
    6021       1.9987
    6022       1.9061
    6023       1.8802
    6024       1.9347
    6025       1.8872
    6026       1.8679
    6027       1.8388
    6028       1.7981
    6029       1.9338
    6030       1.8854
    6031       1.9130
    6032       1.9595
    6033       1.9498
    6034       1.9404
    6035       2.0318
    6036       1.9516
    6037       2.0560
    6038       1.9769
    6039       2.0208
    6040       1.9968
    6041       1.8859
    6042       1.9267
    6043       1.9304
    6044       2.0037
    6045       2.0098
    6046       1.8698
    6047       1.8915
    6048       2.0079
    6049       2.0323
    6050       1.9466
    6051       1.9852
    6052       1.9374
    6053       1.9041
    6054       1.8655
    6055       1.8914
    6056       1.8256
    6057       1.8313
    6058       1.9012
    6059       2.0364
    6060       1.9970
    6061       1.9155
    6062       1.9309
    6063       1.9755
    6064       1.9357
    6065       1.8375
    6066       1.9316
    6067       1.9801
    6068       1.9804
    6069       2.0594
    6070       2.0878
    6071       2.0500
    6072       1.9777
    6073       1.9093
    6074       1.9357
    6075       1.9437
    6076       1.9568
    6077       1.8729
    6078       2.0063
    6079       1.9695
    6080       1.9278
    6081       2.0086
    6082       2.0664
    6083       2.0746
    6084       2.0952
    6085       1.9425
    6086       2.0168
    6087       1.9680
    6088       2.0205
    6089       2.0532
    6090       2.0747
    6091       1.9251
    6092       1.9378
    6093       1.8798
    6094       1.9878
    6095       2.0469
    6096       1.9197
    6097       1.8196
    6098       1.8453
    6099       1.9104
    6100       1.9826
    6101       1.9903
    6102       1.9447
    6103       1.9855
    6104       2.1204
    6105       2.0140
    6106       1.9416
    6107       1.8646
    6108       1.9953
    6109       1.9019
    6110       2.0354
    6111       2.0053
    6112       2.1215
    6113       2.0750
    6114       2.1039
    6115       2.0199
    6116       1.9850
    6117       1.8988
    6118       1.9952
    6119       1.9864
    6120       1.9189
    6121       1.9826
    6122       1.8622
    6123       1.9807
    6124       2.0109
    6125       1.9269
    6126       1.9286
    6127       1.8911
    6128       1.9398
    6129       1.9354
    6130       2.0082
    6131       2.0267
    6132       2.0555
    6133       2.0302
    6134       1.9381
    6135       1.9553
    6136       1.8886
    6137       1.9448
    6138       1.9248
    6139       1.9641
    6140       2.0235
    6141       1.9753
    6142       1.8534
    6143       1.9372
    6144       1.9584
    6145       2.0032
    6146       1.9981
    6147       2.0283
    6148       1.9122
    6149       1.9103
    6150       1.9095
    6151       1.8738
    6152       1.9090
    6153       1.8741
    6154       1.9472
    6155       1.9224
    6156       1.9176
    6157       1.9774
    6158       1.9413
    6159       1.8636
    6160       1.9069
    6161       1.8800
    6162       1.8800
    6163       1.9216
    6164       1.8741
    6165       1.9601
    6166       1.9638
    6167       1.8838
    6168       1.8871
    6169       1.9197
    6170       1.9245
    6171       1.9179
    6172       1.8748
    6173       1.9388
    6174       1.8830
    6175       1.8736
    6176       1.9135
    6177       1.8944
    6178       1.9131
    6179       1.8012
    6180       1.9357
    6181       1.8524
    6182       1.8693
    6183       1.9635
    6184       1.9161
    6185       1.9071
    6186       1.8961
    6187       1.8502
    6188       1.9416
    6189       2.0159
    6190       2.0535
    6191       1.9298
    6192       1.9079
    6193       1.9839
    6194       1.8965
    6195       1.8912
    6196       1.9700
    6197       1.9841
    6198       1.9566
    6199       1.9297
    6200       1.9265
    6201       2.0601
    6202       2.0696
    6203       1.9285
    6204       2.0402
    6205       1.9068
    6206       1.9190
    6207       1.8431
    6208       1.8710
    6209       1.8000
    6210       1.9511
    6211       2.0452
    6212       1.9207
    6213       1.8149
    6214       1.8162
    6215       1.9052
    6216       2.0026
    6217       2.0103
    6218       2.0860
    6219       2.1064
    6220       2.1040
    6221       1.8988
    6222       1.9401
    6223       1.9099
    6224       1.8501
    6225       1.9175
    6226       2.0221
    6227       1.9592
    6228       1.9761
    6229       1.8662
    6230       2.0112
    6231       2.0110
    6232       1.9644
    6233       1.9688
    6234       1.9634
    6235       1.9208
    6236       1.9423
    6237       1.8434
    6238       1.9355
    6239       1.9217
    6240       1.9360
    6241       2.0463
    6242       1.9367
    6243       1.8950
    6244       1.9651
    6245       2.0086
    6246       1.9923
    6247       1.9792
    6248       2.0273
    6249       1.8935
    6250       1.9135
    6251       1.9586
    6252       1.8909
    6253       1.9362
    6254       1.9159
    6255       1.9907
    6256       1.8354
    6257       1.8959
    6258       1.9035
    6259       1.7803
    6260       1.9169
    6261       1.8759
    6262       1.8547
    6263       1.9350
    6264       2.0744
    6265       2.0251
    6266       2.1218
    6267       2.0585
    6268       1.9921
    6269       1.8787
    6270       1.9317
    6271       1.9293
    6272       1.9667
    6273       1.9702
    6274       1.9451
    6275       1.9611
    6276       1.8864
    6277       1.9961
    6278       1.9275
    6279       1.9616
    6280       1.9928
    6281       2.1797
    6282       2.0335
    6283       2.0644
    6284       2.0436
    6285       2.0857
    6286       2.0129
    6287       1.9325
    6288       2.0381
    6289       1.9813
    6290       1.9590
    6291       1.9708
    6292       2.0199
    6293       2.0805
    6294       2.1234
    6295       2.0730
    6296       2.1005
    6297       2.0132
    6298       2.1392
    6299       2.0713
    6300       2.1248
    6301       2.1555
    6302       2.3054
    6303       2.2095
    6304       2.0701
    6305       2.0930
    6306       1.9992
    6307       2.0448
    6308       2.0397
    6309       2.0256
    6310       2.0130
    6311       2.0075
    6312       2.0300
    6313       1.8707
    6314       1.9400
    6315       1.9342
    6316       1.8540
    6317       1.8854
    6318       1.7819
    6319       1.8905
    6320       1.8964
    6321       1.9753
    6322       1.9237
    6323       1.9716
    6324       2.0128
    6325       1.8700
    6326       1.8271
    6327       1.9756
    6328       1.8295
    6329       1.7535
    6330       1.8095
    6331       1.8516
    6332       1.8602
    6333       1.8737
    6334       2.0125
    6335       1.9925
    6336       1.9438
    6337       1.9634
    6338       1.9815
    6339       1.9593
    6340       1.9610
    6341       1.9849
    6342       1.8648
    6343       1.9668
    6344       1.9408
    6345       1.8192
    6346       1.8543
    6347       1.8677
    6348       1.8891
    6349       1.9114
    6350       1.8001
    6351       1.8171
    6352       1.8488
    6353       1.8986
    6354       1.8956
    6355       1.8832
    6356       1.9155
    6357       1.8832
    6358       1.8105
    6359       1.8550
    6360       1.9909
    6361       1.9768
    6362       2.0114
    6363       1.9569
    6364       1.9360
    6365       1.8517
    6366       1.8926
    6367       1.9644
    6368       1.7852
    6369       1.9262
    6370       1.8307
    6371       1.8390
    6372       1.8246
    6373       1.7751
    6374       1.7682
    6375       1.8725
    6376       1.7329
    6377       1.6895
    6378       1.8437
    6379       1.7995
    6380       1.9065
    6381       1.8605
    6382       1.8311
    6383       1.7770
    6384       1.8393
    6385       1.7526
    6386       1.8522
    6387       1.8625
    6388       1.8551
    6389       1.8085
    6390       1.8957
    6391       2.0014
    6392       1.9621
    6393       1.9324
    6394       1.8291
    6395       1.7645
    6396       1.7348
    6397       1.8203
    6398       1.8711
    6399       1.8199
    6400       1.7854
    6401       1.8975
    6402       1.9365
    6403       1.7447
    6404       1.8204
    6405       1.8529
    6406       1.8545
    6407       1.6571
    6408       1.7734
    6409       1.7985
    6410       1.8533
    6411       1.7522
    6412       1.6914
    6413       1.7159
    6414       1.8048
    6415       1.9021
    6416       1.9313
    6417       1.9221
    6418       1.9083
    6419       1.9207
    6420       1.9215
    6421       1.9075
    6422       1.9346
    6423       1.9031
    6424       1.9121
    6425       1.9229
    6426       1.9878
    6427       1.8981
    6428       1.7998
    6429       1.8020
    6430       1.8450
    6431       1.8632
    6432       1.8817
    6433       1.8957
    6434       1.9156
    6435       1.7701
    6436       1.8602
    6437       1.8947
    6438       1.7712
    6439       1.8403
    6440       1.8106
    6441       1.8702
    6442       1.8137
    6443       1.7984
    6444       1.7731
    6445       1.7658
    6446       1.8155
    6447       1.8451
    6448       1.8006
    6449       1.9042
    6450       1.8794
    6451       2.0489
    6452       1.9079
    6453       1.8696
    6454       1.8819
    6455       1.9693
    6456       1.9406
    6457       1.9346
    6458       1.8635
    6459       1.9831
    6460       1.8270
    6461       1.8396
    6462       1.9333
    6463       1.9106
    6464       2.0344
    6465       2.0055
    6466       1.9527
    6467       1.9610
    6468       1.9450
    6469       1.9613
    6470       1.9728
    6471       1.9972
    6472       1.9115
    6473       1.8517
    6474       1.9414
    6475       2.0164
    6476       2.0800
    6477       1.9717
    6478       1.9645
    6479       1.9882
    6480       1.9472
    6481       2.0277
    6482       1.9496
    6483       1.9196
    6484       1.9625
    6485       1.9486
    6486       1.9927
    6487       1.9361
    6488       2.0175
    6489       1.9696
    6490       1.9833
    6491       2.0291
    6492       1.9993
    6493       2.0626
    6494       2.0573
    6495       2.1670
    6496       2.0174
    6497       2.1734
    6498       1.9614
    6499       1.9443
    6500       2.1013
    6501       2.0900
    6502       2.0337
    6503       1.9780
    6504       1.9253
    6505       1.9719
    6506       1.8804
    6507       2.0082
    6508       2.0606
    6509       1.8954
    6510       1.8539
    6511       1.9263
    6512       1.9198
    6513       1.8416
    6514       1.7675
    6515       1.8243
    6516       1.9016
    6517       1.9099
    6518       1.8418
    6519       1.8419
    6520       1.7962
    6521       1.8360
    6522       1.8276
    6523       1.8706
    6524       1.7990
    6525       1.8145
    6526       1.9066
    6527       1.9487
    6528       1.9020
    6529       1.9680
    6530       1.8728
    6531       1.9902
    6532       1.8736
    6533       1.8548
    6534       1.9666
    6535       1.9000
    6536       1.9034
    6537       1.8671
    6538       1.8774
    6539       1.9170
    6540       1.8690
    6541       1.8786
    6542       1.7743
    6543       1.8088
    6544       1.7775
    6545       1.8864
    6546       1.7816
    6547       1.7410
    6548       1.8075
    6549       1.7896
    6550       1.8748
    6551       1.8542
    6552       1.9257
    6553       2.0459
    6554       1.9962
    6555       1.8809
    6556       1.8525
    6557       1.9020
    6558       1.8258
    6559       1.9141
    6560       1.8587
    6561       1.8645
    6562       1.8253
    6563       1.8738
    6564       1.8925
    6565       1.9319
    6566       1.9516
    6567       1.8906
    6568       1.8760
    6569       1.9256
    6570       1.7986
    6571       1.8161
    6572       1.8422
    6573       1.8877
    6574       1.9926
    6575       1.8900
    6576       1.8790
    6577       1.8300
    6578       1.8791
    6579       1.9799
    6580       1.9429
    6581       1.9583
    6582       1.9511
    6583       1.9886
    6584       1.9079
    6585       2.0647
    6586       1.9822
    6587       2.0191
    6588       1.9632
    6589       2.0541
    6590       2.0270
    6591       1.9420
    6592       1.8812
    6593       1.9360
    6594       1.9900
    6595       1.8421
    6596       1.9367
    6597       1.9463
    6598       1.9488
    6599       1.9976
    6600       2.0197
    6601       2.0085
    6602       1.9909
    6603       1.9239
    6604       1.9317
    6605       1.9163
    6606       1.9110
    6607       1.9644
    6608       1.9658
    6609       2.0654
    6610       2.0592
    6611       1.9890
    6612       1.9471
    6613       1.9822
    6614       1.9440
    6615       1.8922
    6616       1.9198
    6617       1.9133
    6618       1.9779
    6619       2.0154
    6620       1.9654
    6621       2.0884
    6622       2.0648
    6623       2.0693
    6624       2.0315
    6625       2.0261
    6626       1.9428
    6627       1.9670
    6628       2.0621
    6629       2.0593
    6630       1.8721
    6631       1.8993
    6632       1.9932
    6633       2.0168
    6634       2.1024
    6635       1.8889
    6636       1.9673
    6637       1.9330
    6638       1.8872
    6639       1.9593
    6640       1.9792
    6641       1.9408
    6642       1.9562
    6643       1.8779
    6644       1.8663
    6645       1.8623
    6646       1.9842
    6647       2.0314
    6648       1.8932
    6649       1.9795
    6650       1.9694
    6651       2.0614
    6652       1.9294
    6653       1.9774
    6654       1.9561
    6655       1.9527
    6656       1.9647
    6657       1.9339
    6658       1.8922
    6659       1.8413
    6660       2.0315
    6661       1.9436
    6662       1.9286
    6663       2.0048
    6664       2.0910
    6665       1.9801
    6666       1.9828
    6667       1.9844
    6668       1.9040
    6669       1.9766
    6670       1.8990
    6671       2.0032
    6672       1.8506
    6673       2.0229
    6674       1.9533
    6675       1.9743
    6676       2.0274
    6677       1.9343
    6678       2.0416
    6679       1.9642
    6680       2.0108
    6681       2.0527
    6682       2.0250
    6683       2.0445
    6684       1.9302
    6685       1.9340
    6686       1.8237
    6687       1.8593
    6688       1.8968
    6689       1.9122
    6690       2.0880
    6691       2.0575
    6692       2.1019
    6693       2.0433
    6694       2.0833
    6695       1.9914
    6696       2.0620
    6697       2.0588
    6698       1.9365
    6699       2.0240
    6700       1.9777
    6701       2.0393
    6702       2.0686
    6703       2.0438
    6704       2.0557
    6705       2.1098
    6706       1.9695
    6707       2.0211
    6708       2.0211
    6709       2.0821
    6710       2.1362
    6711       2.0475
    6712       2.0402
    6713       2.0788
    6714       2.1106
    6715       2.0117
    6716       2.0437
    6717       1.8838
    6718       1.9710
    6719       2.0249
    6720       2.0731
    6721       2.1568
    6722       1.9839
    6723       2.0036
    6724       2.0181
    6725       1.9228
    6726       2.0164
    6727       2.1014
    6728       1.9336
    6729       1.8961
    6730       1.9963
    6731       1.9303
    6732       1.9416
    6733       1.9337
    6734       2.0299
    6735       1.8942
    6736       1.9430
    6737       2.0114
    6738       2.0336
    6739       2.0915
    6740       1.9962
    6741       1.9233
    6742       1.7975
    6743       1.9059
    6744       2.1103
    6745       2.0025
    6746       2.0382
    6747       1.9715
    6748       2.0654
    6749       2.0839
    6750       2.0416
    6751       1.9828
    6752       1.9836
    6753       2.0272
    6754       1.9660
    6755       1.9873
    6756       2.0446
    6757       1.9746
    6758       2.0378
    6759       1.9010
    6760       1.8954
    6761       1.8631
    6762       1.9836
    6763       2.0034
    6764       2.0460
    6765       1.9970
    6766       1.9335
    6767       2.0663
    6768       2.0782
    6769       2.0689
    6770       1.9148
    6771       1.8752
    6772       1.9169
    6773       2.0945
    6774       2.0797
    6775       2.0592
    6776       2.1316
    6777       2.0436
    6778       1.9737
    6779       2.0472
    6780       2.0948
    6781       1.9967
    6782       2.1329
    6783       2.0574
    6784       2.1326
    6785       2.0894
    6786       2.1203
    6787       2.0401
    6788       2.2035
    6789       2.0895
    6790       2.1727
    6791       2.0889
    6792       2.0001
    6793       1.9546
    6794       2.0537
    6795       2.0340
    6796       1.8929
    6797       2.0019
    6798       1.9682
    6799       1.9398
    6800       1.9208
    6801       2.0063
    6802       2.0620
    6803       2.0314
    6804       1.9872
    6805       1.9896
    6806       2.0226
    6807       1.9817
    6808       1.9530
    6809       2.0330
    6810       1.9169
    6811       1.9105
    6812       2.0092
    6813       2.0367
    6814       1.8419
    6815       2.0399
    6816       2.0256
    6817       1.9915
    6818       1.9883
    6819       1.8978
    6820       1.9537
    6821       2.0494
    6822       2.0028
    6823       1.9619
    6824       1.8603
    6825       1.9299
    6826       1.9507
    6827       1.9736
    6828       2.0204
    6829       1.9564
    6830       1.8902
    6831       1.9945
    6832       2.0047
    6833       2.0868
    6834       1.8528
    6835       1.9442
    6836       2.0036
    6837       1.9049
    6838       1.9003
    6839       1.8811
    6840       1.8355
    6841       1.8033
    6842       1.7740
    6843       1.9874
    6844       1.8619
    6845       1.8988
    6846       1.9831
    6847       1.9088
    6848       1.8978
    6849       1.8055
    6850       1.9276
    6851       1.9173
    6852       1.8808
    6853       1.9563
    6854       2.0213
    6855       2.0078
    6856       2.0555
    6857       2.0594
    6858       1.9883
    6859       2.0136
    6860       2.0012
    6861       2.0753
    6862       1.9136
    6863       2.0695
    6864       1.9832
    6865       2.0282
    6866       1.9722
    6867       1.9357
    6868       2.0248
    6869       2.1470
    6870       2.0421
    6871       2.0828
    6872       2.0353
    6873       1.9230
    6874       1.9963
    6875       1.9636
    6876       2.0458
    6877       2.0044
    6878       2.1090
    6879       2.1146
    6880       2.1826
    6881       2.1260
    6882       2.0859
    6883       2.0234
    6884       2.0718
    6885       2.0357
    6886       1.9966
    6887       2.0201
    6888       2.0469
    6889       2.1144
    6890       1.9646
    6891       1.9083
    6892       1.9612
    6893       2.0629
    6894       2.0816
    6895       1.9948
    6896       2.0437
    6897       1.9925
    6898       1.9822
    6899       1.8554
    6900       1.9415
    6901       1.8774
    6902       1.9166
    6903       1.8184
    6904       1.8142
    6905       1.7937
    6906       1.6758
    6907       1.8478
    6908       1.7683
    6909       1.8326
    6910       1.9198
    6911       2.0210
    6912       1.8295
    6913       1.8544
    6914       1.7955
    6915       1.8634
    6916       1.8865
    6917       1.8807
    6918       1.9091
    6919       2.0024
    6920       1.9386
    6921       1.9349
    6922       1.8818
    6923       1.9425
    6924       1.9759
    6925       1.9960
    6926       2.0012
    6927       1.9060
    6928       2.0409
    6929       1.9842
    6930       1.9235
    6931       1.9148
    6932       1.7991
    6933       1.8693
    6934       1.9020
    6935       1.9395
    6936       1.9168
    6937       1.8958
    6938       1.9594
    6939       1.9359
    6940       1.9145
    6941       1.9800
    6942       2.0113
    6943       2.0241
    6944       2.1107
    6945       2.0624
    6946       2.0473
    6947       2.0269
    6948       2.0340
    6949       2.0898
    6950       1.9322
    6951       1.8648
    6952       1.9234
    6953       1.8964
    6954       1.9742
    6955       1.8349
    6956       1.9426
    6957       1.8696
    6958       1.9329
    6959       2.0331
    6960       1.8419
    6961       1.9958
    6962       1.9929
    6963       2.0558
    6964       2.0668
    6965       2.0381
    6966       2.1974
    6967       2.0124
    6968       2.1251
    6969       1.9966
    6970       1.9948
    6971       2.0833
    6972       2.0063
    6973       1.9922
    6974       2.0116
    6975       1.9930
    6976       2.0046
    6977       2.0184
    6978       2.0114
    6979       2.0435
    6980       2.0412
    6981       2.1514
    6982       1.9651
    6983       2.0428
    6984       2.0671
    6985       1.9639
    6986       1.9284
    6987       1.9750
    6988       2.0995
    6989       2.1291
    6990       2.0390
    6991       1.9806
    6992       2.1104
    6993       2.0699
    6994       2.0899
    6995       1.9866
    6996       1.9538
    6997       2.0434
    6998       1.9912
    6999       2.0757
    7000       1.8607
    7001       1.9208
    7002       1.9175
    7003       1.9263
    7004       1.9447
    7005       1.9985
    7006       1.9331
    7007       1.9721
    7008       1.9001
    7009       1.9332
    7010       1.9207
    7011       1.9245
    7012       1.9093
    7013       1.8826
    7014       1.8558
    7015       1.8829
    7016       1.9098
    7017       1.8883
    7018       1.7356
    7019       1.8344
    7020       1.7879
    7021       1.7921
    7022       1.7122
    7023       1.7722
    7024       1.8621
    7025       1.9252
    7026       1.8537
    7027       1.9770
    7028       1.9007
    7029       1.9364
    7030       1.9307
    7031       1.8595
    7032       1.7954
    7033       1.9473
    7034       1.8646
    7035       1.7624
    7036       1.8853
    7037       1.8198
    7038       1.8747
    7039       1.8468
    7040       1.8843
    7041       2.0191
    7042       1.8270
    7043       1.9881
    7044       2.0090
    7045       1.9151
    7046       1.9200
    7047       1.8913
    7048       1.9102
    7049       1.8836
    7050       1.9226
    7051       2.0059
    7052       2.0464
    7053       1.8915
    7054       2.0113
    7055       1.8642
    7056       1.8599
    7057       1.9412
    7058       1.8780
    7059       1.9298
    7060       2.0248
    7061       2.0360
    7062       1.8896
    7063       2.0053
    7064       1.8871
    7065       1.9941
    7066       1.9243
    7067       1.9358
    7068       1.9001
    7069       1.8986
    7070       1.9083
    7071       1.8915
    7072       1.9685
    7073       1.9611
    7074       1.8629
    7075       1.9595
    7076       1.9839
    7077       2.0737
    7078       1.9518
    7079       1.9206
    7080       1.9705
    7081       1.8471
    7082       1.8805
    7083       1.8653
    7084       2.0853
    7085       1.9260
    7086       1.9318
    7087       1.9755
    7088       1.9358
    7089       1.9600
    7090       1.8912
    7091       1.9061
    7092       1.8886
    7093       1.8537
    7094       1.9043
    7095       1.9258
    7096       1.9818
    7097       1.9862
    7098       1.9621
    7099       1.8489
    7100       1.8541
    7101       1.8614
    7102       1.9397
    7103       1.9947
    7104       2.0277
    7105       2.0867
    7106       1.9543
    7107       1.9080
    7108       1.9476
    7109       2.0462
    7110       2.0626
    7111       1.9461
    7112       1.9778
    7113       1.9624
    7114       2.1058
    7115       1.9136
    7116       2.0254
    7117       1.9510
    7118       2.0391
    7119       2.0000
    7120       1.9916
    7121       1.9876
    7122       1.9964
    7123       1.9430
    7124       1.9794
    7125       1.9932
    7126       1.9899
    7127       1.9326
    7128       1.9569
    7129       2.1049
    7130       2.0207
    7131       1.9282
    7132       1.9150
    7133       2.0240
    7134       1.9947
    7135       1.9729
    7136       1.9378
    7137       2.0614
    7138       1.9666
    7139       1.9504
    7140       1.9455
    7141       1.9912
    7142       2.1517
    7143       2.1218
    7144       2.0780
    7145       2.0483
    7146       2.0662
    7147       1.8488
    7148       1.9727
    7149       1.9231
    7150       1.9357
    7151       1.9917
    7152       1.9335
    7153       1.9599
    7154       1.9496
    7155       2.1013
    7156       1.9617
    7157       2.0332
    7158       1.9987
    7159       2.0781
    7160       2.1165
    7161       2.0901
    7162       2.0909
    7163       2.1111
    7164       2.0569
    7165       2.0580
    7166       2.0977
    7167       1.9821
    7168       2.0274
    7169       2.0408
    7170       2.0281
    7171       2.1405
    7172       2.0475
    7173       2.0561
    7174       2.0664
    7175       2.0148
    7176       2.0048
    7177       1.9755
    7178       2.0439
    7179       1.9133
    7180       1.9147
    7181       1.8380
    7182       1.9310
    7183       1.9126
    7184       1.8985
    7185       1.9164
    7186       1.9330
    7187       1.8919
    7188       1.9503
    7189       2.0703
    7190       2.0048
    7191       1.9708
    7192       1.9725
    7193       2.0202
    7194       1.9349
    7195       2.0422
    7196       2.0107
    7197       2.0163
    7198       1.9369
    7199       1.9319
    7200       1.9316
    7201       1.8995
    7202       1.8114
    7203       1.9089
    7204       1.8594
    7205       1.9234
    7206       1.9392
    7207       2.0196
    7208       2.0726
    7209       1.9266
    7210       2.0165
    7211       1.9804
    7212       2.0117
    7213       2.0122
    7214       2.0239
    7215       2.0021
    7216       1.8334
    7217       1.9695
    7218       1.9875
    7219       1.9955
    7220       1.9915
    7221       1.9301
    7222       1.9226
    7223       2.0225
    7224       1.9438
    7225       1.8720
    7226       1.9323
    7227       1.9155
    7228       2.0038
    7229       1.9418
    7230       2.0137
    7231       1.9204
    7232       1.8694
    7233       1.9173
    7234       2.0147
    7235       2.0055
    7236       1.9123
    7237       1.9934
    7238       2.0137
    7239       1.8422
    7240       1.9465
    7241       1.9442
    7242       1.9423
    7243       1.9695
    7244       1.8971
    7245       1.8569
    7246       1.9229
    7247       2.0283
    7248       1.9196
    7249       1.9485
    7250       1.9013
    7251       1.8553
    7252       1.9050
    7253       1.8704
    7254       2.0103
    7255       1.9405
    7256       1.9772
    7257       1.9660
    7258       1.9571
    7259       1.9861
    7260       1.9029
    7261       2.0120
    7262       2.0504
    7263       1.9389
    7264       1.9536
    7265       2.0572
    7266       1.9622
    7267       1.9081
    7268       1.9383
    7269       1.7979
    7270       1.7704
    7271       2.0133
    7272       1.9406
    7273       1.9391
    7274       1.9482
    7275       1.9857
    7276       2.0157
    7277       1.8664
    7278       1.8223
    7279       1.8917
    7280       1.9957
    7281       1.8865
    7282       2.0334
    7283       2.0835
    7284       2.0372
    7285       2.0130
    7286       1.8795
    7287       1.9853
    7288       1.8248
    7289       1.8875
    7290       1.8919
    7291       2.0215
    7292       1.8917
    7293       1.9534
    7294       1.8142
    7295       1.8987
    7296       1.9521
    7297       2.0244
    7298       1.9561
    7299       1.9626
    7300       1.9312
    7301       1.9074
    7302       1.9079
    7303       1.9430
    7304       1.8677
    7305       1.9237
    7306       1.9999
    7307       1.9886
    7308       1.9229
    7309       1.9362
    7310       2.0476
    7311       1.8736
    7312       1.9028
    7313       1.9038
    7314       1.9645
    7315       1.9146
    7316       1.9040
    7317       1.9845
    7318       1.9314
    7319       1.8848
    7320       1.8650
    7321       1.9836
    7322       1.9545
    7323       2.0670
    7324       2.0152
    7325       2.0189
    7326       1.9715
    7327       1.9153
    7328       1.8548
    7329       1.8380
    7330       1.8097
    7331       1.8160
    7332       1.8754
    7333       1.8284
    7334       1.8508
    7335       1.9264
    7336       1.9077
    7337       1.9266
    7338       1.8920
    7339       2.0633
    7340       2.0132
    7341       1.9906
    7342       2.1052
    7343       2.0710
    7344       1.9912
    7345       1.8836
    7346       1.8470
    7347       1.9227
    7348       1.8972
    7349       1.7780
    7350       1.9173
    7351       1.8874
    7352       2.0103
    7353       1.9616
    7354       1.9826
    7355       1.8835
    7356       2.0485
    7357       1.9275
    7358       1.8675
    7359       1.9715
    7360       1.9914
    7361       1.9237
    7362       1.9582
    7363       1.9023
    7364       1.8203
    7365       1.8702
    7366       1.7806
    7367       1.8200
    7368       1.8378
    7369       1.8465
    7370       1.7498
    7371       2.0254
    7372       1.9065
    7373       2.0002
    7374       1.9085
    7375       1.8995
    7376       1.9271
    7377       1.9477
    7378       1.8882
    7379       1.9066
    7380       1.8346
    7381       1.9107
    7382       1.8519
    7383       1.7395
    7384       1.7494
    7385       1.8475
    7386       1.8364
    7387       1.7095
    7388       1.7471
    7389       1.7814
    7390       1.7793
    7391       1.7701
    7392       1.8039
    7393       1.7053
    7394       1.7704
    7395       1.7325
    7396       1.7500
    7397       1.7431
    7398       1.9541
    7399       1.8307
    7400       1.8019
    7401       1.8132
    7402       1.8651
    7403       1.7733
    7404       1.7579
    7405       1.7507
    7406       1.8802
    7407       1.8774
    7408       1.9579
    7409       1.9149
    7410       1.8849
    7411       1.9194
    7412       1.8753
    7413       1.8766
    7414       1.8970
    7415       1.8387
    7416       1.7789
    7417       1.9110
    7418       1.8837
    7419       1.8537
    7420       1.7841
    7421       1.8228
    7422       1.8710
    7423       1.7547
    7424       1.8988
    7425       1.9309
    7426       1.8712
    7427       1.8628
    7428       1.8272
    7429       1.7834
    7430       1.7595
    7431       1.8038
    7432       1.7796
    7433       1.8887
    7434       1.7975
    7435       1.8641
    7436       1.7802
    7437       1.8653
    7438       1.8885
    7439       1.9191
    7440       1.8960
    7441       1.8581
    7442       1.8327
    7443       1.8306
    7444       1.9090
    7445       1.8564
    7446       1.9099
    7447       1.8766
    7448       1.8568
    7449       1.7699
    7450       1.7885
    7451       1.7613
    7452       1.9841
    7453       1.8927
    7454       1.8743
    7455       1.8906
    7456       1.8316
    7457       1.8859
    7458       1.9679
    7459       1.9201
    7460       1.9075
    7461       1.9255
    7462       1.9031
    7463       1.9237
    7464       1.9309
    7465       1.9581
    7466       1.9606
    7467       1.9662
    7468       1.9316
    7469       1.8993
    7470       2.0018
    7471       1.8834
    7472       1.8433
    7473       1.8039
    7474       1.7887
    7475       1.8562
    7476       1.9468
    7477       1.7933
    7478       1.8650
    7479       1.9680
    7480       1.9221
    7481       1.9360
    7482       1.7998
    7483       1.8519
    7484       1.8122
    7485       1.8324
    7486       1.9110
    7487       1.9745
    7488       1.9777
    7489       1.9583
    7490       1.9513
    7491       1.9438
    7492       1.9197
    7493       1.9508
    7494       1.8359
    7495       1.9162
    7496       1.9075
    7497       1.8541
    7498       1.8845
    7499       1.8972
    7500       1.8702
    7501       1.8532
    7502       1.8685
    7503       1.8647
    7504       1.8998
    7505       1.9330
    7506       1.8945
    7507       1.9379
    7508       2.0045
    7509       1.8827
    7510       1.8876
    7511       1.9747
    7512       1.7677
    7513       1.8485
    7514       1.8665
    7515       1.8162
    7516       1.7777
    7517       1.8205
    7518       1.8402
    7519       1.8915
    7520       1.8544
    7521       1.8944
    7522       1.7832
    7523       1.8622
    7524       1.9598
    7525       1.9524
    7526       2.0258
    7527       2.0207
    7528       1.9755
    7529       2.1018
    7530       2.0105
    7531       2.0622
    7532       2.0839
    7533       2.0024
    7534       1.9813
    7535       2.0413
    7536       1.8706
    7537       1.9336
    7538       1.9327
    7539       1.8677
    7540       1.9045
    7541       1.9783
    7542       1.8631
    7543       1.9573
    7544       1.8969
    7545       1.8806
    7546       2.0450
    7547       1.9952
    7548       1.8758
    7549       1.9742
    7550       1.9332
    7551       2.0122
    7552       1.9885
    7553       1.8990
    7554       1.9219
    7555       1.9384
    7556       1.9278
    7557       1.8019
    7558       1.7650
    7559       1.8888
    7560       1.7901
    7561       1.8548
    7562       1.8570
    7563       1.7572
    7564       1.8562
    7565       1.8663
    7566       1.8025
    7567       1.7486
    7568       1.7950
    7569       1.8075
    7570       1.8690
    7571       1.8505
    7572       1.9599
    7573       1.8917
    7574       1.8156
    7575       1.8089
    7576       1.9484
    7577       1.8199
    7578       1.7955
    7579       1.8376
    7580       1.8692
    7581       1.9945
    7582       1.8934
    7583       1.8888
    7584       1.9467
    7585       1.8297
    7586       2.0221
    7587       1.8815
    7588       1.8629
    7589       1.9071
    7590       1.8909
    7591       1.8751
    7592       1.9890
    7593       1.9198
    7594       1.8900
    7595       1.9082
    7596       1.8701
    7597       1.9070
    7598       1.8711
    7599       1.9260
    7600       1.8539
    7601       1.8815
    7602       1.8558
    7603       1.8940
    7604       1.8634
    7605       1.8332
    7606       1.8272
    7607       1.8198
    7608       1.8000
    7609       1.8127
    7610       1.8864
    7611       1.9127
    7612       1.9901
    7613       1.8897
    7614       1.9309
    7615       1.9251
    7616       1.8431
    7617       1.8595
    7618       1.9050
    7619       1.8667
    7620       1.8924
    7621       1.8808
    7622       1.8028
    7623       1.8448
    7624       1.7884
    7625       1.8299
    7626       1.7781
    7627       1.9300
    7628       1.9524
    7629       1.8737
    7630       1.8584
    7631       1.8435
    7632       1.7267
    7633       1.8217
    7634       1.7824
    7635       1.7895
    7636       1.8263
    7637       1.7436
    7638       1.8146
    7639       1.7244
    7640       1.7619
    7641       1.8386
    7642       1.8611
    7643       1.7526
    7644       1.8592
    7645       1.7775
    7646       1.7071
    7647       1.7289
    7648       1.8651
    7649       1.7519
    7650       1.9083
    7651       1.7915
    7652       1.9139
    7653       1.8017
    7654       1.7729
    7655       1.7879
    7656       1.7867
    7657       1.7772
    7658       1.8584
    7659       1.9644
    7660       1.9003
    7661       1.8424
    7662       1.7974
    7663       1.9235
    7664       1.8597
    7665       1.8673
    7666       1.8642
    7667       1.8493
    7668       1.8461
    7669       1.7505
    7670       1.6608
    7671       1.7073
    7672       1.7395
    7673       1.7473
    7674       1.7464
    7675       1.7988
    7676       1.8594
    7677       1.8245
    7678       2.0081
    7679       1.8549
    7680       1.8896
    7681       1.9815
    7682       1.9439
    7683       2.1151
    7684       2.0340
    7685       1.9149
    7686       1.8321
    7687       1.9407
    7688       1.8972
    7689       1.9023
    7690       1.9506
    7691       1.9331
    7692       1.8673
    7693       1.8678
    7694       1.8759
    7695       1.8945
    7696       1.8398
    7697       1.8313
    7698       1.7597
    7699       1.7765
    7700       1.6689
    7701       1.8054
    7702       1.7867
    7703       1.7862
    7704       1.9003
    7705       1.8583
    7706       1.8268
    7707       1.8647
    7708       1.8825
    7709       1.9318
    7710       1.8908
    7711       1.8818
    7712       1.8743
    7713       1.8146
    7714       1.7737
    7715       1.8844
    7716       1.7639
    7717       1.9140
    7718       1.8761
    7719       1.8259
    7720       1.7915
    7721       1.8597
    7722       1.8205
    7723       1.8348
    7724       1.8366
    7725       1.8766
    7726       1.9534
    7727       1.9494
    7728       1.9238
    7729       1.9866
    7730       1.8691
    7731       1.8711
    7732       1.8306
    7733       1.7842
    7734       1.7581
    7735       1.8396
    7736       1.8234
    7737       1.8223
    7738       1.7898
    7739       1.8595
    7740       1.7823
    7741       1.9040
    7742       1.9053
    7743       1.8821
    7744       1.7326
    7745       1.7355
    7746       1.7196
    7747       1.7406
    7748       1.8685
    7749       1.7666
    7750       1.7202
    7751       1.7223
    7752       1.8200
    7753       1.8403
    7754       1.8493
    7755       1.8009
    7756       1.9047
    7757       1.8616
    7758       1.8933
    7759       1.8265
    7760       1.8594
    7761       1.7587
    7762       1.7510
    7763       1.7892
    7764       1.9969
    7765       1.9576
    7766       1.8204
    7767       1.8409
    7768       1.9210
    7769       1.8825
    7770       1.9266
    7771       1.8955
    7772       1.8774
    7773       1.9486
    7774       1.8560
    7775       1.8872
    7776       1.9131
    7777       1.9122
    7778       1.9559
    7779       1.8897
    7780       1.8814
    7781       1.8737
    7782       1.8262
    7783       1.8666
    7784       1.7990
    7785       1.8385
    7786       1.8217
    7787       1.8837
    7788       1.9108
    7789       1.9636
    7790       1.8153
    7791       1.7904
    7792       1.8401
    7793       1.8228
    7794       1.8595
    7795       1.9063
    7796       1.8827
    7797       1.8491
    7798       1.8984
    7799       1.8201
    7800       1.7494
    7801       1.6830
    7802       1.6725
    7803       1.6193
    7804       1.7429
    7805       1.7293
    7806       1.8523
    7807       1.7505
    7808       1.7014
    7809       1.7748
    7810       1.6952
    7811       1.7456
    7812       1.8691
    7813       1.8285
    7814       1.7851
    7815       1.8173
    7816       1.7927
    7817       1.7302
    7818       1.9081
    7819       1.7446
    7820       1.7236
    7821       1.8166
    7822       1.8030
    7823       1.8045
    7824       1.9815
    7825       1.8465
    7826       1.9780
    7827       1.9397
    7828       1.9155
    7829       1.9327
    7830       1.8387
    7831       1.8975
    7832       1.9429
    7833       1.7444
    7834       1.8248
    7835       1.7655
    7836       1.8240
    7837       1.9937
    7838       1.9147
    7839       1.9658
    7840       1.9193
    7841       1.7836
    7842       1.8966
    7843       1.9005
    7844       1.8824
    7845       1.8600
    7846       1.9335
    7847       1.8369
    7848       1.8300
    7849       1.9515
    7850       1.7612
    7851       1.8755
    7852       1.9751
    7853       1.8223
    7854       1.9200
    7855       2.0637
    7856       1.9788
    7857       1.9095
    7858       2.0279
    7859       1.8415
    7860       1.8721
    7861       1.9604
    7862       1.7848
    7863       1.8529
    7864       1.9163
    7865       1.8765
    7866       1.9477
    7867       1.8904
    7868       1.9230
    7869       1.9261
    7870       1.8945
    7871       1.8664
    7872       1.8454
    7873       1.8924
    7874       1.8324
    7875       1.8878
    7876       1.7961
    7877       1.7910
    7878       1.8853
    7879       1.8492
    7880       1.7870
    7881       1.8909
    7882       1.8330
    7883       1.9385
    7884       1.8960
    7885       2.0752
    7886       1.8955
    7887       1.9897
    7888       1.9534
    7889       1.9076
    7890       1.8784
    7891       1.9853
    7892       1.8618
    7893       1.8866
    7894       1.8961
    7895       1.9239
    7896       1.8333
    7897       1.9652
    7898       1.8654
    7899       1.8654
    7900       1.8440
    7901       1.8577
    7902       1.9060
    7903       1.9849
    7904       1.9033
    7905       1.9545
    7906       1.9419
    7907       2.0260
    7908       1.9539
    7909       1.8931
    7910       1.9078
    7911       1.9392
    7912       1.8973
    7913       2.0440
    7914       1.9771
    7915       1.9240
    7916       1.9118
    7917       1.9492
    7918       1.8392
    7919       1.8479
    7920       1.9050
    7921       1.9379
    7922       1.9291
    7923       1.9334
    7924       1.9138
    7925       1.8991
    7926       1.9234
    7927       1.9868
    7928       1.8321
    7929       1.8596
    7930       1.9355
    7931       1.8655
    7932       1.9628
    7933       1.9985
    7934       1.9646
    7935       1.8663
    7936       1.9646
    7937       1.8695
    7938       1.8756
    7939       1.9083
    7940       1.8838
    7941       1.9558
    7942       2.0039
    7943       2.0255
    7944       1.8607
    7945       1.9198
    7946       1.9787
    7947       1.9616
    7948       1.9171
    7949       1.9119
    7950       1.9418
    7951       1.9388
    7952       1.9762
    7953       1.9778
    7954       1.9589
    7955       1.9027
    7956       1.7884
    7957       1.9400
    7958       1.8493
    7959       1.8171
    7960       1.8954
    7961       1.9127
    7962       1.8861
    7963       1.9340
    7964       1.7902
    7965       1.7668
    7966       1.8792
    7967       1.9275
    7968       1.8876
    7969       1.8488
    7970       1.9421
    7971       1.9481
    7972       1.9158
    7973       1.8565
    7974       2.0615
    7975       2.0084
    7976       1.9303
    7977       1.9990
    7978       1.9479
    7979       2.1157
    7980       2.0102
    7981       1.9838
    7982       1.9426
    7983       1.9360
    7984       1.9645
    7985       1.8935
    7986       1.9228
    7987       1.9697
    7988       1.9329
    7989       1.9959
    7990       1.8554
    7991       1.9787
    7992       1.9617
    7993       2.0545
    7994       1.8107
    7995       1.9384
    7996       1.8826
    7997       1.9113
    7998       2.0502
    7999       1.9804
    8000       1.9843
    8001       1.9196
    8002       1.8436
    8003       1.9025
    8004       1.8722
    8005       1.9681
    8006       2.0068
    8007       1.9684
    8008       2.0167
    8009       1.9701
    8010       2.0151
    8011       2.0106
    8012       2.0016
    8013       2.0866
    8014       1.9782
    8015       1.8476
    8016       1.9235
    8017       1.9280
    8018       1.9264
    8019       1.8651
    8020       1.9595
    8021       1.8349
    8022       1.9389
    8023       1.8539
    8024       1.9033
    8025       1.8499
    8026       1.8825
    8027       1.9437
    8028       1.9040
    8029       1.8301
    8030       1.8920
    8031       1.8733
    8032       1.9018
    8033       1.9622
    8034       1.9260
    8035       1.9305
    8036       1.9133
    8037       1.9409
    8038       1.8474
    8039       1.7949
    8040       1.8982
    8041       1.9470
    8042       1.9290
    8043       1.9022
    8044       1.8350
    8045       1.8541
    8046       1.8469
    8047       1.8484
    8048       1.9209
    8049       2.0224
    8050       1.9219
    8051       1.9222
    8052       1.9211
    8053       1.9397
    8054       1.9305
    8055       2.0774
    8056       2.0145
    8057       2.0393
    8058       1.9268
    8059       1.9484
    8060       1.8914
    8061       1.9401
    8062       1.9050
    8063       2.0253
    8064       1.9688
    8065       1.8945
    8066       1.9506
    8067       1.8880
    8068       1.9491
    8069       1.9867
    8070       1.9159
    8071       1.8896
    8072       1.8946
    8073       1.8864
    8074       1.8816
    8075       1.9972
    8076       1.9889
    8077       1.8868
    8078       1.9669
    8079       1.9958
    8080       1.9211
    8081       1.9162
    8082       1.8647
    8083       1.8930
    8084       1.9075
    8085       1.9806
    8086       1.8174
    8087       1.9395
    8088       1.9463
    8089       1.9665
    8090       2.0418
    8091       2.0169
    8092       1.8989
    8093       1.9360
    8094       1.9512
    8095       2.0612
    8096       2.0062
    8097       1.9380
    8098       2.0361
    8099       1.9428
    8100       2.0825
    8101       2.0245
    8102       1.9531
    8103       1.9498
    8104       1.9924
    8105       1.9444
    8106       1.8982
    8107       2.0255
    8108       1.9570
    8109       1.9547
    8110       1.8719
    8111       1.9208
    8112       1.8595
    8113       1.9278
    8114       2.0057
    8115       1.9254
    8116       1.9326
    8117       1.9513
    8118       1.9862
    8119       1.9637
    8120       2.0365
    8121       1.9682
    8122       1.9848
    8123       1.9730
    8124       1.9152
    8125       1.8846
    8126       1.8176
    8127       1.8363
    8128       1.8125
    8129       1.8820
    8130       1.9719
    8131       1.8347
    8132       1.8712
    8133       1.7800
    8134       1.8354
    8135       1.9115
    8136       1.9658
    8137       1.8612
    8138       1.9186
    8139       1.8936
    8140       1.8934
    8141       1.8333
    8142       1.8844
    8143       1.8550
    8144       1.8495
    8145       1.9277
    8146       1.8933
    8147       1.8828
    8148       1.8556
    8149       1.8167
    8150       1.9457
    8151       1.7949
    8152       1.9054
    8153       1.8884
    8154       1.8783
    8155       1.8430
    8156       1.8167
    8157       1.7762
    8158       1.7471
    8159       1.7893
    8160       1.8486
    8161       1.8520
    8162       1.8643
    8163       1.8290
    8164       1.8705
    8165       1.9160
    8166       1.8639
    8167       1.7583
    8168       1.8076
    8169       1.8554
    8170       1.8576
    8171       1.8991
    8172       1.9334
    8173       1.8667
    8174       1.7973
    8175       1.9158
    8176       1.8538
    8177       1.9098
    8178       1.8407
    8179       2.0968
    8180       2.0214
    8181       1.9702
    8182       2.0926
    8183       1.9995
    8184       1.9595
    8185       1.9437
    8186       1.9116
    8187       1.8731
    8188       1.9622
    8189       1.9798
    8190       1.8932
    8191       1.9814
    8192       1.9045
    8193       1.9832
    8194       1.8845
    8195       1.9175
    8196       1.9130
    8197       1.9191
    8198       1.9313
    8199       1.9164
    8200       1.8994
    8201       1.8666
    8202       1.8973
    8203       2.0524
    8204       2.0323
    8205       1.9773
    8206       1.9784
    8207       1.9575
    8208       1.9754
    8209       2.0335
    8210       2.0035
    8211       1.9267
    8212       1.9501
    8213       1.9310
    8214       1.9749
    8215       1.9967
    8216       2.0043
    8217       2.0249
    8218       1.9905
    8219       1.9543
    8220       2.0423
    8221       1.9783
    8222       2.0514
    8223       2.0699
    8224       1.9940
    8225       1.9979
    8226       1.9703
    8227       1.9145
    8228       1.9430
    8229       1.8564
    8230       1.8391
    8231       1.8363
    8232       1.9142
    8233       1.9155
    8234       1.9931
    8235       2.0621
    8236       1.9661
    8237       1.8665
    8238       1.9158
    8239       1.8973
    8240       1.8605
    8241       1.8221
    8242       1.8485
    8243       1.8731
    8244       1.9567
    8245       1.9003
    8246       1.8518
    8247       1.8335
    8248       1.8568
    8249       1.8001
    8250       1.8823
    8251       1.8235
    8252       1.8582
    8253       1.8592
    8254       1.9153
    8255       1.9810
    8256       1.9951
    8257       1.9858
    8258       2.0861
    8259       2.0083
    8260       1.9914
    8261       1.8308
    8262       1.9551
    8263       2.0001
    8264       1.9985
    8265       2.0045
    8266       1.9313
    8267       1.9761
    8268       1.9011
    8269       1.8762
    8270       1.8648
    8271       1.9251
    8272       1.9652
    8273       2.0340
    8274       2.0706
    8275       2.0835
    8276       2.1414
    8277       2.0675
    8278       1.8693
    8279       2.0734
    8280       1.9099
    8281       2.0487
    8282       2.0896
    8283       1.9534
    8284       2.0010
    8285       1.9834
    8286       2.0377
    8287       2.0275
    8288       1.9576
    8289       1.9047
    8290       1.9129
    8291       1.8834
    8292       1.9963
    8293       2.0052
    8294       1.9903
    8295       2.0548
    8296       1.9630
    8297       2.0449
    8298       2.0570
    8299       2.0403
    8300       2.0445
    8301       1.9635
    8302       1.9298
    8303       1.8645
    8304       1.8451
    8305       1.8266
    8306       1.9924
    8307       1.9772
    8308       2.0582
    8309       1.9257
    8310       1.9702
    8311       1.9888
    8312       1.9695
    8313       1.8668
    8314       1.8476
    8315       1.9574
    8316       1.9379
    8317       1.8705
    8318       1.9309
    8319       2.0224
    8320       1.9631
    8321       1.9922
    8322       1.8942
    8323       1.9400
    8324       1.8939
    8325       2.0456
    8326       1.8845
    8327       1.9977
    8328       1.9524
    8329       1.8403
    8330       1.8715
    8331       1.8755
    8332       1.9284
    8333       2.0453
    8334       1.9807
    8335       1.9895
    8336       2.0372
    8337       2.0376
    8338       1.9229
    8339       2.0227
    8340       1.9851
    8341       1.9825
    8342       1.9618
    8343       1.9224
    8344       1.9562
    8345       1.9598
    8346       1.8474
    8347       1.8734
    8348       1.7846
    8349       1.7723
    8350       1.8534
    8351       2.0298
    8352       2.0250
    8353       1.8454
    8354       2.0003
    8355       1.9516
    8356       1.8987
    8357       1.8846
    8358       1.8307
    8359       1.8926
    8360       1.7895
    8361       1.8720
    8362       1.8653
    8363       1.8217
    8364       1.9312
    8365       2.0017
    8366       1.9504
    8367       1.9149
    8368       1.8540
    8369       1.9249
    8370       1.9541
    8371       1.9506
    8372       1.9686
    8373       1.9569
    8374       1.9820
    8375       1.9677
    8376       1.9995
    8377       1.8506
    8378       2.0224
    8379       1.9432
    8380       1.9316
    8381       1.9197
    8382       1.9628
    8383       2.0361
    8384       1.9722
    8385       1.9382
    8386       1.9493
    8387       1.9153
    8388       2.0034
    8389       1.8878
    8390       1.9757
    8391       1.9315
    8392       1.9612
    8393       1.9192
    8394       1.8921
    8395       1.8994
    8396       1.9291
    8397       1.9967
    8398       1.9500
    8399       1.9634
    8400       1.9396
    8401       1.9496
    8402       2.0083
    8403       1.9654
    8404       1.9431
    8405       1.9014
    8406       1.9673
    8407       1.9543
    8408       2.0131
    8409       2.0392
    8410       1.9910
    8411       1.9743
    8412       2.0047
    8413       1.9076
    8414       1.9580
    8415       1.8870
    8416       1.8744
    8417       1.8020
    8418       1.9012
    8419       1.8381
    8420       1.9753
    8421       1.8818
    8422       1.7673
    8423       1.8036
    8424       1.9120
    8425       1.9272
    8426       1.8910
    8427       1.9738
    8428       1.9386
    8429       1.9176
    8430       1.9039
    8431       1.8318
    8432       1.9778
    8433       1.9160
    8434       1.9746
    8435       1.9529
    8436       1.9721
    8437       1.7856
    8438       1.9165
    8439       1.8772
    8440       1.8727
    8441       1.8420
    8442       1.8274
    8443       1.8133
    8444       1.9798
    8445       1.8743
    8446       1.8967
    8447       1.9034
    8448       1.9110
    8449       1.9523
    8450       1.9873
    8451       1.8826
    8452       1.9689
    8453       1.9593
    8454       1.8902
    8455       1.9629
    8456       1.8310
    8457       1.9027
    8458       1.9289
    8459       1.9598
    8460       2.0719
    8461       1.9718
    8462       1.9533
    8463       2.0608
    8464       1.9871
    8465       1.9061
    8466       1.8741
    8467       1.8257
    8468       1.8737
    8469       1.9159
    8470       1.8428
    8471       1.9487
    8472       1.8065
    8473       1.8915
    8474       1.9040
    8475       1.9102
    8476       1.8831
    8477       1.9031
    8478       1.8850
    8479       1.9107
    8480       1.8477
    8481       2.0390
    8482       2.0198
    8483       1.8660
    8484       1.7792
    8485       1.8185
    8486       1.9054
    8487       1.9431
    8488       1.9722
    8489       1.9437
    8490       1.9805
    8491       1.9943
    8492       1.9514
    8493       1.9142
    8494       1.8651
    8495       1.8671
    8496       1.8453
    8497       1.8936
    8498       1.9312
    8499       1.8768
    8500       1.8541
    8501       1.9873
    8502       1.9294
    8503       1.9696
    8504       1.9847
    8505       2.0406
    8506       2.0041
    8507       2.0126
    8508       1.9343
    8509       1.9448
    8510       1.9100
    8511       1.9186
    8512       1.9341
    8513       1.9945
    8514       2.1199
    8515       1.9634
    8516       1.9373
    8517       1.8361
    8518       1.8451
    8519       1.8987
    8520       1.9248
    8521       1.8597
    8522       1.9616
    8523       1.9471
    8524       1.9676
    8525       1.8710
    8526       1.8415
    8527       1.8425
    8528       1.9826
    8529       1.9753
    8530       1.9708
    8531       1.9209
    8532       2.0028
    8533       1.9449
    8534       1.9614
    8535       2.0377
    8536       1.9065
    8537       2.0307
    8538       1.9460
    8539       1.9512
    8540       1.9790
    8541       1.9094
    8542       1.9682
    8543       1.9251
    8544       1.9496
    8545       2.0353
    8546       1.8552
    8547       1.7168
    8548       1.9522
    8549       1.8787
    8550       1.9266
    8551       1.9587
    8552       1.9015
    8553       1.8969
    8554       1.9372
    8555       1.9115
    8556       1.9787
    8557       1.9172
    8558       1.8320
    8559       1.8638
    8560       1.8590
    8561       1.9546
    8562       1.8777
    8563       1.8972
    8564       2.1125
    8565       1.9711
    8566       1.9771
    8567       2.0313
    8568       2.0863
    8569       2.0542
    8570       2.0234
    8571       2.0477
    8572       1.9900
    8573       2.0684
    8574       2.0157
    8575       2.0100
    8576       2.0576
    8577       1.9747
    8578       2.0461
    8579       1.9057
    8580       1.9150
    8581       1.9738
    8582       1.9306
    8583       2.0092
    8584       1.8738
    8585       1.9062
    8586       1.9304
    8587       1.8873
    8588       1.8852
    8589       1.9618
    8590       1.8099
    8591       1.9250
    8592       1.8652
    8593       1.9206
    8594       1.8414
    8595       1.9012
    8596       1.9249
    8597       1.9245
    8598       1.9745
    8599       1.9951
    8600       1.8467
    8601       1.9245
    8602       1.9186
    8603       1.8747
    8604       1.9306
    8605       1.9595
    8606       2.1058
    8607       2.0275
    8608       2.0041
    8609       1.9877
    8610       2.0435
    8611       1.9706
    8612       1.9490
    8613       2.0524
    8614       1.9254
    8615       1.8934
    8616       2.0534
    8617       1.9486
    8618       1.9935
    8619       1.9884
    8620       2.1028
    8621       2.1008
    8622       1.9918
    8623       1.9752
    8624       2.0041
    8625       1.9541
    8626       2.0656
    8627       2.0158
    8628       2.0064
    8629       2.0455
    8630       1.9682
    8631       2.0766
    8632       2.0715
    8633       2.0408
    8634       2.0702
    8635       1.9511
    8636       1.9709
    8637       2.0540
    8638       1.8940
    8639       1.9758
    8640       1.9499
    8641       1.9783
    8642       1.9421
    8643       1.9608
    8644       2.0613
    8645       2.1470
    8646       2.1080
    8647       2.0022
    8648       1.9903
    8649       1.9826
    8650       1.9871
    8651       2.1373
    8652       2.0007
    8653       1.9547
    8654       2.0250
    8655       1.9992
    8656       2.0706
    8657       2.0226
    8658       2.0682
    8659       2.1065
    8660       2.0256
    8661       2.0109
    8662       2.0475
    8663       2.0275
    8664       2.0008
    8665       2.0305
    8666       2.1649
    8667       2.1326
    8668       2.0817
    8669       1.9932
    8670       2.1047
    8671       2.0742
    8672       2.0727
    8673       2.1189
    8674       2.1525
    8675       2.0797
    8676       1.9794
    8677       1.9964
    8678       1.9862
    8679       2.0664
    8680       2.0894
    8681       2.0533
    8682       2.0426
    8683       2.0922
    8684       1.9416
    8685       2.0102
    8686       1.9859
    8687       1.9845
    8688       1.9702
    8689       1.9236
    8690       2.0237
    8691       1.9803
    8692       1.8379
    8693       1.9137
    8694       1.8380
    8695       1.9488
    8696       1.9247
    8697       2.0566
    8698       1.9732
    8699       2.0290
    8700       2.0496
    8701       2.0281
    8702       1.9957
    8703       1.9526
    8704       2.0555
    8705       1.9425
    8706       1.9040
    8707       1.8947
    8708       1.9329
    8709       2.0361
    8710       1.9926
    8711       1.9666
    8712       2.1445
    8713       1.9978
    8714       1.9869
    8715       1.9420
    8716       1.9831
    8717       1.9297
    8718       1.9859
    8719       1.9007
    8720       1.9991
    8721       1.9920
    8722       1.9848
    8723       1.9225
    8724       1.9538
    8725       1.8915
    8726       1.9530
    8727       1.8744
    8728       1.9457
    8729       1.9834
    8730       1.9527
    8731       1.9131
    8732       2.0528
    8733       2.0890
    8734       1.9570
    8735       2.0778
    8736       2.1395
    8737       2.0265
    8738       2.0434
    8739       2.0228
    8740       1.9939
    8741       2.0518
    8742       1.9049
    8743       2.0736
    8744       1.9555
    8745       2.0071
    8746       1.9420
    8747       1.8933
    8748       2.0061
    8749       1.8908
    8750       1.9663
    8751       1.9775
    8752       1.9230
    8753       1.9894
    8754       2.0106
    8755       2.0155
    8756       1.9882
    8757       1.9640
    8758       1.9360
    8759       1.9681
    8760       1.8912
    8761       2.0188
    8762       2.0494
    8763       2.0579
    8764       2.0430
    8765       2.0395
    8766       1.9718
    8767       2.0233
    8768       2.0080
    8769       2.0056
    8770       2.0244
    8771       2.0379
    8772       2.0246
    8773       1.9217
    8774       2.0944
    8775       2.0277
    8776       2.0638
    8777       2.0800
    8778       1.9629
    8779       2.0199
    8780       2.0220
    8781       1.9729
    8782       2.0032
    8783       1.9590
    8784       1.9425
    8785       1.8898
    8786       1.9662
    8787       1.8370
    8788       1.8427
    8789       1.9761
    8790       1.8633
    8791       1.8983
    8792       1.9439
    8793       1.9572
    8794       1.9805
    8795       2.0262
    8796       2.0041
    8797       2.0122
    8798       1.9105
    8799       1.9064
    8800       1.8332
    8801       1.8294
    8802       1.9141
    8803       1.9224
    8804       1.9248
    8805       1.9319
    8806       1.9271
    8807       1.8719
    8808       1.9098
    8809       1.9461
    8810       1.8903
    8811       2.0412
    8812       1.9070
    8813       1.9716
    8814       1.8307
    8815       1.9824
    8816       1.9354
    8817       1.9921
    8818       1.9414
    8819       1.8108
    8820       1.9164
    8821       1.9171
    8822       1.8331
    8823       1.7879
    8824       1.6913
    8825       1.8190
    8826       1.8922
    8827       1.8894
    8828       1.8449
    8829       1.9732
    8830       1.9067
    8831       1.8839
    8832       1.8536
    8833       1.8395
    8834       1.8700
    8835       1.9182
    8836       1.9231
    8837       1.8510
    8838       1.9255
    8839       1.9886
    8840       1.8898
    8841       1.8882
    8842       1.8590
    8843       1.9286
    8844       1.9935
    8845       1.9501
    8846       1.9350
    8847       1.9333
    8848       1.9314
    8849       1.8649
    8850       1.9734
    8851       2.0428
    8852       2.0900
    8853       2.0611
    8854       2.0549
    8855       2.0203
    8856       1.9733
    8857       2.0225
    8858       2.0648
    8859       2.0491
    8860       2.0146
    8861       2.0112
    8862       2.1412
    8863       2.0148
    8864       2.1212
    8865       2.1477
    8866       2.1505
    8867       2.1339
    8868       2.0877
    8869       2.1742
    8870       2.1392
    8871       2.0701
    8872       2.1421
    8873       2.1870
    8874       2.1523
    8875       2.1171
    8876       2.0842
    8877       2.0752
    8878       2.0606
    8879       2.0930
    8880       2.0106
    8881       2.0240
    8882       2.0148
    8883       2.0120
    8884       2.0549
    8885       1.9950
    8886       2.1303
    8887       2.0818
    8888       2.0580
    8889       2.1318
    8890       2.1657
    8891       2.1346
    8892       2.0634
    8893       1.9784
    8894       2.0350
    8895       2.1054
    8896       1.9523
    8897       1.9774
    8898       1.9457
    8899       1.9517
    8900       2.0125
    8901       1.8954
    8902       1.9939
    8903       2.0537
    8904       1.9989
    8905       2.0139
    8906       1.9470
    8907       2.0582
    8908       2.0253
    8909       1.9274
    8910       2.0534
    8911       1.9405
    8912       1.9814
    8913       2.0646
    8914       1.9768
    8915       2.0122
    8916       1.9842
    8917       1.9213
    8918       1.9680
    8919       1.9528
    8920       1.9276
    8921       1.9269
    8922       1.9285
    8923       1.9630
    8924       1.9007
    8925       1.9234
    8926       1.9788
    8927       1.9996
    8928       1.9346
    8929       1.9696
    8930       2.0033
    8931       2.0208
    8932       1.9800
    8933       1.9682
    8934       1.9092
    8935       1.9491
    8936       1.8441
    8937       1.9193
    8938       2.0211
    8939       2.0267
    8940       1.9606
    8941       1.9195
    8942       1.8283
    8943       2.0177
    8944       1.9156
    8945       1.8855
    8946       1.8385
    8947       1.9062
    8948       1.8007
    8949       1.9144
    8950       1.9154
    8951       1.9364
    8952       1.8811
    8953       1.9967
    8954       1.9259
    8955       2.0919
    8956       1.9870
    8957       1.8768
    8958       1.9860
    8959       1.9537
    8960       1.9373
    8961       1.9961
    8962       1.9859
    8963       1.9767
    8964       2.0980
    8965       1.9403
    8966       1.9823
    8967       1.9509
    8968       1.9333
    8969       1.8968
    8970       2.0114
    8971       1.8994
    8972       1.8645
    8973       1.9353
    8974       2.0029
    8975       2.0352
    8976       2.0064
    8977       1.9838
    8978       1.9824
    8979       1.9019
    8980       2.0273
    8981       2.0585
    8982       2.0335
    8983       1.9683
    8984       1.9834
    8985       2.0186
    8986       2.0246
    8987       1.9809
    8988       2.0185
    8989       1.9914
    8990       1.9539
    8991       1.9819
    8992       2.0139
    8993       1.9506
    8994       2.0922
    8995       1.9940
    8996       2.0223
    8997       1.8992
    8998       1.8309
    8999       2.0198
    9000       2.0078
    9001       1.9579
    9002       2.0034
    9003       1.9518
    9004       1.9501
    9005       1.9683
    9006       1.9525
    9007       2.0248
    9008       1.9428
    9009       1.8672
    9010       2.0436
    9011       2.0222
    9012       1.9999
    9013       2.0129
    9014       1.9797
    9015       1.9725
    9016       1.9364
    9017       1.9897
    9018       1.9327
    9019       1.9471
    9020       1.9560
    9021       1.9541
    9022       1.9406
    9023       1.9631
    9024       1.9241
    9025       2.0324
    9026       1.9005
    9027       1.9276
    9028       2.0304
    9029       1.9773
    9030       2.0219
    9031       2.0655
    9032       1.9857
    9033       1.9400
    9034       1.9830
    9035       1.9307
    9036       1.9420
    9037       2.0047
    9038       1.8990
    9039       1.9875
    9040       1.9356
    9041       1.9060
    9042       1.8999
    9043       1.9205
    9044       1.8876
    9045       1.9369
    9046       2.0100
    9047       1.8568
    9048       1.8790
    9049       1.9496
    9050       1.9627
    9051       1.9782
    9052       1.8035
    9053       1.8466
    9054       1.8021
    9055       1.9141
    9056       1.8807
    9057       1.8308
    9058       1.9705
    9059       1.9471
    9060       1.9106
    9061       1.9377
    9062       1.9779
    9063       2.0429
    9064       1.9926
    9065       1.9872
    9066       2.0406
    9067       2.0365
    9068       1.9991
    9069       1.9113
    9070       1.9800
    9071       2.0081
    9072       2.0277
    9073       1.8993
    9074       1.9150
    9075       1.8837
    9076       1.8873
    9077       2.0280
    9078       1.9703
    9079       1.9997
    9080       1.7871
    9081       2.0255
    9082       2.0322
    9083       1.9728
    9084       2.0156
    9085       1.9477
    9086       2.0019
    9087       2.0587
    9088       2.0670
    9089       1.9323
    9090       2.0206
    9091       1.9486
    9092       1.9507
    9093       1.8756
    9094       1.9658
    9095       1.8983
    9096       1.8972
    9097       1.9394
    9098       1.8703
    9099       1.8728
    9100       2.0555
    9101       1.9010
    9102       1.8354
    9103       1.8021
    9104       1.9168
    9105       1.9133
    9106       1.8573
    9107       1.9643
    9108       1.8746
    9109       1.8339
    9110       1.9326
    9111       1.8391
    9112       1.8347
    9113       1.8723
    9114       1.8629
    9115       1.9000
    9116       1.9226
    9117       1.8531
    9118       1.8618
    9119       1.8510
    9120       1.8346
    9121       1.7796
    9122       1.8193
    9123       1.8107
    9124       1.9364
    9125       1.9370
    9126       1.7957
    9127       1.7957
    9128       1.8468
    9129       2.0150
    9130       1.9367
    9131       1.8769
    9132       1.7652
    9133       1.8423
    9134       1.9098
    9135       1.8555
    9136       1.9713
    9137       1.9149
    9138       1.9306
    9139       1.9030
    9140       1.9257
    9141       2.1114
    9142       2.0251
    9143       1.9312
    9144       1.9071
    9145       1.9791
    9146       1.9028
    9147       2.0080
    9148       2.0240
    9149       2.0794
    9150       2.0557
    9151       1.9973
    9152       2.0259
    9153       2.1087
    9154       2.0317
    9155       1.9694
    9156       1.9835
    9157       1.8886
    9158       2.1127
    9159       1.9637
    9160       1.9715
    9161       2.0498
    9162       1.9616
    9163       2.0445
    9164       1.9170
    9165       2.0154
    9166       1.8857
    9167       1.9671
    9168       1.8698
    9169       1.8883
    9170       1.9800
    9171       1.9995
    9172       2.0836
    9173       1.9547
    9174       1.9617
    9175       2.0168
    9176       1.9974
    9177       2.0503
    9178       1.9184
    9179       1.9679
    9180       1.9939
    9181       1.9368
    9182       2.0187
    9183       1.9259
    9184       1.9177
    9185       1.9406
    9186       1.8678
    9187       1.9615
    9188       1.8611
    9189       1.8515
    9190       1.7752
    9191       1.8572
    9192       1.9275
    9193       1.9541
    9194       1.8871
    9195       1.8241
    9196       1.7953
    9197       1.8363
    9198       1.8760
    9199       1.8182
    9200       1.8482
    9201       1.9587
    9202       1.9499
    9203       1.8989
    9204       1.9669
    9205       2.0505
    9206       1.9070
    9207       1.8778
    9208       2.0301
    9209       1.8139
    9210       1.8279
    9211       1.8573
    9212       1.9093
    9213       1.9530
    9214       1.9766
    9215       1.9454
    9216       1.8676
    9217       1.8221
    9218       1.8771
    9219       1.9547
    9220       1.9723
    9221       1.9522
    9222       1.9375
    9223       1.9549
    9224       1.8405
    9225       1.9375
    9226       1.9987
    9227       2.0423
    9228       2.0662
    9229       1.9283
    9230       2.0343
    9231       1.9774
    9232       1.9697
    9233       1.9924
    9234       2.0553
    9235       2.0207
    9236       2.0020
    9237       2.0560
    9238       1.9572
    9239       1.9995
    9240       2.0286
    9241       2.0416
    9242       2.0069
    9243       2.0626
    9244       1.9779
    9245       1.9827
    9246       2.0187
    9247       1.9553
    9248       1.9100
    9249       1.7997
    9250       1.9527
    9251       1.8841
    9252       1.9287
    9253       2.0083
    9254       2.0319
    9255       1.9467
    9256       1.9365
    9257       1.8696
    9258       1.9295
    9259       2.0009
    9260       1.9850
    9261       1.9980
    9262       1.8800
    9263       1.9069
    9264       2.0773
    9265       1.9329
    9266       2.0103
    9267       2.1434
    9268       2.0970
    9269       2.0563
    9270       1.9840
    9271       1.9004
    9272       1.9811
    9273       1.9544
    9274       1.8949
    9275       1.9021
    9276       1.9276
    9277       1.8898
    9278       1.9538
    9279       1.8935
    9280       1.9123
    9281       1.8906
    9282       1.9778
    9283       1.9451
    9284       2.0346
    9285       2.1923
    9286       2.0731
    9287       1.9709
    9288       2.0348
    9289       1.9731
    9290       2.0629
    9291       1.9253
    9292       1.9679
    9293       1.9552
    9294       1.9619
    9295       2.0071
    9296       1.9817
    9297       1.9106
    9298       2.0016
    9299       2.0141
    9300       1.8354
    9301       1.9216
    9302       1.9766
    9303       2.0563
    9304       2.0699
    9305       2.0497
    9306       2.1414
    9307       2.1063
    9308       2.0371
    9309       1.9823
    9310       2.0703
    9311       2.0419
    9312       2.1352
    9313       1.9863
    9314       2.0128
    9315       1.8465
    9316       1.9483
    9317       1.9739
    9318       1.9160
    9319       1.9311
    9320       1.8720
    9321       2.0018
    9322       1.8009
    9323       1.8056
    9324       1.9773
    9325       1.9344
    9326       2.0991
    9327       1.9885
    9328       2.0270
    9329       1.9564
    9330       1.9020
    9331       2.0125
    9332       1.9523
    9333       1.9775
    9334       1.8976
    9335       1.9739
    9336       2.0035
    9337       2.0620
    9338       1.9550
    9339       1.9443
    9340       1.9516
    9341       1.9136
    9342       1.9145
    9343       1.8607
    9344       1.8539
    9345       1.9653
    9346       1.9136
    9347       1.9019
    9348       2.0429
    9349       2.1613
    9350       2.1083
    9351       1.9699
    9352       1.9927
    9353       2.1827
    9354       2.0925
    9355       2.1148
    9356       2.0405
    9357       1.9166
    9358       2.0301
    9359       2.1094
    9360       1.9808
    9361       2.0414
    9362       2.0730
    9363       2.0430
    9364       1.9347
    9365       2.0265
    9366       2.1776
    9367       2.0712
    9368       2.1007
    9369       2.1167
    9370       2.0600
    9371       1.9392
    9372       2.0133
    9373       1.8873
    9374       1.9654
    9375       1.9945
    9376       2.0310
    9377       1.8319
    9378       2.0249
    9379       1.8907
    9380       1.8896
    9381       1.8998
    9382       1.9078
    9383       1.9066
    9384       1.9299
    9385       2.0105
    9386       2.0395
    9387       1.9752
    9388       1.9907
    9389       2.1007
    9390       1.9492
    9391       1.9355
    9392       2.0444
    9393       2.0314
    9394       1.9288
    9395       2.0218
    9396       1.9686
    9397       1.9376
    9398       1.9934
    9399       2.0872
    9400       1.9862
    9401       1.9015
    9402       1.9064
    9403       1.9290
    9404       1.8695
    9405       1.9406
    9406       1.9106
    9407       1.9517
    9408       2.0066
    9409       1.9083
    9410       1.8571
    9411       1.8246
    9412       1.9091
    9413       1.8400
    9414       1.8429
    9415       1.8401
    9416       1.9136
    9417       1.7366
    9418       2.0029
    9419       1.9339
    9420       2.0301
    9421       1.8682
    9422       1.9047
    9423       1.9551
    9424       1.9077
    9425       1.9446
    9426       1.8550
    9427       1.9103
    9428       2.0819
    9429       1.9805
    9430       1.9631
    9431       2.0497
    9432       1.9736
    9433       2.0227
    9434       1.9852
    9435       2.0303
    9436       1.9387
    9437       1.9902
    9438       1.9263
    9439       1.8685
    9440       1.9209
    9441       1.9927
    9442       1.9312
    9443       1.9095
    9444       1.9104
    9445       1.9355
    9446       1.9302
    9447       1.8600
    9448       1.8930
    9449       1.8837
    9450       1.8698
    9451       1.8940
    9452       1.8973
    9453       1.8483
    9454       1.8243
    9455       1.8472
    9456       1.8760
    9457       1.9151
    9458       2.0352
    9459       1.9569
    9460       1.9212
    9461       2.1264
    9462       2.0166
    9463       2.1222
    9464       2.1283
    9465       2.0423
    9466       2.0597
    9467       2.0397
    9468       1.9908
    9469       2.0648
    9470       1.9008
    9471       1.9734
    9472       2.0599
    9473       2.0576
    9474       1.9387
    9475       1.9409
    9476       1.9462
    9477       1.9781
    9478       2.0813
    9479       1.9184
    9480       2.0439
    9481       1.8297
    9482       1.9985
    9483       1.9864
    9484       1.9497
    9485       1.9157
    9486       1.9593
    9487       1.8745
    9488       1.8736
    9489       1.9191
    9490       2.0036
    9491       1.8552
    9492       1.9286
    9493       1.9297
    9494       1.9768
    9495       2.0593
    9496       2.0789
    9497       2.0512
    9498       1.9588
    9499       1.9504
    9500       2.0044
    9501       1.9129
    9502       1.9840
    9503       2.0122
    9504       2.0712
    9505       2.0508
    9506       2.0714
    9507       2.1039
    9508       1.9900
    9509       1.8541
    9510       1.8960
    9511       1.9113
    9512       2.0016
    9513       1.8875
    9514       1.9862
    9515       1.9621
    9516       2.0105
    9517       1.9035
    9518       1.9366
    9519       1.9787
    9520       2.0859
    9521       2.0117
    9522       2.1358
    9523       1.9517
    9524       1.9357
    9525       1.9291
    9526       1.9936
    9527       1.9795
    9528       1.8948
    9529       1.9785
    9530       1.9656
    9531       1.9100
    9532       1.9043
    9533       1.9017
    9534       1.9008
    9535       1.9527
    9536       1.8718
    9537       1.9804
    9538       1.9707
    9539       1.9654
    9540       1.9912
    9541       1.9264
    9542       1.9934
    9543       1.8821
    9544       1.9585
    9545       1.9669
    9546       2.0227
    9547       2.1032
    9548       2.0085
    9549       1.9811
    9550       1.8735
    9551       1.8798
    9552       2.0116
    9553       1.8807
    9554       1.8638
    9555       1.9619
    9556       2.0017
    9557       2.0440
    9558       1.9471
    9559       1.9616
    9560       2.0716
    9561       2.0346
    9562       2.0480
    9563       1.9353
    9564       1.9035
    9565       1.9442
    9566       1.8753
    9567       1.9145
    9568       1.9601
    9569       1.9608
    9570       1.9785
    9571       2.0295
    9572       2.0761
    9573       2.0589
    9574       1.9676
    9575       1.9528
    9576       1.9938
    9577       1.9214
    9578       1.8627
    9579       2.0329
    9580       2.0104
    9581       2.0059
    9582       2.0205
    9583       1.9003
    9584       2.0035
    9585       1.9646
    9586       1.9877
    9587       1.9558
    9588       1.9589
    9589       1.9352
    9590       2.0131
    9591       1.8987
    9592       1.9701
    9593       1.9952
    9594       2.0591
    9595       1.9575
    9596       1.9443
    9597       2.0027
    9598       2.0082
    9599       1.9689
    9600       1.8603
    9601       1.9890
    9602       1.9550
    9603       1.9872
    9604       1.9616
    9605       1.9831
    9606       1.9722
    9607       1.9864
    9608       2.0162
    9609       1.9108
    9610       1.9212
    9611       1.8350
    9612       1.8180
    9613       1.9043
    9614       2.0269
    9615       1.9663
    9616       1.9535
    9617       1.9226
    9618       1.9935
    9619       1.9339
    9620       1.8849
    9621       1.9771
    9622       1.9723
    9623       1.9003
    9624       2.0053
    9625       1.8635
    9626       1.8469
    9627       1.8091
    9628       1.7663
    9629       1.9090
    9630       1.8721
    9631       1.8536
    9632       1.9447
    9633       1.8660
    9634       1.9172
    9635       1.8254
    9636       1.7531
    9637       1.8591
    9638       1.8488
    9639       1.8716
    9640       1.7722
    9641       1.8564
    9642       1.8633
    9643       1.9309
    9644       1.9348
    9645       1.8617
    9646       1.8951
    9647       2.0539
    9648       2.0437
    9649       2.0055
    9650       2.0183
    9651       1.8195
    9652       1.8636
    9653       1.8711
    9654       1.8709
    9655       1.8689
    9656       1.8298
    9657       1.8284
    9658       1.9112
    9659       2.0050
    9660       1.9476
    9661       2.0369
    9662       1.9068
    9663       1.9356
    9664       1.8856
    9665       1.9554
    9666       1.9427
    9667       2.0670
    9668       2.1123
    9669       2.1221
    9670       1.9171
    9671       1.9684
    9672       1.9109
    9673       1.8933
    9674       1.9575
    9675       1.9722
    9676       2.0431
    9677       1.9707
    9678       1.9521
    9679       1.9451
    9680       2.1094
    9681       2.0932
    9682       2.0244
    9683       2.0780
    9684       1.8709
    9685       1.9347
    9686       1.8697
    9687       1.8514
    9688       1.7913
    9689       1.9257
    9690       1.8243
    9691       1.8885
    9692       1.8169
    9693       1.8502
    9694       1.7803
    9695       1.8619
    9696       1.9569
    9697       1.8826
    9698       1.9783
    9699       1.9140
    9700       1.9211
    9701       1.8555
    9702       1.9911
    9703       1.9834
    9704       2.0230
    9705       1.9465
    9706       1.8149
    9707       2.0053
    9708       1.8512
    9709       1.9987
    9710       1.9990
    9711       1.9502
    9712       1.9047
    9713       1.9474
    9714       1.9339
    9715       1.8703
    9716       1.8287
    9717       1.9795
    9718       2.0469
    9719       2.0765
    9720       2.0268
    9721       2.0444
    9722       2.0086
    9723       1.8734
    9724       1.9548
    9725       1.8779
    9726       1.9743
    9727       1.9015
    9728       1.9539
    9729       1.9838
    9730       1.9303
    9731       1.9210
    9732       1.9341
    9733       2.0080
    9734       1.9696
    9735       2.0170
    9736       2.0298
    9737       2.0546
    9738       2.0481
    9739       1.9510
    9740       2.0706
    9741       1.9527
    9742       1.9874
    9743       1.9564
    9744       2.0438
    9745       1.9880
    9746       2.0636
    9747       1.8932
    9748       2.1175
    9749       2.0688
    9750       2.0724
    9751       1.9657
    9752       2.0155
    9753       1.9817
    9754       2.0202
    9755       1.9968
    9756       1.8677
    9757       1.9622
    9758       1.9417
    9759       2.0137
    9760       1.9579
    9761       2.0509
    9762       2.0706
    9763       1.9702
    9764       1.9584
    9765       1.8916
    9766       1.8750
    9767       1.9863
    9768       1.9831
    9769       1.9243
    9770       1.8697
    9771       1.8222
    9772       1.9179
    9773       2.0111
    9774       2.1028
    9775       1.9577
    9776       1.9962
    9777       2.1373
    9778       2.0548
    9779       1.9893
    9780       1.9440
    9781       2.0039
    9782       2.0299
    9783       2.0285
    9784       1.9746
    9785       1.9998
    9786       2.0489
    9787       2.0588
    9788       2.0271
    9789       1.9755
    9790       1.9522
    9791       2.0849
    9792       2.0399
    9793       2.1732
    9794       2.1135
    9795       2.0528
    9796       2.0579
    9797       1.9295
    9798       2.1108
    9799       1.9625
    9800       1.9610
    9801       1.9759
    9802       1.9812
    9803       1.9066
    9804       2.0159
    9805       1.8899
    9806       2.0350
    9807       1.9978
    9808       2.1499
    9809       2.1927
    9810       2.1306
    9811       2.1657
    9812       1.9815
    9813       2.0072
    9814       2.0865
    9815       2.0314
    9816       1.9826
    9817       1.9462
    9818       2.0019
    9819       1.9223
    9820       1.9621
    9821       1.9739
    9822       1.9264
    9823       1.9662
    9824       2.0076
    9825       2.0644
    9826       2.0223
    9827       1.9718
    9828       1.9408
    9829       1.9606
    9830       1.9903
    9831       2.0477
    9832       1.9206
    9833       1.9718
    9834       2.0261
    9835       1.9719
    9836       2.1187
    9837       2.0034
    9838       2.0636
    9839       1.9129
    9840       1.9198
    9841       2.0471
    9842       1.9923
    9843       2.0689
    9844       2.0174
    9845       2.0343
    9846       2.0845
    9847       1.9987
    9848       1.9435
    9849       2.0316
    9850       1.9245
    9851       2.0461
    9852       1.9757
    9853       1.9467
    9854       1.8245
    9855       1.8613
    9856       1.7938
    9857       1.8993
    9858       2.0469
    9859       1.9830
    9860       2.0958
    9861       1.9935
    9862       1.9577
    9863       1.9595
    9864       1.9999
    9865       2.0470
    9866       2.0448
    9867       2.0062
    9868       2.0748
    9869       2.1713
    9870       2.1441
    9871       1.9023
    9872       1.8962
    9873       2.0128
    9874       1.9320
    9875       1.8549
    9876       1.8723
    9877       1.9549
    9878       1.9535
    9879       1.9041
    9880       1.9776
    9881       1.8757
    9882       1.9315
    9883       1.8810
    9884       1.9522
    9885       1.9143
    9886       1.9880
    9887       2.1057
    9888       2.0598
    9889       1.9987
    9890       2.0667
    9891       2.0247
    9892       1.9803
    9893       2.0366
    9894       2.1352
    9895       2.0290
    9896       2.1938
    9897       2.0944
    9898       2.0582
    9899       2.0294
    9900       2.0004
    9901       1.9220
    9902       1.9630
    9903       2.0010
    9904       1.9625
    9905       1.9040
    9906       2.0066
    9907       2.0481
    9908       2.0351
    9909       1.9513
    9910       2.0262
    9911       1.8920
    9912       2.0792
    9913       1.9702
    9914       1.9807
    9915       1.9416
    9916       1.9116
    9917       2.1052
    9918       2.0747
    9919       1.9718
    9920       2.0676
    9921       2.0013
    9922       1.9667
    9923       1.9779
    9924       1.9479
    9925       1.9672
    9926       1.9733
    9927       2.0112
    9928       2.0300
    9929       2.2739
    9930       2.1051
    9931       2.0633
    9932       2.0732
    9933       2.0771
    9934       2.1569
    9935       2.1240
    9936       2.0585
    9937       2.0769
    9938       1.9640
    9939       2.0449
    9940       2.0059
    9941       2.0414
    9942       1.9513
    9943       1.9015
    9944       1.8782
    9945       1.9647
    9946       2.0597
    9947       2.0058
    9948       1.9339
    9949       2.0005
    9950       2.0584
    9951       1.9987
    9952       1.9952
    9953       1.9003
    9954       1.8734
    9955       2.0300
    9956       2.0707
    9957       2.0454
    9958       1.9518
    9959       1.9742
    9960       1.9927
    9961       1.9884
    9962       1.8400
    9963       1.8550
    9964       1.9793
    9965       1.9454
    9966       1.8200
    9967       1.8914
    9968       1.9814
    9969       1.9157
    9970       1.9053
    9971       1.9230
    9972       1.9478
    9973       2.0516
    9974       1.9774
    9975       1.9323
    9976       1.9804
    9977       1.8920
    9978       1.9370
    9979       2.0549
    9980       1.9162
    9981       1.9226
    9982       1.9766
    9983       2.0978
    9984       2.1048
    9985       2.0935
    9986       1.9501
    9987       2.0381
    9988       1.9236
    9989       2.0756
    9990       2.0845
    9991       1.9710
    9992       1.9243
    9993       1.9598
    9994       1.8303
    9995       1.8672
    9996       1.9621
    9997       1.9637
    9998       1.9134
    9999       1.8230
   10000       1.8619
   10001       1.9936
   10002       1.9222
   10003       1.9788
   10004       1.9003
   10005       1.8480
   10006       1.9507
   10007       1.8117
   10008       1.8715
   10009       1.9146
   10010       1.8744
   10011       1.9249
   10012       1.9436
   10013       1.9574
   10014       1.9501
   10015       1.9253
   10016       1.9378
   10017       1.9286
   10018       1.7896
   10019       1.8522
   10020       1.8844
   10021       1.9849
   10022       1.9551
   10023       1.9173
   10024       1.9254
   10025       1.8968
   10026       1.9116
   10027       1.9156
   10028       1.8929
   10029       1.9583
   10030       1.8803
   10031       1.9351
   10032       1.9050
   10033       1.9319
   10034       1.9208
   10035       1.8032
   10036       1.9007
   10037       1.9515
   10038       1.8201
   10039       1.9365
   10040       1.7484
   10041       1.9051
   10042       1.8129
   10043       1.8758
   10044       1.8907
   10045       1.9287
   10046       1.9738
   10047       1.9470
   10048       2.0050
   10049       1.8911
   10050       1.9446
   10051       1.8832
   10052       1.9394
   10053       1.9155
   10054       1.8976
   10055       1.9093
   10056       1.9104
   10057       1.8961
   10058       1.9475
   10059       1.9591
   10060       1.9235
   10061       1.8169
   10062       1.9523
   10063       1.9421
   10064       1.9982
   10065       2.0387
   10066       2.0264
   10067       1.9481
   10068       1.9267
   10069       1.9624
   10070       1.9683
   10071       2.0061
   10072       1.9891
   10073       1.9902
   10074       1.8812
   10075       1.9875
   10076       1.9894
   10077       1.8931
   10078       2.0335
   10079       1.9401
   10080       1.9845
   10081       1.9448
   10082       1.9630
   10083       1.8355
   10084       1.9550
   10085       1.8664
   10086       1.8421
   10087       1.9310
   10088       1.8009
   10089       1.9510
   10090       1.9881
   10091       1.8260
   10092       1.8221
   10093       1.9992
   10094       2.0800
   10095       2.1221
   10096       1.9800
   10097       1.9218
   10098       1.9526
   10099       1.9888
   10100       1.9883
   10101       2.0169
   10102       1.9689
   10103       2.0447
   10104       1.9687
   10105       1.9696
   10106       2.1088
   10107       2.0327
   10108       1.9802
   10109       2.0025
   10110       1.8737
   10111       1.8617
   10112       1.9158
   10113       2.0340
   10114       1.9836
   10115       2.1060
   10116       1.9948
   10117       2.0574
   10118       1.9597
   10119       2.0778
   10120       1.9556
   10121       2.0476
   10122       1.9710
   10123       1.9541
   10124       1.9598
   10125       2.0742
   10126       2.0630
   10127       2.0421
   10128       1.9535
   10129       2.0610
   10130       2.0255
   10131       2.0392
   10132       2.0502
   10133       1.9912
   10134       2.0930
   10135       2.1170
   10136       1.9232
   10137       2.0345
   10138       1.8791
   10139       1.9599
   10140       2.0179
   10141       2.1536
   10142       2.1288
   10143       2.0128
   10144       2.0884
   10145       1.9871
   10146       2.0109
   10147       2.0874
   10148       2.0805
   10149       2.0448
   10150       2.0250
   10151       1.9462
   10152       1.9991
   10153       2.0082
   10154       1.9548
   10155       2.1136
   10156       1.9822
   10157       1.9881
   10158       1.9586
   10159       1.9246
   10160       2.0127
   10161       1.9735
   10162       2.0300
   10163       2.0119
   10164       2.0779
   10165       1.9354
   10166       1.9889
   10167       1.9791
   10168       2.0256
   10169       2.0086
   10170       2.1135
   10171       2.1264
   10172       2.0812
   10173       2.0930
   10174       2.0550
   10175       2.0322
   10176       2.0189
   10177       1.9064
   10178       2.1147
   10179       1.9515
   10180       1.9998
   10181       2.0664
   10182       1.9785
   10183       1.9751
   10184       1.9864
   10185       1.9543
   10186       1.9735
   10187       2.0583
   10188       1.9056
   10189       1.9222
   10190       2.0249
   10191       1.9683
   10192       2.0268
   10193       1.9324
   10194       2.0524
   10195       2.0228
   10196       1.9650
   10197       1.9931
   10198       1.9878
   10199       1.9298
   10200       1.9524
   10201       1.9748
   10202       1.9036
   10203       1.9964
   10204       2.0409
   10205       2.0962
   10206       1.9939
   10207       1.9515
   10208       1.7921
   10209       1.9558
   10210       1.8844
   10211       2.0610
   10212       2.0057
   10213       2.0780
   10214       1.9876
   10215       1.9540
   10216       2.0365
   10217       2.0357
   10218       2.0386
   10219       2.0832
   10220       2.0601
   10221       2.0240
   10222       2.1791
   10223       2.0837
   10224       2.0668
   10225       2.0497
   10226       2.0108
   10227       2.0047
   10228       1.9789
   10229       2.0069
   10230       1.9734
   10231       1.8381
   10232       1.9456
   10233       2.0530
   10234       2.0637
   10235       1.9603
   10236       2.0236
   10237       1.9687
   10238       1.9297
   10239       1.9597
   10240       1.9095
   10241       2.0147
   10242       1.9961
   10243       1.9507
   10244       1.9771
   10245       2.0650
   10246       2.1133
   10247       1.9836
   10248       2.0424
   10249       2.0454
   10250       2.1302
   10251       2.0819
   10252       2.0389
   10253       2.0230
   10254       1.9880
   10255       2.0653
   10256       2.0285
   10257       1.9912
   10258       1.9793
   10259       1.9938
   10260       2.1177
   10261       2.0734
   10262       2.0919
   10263       2.0085
   10264       1.9929
   10265       2.0052
   10266       2.0767
   10267       1.9796
   10268       1.9423
   10269       1.9080
   10270       2.0521
   10271       2.0884
   10272       1.9367
   10273       1.9821
   10274       2.0581
   10275       1.8463
   10276       1.9636
   10277       1.8481
   10278       2.0563
   10279       1.9208
   10280       2.0705
   10281       2.1005
   10282       2.0986
   10283       2.0979
   10284       2.1025
   10285       2.0095
   10286       1.9833
   10287       2.0064
   10288       1.9585
   10289       2.1308
   10290       2.0239
   10291       1.9272
   10292       2.0675
   10293       2.0931
   10294       2.0410
   10295       2.0446
   10296       2.0566
   10297       2.0472
   10298       1.9697
   10299       1.9821
   10300       2.0087
   10301       1.9293
   10302       2.0094
   10303       1.9582
   10304       2.0324
   10305       1.9774
   10306       1.8601
   10307       1.9374
   10308       1.9549
   10309       1.9586
   10310       1.9132
   10311       1.9369
   10312       1.9512
   10313       2.0351
   10314       2.1335
   10315       1.9366
   10316       1.9799
   10317       2.0140
   10318       1.9365
   10319       1.9311
   10320       2.0494
   10321       2.0292
   10322       2.0480
   10323       2.0524
   10324       1.9923
   10325       1.9283
   10326       1.9491
   10327       1.9119
   10328       2.0392
   10329       1.9325
   10330       1.8624
   10331       1.8875
   10332       1.9329
   10333       1.8747
   10334       1.9719
   10335       1.9124
   10336       1.9726
   10337       1.9057
   10338       1.8857
   10339       1.9325
   10340       1.8363
   10341       1.9219
   10342       1.8956
   10343       1.9188
   10344       1.9913
   10345       1.9179
   10346       1.8649
   10347       1.9125
   10348       1.9825
   10349       2.0062
   10350       1.8569
   10351       1.9370
   10352       2.0291
   10353       1.9150
   10354       1.9834
   10355       2.0121
   10356       2.0700
   10357       1.9490
   10358       2.0284
   10359       1.8924
   10360       1.8952
   10361       1.9593
   10362       2.0096
   10363       1.9502
   10364       1.9596
   10365       1.9721
   10366       2.0462
   10367       2.0050
   10368       2.0233
   10369       1.8954
   10370       1.9105
   10371       1.9514
   10372       1.8985
   10373       1.9247
   10374       1.9195
   10375       1.9101
   10376       1.9635
   10377       1.8890
   10378       2.0442
   10379       2.0044
   10380       1.9744
   10381       1.8813
   10382       1.9979
   10383       1.9584
   10384       1.9418
   10385       1.8495
   10386       1.9272
   10387       2.1191
   10388       1.9971
   10389       2.0151
   10390       1.9320
   10391       1.8750
   10392       1.9344
   10393       2.0509
   10394       1.8816
   10395       1.8639
   10396       1.8656
   10397       1.8890
   10398       1.9802
   10399       1.9986
   10400       2.0048
   10401       2.0588
   10402       2.0155
   10403       2.0302
   10404       1.9479
   10405       1.9571
   10406       1.9503
   10407       1.9048
   10408       1.9278
   10409       1.9602
   10410       2.0013
   10411       1.9983
   10412       2.0370
   10413       1.9441
   10414       2.0403
   10415       2.0872
   10416       1.9265
   10417       2.0454
   10418       1.9616
   10419       2.1166
   10420       2.1345
   10421       2.0616
   10422       2.0248
   10423       2.0262
   10424       1.9299
   10425       1.9666
   10426       1.9791
   10427       1.9653
   10428       1.8422
   10429       1.9097
   10430       2.0340
   10431       2.0372
   10432       2.0865
   10433       1.9416
   10434       2.0574
   10435       2.0045
   10436       1.7632
   10437       1.9135
   10438       1.9866
   10439       1.8412
   10440       1.9868
   10441       1.9364
   10442       2.0181
   10443       2.0839
   10444       1.9587
   10445       1.9745
   10446       1.9553
   10447       1.8708
   10448       1.7827
   10449       1.8085
   10450       1.6531
   10451       1.6883
   10452       1.8715
   10453       1.9291
   10454       1.8343
   10455       1.8568
   10456       1.9194
   10457       1.8876
   10458       1.9506
   10459       1.8580
   10460       1.9188
   10461       2.0628
   10462       1.8723
   10463       1.9586
   10464       1.8951
   10465       1.9872
   10466       1.8965
   10467       1.8202
   10468       1.8176
   10469       1.8197
   10470       1.8695
   10471       1.8770
   10472       1.9207
   10473       1.8812
   10474       2.0069
   10475       2.0025
   10476       1.9138
   10477       2.0257
   10478       2.0122
   10479       1.9658
   10480       1.8948
   10481       1.8902
   10482       2.0120
   10483       1.9509
   10484       1.8499
   10485       1.8863
   10486       1.8455
   10487       1.8803
   10488       1.8282
   10489       1.8399
   10490       1.9708
   10491       2.0627
   10492       2.0144
   10493       1.9958
   10494       1.9313
   10495       2.0449
   10496       1.9928
   10497       2.0757
   10498       2.0264
   10499       1.9876
   10500       1.9671
   10501       1.9973
   10502       1.8877
   10503       1.9430
   10504       1.8501
   10505       1.8874
   10506       1.8733
   10507       1.9917
   10508       1.9771
   10509       1.8524
   10510       1.9337
   10511       1.9012
   10512       1.8784
   10513       1.9029
   10514       1.9840
   10515       2.0228
   10516       2.1285
   10517       1.9896
   10518       1.9314
   10519       1.9014
   10520       1.8739
   10521       1.9654
   10522       1.8412
   10523       1.9320
   10524       2.0379
   10525       1.9741
   10526       1.9662
   10527       1.8679
   10528       2.0214
   10529       2.0805
   10530       1.9935
   10531       2.0307
   10532       2.1249
   10533       1.9651
   10534       2.0799
   10535       1.9036
   10536       1.9252
   10537       1.9257
   10538       2.0784
   10539       1.9987
   10540       2.0377
   10541       1.8834
   10542       1.9077
   10543       2.0127
   10544       2.0291
   10545       1.9009
   10546       1.9386
   10547       1.9158
   10548       1.9541
   10549       2.0932
   10550       1.9805
   10551       1.9389
   10552       1.9522
   10553       1.9995
   10554       1.8733
   10555       1.8346
   10556       1.8754
   10557       1.8296
   10558       1.8512
   10559       1.8662
   10560       1.9539
   10561       1.8803
   10562       1.9316
   10563       1.9080
   10564       1.9243
   10565       1.8438
   10566       1.9093
   10567       1.9466
   10568       1.9698
   10569       1.8702
   10570       1.8306
   10571       1.8920
   10572       1.9470
   10573       1.9354
   10574       1.9904
   10575       1.9320
   10576       1.8663
   10577       1.8224
   10578       1.8833
   10579       1.9354
   10580       1.8340
   10581       1.8990
   10582       1.8948
   10583       1.7950
   10584       1.8831
   10585       1.9418
   10586       1.9851
   10587       2.0156
   10588       2.0829
   10589       1.9518
   10590       1.9899
   10591       2.0120
   10592       1.9192
   10593       1.8954
   10594       1.7836
   10595       1.9086
   10596       1.7933
   10597       1.8840
   10598       1.8262
   10599       1.8538
   10600       1.7606
   10601       1.8754
   10602       1.8762
   10603       1.7678
   10604       1.8246
   10605       1.9086
   10606       1.8938
   10607       1.9179
   10608       1.8641
   10609       1.8766
   10610       1.8890
   10611       1.8632
   10612       1.8642
   10613       1.8679
   10614       1.7470
   10615       1.9368
   10616       1.7721
   10617       1.8505
   10618       1.7316
   10619       1.8601
   10620       1.8641
   10621       1.8217
   10622       1.8354
   10623       1.8165
   10624       1.9074
   10625       1.9285
   10626       1.9473
   10627       1.9195
   10628       1.9251
   10629       1.8935
   10630       1.7842
   10631       1.7986
   10632       1.9012
   10633       1.7152
   10634       1.7612
   10635       1.8088
   10636       1.7705
   10637       1.9229
   10638       1.8966
   10639       1.8833
   10640       1.8826
   10641       1.8560
   10642       1.7986
   10643       1.8685
   10644       1.8760
   10645       1.9193
   10646       1.9064
   10647       2.0175
   10648       1.8718
   10649       1.9366
   10650       1.9109
   10651       1.8438
   10652       1.8404
   10653       1.8664
   10654       1.8719
   10655       1.7733
   10656       1.8637
   10657       1.8565
   10658       1.8348
   10659       1.8324
   10660       1.9151
   10661       1.8768
   10662       1.9279
   10663       1.9741
   10664       1.7774
   10665       1.8929
   10666       1.7452
   10667       1.8382
   10668       1.8006
   10669       1.8624
   10670       1.8018
   10671       1.9869
   10672       1.8151
   10673       1.8742
   10674       1.8494
   10675       1.9596
   10676       1.8452
   10677       1.9650
   10678       1.9088
   10679       1.9025
   10680       2.0308
   10681       1.9584
   10682       1.9195
   10683       1.7978
   10684       1.8890
   10685       2.0085
   10686       1.8679
   10687       1.8878
   10688       1.8427
   10689       1.9442
   10690       1.9499
   10691       1.8545
   10692       1.9229
   10693       1.9684
   10694       1.8870
   10695       1.9515
   10696       1.9772
   10697       1.7954
   10698       1.8516
   10699       1.8078
   10700       1.9416
   10701       1.9315
   10702       1.8223
   10703       2.0039
   10704       1.8680
   10705       1.8062
   10706       1.8822
   10707       1.8391
   10708       1.8493
   10709       1.8825
   10710       1.7913
   10711       1.9165
   10712       1.8590
   10713       1.9466
   10714       1.9297
   10715       1.9719
   10716       1.9817
   10717       1.9318
   10718       2.0161
   10719       1.9302
   10720       2.0017
   10721       2.0046
   10722       2.0791
   10723       2.0315
   10724       1.9882
   10725       1.9554
   10726       2.0415
   10727       2.0119
   10728       1.9878
   10729       2.0040
   10730       2.0548
   10731       1.9991
   10732       1.9371
   10733       1.9552
   10734       1.9112
   10735       1.9779
   10736       2.0051
   10737       2.0564
   10738       2.0330
   10739       2.0697
   10740       1.9828
   10741       2.0336
   10742       2.0579
   10743       2.0207
   10744       2.0504
   10745       2.0603
   10746       2.0171
   10747       1.9893
   10748       2.0242
   10749       1.9738
   10750       2.0066
   10751       2.0364
   10752       2.0470
   10753       1.9595
   10754       1.8852
   10755       1.9195
   10756       1.9633
   10757       1.9854
   10758       1.9865
   10759       1.8554
   10760       1.7450
   10761       1.7726
   10762       1.8920
   10763       1.9188
   10764       2.0751
   10765       2.0565
   10766       1.9671
   10767       1.8936
   10768       1.9963
   10769       1.9677
   10770       1.8675
   10771       1.9543
   10772       1.9124
   10773       2.1068
   10774       2.0211
   10775       1.9310
   10776       1.8386
   10777       1.9391
   10778       1.9978
   10779       2.0656
   10780       2.0066
   10781       2.0703
   10782       1.9832
   10783       1.9940
   10784       2.0540
   10785       2.0556
   10786       1.9258
   10787       2.0425
   10788       1.9389
   10789       1.9973
   10790       2.0194
   10791       2.0406
   10792       2.0549
   10793       2.0186
   10794       1.9721
   10795       1.9437
   10796       2.1247
   10797       2.0347
   10798       2.0255
   10799       2.0302
   10800       1.9864
   10801       2.1183
   10802       2.0026
   10803       1.9679
   10804       1.9980
   10805       1.8757
   10806       2.0538
   10807       2.0938
   10808       2.1326
   10809       2.0007
   10810       1.9537
   10811       1.9820
   10812       1.9962
   10813       1.9993
   10814       2.0038
   10815       2.1846
   10816       2.0661
   10817       2.0996
   10818       2.0011
   10819       2.0722
   10820       2.1213
   10821       2.1811
   10822       1.9722
   10823       1.9484
   10824       2.0050
   10825       1.9660
   10826       2.1304
   10827       2.0799
   10828       1.9601
   10829       2.1709
   10830       2.1440
   10831       2.0192
   10832       2.0343
   10833       2.0693
   10834       2.1407
   10835       2.1923
   10836       2.1946
   10837       2.1112
   10838       2.2020
   10839       2.2345
   10840       2.1999
   10841       2.0559
   10842       2.0635
   10843       2.0234
   10844       1.9244
   10845       1.8422
   10846       1.8973
   10847       1.9126
   10848       2.0283
   10849       1.9946
   10850       1.9970
   10851       1.8914
   10852       1.9684
   10853       2.0258
   10854       2.0068
   10855       1.8820
   10856       2.0766
   10857       2.1145
   10858       2.0288
   10859       2.0710
   10860       1.9359
   10861       2.0815
   10862       1.9399
   10863       2.0465
   10864       2.0041
   10865       2.1113
   10866       2.0483
   10867       2.0738
   10868       2.1923
   10869       2.0851
   10870       2.0177
   10871       2.0495
   10872       1.9500
   10873       1.9440
   10874       1.8627
   10875       1.9224
   10876       1.9827
   10877       1.9723
   10878       2.0498
   10879       1.8676
   10880       1.9175
   10881       1.9861
   10882       1.9070
   10883       2.0744
   10884       2.0729
   10885       2.0693
   10886       2.0411
   10887       2.0194
   10888       1.9577
   10889       1.9823
   10890       1.9626
   10891       1.9426
   10892       1.9892
   10893       1.9051
   10894       2.0372
   10895       1.9471
   10896       1.9500
   10897       1.9198
   10898       1.8553
   10899       1.9055
   10900       1.9655
   10901       1.9606
   10902       1.9066
   10903       2.0343
   10904       1.9322
   10905       1.9946
   10906       1.8840
   10907       1.9154
   10908       1.9508
   10909       1.9160
   10910       1.8911
   10911       1.7901
   10912       1.8910
   10913       1.9733
   10914       1.9178
   10915       1.9520
   10916       1.8260
   10917       1.8493
   10918       1.8231
   10919       1.8708
   10920       1.9212
   10921       1.8669
   10922       1.8892
   10923       1.8656
   10924       1.8641
   10925       1.8900
   10926       1.9319
   10927       1.9440
   10928       1.9003
   10929       2.0526
   10930       1.9509
   10931       1.9311
   10932       1.8985
   10933       1.8315
   10934       1.8936
   10935       1.9150
   10936       1.8779
   10937       1.9195
   10938       1.8504
   10939       1.8797
   10940       1.9267
   10941       1.9181
   10942       1.8442
   10943       1.9777
   10944       1.8593
   10945       1.9192
   10946       1.9629
   10947       1.9085
   10948       2.0065
   10949       1.9309
   10950       1.8308
   10951       1.9404
   10952       1.9526
   10953       1.9138
   10954       1.9841
   10955       2.0798
   10956       2.0017
   10957       1.9386
   10958       2.0079
   10959       2.0001
   10960       2.0097
   10961       1.9679
   10962       2.0017
   10963       2.0032
   10964       1.9850
   10965       1.9989
   10966       1.9515
   10967       2.1175
   10968       2.0479
   10969       2.0002
   10970       1.9123
   10971       2.0115
   10972       2.0687
   10973       1.9961
   10974       2.0237
   10975       2.0273
   10976       2.0308
   10977       1.9853
   10978       1.8577
   10979       1.8312
   10980       1.8451
   10981       1.9522
   10982       1.9676
   10983       1.9016
   10984       2.0254
   10985       2.0868
   10986       1.9860
   10987       2.1461
   10988       2.0520
   10989       2.0178
   10990       1.9890
   10991       2.0395
   10992       1.9226
   10993       1.9892
   10994       1.9970
   10995       1.9720
   10996       2.0677
   10997       1.9384
   10998       1.9442
   10999       2.0374
   11000       2.0224
   11001       2.0416
   11002       1.9826
   11003       1.9792
   11004       2.0018
   11005       1.9504
   11006       1.8275
   11007       1.8425
   11008       2.0170
   11009       2.0151
   11010       1.9615
   11011       1.9685
   11012       1.9626
   11013       1.9894
   11014       1.9180
   11015       1.8731
   11016       1.9980
   11017       1.9588
   11018       1.7937
   11019       1.8834
   11020       1.8263
   11021       1.8659
   11022       1.8774
   11023       1.9564
   11024       1.9961
   11025       1.9321
   11026       2.0228
   11027       1.9711
   11028       1.9893
   11029       1.9202
   11030       1.9589
   11031       1.9479
   11032       1.9564
   11033       2.0623
   11034       2.0662
   11035       1.9741
   11036       1.9436
   11037       1.9387
   11038       1.9432
   11039       1.9040
   11040       1.9553
   11041       2.0133
   11042       1.8459
   11043       1.9140
   11044       1.9792
   11045       1.9970
   11046       1.9071
   11047       1.9824
   11048       1.9343
   11049       1.9897
   11050       1.8813
   11051       1.9199
   11052       1.9414
   11053       1.9993
   11054       1.9810
   11055       1.9216
   11056       1.9321
   11057       1.9224
   11058       1.9387
   11059       1.9172
   11060       1.8996
   11061       1.9602
   11062       1.8841
   11063       2.0014
   11064       1.9257
   11065       1.9364
   11066       1.9724
   11067       1.8820
   11068       1.8668
   11069       1.9458
   11070       1.8992
   11071       2.0565
   11072       2.0384
   11073       1.9814
   11074       1.9263
   11075       1.9817
   11076       1.9130
   11077       1.9359
   11078       1.9069
   11079       1.9416
   11080       2.0389
   11081       2.0568
   11082       2.0148
   11083       2.0519
   11084       1.9386
   11085       2.0584
   11086       2.0005
   11087       2.0014
   11088       1.9478
   11089       2.0224
   11090       1.9686
   11091       1.9331
   11092       1.9270
   11093       2.0030
   11094       1.9186
   11095       1.9486
   11096       2.0499
   11097       1.9459
   11098       1.9403
   11099       1.9306
   11100       1.8970
   11101       2.0030
   11102       1.9662
   11103       1.9339
   11104       2.0024
   11105       2.0660
   11106       1.9152
   11107       1.9222
   11108       2.0341
   11109       2.0552
   11110       1.9586
   11111       2.0328
   11112       2.0985
   11113       1.9962
   11114       1.9685
   11115       2.0000
   11116       1.9788
   11117       1.9233
   11118       1.9640
   11119       1.9506
   11120       1.9529
   11121       1.8339
   11122       1.8752
   11123       1.9362
   11124       2.0062
   11125       2.0191
   11126       1.9737
   11127       2.0741
   11128       2.0070
   11129       1.9800
   11130       2.0657
   11131       2.0693
   11132       2.1129
   11133       1.9859
   11134       1.9657
   11135       1.9706
   11136       2.0282
   11137       2.0746
   11138       2.0298
   11139       1.9917
   11140       2.0271
   11141       1.9451
   11142       1.9574
   11143       2.0160
   11144       1.9864
   11145       2.0805
   11146       1.8735
   11147       1.9534
   11148       2.0315
   11149       2.0268
   11150       1.8018
   11151       1.8706
   11152       1.9390
   11153       1.9360
   11154       1.8978
   11155       1.9548
   11156       1.8834
   11157       2.0602
   11158       1.9855
   11159       1.9168
   11160       1.9597
   11161       1.9958
   11162       1.9335
   11163       1.9072
   11164       2.0315
   11165       2.1208
   11166       2.0447
   11167       2.0829
   11168       2.1313
   11169       1.8781
   11170       2.0416
   11171       1.9896
   11172       2.0094
   11173       1.9792
   11174       1.8971
   11175       1.9374
   11176       2.0690
   11177       1.9908
   11178       1.8739
   11179       1.9881
   11180       1.8139
   11181       1.9211
   11182       1.9066
   11183       1.9675
   11184       1.8988
   11185       1.9195
   11186       1.8921
   11187       1.9207
   11188       1.8719
   11189       1.9425
   11190       2.0202
   11191       1.9315
   11192       2.0088
   11193       2.0739
   11194       1.9788
   11195       2.0627
   11196       2.0595
   11197       2.0058
   11198       1.9825
   11199       2.0410
   11200       2.0186
   11201       1.8422
   11202       1.9440
   11203       1.9654
   11204       1.9371
   11205       1.9482
   11206       1.9766
   11207       1.9744
   11208       1.9513
   11209       2.0117
   11210       1.9159
   11211       1.8738
   11212       1.9196
   11213       1.9406
   11214       1.8917
   11215       1.9452
   11216       1.9600
   11217       1.8783
   11218       1.8627
   11219       1.9229
   11220       1.8901
   11221       1.8258
   11222       1.8329
   11223       1.8930
   11224       1.8817
   11225       1.8372
   11226       1.8018
   11227       1.8407
   11228       1.9209
   11229       1.8515
   11230       1.8539
   11231       1.9140
   11232       1.8411
   11233       1.9535
   11234       1.9621
   11235       1.9350
   11236       1.9414
   11237       1.8487
   11238       1.8728
   11239       1.8970
   11240       1.8696
   11241       1.8698
   11242       1.9385
   11243       1.9198
   11244       1.8606
   11245       1.8997
   11246       1.8758
   11247       1.9401
   11248       2.0000
   11249       1.9059
   11250       1.7310
   11251       1.9407
   11252       1.7767
   11253       1.9109
   11254       1.8471
   11255       1.8781
   11256       1.8822
   11257       1.8560
   11258       1.9810
   11259       1.8583
   11260       1.9289
   11261       1.8657
   11262       1.8928
   11263       1.9618
   11264       1.8230
   11265       1.8735
   11266       1.8585
   11267       1.7740
   11268       1.7601
   11269       1.8256
   11270       1.8474
   11271       1.8757
   11272       2.0031
   11273       1.9374
   11274       1.8803
   11275       1.9236
   11276       1.9243
   11277       1.9422
   11278       1.8912
   11279       1.8869
   11280       1.8652
   11281       1.7647
   11282       1.8287
   11283       1.8068
   11284       1.8925
   11285       1.8692
   11286       1.8924
   11287       1.8730
   11288       1.7978
   11289       1.7640
   11290       1.8358
   11291       1.8517
   11292       1.8168
   11293       1.8551
   11294       1.8349
   11295       1.8944
   11296       1.8981
   11297       1.8549
   11298       1.7768
   11299       1.7782
   11300       2.0163
   11301       1.8973
   11302       1.9217
   11303       1.9264
   11304       1.9722
   11305       1.9801
   11306       1.8772
   11307       1.9693
   11308       1.9862
   11309       1.8491
   11310       1.9075
   11311       1.9747
   11312       1.8371
   11313       1.8932
   11314       1.8060
   11315       1.7805
   11316       1.8183
   11317       1.8397
   11318       1.8221
   11319       1.9475
   11320       1.8074
   11321       1.8459
   11322       1.8209
   11323       1.8389
   11324       1.7502
   11325       1.9322
   11326       1.7794
   11327       1.8620
   11328       1.8689
   11329       1.8703
   11330       1.8012
   11331       1.9121
   11332       1.8231
   11333       1.8935
   11334       1.8204
   11335       1.7456
   11336       1.9178
   11337       1.8616
   11338       1.8554
   11339       1.8794
   11340       1.8838
   11341       1.7807
   11342       1.7907
   11343       1.8965
   11344       1.8342
   11345       1.8788
   11346       1.9696
   11347       1.8671
   11348       1.8752
   11349       1.9557
   11350       1.9078
   11351       1.8870
   11352       1.9593
   11353       2.0402
   11354       1.9887
   11355       2.0231
   11356       1.9792
   11357       1.9652
   11358       1.9725
   11359       2.0673
   11360       2.1020
   11361       1.9488
   11362       1.8766
   11363       1.9458
   11364       1.9349
   11365       1.8889
   11366       1.9769
   11367       1.9955
   11368       2.0357
   11369       1.9931
   11370       2.1026
   11371       1.9139
   11372       1.9993
   11373       2.0505
   11374       1.9509
   11375       2.0056
   11376       2.0395
   11377       1.9446
   11378       2.0132
   11379       1.9926
   11380       2.0367
   11381       1.9379
   11382       1.8803
   11383       1.9964
   11384       1.8826
   11385       1.9919
   11386       1.9997
   11387       1.9870
   11388       1.9948
   11389       1.9945
   11390       2.0690
   11391       1.9857
   11392       1.8998
   11393       1.9982
   11394       1.9894
   11395       2.0296
   11396       1.9126
   11397       1.8753
   11398       1.9138
   11399       1.9211
   11400       1.9604
   11401       1.9306
   11402       1.9458
   11403       1.8974
   11404       2.0371
   11405       2.0166
   11406       1.9346
   11407       1.9572
   11408       2.0033
   11409       2.0262
   11410       2.0221
   11411       2.0799
   11412       2.0168
   11413       1.9046
   11414       1.8890
   11415       1.8891
   11416       1.8416
   11417       1.8972
   11418       1.8985
   11419       1.9556
   11420       1.9116
   11421       1.9541
   11422       2.0998
   11423       2.0626
   11424       2.2149
   11425       2.0573
   11426       2.0835
   11427       2.0869
   11428       1.9921
   11429       2.1019
   11430       2.0288
   11431       1.9539
   11432       2.0645
   11433       2.0232
   11434       2.0596
   11435       1.9769
   11436       1.8926
   11437       1.9751
   11438       2.0187
   11439       2.0731
   11440       2.0062
   11441       2.0448
   11442       2.0652
   11443       2.0959
   11444       2.0219
   11445       2.1499
   11446       2.0384
   11447       2.1043
   11448       2.0021
   11449       2.0194
   11450       1.9160
   11451       2.0289
   11452       1.9747
   11453       1.9399
   11454       2.0036
   11455       2.0145
   11456       2.0636
   11457       1.9111
   11458       1.9830
   11459       2.0122
   11460       2.0080
   11461       2.0126
   11462       1.8913
   11463       1.8885
   11464       1.9048
   11465       1.9623
   11466       1.9541
   11467       2.0079
   11468       2.0525
   11469       2.0446
   11470       2.0059
   11471       1.9461
   11472       2.0986
   11473       2.0205
   11474       2.0437
   11475       2.0758
   11476       2.1427
   11477       1.9063
   11478       1.8183
   11479       1.9790
   11480       1.9867
   11481       2.1292
   11482       2.0552
   11483       2.0605
   11484       1.9738
   11485       2.1272
   11486       2.0410
   11487       1.9943
   11488       1.9787
   11489       1.9343
   11490       1.9254
   11491       1.9449
   11492       1.8928
   11493       1.9390
   11494       1.9518
   11495       1.8982
   11496       1.9142
   11497       1.7566
   11498       1.9605
   11499       1.9469
   11500       1.9714
   11501       1.9666
   11502       1.8951
   11503       1.9222
   11504       1.9663
   11505       2.0689
   11506       2.0612
   11507       2.0075
   11508       2.0914
   11509       1.9489
   11510       2.0588
   11511       1.9379
   11512       1.9619
   11513       1.9657
   11514       1.8771
   11515       2.0387
   11516       2.0223
   11517       2.0189
   11518       2.0041
   11519       2.0083
   11520       2.0184
   11521       2.0114
   11522       1.9849
   11523       2.0085
   11524       1.9494
   11525       1.8880
   11526       1.9849
   11527       1.9931
   11528       2.0461
   11529       1.9034
   11530       1.9509
   11531       1.8936
   11532       1.9138
   11533       1.9287
   11534       2.0564
   11535       1.9595
   11536       1.9842
   11537       2.0688
   11538       1.9140
   11539       1.9273
   11540       1.8720
   11541       1.8789
   11542       1.8834
   11543       1.9473
   11544       1.9661
   11545       1.8938
   11546       1.8551
   11547       1.8956
   11548       1.8955
   11549       1.9010
   11550       1.9675
   11551       1.9432
   11552       1.9706
   11553       2.0208
   11554       1.8988
   11555       1.9499
   11556       2.0024
   11557       1.8700
   11558       2.0093
   11559       1.9715
   11560       1.9297
   11561       1.9109
   11562       1.9892
   11563       2.0303
   11564       1.9341
   11565       1.9126
   11566       1.9884
   11567       2.0500
   11568       1.9271
   11569       1.8903
   11570       1.8683
   11571       1.8655
   11572       1.8710
   11573       1.9348
   11574       1.9925
   11575       2.0272
   11576       1.9830
   11577       1.9869
   11578       1.9443
   11579       1.9766
   11580       2.0244
   11581       1.9944
   11582       1.9453
   11583       1.9531
   11584       2.0102
   11585       1.9148
   11586       1.8987
   11587       1.8991
   11588       1.9382
   11589       1.9009
   11590       1.8722
   11591       1.7690
   11592       1.9121
   11593       1.9883
   11594       1.8724
   11595       1.8647
   11596       1.9976
   11597       1.9295
   11598       2.0025
   11599       1.9599
   11600       1.9973
   11601       1.9316
   11602       1.8799
   11603       1.8810
   11604       1.9172
   11605       1.9370
   11606       1.8860
   11607       1.9082
   11608       1.9485
   11609       1.9966
   11610       1.9321
   11611       1.8451
   11612       1.9082
   11613       1.9879
   11614       1.9478
   11615       1.9613
   11616       1.8915
   11617       1.9605
   11618       1.9430
   11619       2.0248
   11620       2.0663
   11621       2.0789
   11622       2.1338
   11623       2.0173
   11624       1.9453
   11625       1.9650
   11626       1.7615
   11627       1.8382
   11628       1.8809
   11629       1.7846
   11630       1.7644
   11631       1.9454
   11632       1.9535
   11633       1.8295
   11634       1.8904
   11635       1.9308
   11636       1.9677
   11637       1.9038
   11638       1.9337
   11639       1.8842
   11640       1.9852
   11641       1.9507
   11642       1.9934
   11643       2.0432
   11644       2.0068
   11645       1.9551
   11646       1.9548
   11647       1.9758
   11648       2.0107
   11649       1.9325
   11650       1.8189
   11651       1.8238
   11652       1.9303
   11653       1.9508
   11654       1.9024
   11655       1.8644
   11656       1.9800
   11657       1.8152
   11658       1.8565
   11659       1.8510
   11660       1.9031
   11661       1.9819
   11662       1.8868
   11663       1.9410
   11664       1.9423
   11665       2.0319
   11666       1.9517
   11667       1.8598
   11668       1.9038
   11669       1.9340
   11670       1.9466
   11671       1.9845
   11672       1.9794
   11673       1.9028
   11674       1.9525
   11675       1.9005
   11676       2.0011
   11677       1.9515
   11678       1.9550
   11679       1.9707
   11680       1.9931
   11681       1.9933
   11682       2.0365
   11683       2.0154
   11684       2.0434
   11685       1.9107
   11686       2.0570
   11687       2.0228
   11688       2.1060
   11689       2.0320
   11690       2.0325
   11691       2.0407
   11692       2.0967
   11693       2.0858
   11694       2.0490
   11695       2.0235
   11696       1.9855
   11697       1.9802
   11698       1.9847
   11699       1.9917
   11700       1.8985
   11701       1.9546
   11702       1.8610
   11703       1.9600
   11704       1.9551
   11705       1.9399
   11706       1.8615
   11707       1.8717
   11708       1.9367
   11709       1.9547
   11710       1.9309
   11711       2.0555
   11712       2.0588
   11713       2.1205
   11714       2.0114
   11715       1.9164
   11716       1.9108
   11717       1.9571
   11718       2.0132
   11719       1.9121
   11720       1.9503
   11721       1.9407
   11722       1.9735
   11723       1.8671
   11724       1.7601
   11725       1.8143
   11726       1.8817
   11727       1.9145
   11728       1.9010
   11729       1.9375
   11730       1.9050
   11731       1.9583
   11732       1.9775
   11733       1.8908
   11734       1.9823
   11735       1.9032
   11736       1.9683
   11737       1.8958
   11738       1.9147
   11739       1.9963
   11740       2.0122
   11741       1.9851
   11742       2.0533
   11743       1.9525
   11744       1.9018
   11745       1.9574
   11746       1.9819
   11747       1.9093
   11748       1.9004
   11749       1.8634
   11750       1.8638
   11751       1.8320
   11752       1.9573
   11753       1.8997
   11754       1.8765
   11755       1.9693
   11756       1.8562
   11757       1.9671
   11758       1.9295
   11759       1.9537
   11760       1.9103
   11761       1.8486
   11762       1.8893
   11763       1.8920
   11764       1.9224
   11765       1.9232
   11766       1.9249
   11767       1.8920
   11768       2.0167
   11769       1.9376
   11770       1.9448
   11771       1.9901
   11772       1.9379
   11773       1.9272
   11774       1.8905
   11775       1.8603
   11776       1.9500
   11777       1.8216
   11778       1.8612
   11779       1.8906
   11780       1.9635
   11781       1.8442
   11782       1.8738
   11783       1.9474
   11784       1.8481
   11785       1.9554
   11786       1.9713
   11787       1.9392
   11788       1.8719
   11789       2.0298
   11790       2.0505
   11791       1.9422
   11792       1.9108
   11793       1.8872
   11794       1.9930
   11795       1.8752
   11796       1.7762
   11797       1.8449
   11798       1.9683
   11799       1.7883
   11800       1.8117
   11801       1.8762
   11802       1.9250
   11803       1.8356
   11804       1.9748
   11805       2.0686
   11806       1.8894
   11807       1.8932
   11808       1.8516
   11809       1.8126
   11810       1.8792
   11811       1.9706
   11812       1.8947
   11813       1.9750
   11814       2.0571
   11815       1.9889
   11816       1.9843
   11817       1.9864
   11818       2.0298
   11819       1.9409
   11820       2.0317
   11821       1.9752
   11822       1.9112
   11823       2.0515
   11824       1.9391
   11825       1.9753
   11826       1.8990
   11827       1.9987
   11828       2.0322
   11829       1.9826
   11830       1.9590
   11831       2.0352
   11832       2.0671
   11833       2.0958
   11834       1.9783
   11835       1.9615
   11836       1.8608
   11837       1.9529
   11838       1.9628
   11839       1.9420
   11840       1.9261
   11841       1.9184
   11842       2.0418
   11843       1.8802
   11844       2.0147
   11845       1.9253
   11846       2.0324
   11847       1.8606
   11848       1.9772
   11849       1.9068
   11850       2.0256
   11851       2.0001
   11852       1.9502
   11853       2.0368
   11854       1.8185
   11855       1.9788
   11856       2.0202
   11857       2.0568
   11858       2.0702
   11859       2.0640
   11860       2.0593
   11861       1.9715
   11862       2.0215
   11863       1.9433
   11864       2.0667
   11865       1.8939
   11866       1.9976
   11867       1.8672
   11868       1.9290
   11869       1.9581
   11870       1.9368
   11871       1.8712
   11872       1.8800
   11873       1.9249
   11874       2.0616
   11875       1.8442
   11876       1.7922
   11877       1.9500
   11878       1.9424
   11879       2.0206
   11880       1.9720
   11881       1.9992
   11882       2.0704
   11883       2.0958
   11884       2.0805
   11885       2.1214
   11886       1.9816
   11887       2.0019
   11888       2.0696
   11889       2.1518
   11890       2.1677
   11891       2.0425
   11892       1.9820
   11893       1.9515
   11894       2.0484
   11895       2.0688
   11896       2.1421
   11897       1.9921
   11898       2.0138
   11899       2.0199
   11900       1.9529
   11901       2.0611
   11902       1.9197
   11903       2.0347
   11904       2.0655
   11905       2.0304
   11906       1.9925
   11907       1.9498
   11908       1.9037
   11909       2.0248
   11910       2.0117
   11911       1.8839
   11912       1.9872
   11913       2.0188
   11914       1.8398
   11915       1.8775
   11916       1.8886
   11917       1.9167
   11918       1.9327
   11919       1.9195
   11920       1.8996
   11921       2.0687
   11922       2.0080
   11923       2.0714
   11924       2.0626
   11925       2.0078
   11926       1.9535
   11927       1.9934
   11928       1.9418
   11929       1.9870
   11930       2.0070
   11931       1.9446
   11932       1.9376
   11933       1.8888
   11934       1.9125
   11935       1.8698
   11936       1.9610
   11937       1.8984
   11938       1.9810
   11939       1.9830
   11940       1.9966
   11941       1.8804
   11942       1.9912
   11943       1.9475
   11944       1.9832
   11945       1.9668
   11946       1.9585
   11947       1.8663
   11948       1.9165
   11949       1.8930
   11950       1.9100
   11951       1.9446
   11952       1.7966
   11953       1.9061
   11954       1.9131
   11955       2.0556
   11956       1.9619
   11957       1.9718
   11958       1.9187
   11959       1.8617
   11960       2.0730
   11961       1.9078
   11962       2.0247
   11963       1.9432
   11964       1.9110
   11965       1.9872
   11966       1.9957
   11967       1.8959
   11968       1.8183
   11969       1.8859
   11970       1.9176
   11971       1.9388
   11972       2.0161
   11973       1.9629
   11974       2.0314
   11975       1.9878
   11976       1.8366
   11977       1.9582
   11978       1.8478
   11979       1.9628
   11980       1.8753
   11981       1.9394
   11982       2.0020
   11983       2.1015
   11984       1.8429
   11985       1.9235
   11986       1.9279
   11987       1.9525
   11988       1.8045
   11989       1.7961
   11990       1.7888
   11991       1.8180
   11992       1.8587
   11993       1.8721
   11994       1.9249
   11995       1.8997
   11996       1.9258
   11997       1.8841
   11998       1.8632
   11999       1.8323
   12000       1.8202
   12001       1.8608
   12002       1.9541
   12003       2.0021
   12004       1.9752
   12005       1.9280
   12006       1.9553
   12007       1.9295
   12008       1.9726
   12009       2.0831
   12010       1.9758
   12011       1.9715
   12012       1.8557
   12013       1.9721
   12014       1.9667
   12015       1.9522
   12016       1.9146
   12017       1.8493
   12018       1.9064
   12019       1.8421
   12020       1.8739
   12021       1.8190
   12022       1.9089
   12023       1.8299
   12024       1.8399
   12025       1.8872
   12026       1.9230
   12027       1.9174
   12028       1.9517
   12029       1.9592
   12030       1.8814
   12031       1.8270
   12032       1.9269
   12033       1.9810
   12034       2.0299
   12035       1.9840
   12036       2.0186
   12037       2.0626
   12038       1.9695
   12039       2.0191
   12040       2.1607
   12041       2.0007
   12042       1.9135
   12043       1.8339
   12044       1.9367
   12045       1.9905
   12046       2.0676
   12047       2.0512
   12048       2.0124
   12049       1.9539
   12050       2.0623
   12051       2.0068
   12052       2.0019
   12053       2.0080
   12054       1.9335
   12055       2.0311
   12056       2.0514
   12057       2.0980
   12058       2.0889
   12059       2.0071
   12060       1.8448
   12061       2.0233
   12062       1.9182
   12063       2.0711
   12064       1.9103
   12065       1.9189
   12066       1.8730
   12067       2.0328
   12068       1.9260
   12069       1.8684
   12070       1.9509
   12071       2.1087
   12072       1.9282
   12073       2.0355
   12074       2.0957
   12075       2.0467
   12076       2.1565
   12077       2.0485
   12078       2.0424
   12079       1.9375
   12080       1.9896
   12081       2.0263
   12082       2.0452
   12083       2.0449
   12084       2.0652
   12085       1.9552
   12086       1.9384
   12087       1.9677
   12088       2.0109
   12089       2.0409
   12090       2.0049
   12091       2.0922
   12092       1.9575
   12093       2.0274
   12094       2.1743
   12095       2.0590
   12096       1.9552
   12097       1.9991
   12098       2.0057
   12099       1.9788
   12100       1.9943
   12101       2.0197
   12102       2.0336
   12103       2.0041
   12104       2.0901
   12105       1.9641
   12106       1.9784
   12107       1.9523
   12108       2.0079
   12109       1.8794
   12110       1.9319
   12111       2.0588
   12112       2.0452
   12113       1.9302
   12114       2.0235
   12115       2.1271
   12116       1.9733
   12117       1.9497
   12118       1.8991
   12119       1.9373
   12120       1.9875
   12121       1.8558
   12122       2.0186
   12123       2.0336
   12124       1.9827
   12125       1.9909
   12126       2.1114
   12127       2.0751
   12128       1.9550
   12129       1.9525
   12130       2.0984
   12131       2.0011
   12132       2.0336
   12133       2.0117
   12134       2.0197
   12135       2.0334
   12136       1.9342
   12137       1.9089
   12138       2.0058
   12139       1.9667
   12140       2.0109
   12141       2.0324
   12142       2.0562
   12143       1.9187
   12144       1.8362
   12145       1.8947
   12146       2.0058
   12147       1.8645
   12148       1.9783
   12149       1.9467
   12150       2.0019
   12151       2.0053
   12152       1.8838
   12153       1.9345
   12154       2.0316
   12155       1.9269
   12156       1.9574
   12157       1.9829
   12158       1.9821
   12159       1.8509
   12160       1.9452
   12161       1.8819
   12162       1.9188
   12163       1.9007
   12164       1.9540
   12165       1.9762
   12166       1.9992
   12167       2.0211
   12168       2.0945
   12169       1.9733
   12170       1.9732
   12171       1.9912
   12172       1.9846
   12173       2.0225
   12174       1.9655
   12175       2.0763
   12176       1.9868
   12177       2.0916
   12178       2.0412
   12179       1.9662
   12180       2.0510
   12181       2.0196
   12182       1.9930
   12183       1.9662
   12184       1.9425
   12185       2.0576
   12186       2.1156
   12187       2.1671
   12188       2.0237
   12189       2.0800
   12190       2.0121
   12191       1.9806
   12192       2.1434
   12193       2.0950
   12194       2.0990
   12195       2.0592
   12196       1.9885
   12197       2.0955
   12198       2.1066
   12199       1.9709
   12200       2.0130
   12201       2.1054
   12202       2.1055
   12203       2.0343
   12204       2.0732
   12205       2.0031
   12206       2.0773
   12207       2.0359
   12208       2.0016
   12209       1.9598
   12210       1.7524
   12211       1.8537
   12212       1.9360
   12213       1.9354
   12214       1.9137
   12215       1.8498
   12216       1.9656
   12217       2.0641
   12218       1.9140
   12219       2.0411
   12220       1.9614
   12221       1.9211
   12222       2.0192
   12223       2.0170
   12224       1.8828
   12225       1.9217
   12226       1.9717
   12227       1.9279
   12228       2.0137
   12229       1.9877
   12230       2.0037
   12231       2.0833
   12232       1.9559
   12233       2.0250
   12234       1.9628
   12235       2.0046
   12236       1.8476
   12237       1.9249
   12238       1.9295
   12239       1.9676
   12240       1.8720
   12241       1.8362
   12242       2.0460
   12243       1.9404
   12244       1.8862
   12245       1.8797
   12246       1.8537
   12247       1.9649
   12248       1.9646
   12249       1.9567
   12250       1.9694
   12251       2.0096
   12252       2.0570
   12253       1.9011
   12254       1.9057
   12255       1.9848
   12256       1.9711
   12257       1.8923
   12258       1.9513
   12259       1.9490
   12260       2.0784
   12261       2.0772
   12262       2.0546
   12263       1.9293
   12264       1.9082
   12265       1.9965
   12266       1.9914
   12267       2.0001
   12268       2.1057
   12269       2.0102
   12270       1.9856
   12271       1.9874
   12272       1.9841
   12273       2.0702
   12274       2.0577
   12275       2.0298
   12276       2.0734
   12277       2.0624
   12278       1.9645
   12279       1.9923
   12280       1.9883
   12281       1.9797
   12282       2.0216
   12283       1.9810
   12284       1.9919
   12285       1.9493
   12286       1.9730
   12287       1.9979
   12288       2.1175
   12289       2.0181
   12290       2.0508
   12291       1.9026
   12292       2.0268
   12293       2.0911
   12294       2.0401
   12295       2.0788
   12296       2.0310
   12297       2.2125
   12298       2.1859
   12299       2.2312
   12300       2.0813
   12301       2.2018
   12302       2.1480
   12303       2.2059
   12304       2.2389
   12305       2.1824
   12306       2.2435
   12307       2.3006
   12308       2.1968
   12309       2.1438
   12310       2.0852
   12311       2.0763
   12312       2.0948
   12313       2.2098
   12314       2.2140
   12315       2.0494
   12316       2.0485
   12317       2.1577
   12318       2.2046
   12319       2.1416
   12320       2.1161
   12321       2.1653
   12322       2.1795
   12323       2.1659
   12324       2.0672
   12325       2.2232
   12326       2.1988
   12327       2.1834
   12328       2.1173
   12329       2.2090
   12330       2.2472
   12331       2.2070
   12332       2.0740
   12333       2.0706
   12334       2.0944
   12335       2.0282
   12336       2.0838
   12337       2.0839
   12338       1.9874
   12339       2.0859
   12340       2.1188
   12341       1.9712
   12342       2.0184
   12343       1.9531
   12344       2.0789
   12345       1.9962
   12346       1.9032
   12347       1.9268
   12348       1.9782
   12349       1.9901
   12350       1.8363
   12351       1.9071
   12352       1.9323
   12353       1.8286
   12354       1.8415
   12355       1.8554
   12356       1.8153
   12357       1.9099
   12358       2.0626
   12359       1.9563
   12360       1.9513
   12361       2.0062
   12362       1.9582
   12363       1.9619
   12364       2.0112
   12365       1.9630
   12366       2.0383
   12367       1.9898
   12368       1.9355
   12369       1.8807
   12370       1.9045
   12371       1.9792
   12372       1.8825
   12373       1.9541
   12374       1.9731
   12375       2.0249
   12376       1.9439
   12377       2.0506
   12378       1.9319
   12379       1.9808
   12380       2.0036
   12381       2.0173
   12382       2.0965
   12383       2.0214
   12384       2.0808
   12385       1.9941
   12386       2.0237
   12387       1.9456
   12388       1.9427
   12389       2.0190
   12390       1.9459
   12391       2.0647
   12392       1.8949
   12393       2.0412
   12394       2.0390
   12395       1.9067
   12396       1.9953
   12397       2.0301
   12398       1.9379
   12399       1.8614
   12400       2.0155
   12401       1.8875
   12402       1.9356
   12403       1.9305
   12404       2.0637
   12405       1.9625
   12406       2.0449
   12407       2.0198
   12408       2.0311
   12409       2.0437
   12410       2.0871
   12411       2.0067
   12412       1.9820
   12413       1.9829
   12414       2.0110
   12415       2.1092
   12416       2.0332
   12417       2.0153
   12418       2.0564
   12419       1.9878
   12420       2.0203
   12421       1.9362
   12422       1.9935
   12423       1.9969
   12424       1.9071
   12425       2.0304
   12426       2.0415
   12427       1.8973
   12428       1.9755
   12429       1.9957
   12430       2.0546
   12431       1.8636
   12432       2.0049
   12433       2.0902
   12434       2.1291
   12435       2.1255
   12436       2.1256
   12437       2.0343
   12438       1.9477
   12439       1.9251
   12440       1.9254
   12441       2.0551
   12442       2.0349
   12443       2.0599
   12444       2.0218
   12445       2.1118
   12446       1.9143
   12447       1.9939
   12448       1.9987
   12449       1.9782
   12450       1.9824
   12451       1.8986
   12452       1.9320
   12453       1.9930
   12454       1.9368
   12455       1.9387
   12456       1.9855
   12457       1.9843
   12458       2.0288
   12459       1.9203
   12460       2.0368
   12461       1.9737
   12462       1.9945
   12463       2.0243
   12464       1.9794
   12465       1.9398
   12466       2.0484
   12467       2.0610
   12468       1.9963
   12469       1.9346
   12470       2.0275
   12471       2.0005
   12472       1.9785
   12473       2.0320
   12474       1.9715
   12475       2.0329
   12476       2.0174
   12477       2.0018
   12478       2.1133
   12479       2.0547
   12480       2.1174
   12481       1.9398
   12482       2.0073
   12483       2.1175
   12484       1.9958
   12485       1.9848
   12486       1.9761
   12487       2.0351
   12488       2.0925
   12489       2.0585
   12490       1.9880
   12491       1.8983
   12492       1.9865
   12493       2.0686
   12494       1.9149
   12495       1.9506
   12496       1.9268
   12497       1.8787
   12498       1.9679
   12499       2.0342
   12500       1.9834
   12501       2.0680
   12502       2.0020
   12503       2.0049
   12504       2.0510
   12505       2.1011
   12506       2.1921
   12507       2.1062
   12508       2.1276
   12509       2.1345
   12510       2.0956
   12511       2.1127
   12512       2.0953
   12513       2.0738
   12514       1.9979
   12515       1.9966
   12516       1.9928
   12517       2.0651
   12518       2.0244
   12519       1.9977
   12520       1.9586
   12521       2.1412
   12522       2.0557
   12523       1.9613
   12524       1.9728
   12525       2.0483
   12526       2.0201
   12527       2.0224
   12528       2.0086
   12529       2.0129
   12530       2.1226
   12531       2.0947
   12532       2.0435
   12533       2.0270
   12534       2.0349
   12535       2.0037
   12536       2.1589
   12537       1.9723
   12538       2.0158
   12539       2.0472
   12540       1.9189
   12541       2.0180
   12542       2.0251
   12543       2.1478
   12544       2.1721
   12545       2.0268
   12546       2.0035
   12547       2.0764
   12548       1.9979
   12549       2.0157
   12550       2.0050
   12551       1.9863
   12552       1.8481
   12553       2.0477
   12554       1.9027
   12555       2.0227
   12556       1.9972
   12557       2.0204
   12558       1.9258
   12559       1.9704
   12560       1.9242
   12561       1.9755
   12562       2.0766
   12563       2.0825
   12564       2.0250
   12565       2.0314
   12566       2.0771
   12567       1.8479
   12568       1.9346
   12569       1.9505
   12570       1.9383
   12571       1.9024
   12572       1.9401
   12573       2.0158
   12574       2.0099
   12575       2.0080
   12576       2.0561
   12577       1.9816
   12578       2.0289
   12579       1.8791
   12580       1.9905
   12581       1.9283
   12582       2.0435
   12583       1.8564
   12584       2.1137
   12585       1.9692
   12586       2.0427
   12587       2.0611
   12588       2.0131
   12589       2.0483
   12590       1.9677
   12591       1.9731
   12592       1.9829
   12593       1.9525
   12594       1.9073
   12595       1.9244
   12596       1.9544
   12597       2.0050
   12598       2.0603
   12599       2.0005
   12600       2.0291
   12601       2.0971
   12602       2.2263
   12603       2.1097
   12604       2.0850
   12605       2.1127
   12606       2.1221
   12607       2.0276
   12608       2.1169
   12609       2.0394
   12610       2.0344
   12611       2.1394
   12612       1.9277
   12613       2.0644
   12614       2.0589
   12615       1.9709
   12616       2.0134
   12617       2.0334
   12618       2.0777
   12619       1.9903
   12620       2.0466
   12621       1.8886
   12622       2.0094
   12623       1.9843
   12624       2.0538
   12625       2.1123
   12626       2.0443
   12627       1.9238
   12628       2.0374
   12629       2.0118
   12630       2.0299
   12631       2.1312
   12632       2.0471
   12633       1.9232
   12634       1.8859
   12635       1.8910
   12636       1.8784
   12637       1.9926
   12638       1.9118
   12639       1.9986
   12640       1.9841
   12641       1.8762
   12642       1.8391
   12643       1.9096
   12644       2.0242
   12645       2.0036
   12646       2.0976
   12647       2.0075
   12648       1.8890
   12649       2.0249
   12650       1.9632
   12651       2.1363
   12652       2.0007
   12653       1.9982
   12654       2.0557
   12655       1.9715
   12656       2.0043
   12657       1.9764
   12658       1.9990
   12659       2.1376
   12660       2.0069
   12661       2.0862
   12662       2.0797
   12663       2.0466
   12664       1.9881
   12665       2.1154
   12666       2.0286
   12667       2.0541
   12668       2.1386
   12669       2.0729
   12670       2.0001
   12671       1.9485
   12672       1.9972
   12673       2.0158
   12674       2.0390
   12675       1.9336
   12676       1.9161
   12677       1.9865
   12678       1.9906
   12679       1.9858
   12680       1.9661
   12681       2.0992
   12682       2.1453
   12683       1.9564
   12684       2.1046
   12685       2.1337
   12686       1.9882
   12687       1.9460
   12688       2.0904
   12689       2.0999
   12690       1.9909
   12691       2.0565
   12692       2.0921
   12693       2.0762
   12694       2.0514
   12695       2.1679
   12696       2.1070
   12697       2.0943
   12698       2.0576
   12699       2.1210
   12700       2.1449
   12701       2.1770
   12702       2.1181
   12703       2.1814
   12704       2.0775
   12705       2.1196
   12706       2.1106
   12707       2.1419
   12708       2.0613
   12709       2.1105
   12710       1.9617
   12711       2.1598
   12712       2.1460
   12713       2.1917
   12714       2.0984
   12715       1.9717
   12716       1.9688
   12717       1.9842
   12718       2.1144
   12719       2.0458
   12720       2.0597
   12721       2.0025
   12722       1.9934
   12723       2.0707
   12724       2.0920
   12725       2.0990
   12726       2.2274
   12727       2.1366
   12728       2.1186
   12729       2.1670
   12730       2.0553
   12731       2.0200
   12732       2.1098
   12733       2.1230
   12734       2.1226
   12735       2.0888
   12736       2.1167
   12737       2.0633
   12738       2.1283
   12739       2.0414
   12740       2.0289
   12741       2.0561
   12742       1.9860
   12743       1.9944
   12744       1.9034
   12745       2.0753
   12746       2.0600
   12747       2.1179
   12748       1.9884
   12749       2.0893
   12750       1.9596
   12751       1.9305
   12752       1.9501
   12753       1.9810
   12754       1.9885
   12755       2.0622
   12756       2.0269
   12757       1.9243
   12758       2.0418
   12759       2.0921
   12760       2.1659
   12761       2.2411
   12762       2.1930
   12763       2.1494
   12764       2.1464
   12765       2.0902
   12766       1.9836
   12767       1.9912
   12768       1.9724
   12769       1.9953
   12770       2.1098
   12771       2.0380
   12772       2.0767
   12773       2.1256
   12774       2.1779
   12775       2.0256
   12776       2.0630
   12777       2.0111
   12778       2.0174
   12779       2.0350
   12780       2.0557
   12781       2.0593
   12782       2.0768
   12783       2.0912
   12784       2.0948
   12785       2.0578
   12786       2.0475
   12787       2.0736
   12788       2.1403
   12789       2.1954
   12790       2.0325
   12791       2.0541
   12792       2.0807
   12793       2.1325
   12794       2.1258
   12795       2.0795
   12796       2.0899
   12797       1.9905
   12798       2.1146
   12799       2.0797
   12800       2.1404
   12801       2.0639
   12802       2.0031
   12803       2.0433
   12804       2.0970
   12805       2.1492
   12806       2.2327
   12807       2.1254
   12808       2.1630
   12809       2.2141
   12810       2.0745
   12811       2.1181
   12812       2.0814
   12813       1.9928
   12814       2.0633
   12815       2.1004
   12816       2.1431
   12817       2.2364
   12818       2.1666
   12819       2.0561
   12820       2.0678
   12821       1.9674
   12822       2.0609
   12823       2.0151
   12824       1.9883
   12825       2.0403
   12826       1.9789
   12827       2.0383
   12828       1.8924
   12829       2.0972
   12830       1.9540
   12831       2.0448
   12832       2.0695
   12833       2.0265
   12834       2.1001
   12835       2.0525
   12836       2.0263
   12837       2.0575
   12838       2.0023
   12839       2.1201
   12840       2.0735
   12841       2.0758
   12842       1.9151
   12843       1.9854
   12844       1.9291
   12845       1.9271
   12846       2.0299
   12847       1.9819
   12848       2.1231
   12849       2.0622
   12850       2.0747
   12851       2.0250
   12852       2.0162
   12853       2.1096
   12854       2.0075
   12855       1.9909
   12856       1.9509
   12857       1.9973
   12858       1.9744
   12859       1.9728
   12860       2.0193
   12861       1.9930
   12862       1.9478
   12863       1.9770
   12864       1.9673
   12865       1.9860
   12866       2.0876
   12867       2.0322
   12868       2.1825
   12869       2.2380
   12870       2.1573
   12871       2.1817
   12872       1.9528
   12873       2.0115
   12874       1.9388
   12875       2.0394
   12876       1.9924
   12877       1.9036
   12878       2.0678
   12879       2.1084
   12880       2.0735
   12881       2.0524
   12882       2.0494
   12883       1.9998
   12884       2.0284
   12885       2.0747
   12886       2.0562
   12887       2.0054
   12888       1.9753
   12889       2.0339
   12890       1.9757
   12891       2.0087
   12892       2.0207
   12893       2.0465
   12894       2.0198
   12895       2.0220
   12896       1.9663
   12897       1.8835
   12898       1.8961
   12899       1.9270
   12900       2.0314
   12901       1.9946
   12902       2.0186
   12903       2.0688
   12904       1.9888
   12905       2.0379
   12906       1.9422
   12907       1.9381
   12908       2.0409
   12909       1.8762
   12910       1.8824
   12911       1.9083
   12912       2.0083
   12913       1.8984
   12914       1.8821
   12915       1.8627
   12916       1.9605
   12917       1.9826
   12918       1.9520
   12919       1.9685
   12920       1.9947
   12921       1.9055
   12922       2.0231
   12923       2.0382
   12924       2.0811
   12925       2.0646
   12926       1.9965
   12927       2.0638
   12928       1.9801
   12929       1.9982
   12930       2.0461
   12931       2.0890
   12932       1.9915
   12933       1.9886
   12934       1.9936
   12935       2.1438
   12936       2.0310
   12937       1.9606
   12938       2.0428
   12939       2.0399
   12940       1.9331
   12941       1.9718
   12942       2.0494
   12943       2.2286
   12944       2.1968
   12945       2.1547
   12946       2.1211
   12947       2.1434
   12948       2.0572
   12949       2.1392
   12950       2.0099
   12951       1.9927
   12952       2.1157
   12953       2.0734
   12954       2.1736
   12955       2.0658
   12956       2.0998
   12957       2.2677
   12958       2.2085
   12959       2.0601
   12960       2.2737
   12961       2.2213
   12962       2.1800
   12963       2.1819
   12964       2.1973
   12965       2.0988
   12966       2.1431
   12967       2.0606
   12968       2.0597
   12969       2.0023
   12970       2.0396
   12971       2.0444
   12972       2.0709
   12973       2.0957
   12974       2.1560
   12975       2.1689
   12976       2.1867
   12977       2.1071
   12978       2.0505
   12979       2.1485
   12980       2.1648
   12981       2.0165
   12982       2.0175
   12983       2.1594
   12984       2.0412
   12985       2.0555
   12986       2.1006
   12987       2.0830
   12988       2.1285
   12989       2.0518
   12990       2.1310
   12991       2.1699
   12992       2.1369
   12993       2.0044
   12994       2.0987
   12995       2.1090
   12996       2.1077
   12997       2.0828
   12998       2.0797
   12999       2.0693
   13000       2.1000
   13001       2.0247
   13002       2.0602
   13003       1.9198
   13004       1.9368
   13005       2.0545
   13006       2.0207
   13007       2.1895
   13008       1.9867
   13009       2.0770
   13010       2.0527
   13011       2.0300
   13012       1.9522
   13013       2.0198
   13014       1.9439
   13015       1.8867
   13016       1.9751
   13017       1.9854
   13018       1.9800
   13019       1.9693
   13020       1.9120
   13021       1.8535
   13022       1.9979
   13023       2.0013
   13024       2.0211
   13025       1.9652
   13026       1.9573
   13027       1.8720
   13028       1.8719
   13029       2.0795
   13030       2.0128
   13031       2.0052
   13032       2.0058
   13033       2.0118
   13034       2.0085
   13035       1.9859
   13036       2.0263
   13037       1.9285
   13038       1.9083
   13039       2.0006
   13040       2.0446
   13041       1.9559
   13042       1.9537
   13043       1.9847
   13044       1.9322
   13045       2.0490
   13046       2.0275
   13047       1.9882
   13048       1.9478
   13049       2.0051
   13050       1.9712
   13051       1.9798
   13052       2.0789
   13053       2.0064
   13054       1.9110
   13055       1.8996
   13056       2.0879
   13057       2.1084
   13058       2.0416
   13059       1.9186
   13060       1.9938
   13061       1.9614
   13062       1.9647
   13063       1.9799
   13064       2.0410
   13065       2.0825
   13066       1.9669
   13067       1.9965
   13068       1.9522
   13069       1.9465
   13070       1.9796
   13071       1.9687
   13072       1.8920
   13073       2.0373
   13074       1.8615
   13075       1.8884
   13076       1.9613
   13077       1.8564
   13078       1.8894
   13079       1.9717
   13080       1.8361
   13081       1.9177
   13082       1.8978
   13083       1.9257
   13084       1.9265
   13085       1.9267
   13086       1.9447
   13087       1.8897
   13088       1.9469
   13089       1.9351
   13090       1.9568
   13091       1.8340
   13092       1.9557
   13093       1.8791
   13094       1.9189
   13095       1.9666
   13096       1.9790
   13097       2.0061
   13098       1.8997
   13099       1.8982
   13100       2.0345
   13101       1.8714
   13102       2.0182
   13103       2.0090
   13104       1.9099
   13105       1.9352
   13106       2.0579
   13107       2.0561
   13108       1.9336
   13109       2.0022
   13110       1.9950
   13111       1.9826
   13112       2.0793
   13113       1.9510
   13114       1.9188
   13115       2.0425
   13116       2.0316
   13117       1.9906
   13118       2.0601
   13119       2.0083
   13120       2.0562
   13121       1.9721
   13122       2.0286
   13123       1.9057
   13124       1.9105
   13125       2.0043
   13126       1.9365
   13127       1.8499
   13128       2.0272
   13129       1.8483
   13130       1.9352
   13131       1.9539
   13132       1.8479
   13133       1.8919
   13134       1.8797
   13135       1.8641
   13136       1.9837
   13137       1.8313
   13138       1.8705
   13139       1.9753
   13140       1.9551
   13141       1.8957
   13142       2.0211
   13143       2.0268
   13144       1.9903
   13145       1.9652
   13146       2.0299
   13147       1.9357
   13148       1.9055
   13149       1.9858
   13150       1.9542
   13151       1.9630
   13152       1.8903
   13153       1.9371
   13154       2.0443
   13155       1.9913
   13156       1.8793
   13157       1.8916
   13158       1.8673
   13159       1.8975
   13160       2.0229
   13161       1.9709
   13162       1.8784
   13163       1.9370
   13164       1.8568
   13165       1.8808
   13166       1.8645
   13167       1.8577
   13168       1.8218
   13169       1.7826
   13170       1.7290
   13171       1.8471
   13172       1.8621
   13173       2.0147
   13174       1.8358
   13175       1.9047
   13176       1.8815
   13177       1.8291
   13178       1.8421
   13179       1.8710
   13180       1.9532
   13181       1.9240
   13182       1.7654
   13183       1.8573
   13184       1.8991
   13185       1.8462
   13186       1.9396
   13187       1.8494
   13188       1.9500
   13189       1.9294
   13190       1.8078
   13191       1.8861
   13192       1.9462
   13193       1.8339
   13194       1.9425
   13195       1.9294
   13196       1.8564
   13197       1.7034
   13198       1.7316
   13199       1.7996
   13200       1.6879
   13201       1.8315
   13202       1.7891
   13203       1.7849
   13204       1.8389
   13205       1.8363
   13206       1.9038
   13207       1.8812
   13208       1.9498
   13209       1.8300
   13210       1.8481
   13211       1.8014
   13212       1.8061
   13213       1.9182
   13214       1.8261
   13215       1.8135
   13216       1.7230
   13217       1.8099
   13218       1.8526
   13219       1.9173
   13220       1.8195
   13221       1.9040
   13222       1.8842
   13223       1.9344
   13224       1.8198
   13225       1.8190
   13226       1.8847
   13227       1.9955
   13228       1.8136
   13229       1.9050
   13230       1.8763
   13231       1.9842
   13232       1.9101
   13233       1.7451
   13234       1.6634
   13235       1.7209
   13236       1.8659
   13237       1.7858
   13238       1.8774
   13239       1.8084
   13240       1.8030
   13241       1.7321
   13242       1.8056
   13243       1.9130
   13244       1.9580
   13245       2.1201
   13246       2.0348
   13247       1.9826
   13248       1.9587
   13249       1.8198
   13250       1.8150
   13251       1.7904
   13252       1.8084
   13253       1.8200
   13254       1.8147
   13255       1.7776
   13256       1.8140
   13257       1.8132
   13258       1.8452
   13259       1.8800
   13260       1.7411
   13261       1.7916
   13262       1.7894
   13263       1.8064
   13264       1.7746
   13265       1.7968
   13266       1.8502
   13267       1.7850
   13268       1.8111
   13269       1.9435
   13270       1.8764
   13271       1.8161
   13272       1.8621
   13273       1.8370
   13274       1.8381
   13275       1.7406
   13276       1.9595
   13277       1.9770
   13278       1.8682
   13279       1.9474
   13280       1.8074
   13281       1.8069
   13282       1.8781
   13283       1.9740
   13284       1.9272
   13285       1.9367
   13286       2.0062
   13287       1.8509
   13288       1.7937
   13289       1.8658
   13290       1.7910
   13291       1.8464
   13292       1.8907
   13293       1.9530
   13294       2.0600
   13295       1.9666
   13296       1.8490
   13297       2.0012
   13298       1.9658
   13299       1.8966
   13300       1.8642
   13301       1.9335
   13302       1.8705
   13303       2.0143
   13304       2.0960
   13305       2.1509
   13306       2.0602
   13307       1.9949
   13308       1.9131
   13309       1.9698
   13310       2.0061
   13311       1.9897
   13312       2.0614
   13313       1.9753
   13314       1.9512
   13315       1.8900
   13316       2.0428
   13317       1.9636
   13318       2.0799
   13319       2.1036
   13320       2.0912
   13321       2.1075
   13322       2.0125
   13323       2.0652
   13324       2.0309
   13325       1.9899
   13326       1.9240
   13327       2.0406
   13328       1.9894
   13329       1.9719
   13330       1.8337
   13331       2.1153
   13332       2.1255
   13333       1.9487
   13334       1.9682
   13335       1.8245
   13336       1.9057
   13337       1.9524
   13338       2.0715
   13339       2.0640
   13340       2.1141
   13341       2.0380
   13342       1.9379
   13343       1.9468
   13344       1.8720
   13345       1.9063
   13346       1.8783
   13347       1.9899
   13348       2.0387
   13349       2.0176
   13350       2.0040
   13351       2.0508
   13352       2.1333
   13353       2.0510
   13354       2.0465
   13355       1.9610
   13356       1.9800
   13357       1.9967
   13358       1.8716
   13359       1.9846
   13360       1.9593
   13361       1.9538
   13362       1.9784
   13363       1.9950
   13364       1.9114
   13365       1.9217
   13366       1.9267
   13367       1.9540
   13368       1.8906
   13369       1.9658
   13370       1.8764
   13371       1.9349
   13372       1.9690
   13373       1.9980
   13374       1.9239
   13375       2.0173
   13376       1.9671
   13377       1.8675
   13378       1.8129
   13379       1.8403
   13380       1.7757
   13381       1.8035
   13382       1.7686
   13383       1.8370
   13384       1.9120
   13385       1.8831
   13386       1.8985
   13387       1.8296
   13388       1.7914
   13389       1.9050
   13390       1.8316
   13391       1.7991
   13392       1.8482
   13393       1.8571
   13394       1.8294
   13395       1.8789
   13396       1.8291
   13397       1.8500
   13398       1.8748
   13399       1.9010
   13400       1.8241
   13401       1.9125
   13402       1.8650
   13403       1.8863
   13404       1.7922
   13405       1.8229
   13406       1.7976
   13407       1.8096
   13408       1.7950
   13409       1.7680
   13410       1.7817
   13411       1.8136
   13412       1.8237
   13413       1.8804
   13414       1.9184
   13415       1.8112
   13416       1.8810
   13417       1.8823
   13418       1.8330
   13419       1.7907
   13420       1.9103
   13421       1.9377
   13422       2.0286
   13423       2.0881
   13424       1.8556
   13425       1.9925
   13426       1.9769
   13427       1.9770
   13428       1.9128
   13429       1.9448
   13430       1.9140
   13431       1.8509
   13432       1.8591
   13433       1.7487
   13434       1.8978
   13435       1.8704
   13436       1.8026
   13437       1.7740
   13438       1.7335
   13439       1.6763
   13440       1.6635
   13441       1.7100
   13442       1.8046
   13443       1.7855
   13444       1.7516
   13445       1.9022
   13446       1.8662
   13447       1.8345
   13448       1.8338
   13449       1.8537
   13450       1.6815
   13451       1.6331
   13452       1.8011
   13453       1.7654
   13454       1.7518
   13455       1.7801
   13456       1.8933
   13457       1.7704
   13458       1.8723
   13459       1.8696
   13460       1.7433
   13461       1.7905
   13462       1.8700
   13463       1.8295
   13464       1.8645
   13465       1.8904
   13466       1.7820
   13467       1.8088
   13468       1.8789
   13469       1.8052
   13470       1.8539
   13471       1.8973
   13472       1.8044
   13473       1.8631
   13474       1.8467
   13475       1.9727
   13476       1.9174
   13477       1.8323
   13478       1.6938
   13479       1.8660
   13480       1.9228
   13481       1.8036
   13482       1.7999
   13483       1.8327
   13484       1.7708
   13485       1.8337
   13486       1.8920
   13487       1.8837
   13488       1.7973
   13489       1.9130
   13490       1.8132
   13491       2.0110
   13492       1.8469
   13493       1.8552
   13494       1.8369
   13495       1.8200
   13496       1.9004
   13497       1.7970
   13498       1.8747
   13499       1.7044
   13500       1.7578
   13501       1.8123
   13502       1.8508
   13503       1.9046
   13504       2.0195
   13505       1.8505
   13506       1.7492
   13507       1.7801
   13508       1.9416
   13509       1.8850
   13510       1.8231
   13511       1.8169
   13512       1.8580
   13513       1.8193
   13514       1.8406
   13515       1.9282
   13516       1.7217
   13517       1.8167
   13518       1.9046
   13519       1.8611
   13520       1.7501
   13521       1.9247
   13522       1.8647
   13523       1.8286
   13524       1.8954
   13525       1.7999
   13526       1.8070
   13527       1.9078
   13528       1.9741
   13529       1.8412
   13530       1.9474
   13531       1.8982
   13532       2.0190
   13533       1.9853
   13534       1.9208
   13535       2.0076
   13536       1.9407
   13537       1.9188
   13538       1.7769
   13539       1.8979
   13540       1.8290
   13541       1.9668
   13542       1.8393
   13543       1.8741
   13544       1.9004
   13545       1.8480
   13546       1.8460
   13547       1.8263
   13548       1.9355
   13549       1.9323
   13550       1.9513
   13551       1.9538
   13552       1.9715
   13553       2.0174
   13554       1.9513
   13555       1.9589
   13556       1.8712
   13557       1.8482
   13558       1.7637
   13559       1.7349
   13560       1.7100
   13561       1.7530
   13562       1.7982
   13563       1.7591
   13564       1.8486
   13565       1.8927
   13566       1.8809
   13567       1.9227
   13568       1.8946
   13569       1.9964
   13570       1.9996
   13571       2.0311
   13572       1.9801
   13573       2.1441
   13574       2.0516
   13575       2.0578
   13576       2.0964
   13577       2.0366
   13578       2.0045
   13579       1.9843
   13580       1.8953
   13581       2.1541
   13582       1.9001
   13583       2.0092
   13584       2.0880
   13585       2.0576
   13586       1.9063
   13587       1.9787
   13588       1.9722
   13589       1.9099
   13590       2.0612
   13591       2.1125
   13592       2.0425
   13593       1.9298
   13594       1.9764
   13595       2.0615
   13596       2.0208
   13597       1.9548
   13598       2.0745
   13599       1.9574
   13600       1.9945
   13601       1.9464
   13602       2.0218
   13603       1.9436
   13604       1.8586
   13605       1.9963
   13606       2.0151
   13607       2.0963
   13608       2.0801
   13609       2.0409
   13610       2.0431
   13611       2.0475
   13612       2.0206
   13613       2.0940
   13614       2.0358
   13615       1.9642
   13616       1.9388
   13617       1.9171
   13618       1.7375
   13619       1.7494
   13620       1.7453
   13621       1.8132
   13622       1.7484
   13623       1.7983
   13624       1.7948
   13625       1.8902
   13626       1.9254
   13627       1.8377
   13628       1.8258
   13629       1.8648
   13630       1.8249
   13631       1.9313
   13632       1.9182
   13633       1.9801
   13634       1.8840
   13635       1.8342
   13636       1.9090
   13637       1.9703
   13638       1.9988
   13639       1.8657
   13640       1.9123
   13641       1.9005
   13642       1.9566
   13643       1.9480
   13644       1.9421
   13645       1.8789
   13646       1.8542
   13647       1.9014
   13648       1.8721
   13649       1.8711
   13650       1.9033
   13651       1.9713
   13652       1.9948
   13653       1.9945
   13654       1.9710
   13655       2.1431
   13656       2.0681
   13657       1.9204
   13658       1.9518
   13659       1.9047
   13660       2.0088
   13661       1.9570
   13662       2.0221
   13663       1.9457
   13664       2.0730
   13665       2.1231
   13666       1.9859
   13667       2.0592
   13668       2.0059
   13669       2.2121
   13670       2.0903
   13671       2.1589
   13672       2.0789
   13673       2.0936
   13674       2.0649
   13675       2.1365
   13676       2.1209
   13677       2.1265
   13678       1.9995
   13679       2.0973
   13680       2.0518
   13681       2.0486
   13682       1.8832
   13683       1.9004
   13684       1.8915
   13685       1.8201
   13686       1.8955
   13687       1.8571
   13688       1.8444
   13689       2.0408
   13690       2.0453
   13691       1.9106
   13692       1.9127
   13693       1.8294
   13694       1.9068
   13695       1.8143
   13696       1.7223
   13697       1.8686
   13698       1.8691
   13699       1.9553
   13700       1.8010
   13701       1.9498
   13702       1.9171
   13703       1.9407
   13704       1.9144
   13705       1.9755
   13706       1.8607
   13707       1.9352
   13708       1.8778
   13709       1.9321
   13710       1.8088
   13711       1.9784
   13712       1.9364
   13713       2.0223
   13714       2.1088
   13715       2.1732
   13716       2.0972
   13717       2.0176
   13718       1.8301
   13719       1.8349
   13720       1.8185
   13721       1.8650
   13722       1.8517
   13723       1.9196
   13724       1.8294
   13725       1.8884
   13726       1.9385
   13727       1.8219
   13728       1.8439
   13729       1.8798
   13730       1.8267
   13731       1.8303
   13732       1.8402
   13733       1.8535
   13734       1.9155
   13735       1.9457
   13736       2.0002
   13737       1.8132
   13738       1.9293
   13739       1.8581
   13740       1.9562
   13741       1.9555
   13742       1.8404
   13743       2.0162
   13744       1.9896
   13745       1.9837
   13746       1.8839
   13747       1.9766
   13748       1.9456
   13749       1.9070
   13750       1.8970
   13751       1.8860
   13752       2.0601
   13753       2.0504
   13754       1.8737
   13755       1.9193
   13756       1.9970
   13757       2.0035
   13758       2.0418
   13759       2.0423
   13760       1.9715
   13761       1.9336
   13762       1.9795
   13763       1.9659
   13764       1.9651
   13765       2.0510
   13766       2.0573
   13767       1.9367
   13768       1.9337
   13769       1.7822
   13770       1.7705
   13771       1.7339
   13772       1.8333
   13773       1.9250
   13774       1.8937
   13775       1.8861
   13776       1.8685
   13777       1.8238
   13778       1.8046
   13779       1.8022
   13780       1.9495
   13781       1.8813
   13782       1.8311
   13783       1.7562
   13784       1.7029
   13785       1.9039
   13786       1.8192
   13787       1.7409
   13788       1.6714
   13789       1.8295
   13790       1.8492
   13791       1.7627
   13792       1.8356
   13793       1.7848
   13794       1.7606
   13795       1.8933
   13796       1.8189
   13797       1.7076
   13798       1.7491
   13799       1.7218
   13800       1.6867
   13801       1.8283
   13802       1.8298
   13803       1.7290
   13804       1.8782
   13805       1.9231
   13806       1.7372
   13807       1.8781
   13808       1.8282
   13809       1.8188
   13810       1.7595
   13811       1.7725
   13812       1.8746
   13813       1.8585
   13814       1.8515
   13815       1.7816
   13816       1.8997
   13817       1.8458
   13818       1.9685
   13819       2.0271
   13820       2.0118
   13821       2.0256
   13822       1.9725
   13823       2.1073
   13824       1.9945
   13825       1.8843
   13826       1.9637
   13827       2.1182
   13828       1.9745
   13829       2.0239
   13830       2.0279
   13831       1.8941
   13832       1.9618
   13833       1.9934
   13834       1.8950
   13835       1.9499
   13836       1.8946
   13837       1.9123
   13838       1.8964
   13839       1.9350
   13840       1.9261
   13841       2.0456
   13842       1.8296
   13843       1.8899
   13844       2.0301
   13845       1.9045
   13846       1.9347
   13847       1.8622
   13848       1.9687
   13849       1.9644
   13850       2.0315
   13851       2.0921
   13852       1.9767
   13853       2.0131
   13854       1.9421
   13855       1.8703
   13856       1.9309
   13857       1.9451
   13858       1.7454
   13859       1.7901
   13860       1.8236
   13861       1.8902
   13862       2.0212
   13863       1.8076
   13864       2.0340
   13865       1.9023
   13866       1.9580
   13867       1.8639
   13868       1.8488
   13869       1.9188
   13870       1.9576
   13871       1.9298
   13872       1.8887
   13873       1.7799
   13874       1.8052
   13875       1.8476
   13876       2.0033
   13877       1.8191
   13878       1.8747
   13879       1.8948
   13880       1.8626
   13881       1.9613
   13882       1.8678
   13883       1.7867
   13884       1.7402
   13885       1.8520
   13886       1.8766
   13887       2.0195
   13888       1.8896
   13889       1.9750
   13890       2.0144
   13891       1.8395
   13892       1.8390
   13893       1.9011
   13894       1.9110
   13895       1.8879
   13896       1.8433
   13897       1.8317
   13898       1.8164
   13899       1.7388
   13900       1.8910
   13901       1.9563
   13902       1.9059
   13903       1.8049
   13904       1.8924
   13905       1.9248
   13906       1.8983
   13907       1.9404
   13908       1.9638
   13909       1.8765
   13910       1.7675
   13911       1.7330
   13912       1.8626
   13913       1.8729
   13914       1.7887
   13915       1.7792
   13916       1.8006
   13917       1.8687
   13918       2.0116
   13919       1.9904
   13920       1.8513
   13921       1.8731
   13922       1.8809
   13923       1.7616
   13924       1.8493
   13925       1.8655
   13926       1.9166
   13927       1.8159
   13928       1.9766
   13929       2.0453
   13930       2.0386
   13931       2.1179
   13932       1.9864
   13933       1.9806
   13934       1.9262
   13935       1.9962
   13936       1.9880
   13937       1.9457
   13938       1.9106
   13939       1.9650
   13940       2.0271
   13941       2.0118
   13942       2.0314
   13943       2.0923
   13944       2.0666
   13945       2.0341
   13946       2.0384
   13947       1.8164
   13948       1.8991
   13949       1.8677
   13950       1.9415
   13951       1.8770
   13952       1.9085
   13953       1.9122
   13954       1.9479
   13955       2.0655
   13956       1.8197
   13957       1.8898
   13958       2.0317
   13959       2.0596
   13960       2.0223
   13961       2.0152
   13962       2.0358
   13963       1.9995
   13964       1.9945
   13965       1.9756
   13966       2.0118
   13967       2.0068
   13968       1.9052
   13969       1.9578
   13970       1.9421
   13971       1.8574
   13972       1.9742
   13973       2.0106
   13974       1.8776
   13975       2.0333
   13976       1.9322
   13977       1.9464
   13978       2.0717
   13979       1.8932
   13980       1.9971
   13981       2.1507
   13982       2.2125
   13983       2.2970
   13984       2.2714
   13985       2.3082
   13986       2.2193
   13987       2.0288
   13988       1.9722
   13989       2.0059
   13990       2.0133
   13991       2.1136
   13992       2.0020
   13993       2.0057
   13994       1.9680
   13995       2.0885
   13996       2.0709
   13997       2.0658
   13998       1.9672
   13999       1.9797
   14000       2.0055
   14001       2.1431
   14002       2.0421
   14003       2.0718
   14004       2.0472
   14005       1.8492
   14006       1.8662
   14007       1.9778
   14008       2.0741
   14009       1.9918
   14010       2.0008
   14011       1.9933
   14012       2.0180
   14013       2.0368
   14014       1.8581
   14015       1.9707
   14016       1.9114
   14017       1.7856
   14018       1.7914
   14019       1.8460
   14020       1.8160
   14021       1.8113
   14022       1.9039
   14023       1.9375
   14024       2.0935
   14025       2.0046
   14026       1.9581
   14027       2.0397
   14028       2.0501
   14029       2.1353
   14030       2.0724
   14031       1.9594
   14032       2.0176
   14033       2.0673
   14034       2.0159
   14035       2.0729
   14036       2.0055
   14037       1.9224
   14038       2.0651
   14039       1.9786
   14040       1.9035
   14041       1.9489
   14042       1.8780
   14043       2.0307
   14044       1.9061
   14045       1.8592
   14046       1.8849
   14047       1.9669
   14048       2.0461
   14049       2.0948
   14050       2.0512
   14051       2.0913
   14052       2.0597
   14053       2.1549
   14054       2.0844
   14055       1.9039
   14056       1.9905
   14057       2.0581
   14058       1.9754
   14059       2.0474
   14060       2.0452
   14061       2.0867
   14062       2.2403
   14063       2.2616
   14064       2.0470
   14065       2.1283
   14066       2.2104
   14067       2.1869
   14068       2.1937
   14069       2.2904
   14070       2.1198
   14071       2.0930
   14072       2.2583
   14073       2.2092
   14074       2.1479
   14075       2.1201
   14076       2.2656
   14077       2.1370
   14078       2.1792
   14079       2.2364
   14080       2.1927
   14081       2.2738
   14082       2.2280
   14083       2.2122
   14084       2.3763
   14085       2.2281
   14086       2.1297
   14087       2.2101
   14088       2.1458
   14089       2.1881
   14090       2.0288
   14091       1.9740
   14092       1.9942
   14093       1.9790
   14094       2.0238
   14095       1.9869
   14096       1.9748
   14097       2.0238
   14098       2.0249
   14099       1.8762
   14100       1.9439
   14101       1.8978
   14102       2.0052
   14103       2.0868
   14104       1.9799
   14105       2.0072
   14106       2.1282
   14107       2.1861
   14108       2.1291
   14109       2.1151
   14110       2.1889
   14111       2.2207
   14112       2.0605
   14113       2.0597
   14114       2.0571
   14115       2.0865
   14116       2.1707
   14117       2.1299
   14118       2.2012
   14119       2.0393
   14120       2.1087
   14121       2.0901
   14122       1.9610
   14123       1.8605
   14124       2.0575
   14125       1.9253
   14126       1.9339
   14127       1.9625
   14128       2.0547
   14129       2.0438
   14130       1.9289
   14131       1.8526
   14132       1.8692
   14133       2.0676
   14134       1.9700
   14135       1.9467
   14136       1.9653
   14137       1.9445
   14138       1.9909
   14139       1.8523
   14140       1.9026
   14141       1.9152
   14142       1.8162
   14143       1.8884
   14144       1.9366
   14145       2.0167
   14146       1.8264
   14147       1.7748
   14148       1.6889
   14149       1.8413
   14150       1.8210
   14151       1.9148
   14152       1.8619
   14153       1.8068
   14154       2.0802
   14155       1.8160
   14156       1.9466
   14157       1.8102
   14158       1.8829
   14159       1.9194
   14160       1.8502
   14161       1.8199
   14162       1.8838
   14163       1.8408
   14164       1.7979
   14165       1.9364
   14166       1.7541
   14167       1.9112
   14168       1.9157
   14169       1.8162
   14170       1.7652
   14171       1.8037
   14172       1.7958
   14173       1.8878
   14174       1.7492
   14175       1.8586
   14176       1.9112
   14177       1.9123
   14178       1.8188
   14179       1.7264
   14180       1.7680
   14181       1.8716
   14182       1.7752
   14183       1.7744
   14184       1.8014
   14185       1.7614
   14186       1.8379
   14187       1.8862
   14188       1.7751
   14189       1.8265
   14190       1.7045
   14191       1.7509
   14192       1.7882
   14193       1.7292
   14194       1.7843
   14195       1.8033
   14196       1.7668
   14197       1.8539
   14198       1.8472
   14199       1.8117
   14200       1.7411
   14201       1.7932
   14202       1.7463
   14203       1.8150
   14204       1.7689
   14205       1.7810
   14206       1.8971
   14207       1.9796
   14208       1.8690
   14209       1.8519
   14210       1.8019
   14211       1.6413
   14212       1.8312
   14213       1.8595
   14214       1.7936
   14215       1.8321
   14216       1.9529
   14217       2.0235
   14218       1.9787
   14219       1.8517
   14220       1.9226
   14221       2.0243
   14222       2.0215
   14223       1.9697
   14224       1.9109
   14225       1.8669
   14226       1.7927
   14227       1.8284
   14228       1.9307
   14229       1.9522
   14230       1.8949
   14231       1.9066
   14232       1.8701
   14233       1.7686
   14234       1.8129
   14235       1.7843
   14236       1.8373
   14237       1.8002
   14238       1.7014
   14239       1.6988
   14240       1.6743
   14241       1.7497
   14242       1.8425
   14243       1.7619
   14244       1.8797
   14245       1.8958
   14246       1.8049
   14247       1.7812
   14248       1.8845
   14249       1.8584
   14250       1.7221
   14251       1.8233
   14252       1.8926
   14253       1.9384
   14254       1.9215
   14255       1.7832
   14256       1.8252
   14257       1.8698
   14258       1.8687
   14259       1.9555
   14260       1.9894
   14261       1.8567
   14262       1.9963
   14263       1.9013
   14264       1.9114
   14265       1.9951
   14266       1.8916
   14267       1.9172
   14268       1.8072
   14269       1.8267
   14270       1.8381
   14271       1.7332
   14272       1.8157
   14273       1.7961
   14274       1.8970
   14275       1.8147
   14276       1.8392
   14277       1.8061
   14278       1.8491
   14279       1.8370
   14280       1.9019
   14281       1.8231
   14282       1.9941
   14283       2.0078
   14284       1.7935
   14285       1.9392
   14286       2.0014
   14287       2.0079
   14288       1.9966
   14289       2.1031
   14290       2.0171
   14291       2.0647
   14292       1.8528
   14293       1.9011
   14294       1.9359
   14295       1.7355
   14296       1.8434
   14297       1.8255
   14298       1.9287
   14299       1.9888
   14300       2.0395
   14301       1.9132
   14302       1.9572
   14303       1.9650
   14304       1.9937
   14305       1.8507
   14306       1.8796
   14307       1.8937
   14308       1.8420
   14309       1.8628
   14310       1.8653
   14311       1.9744
   14312       1.9317
   14313       1.8452
   14314       1.9340
   14315       1.8418
   14316       1.9517
   14317       2.0184
   14318       1.8465
   14319       1.8611
   14320       1.8846
   14321       1.9600
   14322       2.0727
   14323       1.9898
   14324       2.0009
   14325       2.0062
   14326       1.8901
   14327       1.9637
   14328       1.9008
   14329       1.8833
   14330       1.9089
   14331       2.0489
   14332       2.0523
   14333       1.9995
   14334       1.9232
   14335       1.9562
   14336       1.9443
   14337       1.8055
   14338       1.8793
   14339       1.8331
   14340       1.9166
   14341       1.9701
   14342       1.7331
   14343       1.9015
   14344       1.7253
   14345       1.7423
   14346       1.7958
   14347       1.7226
   14348       1.7352
   14349       1.7093
   14350       1.7598
   14351       1.8095
   14352       1.7016
   14353       1.8314
   14354       1.8015
   14355       1.8379
   14356       1.9127
   14357       1.7939
   14358       1.8354
   14359       1.7633
   14360       1.8539
   14361       1.8214
   14362       1.7692
   14363       1.8621
   14364       1.8920
   14365       1.9166
   14366       1.7917
   14367       1.8701
   14368       1.7624
   14369       1.8633
   14370       1.9497
   14371       1.9548
   14372       1.8557
   14373       1.9692
   14374       2.0188
   14375       2.0928
   14376       2.0877
   14377       2.0342
   14378       2.0250
   14379       2.0833
   14380       2.0400
   14381       1.9772
   14382       2.0213
   14383       2.0487
   14384       1.9667
   14385       1.8155
   14386       1.9636
   14387       1.9482
   14388       1.8930
   14389       1.9029
   14390       1.9628
   14391       2.0676
   14392       2.0627
   14393       1.8907
   14394       1.9950
   14395       1.8723
   14396       1.8910
   14397       1.7744
   14398       1.8879
   14399       1.8460
   14400       1.9224
   14401       1.8638
   14402       1.8890
   14403       2.0088
   14404       1.9678
   14405       1.8900
   14406       2.0128
   14407       2.0351
   14408       1.9322
   14409       1.9195
   14410       1.8835
   14411       1.8660
   14412       1.8840
   14413       1.8746
   14414       1.9634
   14415       1.9115
   14416       1.9554
   14417       1.8446
   14418       1.9107
   14419       1.9034
   14420       1.8383
   14421       1.8723
   14422       1.8668
   14423       1.8519
   14424       1.7880
   14425       1.7818
   14426       1.8248
   14427       1.8716
   14428       1.8952
   14429       1.9141
   14430       1.8157
   14431       1.8640
   14432       1.6037
   14433       1.8261
   14434       1.7893
   14435       2.0065
   14436       1.9448
   14437       1.9243
   14438       1.9500
   14439       1.9168
   14440       1.9287
   14441       1.8832
   14442       1.9314
   14443       1.8402
   14444       1.7787
   14445       1.8317
   14446       1.8223
   14447       1.8302
   14448       1.9156
   14449       1.8855
   14450       1.7637
   14451       1.8319
   14452       1.8628
   14453       1.8314
   14454       1.8957
   14455       1.8868
   14456       1.8812
   14457       1.9756
   14458       1.9600
   14459       2.0971
   14460       2.1803
   14461       1.9349
   14462       1.9175
   14463       2.0708
   14464       1.9676
   14465       1.9349
   14466       1.8743
   14467       1.9906
   14468       1.9515
   14469       1.9929
   14470       1.9765
   14471       1.9665
   14472       1.8614
   14473       1.8828
   14474       1.9350
   14475       1.9481
   14476       1.9790
   14477       1.9432
   14478       2.0734
   14479       1.9699
   14480       2.0570
   14481       2.0664
   14482       1.9754
   14483       2.0152
   14484       1.8671
   14485       1.7667
   14486       1.8769
   14487       1.9448
   14488       1.8631
   14489       1.7291
   14490       1.8271
   14491       1.8999
   14492       1.9454
   14493       1.8723
   14494       1.9956
   14495       2.0475
   14496       2.1328
   14497       2.0717
   14498       2.0718
   14499       2.0141
   14500       2.0313
   14501       1.8313
   14502       1.8056
   14503       1.9522
   14504       1.9760
   14505       1.9338
   14506       1.8664
   14507       1.9506
   14508       1.9666
   14509       1.8468
   14510       1.9010
   14511       1.9120
   14512       2.0319
   14513       1.9504
   14514       1.9772
   14515       1.9107
   14516       2.0179
   14517       1.9935
   14518       1.9811
   14519       1.8086
   14520       1.9608
   14521       1.9273
   14522       1.9544
   14523       1.9251
   14524       1.9276
   14525       1.8109
   14526       1.8451
   14527       1.8998
   14528       1.8952
   14529       1.9664
   14530       1.7821
   14531       1.8764
   14532       1.9200
   14533       2.0125
   14534       1.8361
   14535       1.9588
   14536       1.9510
   14537       1.8687
   14538       2.0075
   14539       1.9423
   14540       1.9389
   14541       2.0031
   14542       1.9135
   14543       1.8487
   14544       2.0061
   14545       1.9370
   14546       1.9255
   14547       2.0544
   14548       1.9635
   14549       2.1090
   14550       1.9932
   14551       2.1291
   14552       1.9281
   14553       2.1458
   14554       2.0786
   14555       2.2062
   14556       2.2956
   14557       2.2483
   14558       2.1040
   14559       2.1782
   14560       2.1462
   14561       2.1111
   14562       2.1884
   14563       2.2581
   14564       2.1670
   14565       2.1865
   14566       2.0765
   14567       2.0251
   14568       2.1705
   14569       2.2458
   14570       2.1787
   14571       2.2100
   14572       2.1772
   14573       2.0441
   14574       2.0501
   14575       2.0748
   14576       2.0582
   14577       2.0209
   14578       2.1327
   14579       2.0029
   14580       1.9496
   14581       2.1106
   14582       2.0601
   14583       2.1081
   14584       2.0632
   14585       1.9648
   14586       2.0326
   14587       2.0914
   14588       2.1076
   14589       2.1691
   14590       2.0072
   14591       2.0396
   14592       1.9947
   14593       1.9532
   14594       1.9756
   14595       1.9195
   14596       1.9506
   14597       2.0747
   14598       2.0417
   14599       1.9261
   14600       2.0030
   14601       1.9190
   14602       1.8479
   14603       1.9466
   14604       2.0038
   14605       2.0714
   14606       2.0012
   14607       2.1120
   14608       2.0725
   14609       2.0775
   14610       2.0646
   14611       1.9292
   14612       1.8280
   14613       1.8557
   14614       1.9019
   14615       1.9592
   14616       1.8777
   14617       1.8786
   14618       1.9813
   14619       1.8513
   14620       1.7985
   14621       1.8206
   14622       1.9152
   14623       1.8760
   14624       1.9164
   14625       1.9071
   14626       1.9276
   14627       1.8216
   14628       1.8235
   14629       1.8755
   14630       1.9616
   14631       1.9034
   14632       1.9189
   14633       1.8446
   14634       1.8507
   14635       1.7825
   14636       1.8048
   14637       1.8656
   14638       1.6855
   14639       1.8113
   14640       1.9655
   14641       1.8603
   14642       1.7537
   14643       1.8416
   14644       1.7637
   14645       1.8402
   14646       1.7224
   14647       1.8275
   14648       1.8052
   14649       1.9467
   14650       2.0078
   14651       2.0042
   14652       2.0376
   14653       2.0627
   14654       1.8999
   14655       1.9819
   14656       1.9260
   14657       1.9237
   14658       2.0630
   14659       2.1058
   14660       2.0353
   14661       1.8644
   14662       2.0032
   14663       1.9346
   14664       1.9482
   14665       1.8983
   14666       1.8767
   14667       1.9299
   14668       2.0626
   14669       1.9277
   14670       1.8977
   14671       1.9725
   14672       1.8899
   14673       1.8603
   14674       1.8266
   14675       2.0076
   14676       1.9511
   14677       1.9396
   14678       1.9752
   14679       2.0451
   14680       1.9734
   14681       2.0691
   14682       2.0019
   14683       1.9240
   14684       1.9875
   14685       2.0182
   14686       1.9901
   14687       2.1159
   14688       2.0120
   14689       1.8531
   14690       1.6809
   14691       1.7654
   14692       1.7454
   14693       1.8653
   14694       1.8906
   14695       1.8586
   14696       1.8316
   14697       1.8729
   14698       1.8519
   14699       1.9770
   14700       1.8336
   14701       1.8517
   14702       1.8121
   14703       1.8011
   14704       1.9791
   14705       1.8885
   14706       2.0450
   14707       1.8992
   14708       1.9514
   14709       1.9052
   14710       2.0355
   14711       1.8644
   14712       2.0973
   14713       2.0555
   14714       2.0125
   14715       1.8950
   14716       1.9697
   14717       2.0651
   14718       1.9915
   14719       2.0875
   14720       1.9408
   14721       1.9280
   14722       2.0032
   14723       1.9869
   14724       2.0817
   14725       1.8278
   14726       1.9814
   14727       1.9237
   14728       1.8556
   14729       1.9558
   14730       1.8723
   14731       1.7873
   14732       1.8112
   14733       1.6780
   14734       1.9043
   14735       1.7223
   14736       1.8385
   14737       1.8107
   14738       1.9091
   14739       1.8356
   14740       1.7497
   14741       1.8848
   14742       1.7552
   14743       1.7588
   14744       1.7327
   14745       1.8048
   14746       1.7399
   14747       1.7296
   14748       1.9440
   14749       1.8962
   14750       1.7645
   14751       1.8867
   14752       1.8261
   14753       1.8830
   14754       1.8259
   14755       1.7866
   14756       1.8889
   14757       1.9566
   14758       1.7855
   14759       1.8171
   14760       1.7530
   14761       1.7116
   14762       1.7868
   14763       1.7557
   14764       1.7377
   14765       1.7062
   14766       1.7878
   14767       1.7131
   14768       1.8859
   14769       1.7848
   14770       1.8743
   14771       1.9092
   14772       1.7654
   14773       1.8863
   14774       1.8801
   14775       1.9111
   14776       1.8418
   14777       1.8463
   14778       1.8032
   14779       1.8643
   14780       1.8857
   14781       1.7788
   14782       1.8339
   14783       1.7584
   14784       1.7738
   14785       1.8914
   14786       1.7747
   14787       1.7246
   14788       1.7395
   14789       1.7929
   14790       1.8497
   14791       1.9265
   14792       1.8805
   14793       1.9270
   14794       1.9001
   14795       1.8724
   14796       1.8373
   14797       1.8296
   14798       1.9027
   14799       1.8735
   14800       1.8750
   14801       1.8420
   14802       1.8745
   14803       1.8231
   14804       1.9874
   14805       1.8347
   14806       1.8577
   14807       1.7295
   14808       1.7946
   14809       1.7967
   14810       1.8918
   14811       1.9549
   14812       1.9119
   14813       1.9044
   14814       1.8909
   14815       1.9175
   14816       1.8758
   14817       2.0132
   14818       2.0089
   14819       2.0148
   14820       1.9428
   14821       2.0225
   14822       1.9076
   14823       1.9195
   14824       1.9706
   14825       2.1500
   14826       1.9595
   14827       2.0212
   14828       1.8548
   14829       2.0208
   14830       2.0582
   14831       2.0780
   14832       1.9616
   14833       1.9965
   14834       1.9886
   14835       2.0870
   14836       2.0119
   14837       1.8937
   14838       1.9730
   14839       1.9590
   14840       2.0511
   14841       1.8900
   14842       1.9548
   14843       2.0194
   14844       2.0002
   14845       2.0073
   14846       2.0010
   14847       1.9698
   14848       1.8521
   14849       1.9687
   14850       2.0231
   14851       1.9163
   14852       2.0124
   14853       1.9213
   14854       2.0486
   14855       1.9498
   14856       1.8015
   14857       1.8698
   14858       1.8436
   14859       1.8716
   14860       1.8344
   14861       1.9827
   14862       1.8491
   14863       1.9629
   14864       1.9590
   14865       1.8266
   14866       1.8123
   14867       1.9879
   14868       1.9882
   14869       2.0023
   14870       1.9261
   14871       2.1348
   14872       2.0207
   14873       1.9201
   14874       2.0847
   14875       2.1593
   14876       2.0665
   14877       2.0310
   14878       1.8253
   14879       2.0057
   14880       1.9721
   14881       2.1091
   14882       2.1178
   14883       2.0205
   14884       1.9147
   14885       1.9941
   14886       1.9959
   14887       1.9135
   14888       1.9418
   14889       1.9413
   14890       1.9473
   14891       2.0237
   14892       2.0246
   14893       2.1016
   14894       2.0176
   14895       2.0130
   14896       1.9565
   14897       1.9490
   14898       2.0348
   14899       1.9964
   14900       1.9525
   14901       2.0911
   14902       1.8388
   14903       1.8596
   14904       1.8440
   14905       1.8852
   14906       1.9109
   14907       2.0090
   14908       2.0310
   14909       2.0949
   14910       2.0412
   14911       2.0236
   14912       2.1131
   14913       2.0158
   14914       1.8717
   14915       1.9510
   14916       1.9519
   14917       1.9830
   14918       1.9243
   14919       1.8826
   14920       1.8486
   14921       1.8500
   14922       1.9319
   14923       1.9668
   14924       1.9219
   14925       1.8808
   14926       1.7720
   14927       1.8782
   14928       1.9863
   14929       1.9422
   14930       2.0627
   14931       1.8583
   14932       1.7828
   14933       1.9047
   14934       1.9212
   14935       1.8801
   14936       1.8570
   14937       1.8764
   14938       1.9022
   14939       1.9926
   14940       2.0476
   14941       1.8965
   14942       2.0836
   14943       2.0381
   14944       2.0958
   14945       2.0481
   14946       2.0018
   14947       2.0221
   14948       2.0023
   14949       1.9631
   14950       1.9341
   14951       1.9759
   14952       2.1182
   14953       1.9175
   14954       1.9804
   14955       1.9238
   14956       1.9467
   14957       2.0681
   14958       2.0398
   14959       2.0320
   14960       2.1153
   14961       1.9308
   14962       1.9405
   14963       1.9595
   14964       1.9443
   14965       2.0840
   14966       1.9467
   14967       1.9209
   14968       2.0381
   14969       2.0753
   14970       1.9063
   14971       1.9075
   14972       1.9310
   14973       1.8712
   14974       1.9882
   14975       1.9734
   14976       2.0903
   14977       2.0499
   14978       1.8928
   14979       1.9570
   14980       1.9623
   14981       2.1296
   14982       1.9370
   14983       1.9982
   14984       1.9661
   14985       1.9353
   14986       2.0110
   14987       1.9029
   14988       2.0984
   14989       2.0057
   14990       1.9988
   14991       2.0829
   14992       2.0552
   14993       2.0008
   14994       2.0871
   14995       1.9593
   14996       1.9214
   14997       1.8124
   14998       1.9864
   14999       2.0499
   15000       1.8805
   15001       1.9386
   15002       1.8564
   15003       1.8118
   15004       1.9644
   15005       1.8497
   15006       2.0006
   15007       2.1055
   15008       1.8756
   15009       2.0644
   15010       1.8670
   15011       1.8609
   15012       1.8371
   15013       1.8810
   15014       1.7957
   15015       1.7833
   15016       1.7117
   15017       1.8540
   15018       1.8072
   15019       1.8563
   15020       1.8854
   15021       1.8295
   15022       1.9423
   15023       1.8337
   15024       1.9535
   15025       1.9349
   15026       1.9599
   15027       2.0189
   15028       2.0222
   15029       1.9453
   15030       1.9724
   15031       1.9123
   15032       2.0021
   15033       1.9234
   15034       2.0109
   15035       1.8510
   15036       2.0054
   15037       1.9537
   15038       1.9630
   15039       1.8800
   15040       2.0701
   15041       1.9902
   15042       2.0799
   15043       1.9446
   15044       1.9823
   15045       2.0042
   15046       1.9213
   15047       1.9699
   15048       2.1339
   15049       2.0875
   15050       2.0892
   15051       1.9451
   15052       1.9745
   15053       2.0196
   15054       2.0114
   15055       1.9320
   15056       2.0886
   15057       1.9614
   15058       1.9569
   15059       2.0252
   15060       1.9880
   15061       1.9534
   15062       2.0816
   15063       1.8804
   15064       1.9580
   15065       2.0511
   15066       2.0682
   15067       1.9038
   15068       1.9216
   15069       2.0213
   15070       1.9584
   15071       1.9548
   15072       1.9088
   15073       1.8950
   15074       2.0174
   15075       1.9068
   15076       1.9014
   15077       1.9095
   15078       1.9387
   15079       1.9892
   15080       1.9808
   15081       1.9573
   15082       2.0205
   15083       2.0162
   15084       1.9988
   15085       1.8221
   15086       1.9517
   15087       1.7695
   15088       1.9592
   15089       2.0092
   15090       1.8257
   15091       1.7337
   15092       1.8195
   15093       1.9681
   15094       1.8580
   15095       1.8567
   15096       1.7905
   15097       1.8860
   15098       1.8550
   15099       1.8499
   15100       1.9542
   15101       1.7606
   15102       1.9108
   15103       1.9127
   15104       1.9472
   15105       1.8332
   15106       1.8868
   15107       1.7901
   15108       1.7623
   15109       1.8734
   15110       1.9069
   15111       1.8446
   15112       1.8222
   15113       1.9135
   15114       1.8069
   15115       1.7252
   15116       1.9041
   15117       1.9997
   15118       1.9475
   15119       1.9543
   15120       2.0174
   15121       1.9726
   15122       1.9498
   15123       1.8134
   15124       1.9147
   15125       1.8933
   15126       1.9197
   15127       1.9814
   15128       1.9700
   15129       1.9600
   15130       1.9971
   15131       1.8977
   15132       1.8859
   15133       1.9200
   15134       1.8773
   15135       1.9100
   15136       1.8851
   15137       1.9445
   15138       1.9916
   15139       1.8598
   15140       1.9107
   15141       1.8857
   15142       1.8977
   15143       2.0245
   15144       1.9236
   15145       1.9166
   15146       1.9279
   15147       1.8539
   15148       1.8191
   15149       1.9244
   15150       1.9008
   15151       1.9837
   15152       1.9169
   15153       2.1241
   15154       1.9374
   15155       1.9747
   15156       2.0361
   15157       2.0053
   15158       1.9465
   15159       1.9953
   15160       1.9547
   15161       2.0288
   15162       2.0214
   15163       1.9461
   15164       1.9780
   15165       1.8712
   15166       1.9492
   15167       2.0523
   15168       1.9894
   15169       2.0034
   15170       1.9607
   15171       1.9233
   15172       2.1064
   15173       1.9487
   15174       2.0297
   15175       2.0478
   15176       1.9680
   15177       1.7718
   15178       1.8473
   15179       1.9091
   15180       1.8709
   15181       1.6666
   15182       1.8327
   15183       1.9446
   15184       1.8884
   15185       1.9142
   15186       2.0398
   15187       1.9303
   15188       2.1043
   15189       1.8752
   15190       1.9308
   15191       1.9153
   15192       1.8274
   15193       1.8552
   15194       1.9634
   15195       1.9775
   15196       1.9549
   15197       2.0012
   15198       1.9390
   15199       1.9116
   15200       1.9068
   15201       1.8276
   15202       1.8596
   15203       1.8428
   15204       1.8702
   15205       1.9273
   15206       1.8219
   15207       1.9454
   15208       1.8859
   15209       1.8136
   15210       1.8733
   15211       1.8740
   15212       1.9928
   15213       2.0807
   15214       1.9427
   15215       1.9605
   15216       1.9901
   15217       1.8598
   15218       1.8853
   15219       1.9347
   15220       1.9115
   15221       2.0235
   15222       1.9521
   15223       1.8773
   15224       1.8406
   15225       1.9333
   15226       2.0634
   15227       1.9433
   15228       1.9990
   15229       2.0625
   15230       1.9694
   15231       1.9884
   15232       2.0459
   15233       2.0273
   15234       1.9669
   15235       1.7952
   15236       1.8984
   15237       1.8284
   15238       1.7701
   15239       1.8998
   15240       1.8425
   15241       1.8499
   15242       1.8271
   15243       1.8114
   15244       1.7945
   15245       1.8648
   15246       1.7915
   15247       1.8159
   15248       1.9248
   15249       1.8292
   15250       1.8344
   15251       1.8513
   15252       1.9487
   15253       1.8147
   15254       1.9111
   15255       2.0082
   15256       2.1010
   15257       2.0855
   15258       2.1398
   15259       1.9434
   15260       1.9232
   15261       1.9009
   15262       1.8631
   15263       1.8872
   15264       1.8989
   15265       1.8114
   15266       1.9063
   15267       1.8345
   15268       1.8189
   15269       1.9941
   15270       1.9101
   15271       1.8905
   15272       1.9069
   15273       1.7682
   15274       1.9211
   15275       1.9830
   15276       1.9172
   15277       1.9464
   15278       1.8763
   15279       1.9993
   15280       1.9901
   15281       1.9048
   15282       1.9640
   15283       1.9388
   15284       1.9199
   15285       1.9594
   15286       1.9575
   15287       2.0063
   15288       1.9291
   15289       1.9370
   15290       1.9500
   15291       1.8520
   15292       2.0111
   15293       1.9252
   15294       1.8840
   15295       2.0209
   15296       1.8499
   15297       1.9771
   15298       1.9809
   15299       1.9274
   15300       1.9022
   15301       1.9179
   15302       1.9181
   15303       2.0210
   15304       1.9616
   15305       1.8699
   15306       1.8885
   15307       2.0376
   15308       1.8820
   15309       1.9300
   15310       1.9357
   15311       1.8584
   15312       1.8628
   15313       1.9191
   15314       1.9605
   15315       1.9495
   15316       1.9355
   15317       2.0669
   15318       1.9099
   15319       2.0696
   15320       1.9983
   15321       1.8037
   15322       1.8718
   15323       1.8519
   15324       1.8487
   15325       1.8809
   15326       1.8204
   15327       1.8701
   15328       1.7470
   15329       1.8686
   15330       1.8489
   15331       1.8575
   15332       1.9429
   15333       2.0523
   15334       2.1343
   15335       2.0268
   15336       2.1428
   15337       2.1508
   15338       2.0379
   15339       2.0324
   15340       1.9517
   15341       1.9710
   15342       1.9591
   15343       1.8929
   15344       1.9957
   15345       2.0074
   15346       1.8092
   15347       1.9866
   15348       1.9618
   15349       1.8523
   15350       1.9765
   15351       2.0151
   15352       1.9947
   15353       1.9709
   15354       1.8445
   15355       1.9096
   15356       1.8677
   15357       1.8394
   15358       1.7442
   15359       1.8607
   15360       1.8986
   15361       1.8767
   15362       1.8833
   15363       1.7875
   15364       1.7904
   15365       1.9053
   15366       1.8272
   15367       1.9138
   15368       1.8540
   15369       1.8588
   15370       1.9243
   15371       1.9625
   15372       2.0241
   15373       1.9621
   15374       1.9202
   15375       2.0327
   15376       1.8171
   15377       1.9779
   15378       2.0680
   15379       1.8289
   15380       1.8643
   15381       1.9596
   15382       2.0341
   15383       1.8718
   15384       1.8457
   15385       1.8921
   15386       1.8742
   15387       1.9283
   15388       1.8382
   15389       1.9769
   15390       1.9678
   15391       1.9287
   15392       1.8572
   15393       1.9248
   15394       1.7893
   15395       1.8807
   15396       1.8357
   15397       1.9419
   15398       1.8554
   15399       1.9228
   15400       1.8565
   15401       1.8372
   15402       1.7450
   15403       1.8248
   15404       1.8857
   15405       1.8860
   15406       1.8336
   15407       1.9081
   15408       2.0550
   15409       1.9777
   15410       1.8613
   15411       1.8830
   15412       1.8551
   15413       1.8614
   15414       1.8169
   15415       1.7547
   15416       1.8956
   15417       1.9701
   15418       1.8560
   15419       1.9482
   15420       1.9058
   15421       2.0077
   15422       2.0723
   15423       2.0022
   15424       1.9786
   15425       1.9411
   15426       1.8550
   15427       1.8548
   15428       1.8682
   15429       1.9017
   15430       1.9671
   15431       1.9536
   15432       1.8511
   15433       1.8844
   15434       2.0393
   15435       2.0542
   15436       1.9403
   15437       2.0501
   15438       1.8297
   15439       1.8322
   15440       1.9288
   15441       1.7793
   15442       1.7706
   15443       1.8666
   15444       1.7024
   15445       1.8097
   15446       1.7366
   15447       1.7434
   15448       1.7207
   15449       1.7462
   15450       1.6557
   15451       1.8368
   15452       1.6815
   15453       1.7028
   15454       1.7374
   15455       1.6439
   15456       1.7690
   15457       1.6973
   15458       1.6985
   15459       1.8314
   15460       1.7711
   15461       1.7329
   15462       1.7877
   15463       1.8957
   15464       1.8477
   15465       1.8199
   15466       1.7934
   15467       1.7304
   15468       1.8374
   15469       1.9169
   15470       1.7868
   15471       1.7510
   15472       1.8836
   15473       1.7541
   15474       1.7722
   15475       1.8377
   15476       1.8200
   15477       1.7416
   15478       1.6278
   15479       1.7022
   15480       1.9561
   15481       1.9172
   15482       1.8229
   15483       1.8136
   15484       1.8614
   15485       1.8509
   15486       1.8410
   15487       1.8363
   15488       1.8273
   15489       1.6774
   15490       1.7027
   15491       1.8415
   15492       1.7780
   15493       1.7188
   15494       1.6676
   15495       1.7323
   15496       1.7546
   15497       1.7109
   15498       1.7517
   15499       1.7512
   15500       1.8105
   15501       1.9081
   15502       1.8503
   15503       1.6423
   15504       1.6843
   15505       1.7850
   15506       1.7475
   15507       1.7698
   15508       1.6588
   15509       1.7725
   15510       1.8129
   15511       1.8823
   15512       1.8460
   15513       1.8328
   15514       1.7325
   15515       1.7998
   15516       1.6755
   15517       1.8104
   15518       1.8979
   15519       1.8652
   15520       1.7940
   15521       1.7607
   15522       1.7600
   15523       1.7690
   15524       1.7434
   15525       1.7794
   15526       1.8126
   15527       1.8181
   15528       1.8135
   15529       1.9593
   15530       1.8925
   15531       1.8390
   15532       1.8597
   15533       1.9130
   15534       1.9338
   15535       1.8447
   15536       1.8160
   15537       1.9106
   15538       1.8644
   15539       1.8752
   15540       1.9074
   15541       1.9338
   15542       1.8509
   15543       1.9336
   15544       1.8206
   15545       1.9344
   15546       1.8295
   15547       1.8739
   15548       1.9275
   15549       2.0799
   15550       1.9331
   15551       1.8512
   15552       1.8832
   15553       1.7474
   15554       1.8070
   15555       1.8597
   15556       1.8896
   15557       1.9390
   15558       1.8495
   15559       1.9124
   15560       1.8695
   15561       1.9141
   15562       1.9343
   15563       1.9629
   15564       1.9469
   15565       1.9164
   15566       1.8167
   15567       1.8277
   15568       1.7637
   15569       1.8503
   15570       1.8766
   15571       1.8525
   15572       1.7690
   15573       1.9115
   15574       1.9013
   15575       1.8822
   15576       1.9626
   15577       1.9239
   15578       1.7843
   15579       1.9033
   15580       1.7791
   15581       1.8023
   15582       1.7906
   15583       1.7884
   15584       1.8098
   15585       1.8811
   15586       1.7884
   15587       1.8744
   15588       1.8376
   15589       1.7470
   15590       1.7986
   15591       1.7443
   15592       1.7694
   15593       1.7635
   15594       1.6937
   15595       1.6637
   15596       1.7909
   15597       1.8516
   15598       1.8221
   15599       1.8681
   15600       1.7892
   15601       1.8031
   15602       1.8326
   15603       1.9157
   15604       1.8863
   15605       1.8156
   15606       1.7890
   15607       1.8429
   15608       1.8145
   15609       1.8385
   15610       1.7820
   15611       1.8725
   15612       1.8296
   15613       1.7056
   15614       1.8367
   15615       1.6570
   15616       1.7657
   15617       1.8096
   15618       1.6937
   15619       1.7727
   15620       1.7918
   15621       1.7949
   15622       1.8226
   15623       1.8120
   15624       1.8619
   15625       1.8637
   15626       1.8938
   15627       1.7593
   15628       1.8108
   15629       1.8467
   15630       1.7386
   15631       1.7766
   15632       1.8691
   15633       1.8417
   15634       1.7752
   15635       1.6894
   15636       1.7157
   15637       1.7116
   15638       1.7754
   15639       1.8515
   15640       1.8898
   15641       1.8547
   15642       1.8642
   15643       1.8427
   15644       1.8481
   15645       1.8043
   15646       1.7233
   15647       1.8300
   15648       1.7797
   15649       1.8818
   15650       1.9521
   15651       1.8313
   15652       1.8020
   15653       1.8945
   15654       1.8388
   15655       1.9032
   15656       1.7534
   15657       1.7879
   15658       1.8257
   15659       1.8803
   15660       1.9618
   15661       1.9929
   15662       1.8783
   15663       1.9027
   15664       1.9406
   15665       1.9194
   15666       1.9068
   15667       1.9117
   15668       1.9479
   15669       1.9677
   15670       2.0187
   15671       2.0847
   15672       1.9391
   15673       1.9185
   15674       1.9857
   15675       1.9791
   15676       2.0237
   15677       1.9681
   15678       1.8425
   15679       1.8726
   15680       1.9718
   15681       1.9367
   15682       1.9577
   15683       1.9321
   15684       2.0241
   15685       2.0752
   15686       1.9765
   15687       2.0185
   15688       2.0269
   15689       1.9976
   15690       1.9256
   15691       2.0402
   15692       1.9464
   15693       1.9351
   15694       2.0581
   15695       2.0646
   15696       1.9895
   15697       2.0072
   15698       1.8513
   15699       1.8842
   15700       1.9617
   15701       1.9095
   15702       1.9854
   15703       2.0461
   15704       1.9829
   15705       1.8904
   15706       1.9433
   15707       1.9010
   15708       1.9569
   15709       1.8520
   15710       1.8108
   15711       1.8682
   15712       1.9895
   15713       1.8645
   15714       1.9523
   15715       1.9242
   15716       2.0040
   15717       1.9062
   15718       1.8653
   15719       1.8980
   15720       1.9101
   15721       2.0168
   15722       1.9527
   15723       1.9301
   15724       1.8310
   15725       2.0496
   15726       1.9227
   15727       1.8452
   15728       1.9324
   15729       1.8426
   15730       1.8972
   15731       1.8386
   15732       1.8693
   15733       1.8543
   15734       1.8841
   15735       1.8716
   15736       1.9703
   15737       2.0304
   15738       1.9410
   15739       1.9682
   15740       2.0093
   15741       1.9347
   15742       2.0171
   15743       2.0212
   15744       1.9458
   15745       1.9200
   15746       1.8551
   15747       1.9277
   15748       2.0218
   15749       1.9128
   15750       2.0367
   15751       1.8929
   15752       1.8576
   15753       1.9673
   15754       1.7599
   15755       1.7878
   15756       1.7791
   15757       1.8707
   15758       1.8299
   15759       2.0458
   15760       2.0103
   15761       1.9069
   15762       2.0137
   15763       1.8599
   15764       1.9516
   15765       1.8874
   15766       1.9060
   15767       1.7570
   15768       1.8314
   15769       1.8560
   15770       1.9260
   15771       1.9346
   15772       1.8385
   15773       1.9710
   15774       1.8627
   15775       1.8445
   15776       1.8423
   15777       1.8401
   15778       1.8390
   15779       1.8381
   15780       1.9277
   15781       2.0044
   15782       1.9804
   15783       1.9544
   15784       1.9472
   15785       1.9789
   15786       1.9810
   15787       1.9309
   15788       1.9781
   15789       1.9202
   15790       1.8271
   15791       1.8193
   15792       1.9660
   15793       1.9499
   15794       1.9413
   15795       2.1429
   15796       1.9885
   15797       1.9972
   15798       1.9772
   15799       1.9033
   15800       1.8627
   15801       1.8225
   15802       1.9116
   15803       1.8280
   15804       1.8779
   15805       1.9310
   15806       1.9914
   15807       1.8233
   15808       1.8272
   15809       1.7859
   15810       1.8206
   15811       1.8969
   15812       1.7929
   15813       1.8084
   15814       1.8395
   15815       1.8649
   15816       1.8730
   15817       1.7345
   15818       1.8429
   15819       1.7910
   15820       1.8280
   15821       1.7463
   15822       1.7064
   15823       1.7859
   15824       1.8162
   15825       1.8071
   15826       1.7533
   15827       1.8302
   15828       1.8267
   15829       1.7867
   15830       1.8698
   15831       1.8458
   15832       1.9262
   15833       1.8752
   15834       1.7975
   15835       1.9533
   15836       1.9748
   15837       1.9835
   15838       1.9037
   15839       1.8858
   15840       1.8822
   15841       1.9158
   15842       1.9163
   15843       1.8856
   15844       1.9172
   15845       1.8869
   15846       1.9596
   15847       1.9047
   15848       1.9459
   15849       2.0389
   15850       1.9766
   15851       1.8769
   15852       1.8637
   15853       1.8230
   15854       1.8072
   15855       1.9383
   15856       2.0959
   15857       1.9388
   15858       1.9186
   15859       2.0702
   15860       1.8940
   15861       1.8411
   15862       1.7994
   15863       1.8489
   15864       1.8092
   15865       1.8749
   15866       1.8897
   15867       1.8287
   15868       1.8579
   15869       1.9514
   15870       1.9888
   15871       1.9061
   15872       1.9744
   15873       1.9204
   15874       1.9012
   15875       1.9892
   15876       2.0050
   15877       1.7755
   15878       1.9905
   15879       1.9594
   15880       1.7864
   15881       1.7413
   15882       1.7771
   15883       1.8459
   15884       1.8656
   15885       1.7582
   15886       1.7192
   15887       1.7027
   15888       1.8457
   15889       1.7688
   15890       1.8058
   15891       1.8948
   15892       1.8956
   15893       1.8662
   15894       2.0729
   15895       1.7642
   15896       2.0065
   15897       1.9429
   15898       1.9377
   15899       1.9127
   15900       2.0194
   15901       1.9030
   15902       1.9312
   15903       1.8878
   15904       1.8466
   15905       1.9255
   15906       1.8435
   15907       1.8628
   15908       1.8276
   15909       1.8733
   15910       1.8876
   15911       1.8712
   15912       1.9901
   15913       1.9609
   15914       1.7909
   15915       1.8099
   15916       1.8868
   15917       1.9319
   15918       1.8405
   15919       1.8842
   15920       1.8768
   15921       1.9377
   15922       1.8333
   15923       1.8646
   15924       1.8475
   15925       1.7286
   15926       1.8747
   15927       2.0632
   15928       2.0532
   15929       2.0482
   15930       1.9970
   15931       1.9536
   15932       1.9669
   15933       2.0131
   15934       1.9464
   15935       1.9736
   15936       2.0126
   15937       2.0913
   15938       1.9340
   15939       1.8485
   15940       1.8300
   15941       1.9227
   15942       1.9408
   15943       1.8546
   15944       1.9380
   15945       1.9137
   15946       1.9260
   15947       1.8160
   15948       1.8169
   15949       1.8842
   15950       1.8922
   15951       1.9322
   15952       1.8727
   15953       1.9110
   15954       1.9446
   15955       1.9566
   15956       1.9240
   15957       1.9986
   15958       1.8497
   15959       1.9400
   15960       1.9050
   15961       1.8019
   15962       1.8422
   15963       1.8038
   15964       1.9144
   15965       1.7630
   15966       1.7893
   15967       1.8364
   15968       1.8880
   15969       1.9176
   15970       2.0333
   15971       1.9681
   15972       1.8899
   15973       1.8780
   15974       1.9565
   15975       1.9379
   15976       1.8898
   15977       1.9105
   15978       2.0326
   15979       1.9752
   15980       1.9973
   15981       1.7780
   15982       1.8017
   15983       1.7673
   15984       1.7466
   15985       1.7350
   15986       1.7824
   15987       1.7561
   15988       1.7163
   15989       1.8461
   15990       1.8701
   15991       1.8083
   15992       1.7794
   15993       1.8864
   15994       1.9522
   15995       1.9341
   15996       1.7630
   15997       1.8897
   15998       1.7829
   15999       1.7542
   16000       1.7478
   16001       1.8278
   16002       1.7485
   16003       1.8115
   16004       1.8316
   16005       1.9031
   16006       1.9856
   16007       1.9981
   16008       1.8957
   16009       1.9357
   16010       1.9347
   16011       1.9559
   16012       2.0624
   16013       1.9131
   16014       1.8240
   16015       1.8675
   16016       1.7778
   16017       1.7797
   16018       1.8353
   16019       1.7917
   16020       1.8870
   16021       1.8347
   16022       1.8377
   16023       1.8938
   16024       1.9979
   16025       1.9262
   16026       1.8672
   16027       1.9442
   16028       2.0604
   16029       1.9539
   16030       1.9861
   16031       2.0020
   16032       2.0173
   16033       1.9233
   16034       1.8800
   16035       1.8478
   16036       1.9567
   16037       2.1414
   16038       1.9492
   16039       2.0023
   16040       1.9476
   16041       1.8273
   16042       1.9373
   16043       1.9795
   16044       1.9762
   16045       2.0587
   16046       2.0645
   16047       2.0385
   16048       2.1097
   16049       1.9901
   16050       2.0890
   16051       1.9770
   16052       1.9482
   16053       1.8863
   16054       1.9001
   16055       1.9299
   16056       1.9766
   16057       1.9096
   16058       1.9214
   16059       1.8722
   16060       1.9093
   16061       1.9426
   16062       1.9003
   16063       1.8578
   16064       1.9289
   16065       2.0545
   16066       1.9707
   16067       1.8146
   16068       1.8344
   16069       1.8900
   16070       1.9431
   16071       1.9723
   16072       1.9457
   16073       1.8931
   16074       1.8663
   16075       2.0579
   16076       2.0435
   16077       1.9465
   16078       1.9451
   16079       2.0168
   16080       2.0371
   16081       2.0087
   16082       1.9319
   16083       1.9693
   16084       2.0095
   16085       2.0172
   16086       1.9078
   16087       1.9520
   16088       1.9696
   16089       1.9486
   16090       1.9482
   16091       2.1227
   16092       1.9534
   16093       1.9044
   16094       1.9750
   16095       2.0101
   16096       1.9323
   16097       2.0780
   16098       1.9568
   16099       1.9693
   16100       2.0743
   16101       2.0299
   16102       1.9614
   16103       1.9926
   16104       2.0878
   16105       2.1471
   16106       2.0469
   16107       2.0422
   16108       1.9907
   16109       1.9876
   16110       2.0823
   16111       2.0346
   16112       1.8496
   16113       2.0099
   16114       1.9181
   16115       1.8004
   16116       1.8645
   16117       1.9196
   16118       1.9993
   16119       1.9248
   16120       2.0344
   16121       1.9518
   16122       2.0616
   16123       2.0070
   16124       2.0073
   16125       1.9924
   16126       2.0342
   16127       2.0610
   16128       2.1159
   16129       1.8808
   16130       2.0742
   16131       1.9382
   16132       1.9120
   16133       1.9984
   16134       1.9617
   16135       1.9939
   16136       1.8366
   16137       1.8314
   16138       1.8226
   16139       1.8641
   16140       1.8651
   16141       1.8750
   16142       2.0229
   16143       2.0382
   16144       1.8748
   16145       1.8829
   16146       1.8912
   16147       1.7962
   16148       1.8406
   16149       1.8774
   16150       1.8268
   16151       1.8162
   16152       1.8938
   16153       1.8411
   16154       1.8635
   16155       1.8201
   16156       1.9326
   16157       1.7543
   16158       1.8228
   16159       1.7287
   16160       1.7911
   16161       1.8421
   16162       1.8303
   16163       1.8105
   16164       1.8178
   16165       1.8882
   16166       1.8751
   16167       1.9227
   16168       1.9014
   16169       1.8161
   16170       1.8921
   16171       1.8310
   16172       1.8646
   16173       1.8090
   16174       1.8247
   16175       1.8978
   16176       1.9368
   16177       1.8456
   16178       1.8411
   16179       1.7458
   16180       1.7461
   16181       1.8305
   16182       1.7885
   16183       1.8300
   16184       1.7822
   16185       1.8520
   16186       1.8079
   16187       1.7066
   16188       1.8120
   16189       1.8180
   16190       1.8264
   16191       1.8273
   16192       1.7894
   16193       1.7391
   16194       1.7881
   16195       1.7083
   16196       1.7715
   16197       1.7646
   16198       1.7722
   16199       1.7569
   16200       1.7250
   16201       1.9003
   16202       1.9446
   16203       1.8191
   16204       1.9092
   16205       1.8951
   16206       1.8974
   16207       1.9941
   16208       1.9650
   16209       2.0150
   16210       1.9605
   16211       1.9516
   16212       1.9231
   16213       1.7901
   16214       1.7857
   16215       1.8496
   16216       1.8764
   16217       1.7726
   16218       1.9012
   16219       1.8601
   16220       1.9186
   16221       1.7836
   16222       1.8782
   16223       1.9165
   16224       1.9517
   16225       1.8637
   16226       1.8841
   16227       1.8600
   16228       1.8988
   16229       1.7825
   16230       1.8590
   16231       1.8874
   16232       1.8667
   16233       1.7598
   16234       1.9250
   16235       1.7971
   16236       1.8135
   16237       1.7223
   16238       1.8613
   16239       1.7756
   16240       1.9019
   16241       1.8166
   16242       1.8893
   16243       1.8394
   16244       1.7982
   16245       1.8805
   16246       1.8705
   16247       1.8270
   16248       1.9422
   16249       1.9251
   16250       1.9729
   16251       1.7566
   16252       1.7672
   16253       1.8694
   16254       1.8138
   16255       1.8505
   16256       1.9633
   16257       1.9438
   16258       1.9253
   16259       1.8213
   16260       1.8637
   16261       1.9266
   16262       1.9462
   16263       1.9556
   16264       1.9386
   16265       1.8483
   16266       1.8918
   16267       1.9014
   16268       1.9473
   16269       1.9386
   16270       1.9584
   16271       1.9072
   16272       2.0230
   16273       2.0164
   16274       2.0153
   16275       1.9770
   16276       1.9513
   16277       1.9701
   16278       1.9790
   16279       1.9931
   16280       1.9917
   16281       2.1334
   16282       2.0202
   16283       2.0109
   16284       2.0436
   16285       2.0684
   16286       1.9833
   16287       1.9662
   16288       2.0648
   16289       2.1368
   16290       1.9604
   16291       1.8613
   16292       2.0939
   16293       1.9328
   16294       1.8788
   16295       1.9388
   16296       2.0086
   16297       1.9038
   16298       1.8951
   16299       1.8497
   16300       1.8701
   16301       1.9126
   16302       1.8907
   16303       1.8717
   16304       1.8453
   16305       1.9734
   16306       1.9898
   16307       1.9619
   16308       1.9785
   16309       1.9501
   16310       2.0070
   16311       2.0192
   16312       2.0065
   16313       2.0179
   16314       2.0262
   16315       2.1011
   16316       2.0554
   16317       2.1497
   16318       2.0291
   16319       1.9788
   16320       1.9846
   16321       1.9521
   16322       2.0108
   16323       2.0102
   16324       1.9599
   16325       1.9563
   16326       1.9330
   16327       1.9297
   16328       1.9865
   16329       1.8936
   16330       1.8887
   16331       1.8731
   16332       1.8522
   16333       1.7764
   16334       1.8887
   16335       1.8870
   16336       1.9443
   16337       1.8578
   16338       1.8643
   16339       1.9085
   16340       1.7651
   16341       1.8753
   16342       1.7599
   16343       1.7766
   16344       1.7205
   16345       1.8769
   16346       1.9633
   16347       1.9282
   16348       1.8303
   16349       1.8678
   16350       1.9454
   16351       1.9615
   16352       2.0851
   16353       1.8232
   16354       1.9030
   16355       1.9455
   16356       1.9600
   16357       2.0616
   16358       2.0277
   16359       1.9862
   16360       1.9793
   16361       1.8416
   16362       1.9152
   16363       1.9007
   16364       1.7995
   16365       1.9053
   16366       1.9582
   16367       1.9808
   16368       1.9850
   16369       1.9755
   16370       1.8197
   16371       1.9195
   16372       1.8594
   16373       1.8276
   16374       1.8868
   16375       1.8427
   16376       1.9273
   16377       1.8793
   16378       1.8902
   16379       1.8035
   16380       1.8242
   16381       1.7957
   16382       1.6920
   16383       1.7907
   16384       1.8032
   16385       1.8773
   16386       1.9260
   16387       1.8946
   16388       1.8612
   16389       1.8958
   16390       1.8692
   16391       1.8785
   16392       1.8500
   16393       1.8752
   16394       1.8113
   16395       1.8298
   16396       1.8438
   16397       1.8655
   16398       1.8046
   16399       1.9021
   16400       1.7831
   16401       1.8003
   16402       1.9452
   16403       1.9182
   16404       1.9954
   16405       1.9694
   16406       1.9340
   16407       1.8593
   16408       1.8167
   16409       2.0010
   16410       1.9276
   16411       1.9576
   16412       1.8410
   16413       1.8815
   16414       1.8776
   16415       1.8641
   16416       1.8739
   16417       2.0135
   16418       1.9791
   16419       2.0089
   16420       2.0158
   16421       2.0611
   16422       1.9279
   16423       1.8808
   16424       2.0610
   16425       1.9657
   16426       1.9010
   16427       1.8019
   16428       1.8698
   16429       1.9193
   16430       1.8816
   16431       1.8814
   16432       2.0725
   16433       1.8030
   16434       1.9644
   16435       1.8467
   16436       1.9576
   16437       1.8813
   16438       1.8621
   16439       1.9190
   16440       1.9294
   16441       1.8911
   16442       1.9077
   16443       1.8741
   16444       2.0111
   16445       1.9184
   16446       2.0087
   16447       1.8380
   16448       1.9498
   16449       1.7637
   16450       1.8694
   16451       1.9760
   16452       1.8762
   16453       1.8906
   16454       1.9414
   16455       2.0116
   16456       2.0612
   16457       2.0585
   16458       2.0574
   16459       1.9852
   16460       1.9397
   16461       1.9065
   16462       1.9169
   16463       1.8654
   16464       1.8650
   16465       1.8530
   16466       1.9359
   16467       1.9380
   16468       1.9352
   16469       2.0388
   16470       1.8393
   16471       1.9710
   16472       2.0500
   16473       1.8990
   16474       1.7493
   16475       1.8000
   16476       1.8480
   16477       1.8960
   16478       1.7877
   16479       1.8767
   16480       1.9231
   16481       1.8654
   16482       1.8505
   16483       1.9871
   16484       1.8400
   16485       1.9432
   16486       1.9234
   16487       2.0308
   16488       2.0018
   16489       1.9350
   16490       1.8753
   16491       1.9016
   16492       1.8386
   16493       1.8011
   16494       1.8528
   16495       1.9012
   16496       1.8993
   16497       1.9881
   16498       1.9448
   16499       1.9272
   16500       1.9321
   16501       1.9298
   16502       1.8958
   16503       1.9345
   16504       1.9523
   16505       1.8943
   16506       1.9343
   16507       1.9463
   16508       2.0339
   16509       1.8872
   16510       1.9392
   16511       1.9191
   16512       1.7977
   16513       1.8728
   16514       1.8115
   16515       1.9645
   16516       1.9442
   16517       1.9755
   16518       1.8970
   16519       1.9811
   16520       1.9930
   16521       2.1016
   16522       2.0007
   16523       2.0325
   16524       2.2030
   16525       2.0276
   16526       1.9405
   16527       1.9964
   16528       1.9959
   16529       1.9809
   16530       2.0051
   16531       1.9856
   16532       1.9822
   16533       1.9967
   16534       2.0316
   16535       2.0813
   16536       2.0195
   16537       2.0905
   16538       1.9976
   16539       2.0560
   16540       2.0297
   16541       2.0763
   16542       2.1518
   16543       1.9959
   16544       2.0482
   16545       2.1478
   16546       1.9993
   16547       1.9889
   16548       2.0160
   16549       2.1469
   16550       2.1596
   16551       2.0138
   16552       2.0698
   16553       2.0656
   16554       2.0120
   16555       1.9520
   16556       2.0077
   16557       2.0329
   16558       2.0196
   16559       1.9946
   16560       1.9762
   16561       2.0476
   16562       2.1159
   16563       2.1034
   16564       2.1531
   16565       2.1335
   16566       2.0624
   16567       2.0793
   16568       2.1236
   16569       2.0778
   16570       2.0671
   16571       2.1400
   16572       2.0426
   16573       2.0971
   16574       2.0703
   16575       2.0339
   16576       2.0253
   16577       1.9885
   16578       2.0269
   16579       1.9798
   16580       2.0592
   16581       1.9484
   16582       2.0376
   16583       1.9528
   16584       1.9968
   16585       1.8843
   16586       1.9262
   16587       2.0376
   16588       1.9671
   16589       2.0838
   16590       1.9920
   16591       2.1012
   16592       2.1117
   16593       2.0793
   16594       2.0711
   16595       2.0047
   16596       2.0618
   16597       2.0279
   16598       1.9769
   16599       2.1065
   16600       2.2114
   16601       2.1817
   16602       2.0457
   16603       2.1565
   16604       2.1512
   16605       2.1704
   16606       2.1132
   16607       2.0836
   16608       1.9382
   16609       1.8504
   16610       1.8734
   16611       1.9405
   16612       1.9769
   16613       1.9026
   16614       1.9319
   16615       1.9282
   16616       2.0409
   16617       2.0805
   16618       1.9137
   16619       2.0187
   16620       2.0991
   16621       2.0456
   16622       2.0482
   16623       1.9626
   16624       2.0132
   16625       2.0449
   16626       2.0787
   16627       2.0646
   16628       1.9977
   16629       2.0357
   16630       2.1386
   16631       2.1062
   16632       2.0808
   16633       2.1384
   16634       2.0331
   16635       2.1485
   16636       2.0995
   16637       2.1309
   16638       2.1314
   16639       2.0779
   16640       2.1524
   16641       2.0855
   16642       1.9944
   16643       2.0676
   16644       2.1070
   16645       1.9739
   16646       2.1197
   16647       2.1106
   16648       2.0976
   16649       2.0843
   16650       2.0123
   16651       2.0813
   16652       2.0461
   16653       2.0444
   16654       2.1084
   16655       2.0197
   16656       2.1366
   16657       2.0707
   16658       1.9999
   16659       1.9012
   16660       1.9148
   16661       1.8597
   16662       1.8855
   16663       2.0448
   16664       2.1151
   16665       2.1454
   16666       2.0491
   16667       2.0643
   16668       1.9084
   16669       1.9974
   16670       2.0131
   16671       1.9149
   16672       1.9483
   16673       2.0683
   16674       2.1076
   16675       2.0031
   16676       2.0173
   16677       1.9986
   16678       1.9866
   16679       2.0068
   16680       2.0042
   16681       2.0459
   16682       2.1109
   16683       1.9906
   16684       2.0342
   16685       2.0113
   16686       2.2016
   16687       2.1730
   16688       2.0553
   16689       2.1759
   16690       2.2573
   16691       2.2073
   16692       2.2052
   16693       2.1286
   16694       2.2526
   16695       2.2874
   16696       2.1534
   16697       2.1888
   16698       2.1309
   16699       2.1027
   16700       2.0554
   16701       2.0177
   16702       2.1939
   16703       2.1182
   16704       1.9684
   16705       2.1405
   16706       2.2284
   16707       2.1837
   16708       2.0713
   16709       2.1490
   16710       2.0355
   16711       2.0817
   16712       2.0011
   16713       1.9074
   16714       1.8896
   16715       1.9670
   16716       1.9342
   16717       2.0010
   16718       2.0519
   16719       2.0095
   16720       2.0114
   16721       1.9175
   16722       1.8656
   16723       1.9728
   16724       2.0720
   16725       2.0928
   16726       2.0035
   16727       1.9614
   16728       1.9788
   16729       1.9365
   16730       1.9192
   16731       1.9522
   16732       1.9485
   16733       2.0259
   16734       1.9865
   16735       1.9915
   16736       2.0166
   16737       1.8946
   16738       1.9779
   16739       1.9678
   16740       1.9498
   16741       1.8343
   16742       2.0381
   16743       1.9953
   16744       2.0786
   16745       2.0652
   16746       2.0938
   16747       2.0959
   16748       2.0879
   16749       1.9861
   16750       2.1379
   16751       2.2336
   16752       2.1462
   16753       2.1607
   16754       2.0737
   16755       2.1646
   16756       2.1149
   16757       2.0465
   16758       2.1621
   16759       2.0459
   16760       2.0977
   16761       2.0997
   16762       2.1500
   16763       2.0954
   16764       2.2015
   16765       2.2113
   16766       2.1905
   16767       2.1411
   16768       2.1501
   16769       2.2423
   16770       2.1827
   16771       2.1538
   16772       2.1843
   16773       2.1964
   16774       2.0896
   16775       2.0731
   16776       2.0672
   16777       2.0605
   16778       2.1511
   16779       2.1207
   16780       1.9730
   16781       2.0656
   16782       2.0185
   16783       2.0093
   16784       2.0974
   16785       2.0784
   16786       2.0247
   16787       2.0463
   16788       2.0576
   16789       1.9784
   16790       2.0659
   16791       2.0678
   16792       2.0302
   16793       2.1677
   16794       2.2476
   16795       2.0636
   16796       2.1870
   16797       2.1815
   16798       2.2589
   16799       2.1368
   16800       2.1326
   16801       2.1465
   16802       2.1185
   16803       2.1863
   16804       2.1038
   16805       2.0233
   16806       2.1838
   16807       2.1548
   16808       2.1953
   16809       2.0644
   16810       2.0541
   16811       2.0870
   16812       2.0701
   16813       2.1467
   16814       2.1417
   16815       2.0619
   16816       2.0247
   16817       1.9125
   16818       2.0892
   16819       2.0146
   16820       2.0337
   16821       2.1865
   16822       2.0476
   16823       2.0383
   16824       2.1335
   16825       2.1221
   16826       2.2275
   16827       2.2890
   16828       2.1953
   16829       2.1726
   16830       2.0255
   16831       2.1953
   16832       2.1283
   16833       2.0951
   16834       2.0520
   16835       2.0475
   16836       2.0370
   16837       2.0654
   16838       2.0858
   16839       2.0073
   16840       2.0975
   16841       2.0471
   16842       2.0606
   16843       1.9161
   16844       2.1251
   16845       2.0549
   16846       2.1083
   16847       2.1552
   16848       1.9261
   16849       2.0709
   16850       2.0825
   16851       2.0870
   16852       1.9568
   16853       2.0185
   16854       2.0561
   16855       2.1403
   16856       2.0035
   16857       2.0818
   16858       2.0697
   16859       1.9735
   16860       2.1515
   16861       2.1534
   16862       2.1523
   16863       2.1030
   16864       2.0890
   16865       2.0614
   16866       2.0808
   16867       2.1298
   16868       2.1105
   16869       2.0479
   16870       2.2109
   16871       2.2248
   16872       2.2163
   16873       2.2742
   16874       2.1703
   16875       2.1632
   16876       2.1602
   16877       2.0758
   16878       2.1481
   16879       2.1536
   16880       2.1713
   16881       2.1844
   16882       2.1337
   16883       2.0776
   16884       2.0843
   16885       2.0835
   16886       2.1727
   16887       2.1399
   16888       2.0660
   16889       2.0705
   16890       2.1262
   16891       2.0533
   16892       2.0749
   16893       2.0861
   16894       1.9384
   16895       2.1103
   16896       2.1233
   16897       2.0413
   16898       1.9421
   16899       2.0808
   16900       1.9170
   16901       1.9698
   16902       2.0919
   16903       2.1917
   16904       2.1362
   16905       2.2097
   16906       2.1000
   16907       2.1094
   16908       2.0087
   16909       2.0814
   16910       2.1033
   16911       2.1305
   16912       2.1229
   16913       2.1667
   16914       2.1222
   16915       2.0751
   16916       2.0107
   16917       2.1455
   16918       2.0923
   16919       2.1046
   16920       2.0889
   16921       1.9399
   16922       1.9216
   16923       2.0879
   16924       1.9687
   16925       2.0850
   16926       2.1138
   16927       2.2238
   16928       2.1771
   16929       2.2019
   16930       2.2780
   16931       2.1305
   16932       2.1439
   16933       2.1125
   16934       2.1634
   16935       2.1037
   16936       2.0884
   16937       2.1203
   16938       2.0412
   16939       2.2155
   16940       2.1481
   16941       2.2208
   16942       2.1739
   16943       2.0988
   16944       2.1196
   16945       2.1540
   16946       2.0815
   16947       2.1806
   16948       2.2228
   16949       2.0364
   16950       2.0327
   16951       2.0860
   16952       2.0850
   16953       2.1416
   16954       2.1630
   16955       2.1255
   16956       2.1213
   16957       2.0958
   16958       1.9420
   16959       2.1268
   16960       2.0613
   16961       2.1144
   16962       2.1060
   16963       2.0472
   16964       2.0392
   16965       2.1072
   16966       2.0670
   16967       2.0659
   16968       2.1712
   16969       2.0955
   16970       2.1011
   16971       1.9835
   16972       2.1282
   16973       2.0607
   16974       2.0091
   16975       2.0931
   16976       2.0847
   16977       2.0665
   16978       2.0534
   16979       2.1590
   16980       2.1073
   16981       2.0684
   16982       2.0110
   16983       2.0537
   16984       2.0979
   16985       2.1400
   16986       2.1974
   16987       2.1173
   16988       2.1670
   16989       2.1595
   16990       2.2167
   16991       2.1454
   16992       2.2030
   16993       2.1932
   16994       2.1015
   16995       2.1281
   16996       2.1289
   16997       2.2707
   16998       2.1500
   16999       2.1521
   17000       2.1440
   17001       2.0752
   17002       2.0854
   17003       2.1392
   17004       2.2626
   17005       2.3049
   17006       2.3219
   17007       2.2038
   17008       2.1915
   17009       2.2274
   17010       2.2848
   17011       2.2933
   17012       2.3080
   17013       2.1752
   17014       2.2361
   17015       2.2212
   17016       2.3064
   17017       2.3284
   17018       2.1452
   17019       2.1417
   17020       2.2939
   17021       2.3073
   17022       2.1653
   17023       2.1770
   17024       2.2519
   17025       2.2368
   17026       2.2949
   17027       2.2546
   17028       2.2169
   17029       2.2846
   17030       2.1428
   17031       2.1045
   17032       2.0454
   17033       2.0510
   17034       2.0665
   17035       2.1296
   17036       2.0379
   17037       2.0931
   17038       2.0744
   17039       2.1439
   17040       2.0987
   17041       2.3215
   17042       2.1191
   17043       2.2720
   17044       2.1095
   17045       2.0876
   17046       2.0239
   17047       2.1951
   17048       2.1092
   17049       2.1502
   17050       2.2013
   17051       2.1809
   17052       2.1164
   17053       2.0668
   17054       2.1138
   17055       2.0825
   17056       2.1630
   17057       2.1131
   17058       2.1476
   17059       2.1023
   17060       2.0499
   17061       2.1015
   17062       2.0440
   17063       2.0653
   17064       2.1347
   17065       2.1014
   17066       2.1549
   17067       2.0409
   17068       2.0454
   17069       2.0281
   17070       2.0248
   17071       2.0745
   17072       1.9315
   17073       2.2368
   17074       1.9871
   17075       1.9770
   17076       2.0617
   17077       2.2331
   17078       2.2822
   17079       2.2511
   17080       2.1478
   17081       2.0986
   17082       2.0665
   17083       2.0544
   17084       2.0261
   17085       2.1522
   17086       2.0857
   17087       2.0236
   17088       2.0418
   17089       2.0673
   17090       2.1494
   17091       1.9889
   17092       2.0618
   17093       2.1233
   17094       2.1396
   17095       2.0517
   17096       2.0193
   17097       2.0608
   17098       2.0880
   17099       2.0815
   17100       2.0105
   17101       1.9561
   17102       1.9830
   17103       2.0731
   17104       2.0017
   17105       2.0169
   17106       1.9425
   17107       1.9518
   17108       2.0760
   17109       1.9766
   17110       2.0648
   17111       2.1030
   17112       2.2100
   17113       2.1432
   17114       2.1978
   17115       2.1484
   17116       2.2604
   17117       2.1361
   17118       2.1291
   17119       2.1128
   17120       2.0440
   17121       2.1105
   17122       2.1538
   17123       2.0807
   17124       2.0660
   17125       1.9539
   17126       1.9368
   17127       2.0792
   17128       2.0740
   17129       2.0719
   17130       2.2670
   17131       2.1212
   17132       2.1567
   17133       2.0593
   17134       2.1028
   17135       2.3042
   17136       1.9840
   17137       1.9735
   17138       1.9689
   17139       1.9947
   17140       1.9554
   17141       1.9405
   17142       2.1410
   17143       2.1404
   17144       2.0351
   17145       2.0710
   17146       1.9611
   17147       1.9911
   17148       2.0617
   17149       1.9751
   17150       2.0598
   17151       2.0464
   17152       2.0294
   17153       1.9291
   17154       1.8263
   17155       1.9615
   17156       1.9097
   17157       1.9035
   17158       1.9266
   17159       1.9699
   17160       2.0186
   17161       1.9878
   17162       1.9829
   17163       1.9972
   17164       2.0997
   17165       1.9984
   17166       2.0256
   17167       2.0575
   17168       2.0289
   17169       1.9009
   17170       2.0417
   17171       2.0166
   17172       1.8852
   17173       1.8901
   17174       1.8684
   17175       1.9974
   17176       1.8831
   17177       1.9345
   17178       1.9103
   17179       1.8820
   17180       1.9711
   17181       1.9208
   17182       1.9960
   17183       2.0905
   17184       2.0578
   17185       1.9384
   17186       1.8804
   17187       1.9516
   17188       1.9676
   17189       1.9753
   17190       1.8796
   17191       1.9730
   17192       1.9268
   17193       1.8981
   17194       1.9479
   17195       1.8194
   17196       1.8586
   17197       1.8939
   17198       1.8972
   17199       1.8533
   17200       1.8959
   17201       1.8596
   17202       1.9334
   17203       1.9397
   17204       2.0300
   17205       1.9759
   17206       1.9730
   17207       1.9737
   17208       1.8972
   17209       1.9563
   17210       1.9019
   17211       1.8822
   17212       2.0342
   17213       2.0241
   17214       2.1300
   17215       2.0741
   17216       2.0209
   17217       2.0615
   17218       2.0350
   17219       2.0430
   17220       1.9931
   17221       2.0553
   17222       2.0694
   17223       2.0066
   17224       1.9802
   17225       1.9618
   17226       1.9153
   17227       1.9323
   17228       2.0544
   17229       2.0275
   17230       1.9786
   17231       1.9136
   17232       2.0255
   17233       1.9924
   17234       1.9380
   17235       2.0192
   17236       2.0797
   17237       1.8456
   17238       1.8553
   17239       1.8475
   17240       1.9116
   17241       1.9699
   17242       1.9688
   17243       1.9727
   17244       1.9807
   17245       1.9879
   17246       1.9316
   17247       1.9346
   17248       1.8966
   17249       2.0253
   17250       2.0350
   17251       1.9955
   17252       1.9762
   17253       1.9456
   17254       1.9153
   17255       1.8914
   17256       1.9727
   17257       1.8906
   17258       1.7886
   17259       1.8320
   17260       1.9046
   17261       1.8616
   17262       1.8335
   17263       1.8692
   17264       1.9139
   17265       1.8397
   17266       1.8743
   17267       1.9078
   17268       1.9245
   17269       1.9123
   17270       1.8790
   17271       1.8419
   17272       1.7346
   17273       1.7926
   17274       1.9588
   17275       1.8954
   17276       1.8593
   17277       1.9084
   17278       1.9781
   17279       1.8875
   17280       1.7672
   17281       1.8128
   17282       1.8510
   17283       1.8431
   17284       1.9644
   17285       2.0525
   17286       1.9501
   17287       1.9220
   17288       1.9961
   17289       1.8598
   17290       1.8193
   17291       1.9034
   17292       1.9676
   17293       2.0062
   17294       1.9977
   17295       2.0999
   17296       2.1125
   17297       2.0781
   17298       2.0765
   17299       2.0863
   17300       2.1031
   17301       2.1253
   17302       2.1184
   17303       2.0947
   17304       2.0663
   17305       2.0613
   17306       2.0629
   17307       2.0538
   17308       2.0706
   17309       2.0566
   17310       2.0627
   17311       2.0975
   17312       2.0477
   17313       2.0647
   17314       2.0379
   17315       2.1562
   17316       1.9924
   17317       1.9597
   17318       2.0600
   17319       2.0352
   17320       2.0709
   17321       2.0135
   17322       1.9770
   17323       2.1469
   17324       2.0945
   17325       2.1339
   17326       2.1282
   17327       2.0633
   17328       2.0026
   17329       2.0707
   17330       2.1282
   17331       2.0797
   17332       2.0497
   17333       2.1275
   17334       2.0611
   17335       2.1437
   17336       2.1046
   17337       2.0433
   17338       1.9537
   17339       1.9180
   17340       1.9465
   17341       1.9730
   17342       2.0197
   17343       2.0948
   17344       2.0995
   17345       2.0741
   17346       2.1314
   17347       2.1233
   17348       2.0818
   17349       1.9235
   17350       2.0605
   17351       2.0178
   17352       1.9551
   17353       1.9475
   17354       1.9389
   17355       1.9343
   17356       1.8894
   17357       2.0151
   17358       1.8806
   17359       2.0043
   17360       2.0088
   17361       2.0474
   17362       1.8929
   17363       1.9667
   17364       1.9215
   17365       1.9623
   17366       2.0573
   17367       1.9261
   17368       2.0446
   17369       1.9987
   17370       2.1891
   17371       2.0451
   17372       2.0235
   17373       2.0533
   17374       1.9796
   17375       2.0618
   17376       2.0471
   17377       2.0843
   17378       2.0413
   17379       2.1037
   17380       2.1297
   17381       2.1179
   17382       2.2488
   17383       2.1745
   17384       2.1139
   17385       2.2066
   17386       1.9794
   17387       2.0204
   17388       1.9841
   17389       1.9725
   17390       2.0249
   17391       2.1470
   17392       2.0882
   17393       2.0649
   17394       2.1130
   17395       1.9541
   17396       1.8486
   17397       1.9813
   17398       2.1227
   17399       2.0026
   17400       2.1320
   17401       2.1410
   17402       2.0227
   17403       2.1289
   17404       2.0346
   17405       2.0507
   17406       1.9767
   17407       1.9643
   17408       2.0415
   17409       1.9929
   17410       2.0284
   17411       1.9803
   17412       2.1054
   17413       1.9594
   17414       1.9795
   17415       2.0330
   17416       1.9928
   17417       2.0884
   17418       2.0206
   17419       1.9561
   17420       1.9533
   17421       2.0125
   17422       2.0226
   17423       2.0584
   17424       1.9429
   17425       2.1678
   17426       2.0562
   17427       1.9273
   17428       1.9111
   17429       2.0474
   17430       1.8711
   17431       1.8628
   17432       2.0024
   17433       1.9019
   17434       1.8779
   17435       1.8353
   17436       1.8420
   17437       1.7709
   17438       1.7296
   17439       1.7638
   17440       1.7982
   17441       1.8494
   17442       1.8379
   17443       1.8120
   17444       1.8542
   17445       1.8541
   17446       1.8490
   17447       1.8836
   17448       1.8803
   17449       1.9156
   17450       1.9256
   17451       1.8837
   17452       1.8926
   17453       1.9441
   17454       2.0061
   17455       1.9855
   17456       1.9394
   17457       2.0195
   17458       2.0351
   17459       2.0845
   17460       2.0875
   17461       1.9654
   17462       2.0242
   17463       1.9826
   17464       1.8816
   17465       1.9972
   17466       1.9401
   17467       1.9749
   17468       2.0816
   17469       1.9971
   17470       2.0363
   17471       2.0591
   17472       1.9969
   17473       2.0335
   17474       1.9217
   17475       1.8826
   17476       1.9355
   17477       1.9078
   17478       1.9098
   17479       2.0314
   17480       2.0853
   17481       1.9542
   17482       2.0980
   17483       2.0942
   17484       1.9817
   17485       1.9090
   17486       1.8779
   17487       1.8433
   17488       1.8535
   17489       1.8567
   17490       1.9919
   17491       1.9993
   17492       2.0423
   17493       1.9083
   17494       1.9889
   17495       1.9105
   17496       1.8615
   17497       1.9216
   17498       1.8239
   17499       1.7897
   17500       1.8185
   17501       1.9065
   17502       1.8094
   17503       1.7735
   17504       1.6845
   17505       1.8471
   17506       1.8384
   17507       1.9186
   17508       1.7876
   17509       1.8299
   17510       1.6690
   17511       1.6785
   17512       1.7974
   17513       1.8619
   17514       1.7558
   17515       1.7092
   17516       1.8262
   17517       1.9533
   17518       1.8050
   17519       1.7669
   17520       1.7199
   17521       1.7113
   17522       1.8350
   17523       1.8355
   17524       1.8389
   17525       1.8498
   17526       1.8166
   17527       1.8629
   17528       1.8356
   17529       1.9027
   17530       1.7491
   17531       1.8514
   17532       1.8218
   17533       1.8306
   17534       1.8063
   17535       1.9218
   17536       1.7700
   17537       1.8549
   17538       1.7448
   17539       1.8059
   17540       1.8698
   17541       1.7464
   17542       1.7764
   17543       1.8345
   17544       1.8159
   17545       1.8321
   17546       1.8760
   17547       1.8958
   17548       1.9886
   17549       1.8618
   17550       1.8753
   17551       1.9774
   17552       1.9782
   17553       1.9030
   17554       1.7331
   17555       1.7485
   17556       1.8241
   17557       1.8828
   17558       1.8611
   17559       1.8280
   17560       1.7701
   17561       1.7030
   17562       1.8011
   17563       1.7189
   17564       1.6906
   17565       1.9412
   17566       1.8209
   17567       1.7585
   17568       1.8560
   17569       1.8376
   17570       1.8911
   17571       1.8041
   17572       1.7396
   17573       1.8541
   17574       1.9192
   17575       1.8850
   17576       1.8845
   17577       1.8782
   17578       1.9355
   17579       1.8990
   17580       1.8490
   17581       1.7616
   17582       1.8406
   17583       1.8603
   17584       1.9301
   17585       1.8304
   17586       1.8921
   17587       1.7720
   17588       1.9717
   17589       1.9105
   17590       1.9927
   17591       1.9594
   17592       1.9638
   17593       1.9463
   17594       1.8601
   17595       1.8999
   17596       2.0122
   17597       1.9376
   17598       1.9889
   17599       2.0763
   17600       1.9519
   17601       1.7919
   17602       1.8338
   17603       1.9252
   17604       1.9758
   17605       1.8672
   17606       1.8992
   17607       1.8404
   17608       1.8171
   17609       1.8392
   17610       1.9322
   17611       1.8210
   17612       1.8546
   17613       1.8150
   17614       1.9171
   17615       2.0080
   17616       1.9340
   17617       1.9463
   17618       1.9032
   17619       1.8484
   17620       1.8521
   17621       1.7931
   17622       1.9307
   17623       1.9225
   17624       1.7714
   17625       1.7647
   17626       1.9088
   17627       1.8994
   17628       1.7934
   17629       1.6812
   17630       1.6827
   17631       1.8546
   17632       1.7819
   17633       1.7985
   17634       1.7039
   17635       1.7268
   17636       1.8020
   17637       1.8274
   17638       1.8725
   17639       1.9340
   17640       1.8667
   17641       1.7999
   17642       1.7962
   17643       1.7323
   17644       1.7610
   17645       1.8078
   17646       1.8217
   17647       1.7383
   17648       1.7868
   17649       1.7787
   17650       1.9422
   17651       1.8005
   17652       2.0520
   17653       2.0128
   17654       1.9693
   17655       2.0405
   17656       2.0359
   17657       2.0744
   17658       2.0007
   17659       1.9107
   17660       1.9800
   17661       2.1198
   17662       1.9858
   17663       1.9893
   17664       2.0576
   17665       1.9817
   17666       1.9042
   17667       1.9656
   17668       1.9727
   17669       1.8903
   17670       1.9629
   17671       2.0146
   17672       2.1556
   17673       2.0698
   17674       2.0378
   17675       1.9663
   17676       1.9614
   17677       1.8682
   17678       2.0199
   17679       1.8122
   17680       1.7446
   17681       1.8526
   17682       1.7940
   17683       1.9374
   17684       1.9796
   17685       2.0004
   17686       2.0059
   17687       1.9931
   17688       1.9407
   17689       1.9681
   17690       1.9952
   17691       1.9554
   17692       1.8976
   17693       1.8892
   17694       2.0035
   17695       2.0130
   17696       1.9980
   17697       1.9181
   17698       1.8308
   17699       1.8684
   17700       1.8166
   17701       1.9174
   17702       1.7294
   17703       1.8179
   17704       1.7875
   17705       1.8231
   17706       1.8557
   17707       1.7444
   17708       1.8297
   17709       1.8451
   17710       1.9131
   17711       1.9689
   17712       1.8800
   17713       1.9420
   17714       2.0388
   17715       1.8636
   17716       1.7916
   17717       1.9414
   17718       1.8796
   17719       1.9373
   17720       1.8685
   17721       1.9146
   17722       1.7821
   17723       1.7534
   17724       1.9623
   17725       1.9506
   17726       1.9496
   17727       2.0132
   17728       1.8721
   17729       1.8709
   17730       1.8337
   17731       1.7591
   17732       1.8937
   17733       1.8880
   17734       1.7955
   17735       1.7606
   17736       1.9365
   17737       1.8888
   17738       1.8709
   17739       1.9241
   17740       1.8152
   17741       1.7876
   17742       1.8775
   17743       1.9053
   17744       1.7959
   17745       1.8346
   17746       1.9279
   17747       1.8938
   17748       1.8395
   17749       1.7608
   17750       1.7809
   17751       1.9441
   17752       1.9480
   17753       1.8090
   17754       1.8468
   17755       1.9261
   17756       2.0365
   17757       2.0171
   17758       2.0243
   17759       1.9843
   17760       2.1082
   17761       1.9388
   17762       1.9507
   17763       1.8536
   17764       1.8694
   17765       1.8120
   17766       1.7532
   17767       1.7731
   17768       1.9626
   17769       1.7880
   17770       1.9860
   17771       2.0021
   17772       1.9963
   17773       1.9508
   17774       1.8951
   17775       2.0474
   17776       1.9412
   17777       1.9943
   17778       1.9559
   17779       1.8647
   17780       1.8671
   17781       1.9194
   17782       1.9562
   17783       1.8510
   17784       2.0072
   17785       1.9407
   17786       1.8295
   17787       1.9392
   17788       1.8625
   17789       1.8539
   17790       1.7607
   17791       1.8543
   17792       1.7967
   17793       1.8560
   17794       1.9042
   17795       1.9716
   17796       1.9651
   17797       2.0613
   17798       1.9022
   17799       1.8844
   17800       1.9048
   17801       2.0177
   17802       1.9899
   17803       1.8998
   17804       1.9504
   17805       1.7884
   17806       1.9239
   17807       1.8966
   17808       1.9407
   17809       1.9135
   17810       2.0422
   17811       1.8966
   17812       1.8902
   17813       1.9047
   17814       1.8606
   17815       1.9434
   17816       1.9203
   17817       1.9086
   17818       1.9287
   17819       1.9574
   17820       2.0253
   17821       1.9019
   17822       1.9656
   17823       2.0358
   17824       1.9342
   17825       2.0021
   17826       2.0924
   17827       2.0026
   17828       1.9836
   17829       1.9654
   17830       1.9888
   17831       1.9985
   17832       1.9923
   17833       1.9781
   17834       2.0896
   17835       2.0593
   17836       2.1154
   17837       2.1458
   17838       1.9766
   17839       1.9353
   17840       2.0397
   17841       2.0005
   17842       1.9970
   17843       2.1171
   17844       2.0630
   17845       2.0743
   17846       2.0150
   17847       2.1078
   17848       2.0947
   17849       2.0597
   17850       2.1915
   17851       2.2088
   17852       2.0840
   17853       2.0034
   17854       2.1129
   17855       2.1501
   17856       2.1357
   17857       2.2169
   17858       2.1133
   17859       2.1383
   17860       2.1175
   17861       2.0690
   17862       1.9940
   17863       2.0836
   17864       2.0026
   17865       2.0665
   17866       2.0665
   17867       1.9337
   17868       1.9471
   17869       2.0185
   17870       1.9497
   17871       1.8804
   17872       1.9685
   17873       2.0651
   17874       1.9471
   17875       2.0940
   17876       2.0682
   17877       2.0901
   17878       2.0341
   17879       2.1062
   17880       2.0244
   17881       2.1411
   17882       2.1162
   17883       1.9562
   17884       1.9880
   17885       2.1306
   17886       1.9389
   17887       1.9980
   17888       1.9404
   17889       2.0474
   17890       2.1190
   17891       2.0435
   17892       2.0408
   17893       2.0181
   17894       1.9153
   17895       1.9623
   17896       2.0190
   17897       1.9179
   17898       1.8837
   17899       1.9448
   17900       2.0538
   17901       1.8777
   17902       1.9067
   17903       1.9805
   17904       2.0058
   17905       1.9938
   17906       1.8686
   17907       1.8043
   17908       1.9071
   17909       1.8989
   17910       1.9117
   17911       1.9970
   17912       2.0512
   17913       1.9618
   17914       2.0274
   17915       1.9867
   17916       2.0450
   17917       2.0423
   17918       2.0873
   17919       2.0075
   17920       1.9610
   17921       1.9676
   17922       1.9703
   17923       1.8974
   17924       1.8677
   17925       1.9874
   17926       1.9552
   17927       1.9691
   17928       2.1156
   17929       1.9563
   17930       2.0988
   17931       2.1299
   17932       2.2155
   17933       2.0511
   17934       2.1087
   17935       2.0451
   17936       2.0379
   17937       2.2326
   17938       2.1361
   17939       2.1172
   17940       2.1445
   17941       2.1113
   17942       2.3101
   17943       2.2874
   17944       2.2132
   17945       2.2529
   17946       2.1829
   17947       2.3255
   17948       2.3283
   17949       2.2543
   17950       2.1343
   17951       2.2509
   17952       2.1527
   17953       2.1751
   17954       2.1798
   17955       2.1720
   17956       2.0408
   17957       1.9769
   17958       2.0393
   17959       2.1055
   17960       2.0388
   17961       2.1083
   17962       2.1212
   17963       2.0730
   17964       2.0420
   17965       2.0272
   17966       2.0552
   17967       2.0849
   17968       2.0903
   17969       2.0491
   17970       2.0640
   17971       2.0603
   17972       1.9322
   17973       1.9814
   17974       2.0143
   17975       2.1336
   17976       2.0856
   17977       2.1364
   17978       2.2029
   17979       2.1503
   17980       2.1174
   17981       2.0186
   17982       2.0323
   17983       2.0470
   17984       1.9937
   17985       2.1324
   17986       2.0312
   17987       2.0346
   17988       1.8552
   17989       1.9476
   17990       2.0390
   17991       1.9094
   17992       2.0573
   17993       1.9807
   17994       1.9101
   17995       1.9697
   17996       1.9995
   17997       1.9545
   17998       1.9679
   17999       1.9095
   18000       1.9189
   18001       1.8619
   18002       1.8427
   18003       1.7423
   18004       1.8536
   18005       1.8721
   18006       1.9059
   18007       1.7342
   18008       1.9519
   18009       1.8612
   18010       1.8974
   18011       1.8712
   18012       1.9055
   18013       1.8274
   18014       1.8801
   18015       1.9032
   18016       1.9953
   18017       1.9300
   18018       1.9489
   18019       1.8827
   18020       1.8967
   18021       1.9457
   18022       1.8653
   18023       1.8442
   18024       1.9570
   18025       1.9954
   18026       1.8859
   18027       1.9754
   18028       2.0585
   18029       1.9019
   18030       1.9181
   18031       1.8522
   18032       2.0117
   18033       1.8666
   18034       1.8428
   18035       1.8705
   18036       1.7230
   18037       1.8384
   18038       1.8330
   18039       1.7559
   18040       1.8042
   18041       1.7276
   18042       1.8429
   18043       1.9063
   18044       1.8632
   18045       1.9049
   18046       1.9529
   18047       1.9820
   18048       1.9480
   18049       2.0270
   18050       1.9892
   18051       2.0898
   18052       1.9041
   18053       1.9742
   18054       1.8279
   18055       1.8628
   18056       1.9018
   18057       1.8605
   18058       1.9459
   18059       1.8715
   18060       1.9461
   18061       1.8885
   18062       1.9223
   18063       1.8790
   18064       1.8559
   18065       1.8456
   18066       1.9862
   18067       1.8731
   18068       1.8066
   18069       1.8660
   18070       1.8956
   18071       1.8872
   18072       1.9136
   18073       1.9522
   18074       1.8020
   18075       1.8434
   18076       1.9008
   18077       1.8792
   18078       1.8526
   18079       1.8932
   18080       1.9700
   18081       1.9210
   18082       1.8311
   18083       1.7783
   18084       1.9339
   18085       1.9647
   18086       1.9621
   18087       1.9566
   18088       1.8403
   18089       1.9784
   18090       1.9790
   18091       1.8647
   18092       1.8339
   18093       2.0086
   18094       1.9060
   18095       1.9005
   18096       1.8067
   18097       1.8173
   18098       1.7546
   18099       1.9182
   18100       2.0244
   18101       1.8144
   18102       1.8360
   18103       1.8511
   18104       1.8316
   18105       1.9028
   18106       1.8683
   18107       1.8700
   18108       1.9414
   18109       2.0562
   18110       2.0390
   18111       2.0052
   18112       2.0405
   18113       1.8744
   18114       2.0042
   18115       1.9115
   18116       1.8739
   18117       2.0439
   18118       1.9694
   18119       1.9773
   18120       2.0680
   18121       2.0345
   18122       1.9868
   18123       2.0405
   18124       1.9502
   18125       1.9076
   18126       1.9400
   18127       1.9843
   18128       1.8134
   18129       1.7597
   18130       1.8080
   18131       1.8423
   18132       1.8628
   18133       1.8930
   18134       1.9746
   18135       1.9678
   18136       1.8458
   18137       1.8828
   18138       1.9020
   18139       1.9868
   18140       1.8933
   18141       1.9593
   18142       1.9396
   18143       2.1132
   18144       2.0339
   18145       1.9817
   18146       1.9253
   18147       1.9647
   18148       1.8884
   18149       1.8627
   18150       1.8507
   18151       1.8676
   18152       1.8780
   18153       1.8871
   18154       1.8278
   18155       1.8832
   18156       1.9336
   18157       1.8625
   18158       1.8199
   18159       1.8492
   18160       1.8876
   18161       1.9150
   18162       1.8607
   18163       1.8514
   18164       1.8824
   18165       1.9331
   18166       2.0219
   18167       1.9622
   18168       1.9909
   18169       1.9462
   18170       1.8765
   18171       1.9338
   18172       1.8979
   18173       1.8890
   18174       1.9143
   18175       1.9246
   18176       1.8662
   18177       1.8612
   18178       1.8003
   18179       1.9584
   18180       1.8998
   18181       1.9456
   18182       1.9496
   18183       1.9446
   18184       1.9656
   18185       1.9817
   18186       1.9369
   18187       1.8952
   18188       1.9309
   18189       2.0013
   18190       1.9600
   18191       1.9884
   18192       1.9640
   18193       1.9286
   18194       1.9203
   18195       1.9211
   18196       1.9310
   18197       1.9288
   18198       1.8466
   18199       2.0052
   18200       2.0105
   18201       2.0108
   18202       2.0580
   18203       2.0143
   18204       1.9400
   18205       1.9873
   18206       2.0994
   18207       2.0127
   18208       1.8865
   18209       1.9032
   18210       2.0206
   18211       1.9603
   18212       1.9729
   18213       2.0742
   18214       1.8313
   18215       1.8047
   18216       1.8643
   18217       1.8943
   18218       1.9612
   18219       1.9372
   18220       1.9434
   18221       1.8866
   18222       1.9308
   18223       1.9258
   18224       1.9041
   18225       1.9754
   18226       2.0277
   18227       2.0520
   18228       1.9924
   18229       1.9466
   18230       1.9132
   18231       2.0690
   18232       1.9428
   18233       1.9656
   18234       2.0344
   18235       2.0253
   18236       2.0386
   18237       1.9364
   18238       2.0546
   18239       2.0184
   18240       2.0812
   18241       2.0494
   18242       2.1092
   18243       2.1277
   18244       2.0779
   18245       2.0419
   18246       2.1318
   18247       1.9649
   18248       2.0190
   18249       2.0025
   18250       1.9767
   18251       1.9858
   18252       2.0671
   18253       2.0777
   18254       2.1072
   18255       1.9839
   18256       2.2067
   18257       2.0586
   18258       2.1176
   18259       2.0437
   18260       2.0447
   18261       2.0786
   18262       2.0643
   18263       2.0997
   18264       2.1073
   18265       1.9941
   18266       1.9710
   18267       1.9844
   18268       1.8805
   18269       1.9359
   18270       2.0305
   18271       2.0835
   18272       2.0221
   18273       1.9363
   18274       1.9419
   18275       1.9933
   18276       2.0044
   18277       1.9874
   18278       1.9850
   18279       1.9864
   18280       1.8553
   18281       2.0374
   18282       1.9444
   18283       1.9791
   18284       1.7964
   18285       1.9594
   18286       1.9257
   18287       1.9837
   18288       1.9381
   18289       1.8608
   18290       2.0201
   18291       2.0616
   18292       2.0096
   18293       1.8974
   18294       1.8932
   18295       1.9984
   18296       2.0097
   18297       2.0888
   18298       1.9874
   18299       2.0419
   18300       1.8546
   18301       2.0513
   18302       2.0099
   18303       1.9761
   18304       1.9864
   18305       2.1721
   18306       2.0346
   18307       2.1610
   18308       2.0410
   18309       2.0049
   18310       2.0209
   18311       1.9824
   18312       1.9593
   18313       1.9061
   18314       1.9505
   18315       1.8657
   18316       2.1301
   18317       2.0797
   18318       2.0872
   18319       2.0939
   18320       2.0845
   18321       2.1981
   18322       2.0615
   18323       2.0033
   18324       2.0565
   18325       1.9400
   18326       1.9723
   18327       2.0267
   18328       2.0621
   18329       1.9821
   18330       1.9904
   18331       1.9362
   18332       1.9774
   18333       1.9889
   18334       1.9877
   18335       1.9449
   18336       2.0267
   18337       2.0293
   18338       1.8980
   18339       1.9928
   18340       2.0690
   18341       2.0461
   18342       2.1281
   18343       2.0383
   18344       2.0166
   18345       1.9050
   18346       2.0421
   18347       2.0155
   18348       1.9887
   18349       1.9494
   18350       2.0264
   18351       1.9785
   18352       1.9670
   18353       1.9889
   18354       2.0028
   18355       2.0158
   18356       2.0320
   18357       2.0079
   18358       2.0244
   18359       2.0451
   18360       1.9891
   18361       1.8991
   18362       2.0191
   18363       1.9999
   18364       2.0855
   18365       2.0140
   18366       1.9777
   18367       2.0730
   18368       2.1669
   18369       1.9106
   18370       2.0975
   18371       2.0671
   18372       1.8747
   18373       1.9757
   18374       1.9461
   18375       1.9965
   18376       2.0471
   18377       2.1736
   18378       2.0812
   18379       2.1363
   18380       2.0470
   18381       2.0078
   18382       2.1299
   18383       2.1241
   18384       2.1313
   18385       2.1799
   18386       1.9654
   18387       2.0040
   18388       2.0528
   18389       2.0420
   18390       2.0331
   18391       2.1173
   18392       2.0634
   18393       1.9362
   18394       2.0769
   18395       2.0570
   18396       2.1181
   18397       1.9808
   18398       2.1391
   18399       2.0424
   18400       2.0293
   18401       2.0810
   18402       2.2125
   18403       2.1350
   18404       2.0394
   18405       2.0759
   18406       1.9604
   18407       2.0503
   18408       2.1128
   18409       1.9397
   18410       2.0238
   18411       1.9890
   18412       2.0584
   18413       1.9136
   18414       1.9596
   18415       1.9838
   18416       2.0703
   18417       2.1135
   18418       2.1367
   18419       2.1257
   18420       1.9313
   18421       1.9559
   18422       1.8921
   18423       1.9082
   18424       1.8840
   18425       1.9497
   18426       1.8583
   18427       1.9451
   18428       1.9023
   18429       2.0269
   18430       2.0762
   18431       2.0022
   18432       2.1468
   18433       2.1157
   18434       2.0778
   18435       2.0664
   18436       1.9995
   18437       1.9966
   18438       1.9963
   18439       2.0305
   18440       1.9516
   18441       1.8858
   18442       1.9091
   18443       1.9885
   18444       1.8811
   18445       1.8300
   18446       1.8552
   18447       1.7523
   18448       1.8507
   18449       1.9438
   18450       2.0115
   18451       1.8862
   18452       1.8253
   18453       1.8235
   18454       1.8183
   18455       1.8059
   18456       1.8556
   18457       1.8724
   18458       1.8997
   18459       1.9386
   18460       2.0057
   18461       1.9912
   18462       1.8477
   18463       1.9634
   18464       2.0025
   18465       2.0309
   18466       1.9006
   18467       2.0135
   18468       2.0928
   18469       1.9620
   18470       1.9497
   18471       1.9880
   18472       1.9889
   18473       2.1013
   18474       2.0365
   18475       2.0134
   18476       2.0707
   18477       1.9235
   18478       1.9841
   18479       2.0234
   18480       2.0610
   18481       2.0753
   18482       2.0897
   18483       1.9832
   18484       1.9281
   18485       1.9109
   18486       1.9198
   18487       2.0319
   18488       2.0223
   18489       1.9827
   18490       1.9524
   18491       1.9735
   18492       2.0063
   18493       2.0486
   18494       2.0300
   18495       2.0584
   18496       2.1299
   18497       2.0634
   18498       2.0923
   18499       2.1179
   18500       2.0973
   18501       2.1102
   18502       2.0859
   18503       2.0743
   18504       2.1264
   18505       2.0313
   18506       2.0097
   18507       2.0419
   18508       2.1106
   18509       2.0481
   18510       2.1482
   18511       2.2589
   18512       2.2359
   18513       2.2968
   18514       2.4423
   18515       2.1963
   18516       2.2505
   18517       2.1974
   18518       2.2315
   18519       2.2689
   18520       2.2766
   18521       2.3712
   18522       2.1876
   18523       2.2120
   18524       2.1058
   18525       2.2237
   18526       2.2227
   18527       2.2902
   18528       2.1174
   18529       2.0286
   18530       2.1103
   18531       2.3011
   18532       2.1584
   18533       2.2191
   18534       2.3137
   18535       2.2508
   18536       2.3277
   18537       2.3630
   18538       2.1338
   18539       2.0820
   18540       2.0229
   18541       2.0503
   18542       2.0573
   18543       2.0243
   18544       2.0864
   18545       2.1334
   18546       2.0510
   18547       1.9487
   18548       2.0693
   18549       2.0737
   18550       2.0772
   18551       2.0256
   18552       2.0776
   18553       2.1436
   18554       2.1195
   18555       1.9764
   18556       2.0810
   18557       2.1089
   18558       2.0523
   18559       2.1389
   18560       1.9946
   18561       1.9709
   18562       1.9369
   18563       2.0747
   18564       2.0429
   18565       2.0902
   18566       2.0064
   18567       2.0445
   18568       2.0979
   18569       2.0944
   18570       2.1236
   18571       2.1704
   18572       2.0714
   18573       1.9442
   18574       1.9949
   18575       2.0518
   18576       2.0727
   18577       2.0774
   18578       2.0090
   18579       1.9815
   18580       1.8821
   18581       1.9611
   18582       2.0067
   18583       1.9634
   18584       2.0526
   18585       2.0524
   18586       2.0342
   18587       2.1229
   18588       1.9636
   18589       1.9545
   18590       2.0275
   18591       1.9958
   18592       2.0810
   18593       1.9489
   18594       1.9880
   18595       1.9127
   18596       1.9313
   18597       1.9257
   18598       1.9903
   18599       1.9889
   18600       2.1050
   18601       2.1030
   18602       1.9618
   18603       1.9623
   18604       1.9255
   18605       1.9222
   18606       2.0017
   18607       1.8949
   18608       1.9937
   18609       1.8700
   18610       1.9677
   18611       2.0239
   18612       1.9206
   18613       1.9991
   18614       2.0187
   18615       1.8592
   18616       1.7846
   18617       2.0232
   18618       2.1188
   18619       1.9738
   18620       1.9612
   18621       1.9069
   18622       1.9037
   18623       2.0251
   18624       1.9802
   18625       1.9194
   18626       1.8871
   18627       1.9014
   18628       1.9856
   18629       1.9503
   18630       1.9654
   18631       2.0692
   18632       2.0141
   18633       2.1236
   18634       2.1525
   18635       2.0444
   18636       2.1393
   18637       2.0802
   18638       2.0642
   18639       2.0813
   18640       2.1711
   18641       2.1926
   18642       2.1334
   18643       1.9925
   18644       1.9054
   18645       2.0700
   18646       1.9922
   18647       2.1056
   18648       2.2110
   18649       2.1304
   18650       2.0337
   18651       2.0986
   18652       2.2046
   18653       2.0624
   18654       2.1894
   18655       2.1802
   18656       2.1495
   18657       2.1088
   18658       2.0982
   18659       2.2972
   18660       2.1918
   18661       2.0664
   18662       2.0228
   18663       2.1043
   18664       2.1432
   18665       2.1038
   18666       2.0416
   18667       2.1915
   18668       2.1582
   18669       2.0911
   18670       2.1282
   18671       2.1040
   18672       2.0177
   18673       1.9554
   18674       1.9726
   18675       1.9132
   18676       2.1810
   18677       2.0056
   18678       2.0547
   18679       1.9673
   18680       1.9849
   18681       2.0651
   18682       2.0722
   18683       2.0293
   18684       2.0460
   18685       2.0847
   18686       2.0317
   18687       1.9807
   18688       1.9625
   18689       2.0132
   18690       1.8836
   18691       1.9137
   18692       1.9583
   18693       2.0997
   18694       2.0723
   18695       2.0621
   18696       2.0703
   18697       1.9941
   18698       1.9234
   18699       2.0493
   18700       1.9331
   18701       2.1039
   18702       2.0534
   18703       1.9832
   18704       2.0531
   18705       2.0627
   18706       2.0487
   18707       2.1050
   18708       2.1601
   18709       2.1128
   18710       2.1086
   18711       2.1812
   18712       2.0442
   18713       2.1299
   18714       2.1488
   18715       2.0616
   18716       2.0538
   18717       1.9708
   18718       2.1171
   18719       1.9725
   18720       2.0992
   18721       2.1211
   18722       2.0441
   18723       2.0176
   18724       2.0896
   18725       2.0002
   18726       1.9297
   18727       2.0083
   18728       2.1591
   18729       1.9764
   18730       1.9670
   18731       2.0046
   18732       2.0498
   18733       1.9796
   18734       2.0227
   18735       1.9215
   18736       1.9159
   18737       1.9206
   18738       1.8776
   18739       1.8522
   18740       1.9092
   18741       1.9004
   18742       1.8920
   18743       1.9424
   18744       2.0016
   18745       1.8892
   18746       2.0036
   18747       1.9483
   18748       1.9658
   18749       1.9733
   18750       1.9740
   18751       1.9752
   18752       1.9199
   18753       1.9295
   18754       1.9834
   18755       1.9929
   18756       1.9315
   18757       2.0044
   18758       2.0314
   18759       2.0456
   18760       1.9801
   18761       2.1537
   18762       2.1197
   18763       1.9276
   18764       1.9353
   18765       2.0337
   18766       2.0963
   18767       2.0132
   18768       1.9887
   18769       2.0223
   18770       2.0102
   18771       1.8806
   18772       2.0145
   18773       2.0236
   18774       2.0452
   18775       1.9530
   18776       2.1179
   18777       2.0859
   18778       2.0710
   18779       2.0482
   18780       2.0751
   18781       2.0020
   18782       2.0096
   18783       2.0401
   18784       2.1260
   18785       2.1104
   18786       2.1093
   18787       2.0809
   18788       2.0708
   18789       2.0064
   18790       1.9586
   18791       1.9616
   18792       1.8779
   18793       1.9839
   18794       2.0024
   18795       1.9955
   18796       2.0691
   18797       2.1816
   18798       2.1518
   18799       2.0207
   18800       2.1045
   18801       2.1553
   18802       2.1107
   18803       2.0994
   18804       2.2030
   18805       2.1066
   18806       2.0708
   18807       2.1511
   18808       2.1011
   18809       1.9882
   18810       1.9760
   18811       2.0864
   18812       2.1307
   18813       2.0314
   18814       2.0071
   18815       2.0506
   18816       1.9423
   18817       1.9755
   18818       2.0216
   18819       2.0198
   18820       1.9457
   18821       1.9701
   18822       2.1472
   18823       2.1001
   18824       2.1175
   18825       2.0926
   18826       2.1839
   18827       2.0594
   18828       2.1840
   18829       2.1176
   18830       2.2283
   18831       2.2323
   18832       2.1101
   18833       1.9738
   18834       2.0588
   18835       2.1535
   18836       2.0954
   18837       1.9626
   18838       1.9477
   18839       2.0480
   18840       2.1382
   18841       2.0487
   18842       2.1255
   18843       2.1027
   18844       2.0344
   18845       1.9807
   18846       1.9788
   18847       2.1191
   18848       1.9048
   18849       2.0317
   18850       1.9369
   18851       2.0866
   18852       2.1041
   18853       1.9768
   18854       2.0606
   18855       2.0883
   18856       1.9428
   18857       1.9139
   18858       1.9094
   18859       1.8976
   18860       1.8858
   18861       1.8449
   18862       1.9015
   18863       1.9221
   18864       1.8797
   18865       1.9779
   18866       1.9576
   18867       1.8912
   18868       1.9821
   18869       1.9144
   18870       1.9088
   18871       1.9318
   18872       1.9342
   18873       1.9208
   18874       1.9674
   18875       1.9146
   18876       1.9531
   18877       1.9226
   18878       2.0100
   18879       2.0317
   18880       2.1142
   18881       1.9853
   18882       1.9957
   18883       2.0785
   18884       1.9734
   18885       2.1102
   18886       2.0261
   18887       2.0117
   18888       2.0411
   18889       2.0464
   18890       2.0262
   18891       2.1688
   18892       2.3144
   18893       2.2055
   18894       2.1141
   18895       2.0516
   18896       2.1127
   18897       2.1345
   18898       2.1606
   18899       2.1020
   18900       2.1425
   18901       2.1302
   18902       2.1785
   18903       2.0952
   18904       2.0210
   18905       1.9718
   18906       2.1159
   18907       1.9734
   18908       2.0178
   18909       2.0454
   18910       2.1024
   18911       2.0550
   18912       2.1315
   18913       2.0330
   18914       2.0750
   18915       2.1698
   18916       2.0541
   18917       2.0912
   18918       2.0633
   18919       1.9719
   18920       2.1045
   18921       2.1087
   18922       2.1185
   18923       2.0785
   18924       2.0886
   18925       1.9837
   18926       2.1227
   18927       2.0625
   18928       2.1716
   18929       2.1032
   18930       2.0785
   18931       2.1860
   18932       1.9797
   18933       2.1167
   18934       2.0981
   18935       2.0387
   18936       1.9691
   18937       2.0852
   18938       2.1731
   18939       2.0299
   18940       2.0070
   18941       1.9734
   18942       2.0268
   18943       2.0793
   18944       2.1228
   18945       2.0269
   18946       2.1548
   18947       2.1512
   18948       2.0219
   18949       2.0357
   18950       2.0698
   18951       2.0470
   18952       2.0653
   18953       2.0507
   18954       2.1068
   18955       2.1154
   18956       2.0643
   18957       2.0790
   18958       2.0538
   18959       2.1757
   18960       2.1329
   18961       2.1129
   18962       2.2082
   18963       2.1044
   18964       2.1376
   18965       2.1990
   18966       2.1159
   18967       2.1816
   18968       2.0071
   18969       2.0396
   18970       2.0817
   18971       2.0034
   18972       2.0642
   18973       1.8972
   18974       2.0034
   18975       2.0846
   18976       2.1093
   18977       2.2445
   18978       2.0665
   18979       2.1491
   18980       2.0994
   18981       2.0922
   18982       1.9752
   18983       2.0327
   18984       2.1327
   18985       2.0229
   18986       2.0792
   18987       2.0464
   18988       1.9790
   18989       1.9098
   18990       1.9624
   18991       2.0360
   18992       1.9226
   18993       1.9179
   18994       1.9678
   18995       1.9424
   18996       1.9339
   18997       1.9323
   18998       1.8877
   18999       2.0566
   19000       2.0303
   19001       2.1296
   19002       2.0198
   19003       1.9732
   19004       1.9233
   19005       1.8605
   19006       1.9379
   19007       1.9893
   19008       1.9169
   19009       1.9327
   19010       2.0148
   19011       1.9873
   19012       1.9792
   19013       1.9786
   19014       2.1438
   19015       2.0766
   19016       2.0975
   19017       2.1005
   19018       1.9406
   19019       1.9863
   19020       1.9996
   19021       1.9917
   19022       2.2105
   19023       2.1292
   19024       2.1190
   19025       2.1391
   19026       2.2078
   19027       2.1869
   19028       2.1910
   19029       2.1303
   19030       2.1609
   19031       2.1748
   19032       2.1578
   19033       2.1091
   19034       2.1868
   19035       2.1292
   19036       2.1578
   19037       2.1139
   19038       2.0952
   19039       2.1030
   19040       2.1050
   19041       2.0244
   19042       2.0024
   19043       2.0859
   19044       2.2471
   19045       2.2006
   19046       2.1334
   19047       2.1931
   19048       2.3066
   19049       2.1216
   19050       2.1327
   19051       2.1098
   19052       2.1081
   19053       2.2318
   19054       2.1089
   19055       2.0960
   19056       2.1064
   19057       2.0823
   19058       2.1468
   19059       2.1636
   19060       2.1462
   19061       2.1399
   19062       2.0593
   19063       1.9842
   19064       2.0275
   19065       2.1183
   19066       2.0978
   19067       1.8724
   19068       1.9330
   19069       2.0095
   19070       2.0191
   19071       2.1276
   19072       2.0349
   19073       2.1807
   19074       2.1166
   19075       2.1786
   19076       2.0134
   19077       1.9526
   19078       2.0403
   19079       2.0181
   19080       2.0325
   19081       1.9809
   19082       1.9350
   19083       1.9379
   19084       1.9665
   19085       1.9579
   19086       1.9745
   19087       1.9894
   19088       1.9425
   19089       1.8903
   19090       1.9900
   19091       1.9589
   19092       1.9437
   19093       1.9739
   19094       1.8881
   19095       1.9427
   19096       1.9900
   19097       2.0067
   19098       2.0166
   19099       2.1567
   19100       1.9708
   19101       1.9865
   19102       2.1009
   19103       2.0348
   19104       2.0276
   19105       2.0495
   19106       1.9713
   19107       1.9656
   19108       2.0088
   19109       1.9800
   19110       2.0456
   19111       2.0030
   19112       1.9571
   19113       2.0078
   19114       1.9740
   19115       1.9706
   19116       1.9642
   19117       1.8851
   19118       1.9567
   19119       2.0899
   19120       1.9717
   19121       1.9769
   19122       2.0417
   19123       1.9249
   19124       2.0488
   19125       1.9988
   19126       1.9919
   19127       1.9738
   19128       1.8645
   19129       1.8594
   19130       1.8024
   19131       1.9533
   19132       1.9282
   19133       1.9063
   19134       1.8034
   19135       1.9286
   19136       1.9884
   19137       1.8675
   19138       1.7611
   19139       1.8704
   19140       1.8743
   19141       1.8792
   19142       1.8230
   19143       1.9560
   19144       1.9785
   19145       2.0508
   19146       1.9938
   19147       2.0090
   19148       1.9419
   19149       1.9793
   19150       1.9124
   19151       1.9983
   19152       2.0123
   19153       2.0110
   19154       1.8912
   19155       1.8531
   19156       1.9059
   19157       1.8673
   19158       1.9172
   19159       1.9497
   19160       1.9846
   19161       1.9103
   19162       1.9424
   19163       1.9467
   19164       1.9084
   19165       1.8034
   19166       1.8581
   19167       1.9877
   19168       1.9312
   19169       1.9723
   19170       1.9118
   19171       1.9533
   19172       2.0690
   19173       1.9886
   19174       1.9498
   19175       1.9773
   19176       1.9852
   19177       2.0566
   19178       2.0325
   19179       2.0233
   19180       2.0409
   19181       2.0889
   19182       1.9735
   19183       2.0642
   19184       2.0081
   19185       2.1292
   19186       2.0641
   19187       1.9975
   19188       1.9198
   19189       1.9759
   19190       2.0121
   19191       2.0843
   19192       1.9757
   19193       2.0722
   19194       1.9124
   19195       1.9506
   19196       2.0349
   19197       1.9973
   19198       2.0301
   19199       2.0775
   19200       2.1082
   19201       2.0423
   19202       1.8885
   19203       1.8766
   19204       1.8727
   19205       1.8195
   19206       1.7725
   19207       1.8084
   19208       1.8731
   19209       1.9644
   19210       1.9522
   19211       1.9155
   19212       1.8184
   19213       1.9107
   19214       1.8166
   19215       1.7916
   19216       1.8752
   19217       1.9532
   19218       2.0042
   19219       1.9394
   19220       1.8639
   19221       1.9631
   19222       2.0020
   19223       1.9229
   19224       1.8567
   19225       1.9060
   19226       1.8840
   19227       1.9625
   19228       1.8865
   19229       2.0356
   19230       1.9365
   19231       1.9874
   19232       1.9977
   19233       1.9783
   19234       1.9396
   19235       1.9612
   19236       1.9422
   19237       1.9331
   19238       1.9002
   19239       1.9566
   19240       1.9634
   19241       1.8342
   19242       1.9524
   19243       1.8637
   19244       1.8752
   19245       1.9265
   19246       1.9154
   19247       1.8887
   19248       1.8718
   19249       1.8912
   19250       1.8800
   19251       1.9089
   19252       1.8130
   19253       1.9366
   19254       1.8847
   19255       1.9355
   19256       2.0560
   19257       1.8373
   19258       2.0055
   19259       2.0051
   19260       1.9891
   19261       1.9594
   19262       1.9479
   19263       1.8856
   19264       1.9230
   19265       1.8674
   19266       1.8613
   19267       1.8085
   19268       1.8312
   19269       1.9513
   19270       1.9038
   19271       1.9140
   19272       1.9154
   19273       1.8972
   19274       1.9981
   19275       2.0252
   19276       2.0054
   19277       2.0031
   19278       2.1367
   19279       1.8731
   19280       1.8631
   19281       2.0177
   19282       1.9322
   19283       1.8581
   19284       1.9959
   19285       2.0175
   19286       1.9708
   19287       1.9196
   19288       1.9597
   19289       1.9574
   19290       1.9234
   19291       1.8665
   19292       1.9123
   19293       1.9539
   19294       1.9785
   19295       1.9923
   19296       2.1038
   19297       1.9895
   19298       2.0527
   19299       1.9892
   19300       2.0233
   19301       1.8323
   19302       2.0007
   19303       1.9619
   19304       1.9169
   19305       1.9659
   19306       2.0609
   19307       1.9950
   19308       1.9956
   19309       1.9657
   19310       2.0396
   19311       1.9643
   19312       2.0291
   19313       1.9824
   19314       2.0757
   19315       1.8911
   19316       2.0018
   19317       1.8963
   19318       2.0420
   19319       2.0358
   19320       2.0335
   19321       2.0567
   19322       2.1157
   19323       2.0649
   19324       1.8807
   19325       2.0434
   19326       2.0215
   19327       2.0252
   19328       1.9473
   19329       1.9866
   19330       1.9564
   19331       1.9522
   19332       2.0876
   19333       2.1010
   19334       2.0818
   19335       2.0903
   19336       1.9915
   19337       2.0032
   19338       1.9651
   19339       2.1169
   19340       2.0882
   19341       2.0834
   19342       2.1045
   19343       2.0463
   19344       2.0170
   19345       1.9425
   19346       1.9784
   19347       2.1112
   19348       2.0743
   19349       2.1063
   19350       2.0685
   19351       1.9842
   19352       2.0649
   19353       2.0451
   19354       2.0561
   19355       2.0818
   19356       2.0759
   19357       2.0411
   19358       1.9568
   19359       1.9731
   19360       2.0138
   19361       2.0114
   19362       2.0510
   19363       1.9844
   19364       1.9219
   19365       1.9299
   19366       1.9802
   19367       2.0670
   19368       2.0561
   19369       2.0227
   19370       1.9064
   19371       2.0389
   19372       1.9262
   19373       1.9460
   19374       2.1466
   19375       2.0148
   19376       2.0439
   19377       1.9449
   19378       2.1302
   19379       2.0074
   19380       2.0865
   19381       2.0711
   19382       2.0598
   19383       2.0898
   19384       2.0587
   19385       2.0602
   19386       2.0364
   19387       1.9669
   19388       1.9795
   19389       1.9930
   19390       1.8297
   19391       2.0242
   19392       2.0643
   19393       2.0191
   19394       2.0818
   19395       2.0684
   19396       2.0326
   19397       1.9989
   19398       1.9647
   19399       1.9870
   19400       2.0521
   19401       2.0073
   19402       2.0679
   19403       1.9845
   19404       2.0705
   19405       2.0355
   19406       2.0544
   19407       2.0608
   19408       2.0848
   19409       2.0245
   19410       2.0412
   19411       2.1036
   19412       1.9899
   19413       2.0434
   19414       1.9510
   19415       2.1604
   19416       2.1038
   19417       1.9888
   19418       2.1227
   19419       2.0495
   19420       2.0754
   19421       2.1049
   19422       2.1128
   19423       2.0947
   19424       2.0029
   19425       2.0618
   19426       1.9754
   19427       1.9597
   19428       1.9637
   19429       2.0163
   19430       2.1147
   19431       2.0878
   19432       2.0204
   19433       2.0752
   19434       2.0613
   19435       2.1344
   19436       1.9420
   19437       1.9645
   19438       2.0114
   19439       2.0945
   19440       1.8659
   19441       1.9798
   19442       1.9398
   19443       2.0599
   19444       2.0178
   19445       2.0543
   19446       1.9796
   19447       2.0431
   19448       1.9815
   19449       2.1306
   19450       2.0515
   19451       2.0728
   19452       2.1730
   19453       2.1205
   19454       2.1190
   19455       2.1537
   19456       2.0499
   19457       2.0401
   19458       1.9792
   19459       1.9767
   19460       2.0052
   19461       2.0135
   19462       2.0145
   19463       2.1225
   19464       2.0246
   19465       2.0527
   19466       2.0732
   19467       2.1457
   19468       2.1228
   19469       2.0785
   19470       2.0051
   19471       1.8992
   19472       1.9868
   19473       1.9134
   19474       2.0137
   19475       2.0183
   19476       2.0780
   19477       2.0422
   19478       2.0148
   19479       2.0296
   19480       2.0250
   19481       2.0448
   19482       1.9596
   19483       1.9452
   19484       1.9705
   19485       1.9114
   19486       1.8662
   19487       1.8849
   19488       1.8445
   19489       1.9895
   19490       2.0038
   19491       1.8441
   19492       2.0042
   19493       1.9462
   19494       2.0239
   19495       1.9302
   19496       1.9619
   19497       2.0408
   19498       2.0401
   19499       2.0325
   19500       2.0562
   19501       1.9394
   19502       1.9823
   19503       2.0693
   19504       2.1073
   19505       2.0802
   19506       2.0518
   19507       2.0172
   19508       2.0092
   19509       1.9381
   19510       1.9727
   19511       1.8747
   19512       1.9504
   19513       1.9797
   19514       2.1098
   19515       2.0635
   19516       1.9656
   19517       2.0309
   19518       1.9987
   19519       1.9943
   19520       2.0386
   19521       2.0965
   19522       2.1023
   19523       2.0847
   19524       2.0954
   19525       2.0456
   19526       1.9610
   19527       1.9499
   19528       2.0349
   19529       1.9497
   19530       1.9534
   19531       1.9750
   19532       1.9846
   19533       1.9961
   19534       1.9901
   19535       2.0028
   19536       2.1096
   19537       1.9757
   19538       2.0420
   19539       2.0506
   19540       2.0924
   19541       2.0757
   19542       2.1356
   19543       2.0241
   19544       2.0270
   19545       2.0140
   19546       2.0697
   19547       2.1002
   19548       2.1862
   19549       2.0910
   19550       1.9911
   19551       1.9642
   19552       2.0433
   19553       2.0017
   19554       2.0363
   19555       2.0742
   19556       2.0144
   19557       2.0287
   19558       2.0646
   19559       2.0271
   19560       2.1017
   19561       1.9567
   19562       1.9266
   19563       2.0052
   19564       1.8773
   19565       1.9647
   19566       1.9076
   19567       1.9386
   19568       2.0313
   19569       1.8803
   19570       1.9608
   19571       1.9787
   19572       1.9483
   19573       1.9236
   19574       2.0204
   19575       1.9812
   19576       2.0760
   19577       1.9901
   19578       2.0652
   19579       2.0646
   19580       2.0351
   19581       1.9091
   19582       1.8148
   19583       1.8386
   19584       1.9583
   19585       1.8948
   19586       1.9385
   19587       2.0090
   19588       2.0273
   19589       2.0619
   19590       1.9012
   19591       1.9943
   19592       2.0533
   19593       1.9840
   19594       1.9249
   19595       1.9789
   19596       1.9407
   19597       1.8705
   19598       1.9272
   19599       2.0234
   19600       1.9840
   19601       1.9907
   19602       1.9309
   19603       1.9906
   19604       1.9339
   19605       1.9997
   19606       2.0385
   19607       2.0278
   19608       2.0189
   19609       1.9183
   19610       1.9469
   19611       2.0089
   19612       1.8687
   19613       1.8661
   19614       1.9953
   19615       2.0483
   19616       1.9722
   19617       2.0287
   19618       2.0218
   19619       1.9284
   19620       1.9917
   19621       1.9661
   19622       1.8900
   19623       2.0219
   19624       1.9238
   19625       1.9511
   19626       2.0132
   19627       2.0466
   19628       2.0428
   19629       2.0264
   19630       1.9117
   19631       1.9978
   19632       1.9449
   19633       1.9522
   19634       1.9960
   19635       1.9406
   19636       2.0013
   19637       1.8915
   19638       1.9255
   19639       2.0545
   19640       1.9037
   19641       1.8905
   19642       2.0381
   19643       1.9698
   19644       1.8624
   19645       1.9625
   19646       1.8411
   19647       1.8355
   19648       1.8903
   19649       1.8444
   19650       1.8742
   19651       1.9234
   19652       1.9928
   19653       2.0452
   19654       1.9462
   19655       2.0470
   19656       2.0361
   19657       1.9836
   19658       1.9895
   19659       2.0144
   19660       2.0217
   19661       2.0100
   19662       1.9483
   19663       1.9433
   19664       1.9899
   19665       1.8883
   19666       1.9650
   19667       2.0612
   19668       1.9315
   19669       1.9450
   19670       1.9511
   19671       1.9596
   19672       1.9247
   19673       2.0356
   19674       2.0161
   19675       2.0272
   19676       2.0467
   19677       2.0848
   19678       2.0841
   19679       2.0852
   19680       2.1214
   19681       2.1907
   19682       2.0068
   19683       2.0019
   19684       1.9908
   19685       1.9296
   19686       1.9508
   19687       2.0103
   19688       1.8837
   19689       1.9951
   19690       1.9532
   19691       2.0104
   19692       1.9868
   19693       2.0567
   19694       1.9875
   19695       2.0094
   19696       1.9923
   19697       2.1001
   19698       2.0459
   19699       1.9699
   19700       2.0372
   19701       2.0537
   19702       2.1067
   19703       2.0341
   19704       1.9835
   19705       2.1603
   19706       2.0067
   19707       2.0459
   19708       2.0732
   19709       2.0931
   19710       2.0472
   19711       2.0490
   19712       2.0702
   19713       2.0617
   19714       1.9915
   19715       2.0481
   19716       1.9013
   19717       1.8924
   19718       1.9931
   19719       1.9513
   19720       2.0311
   19721       1.9699
   19722       1.9031
   19723       2.0239
   19724       2.0484
   19725       1.9765
   19726       1.9817
   19727       1.9901
   19728       2.0310
   19729       2.1452
   19730       2.1083
   19731       2.0833
   19732       2.0812
   19733       1.9706
   19734       2.0350
   19735       2.0154
   19736       2.1147
   19737       2.0446
   19738       2.1460
   19739       2.1766
   19740       2.0242
   19741       2.0103
   19742       1.9758
   19743       1.9739
   19744       1.8326
   19745       1.9672
   19746       1.9398
   19747       1.9898
   19748       1.9452
   19749       1.9211
   19750       2.0691
   19751       2.0437
   19752       1.9716
   19753       2.0211
   19754       1.9441
   19755       1.9416
   19756       2.0018
   19757       2.1814
   19758       2.1253
   19759       2.1667
   19760       2.1965
   19761       2.1956
   19762       2.0718
   19763       2.1258
   19764       2.1021
   19765       2.1882
   19766       2.1304
   19767       2.1991
   19768       2.1157
   19769       2.0710
   19770       1.9885
   19771       2.2386
   19772       2.0962
   19773       2.1564
   19774       2.2383
   19775       2.2111
   19776       2.0450
   19777       2.2342
   19778       2.1430
   19779       2.1428
   19780       2.0674
   19781       2.0413
   19782       2.0133
   19783       2.0734
   19784       2.0838
   19785       1.9312
   19786       1.9608
   19787       2.0759
   19788       2.0500
   19789       2.0456
   19790       2.1196
   19791       2.0035
   19792       2.0601
   19793       1.8293
   19794       1.9228
   19795       1.9177
   19796       1.8471
   19797       1.8883
   19798       1.9503
   19799       1.8518
   19800       1.8749
   19801       1.9653
   19802       2.0510
   19803       1.9560
   19804       1.9431
   19805       1.9459
   19806       2.1240
   19807       2.0568
   19808       2.0739
   19809       1.9556
   19810       1.9876
   19811       1.9132
   19812       1.9266
   19813       2.0177
   19814       1.8938
   19815       1.9696
   19816       1.9109
   19817       1.9434
   19818       1.9692
   19819       2.0582
   19820       1.9400
   19821       1.8463
   19822       2.0386
   19823       1.9553
   19824       1.9564
   19825       2.0441
   19826       1.9438
   19827       1.9557
   19828       2.0699
   19829       2.0931
   19830       2.1327
   19831       2.1679
   19832       2.0719
   19833       2.0863
   19834       2.0857
   19835       2.1493
   19836       2.0232
   19837       2.0526
   19838       2.1223
   19839       2.1958
   19840       2.0558
   19841       2.0749
   19842       2.1250
   19843       2.0687
   19844       2.0965
   19845       2.0183
   19846       2.0272
   19847       2.0060
   19848       1.9316
   19849       1.8715
   19850       1.9660
   19851       2.0091
   19852       2.1226
   19853       1.9941
   19854       1.9826
   19855       2.0278
   19856       2.1106
   19857       2.2068
   19858       2.0400
   19859       2.0986
   19860       2.1525
   19861       2.1701
   19862       2.0609
   19863       2.0302
   19864       1.9653
   19865       1.9640
   19866       2.1297
   19867       1.9825
   19868       2.1436
   19869       2.0661
   19870       2.0049
   19871       1.9947
   19872       2.0375
   19873       1.9191
   19874       1.9973
   19875       1.9843
   19876       1.9787
   19877       2.0261
   19878       1.9915
   19879       2.1209
   19880       2.0945
   19881       2.1694
   19882       2.0345
   19883       2.0886
   19884       2.0789
   19885       2.1067
   19886       1.9816
   19887       2.1748
   19888       2.1173
   19889       1.9080
   19890       2.0708
   19891       1.9332
   19892       1.9602
   19893       1.9314
   19894       2.0333
   19895       1.9186
   19896       1.9481
   19897       2.0457
   19898       2.0842
   19899       2.0428
   19900       2.0389
   19901       2.0707
   19902       1.9327
   19903       2.0675
   19904       2.1010
   19905       2.0732
   19906       1.9221
   19907       1.9228
   19908       2.0392
   19909       1.9779
   19910       1.9384
   19911       1.9924
   19912       1.8480
   19913       2.0488
   19914       2.1711
   19915       2.0248
   19916       2.0755
   19917       2.0451
   19918       2.0270
   19919       1.9436
   19920       1.9801
   19921       2.0441
   19922       1.9258
   19923       2.0278
   19924       2.0500
   19925       1.9682
   19926       2.0305
   19927       1.9965
   19928       1.9607
   19929       2.0380
   19930       1.9483
   19931       2.0685
   19932       1.9816
   19933       1.9913
   19934       2.0250
   19935       1.9352
   19936       2.0450
   19937       1.8921
   19938       2.0841
   19939       2.1111
   19940       2.0700
   19941       2.0501
   19942       2.0647
   19943       2.1122
   19944       2.1014
   19945       1.9527
   19946       2.0088
   19947       1.9554
   19948       1.9513
   19949       1.9307
   19950       1.9692
   19951       2.0745
   19952       2.0600
   19953       2.0896
   19954       2.0411
   19955       1.9463
   19956       2.1781
   19957       2.1428
   19958       2.1437
   19959       2.0610
   19960       2.1162
   19961       1.9831
   19962       1.9923
   19963       2.1143
   19964       2.0491
   19965       2.0693
   19966       2.1314
   19967       2.1386
   19968       2.1700
   19969       2.1037
   19970       2.0581
   19971       2.0172
   19972       2.0646
   19973       2.0438
   19974       1.9691
   19975       2.0572
   19976       1.9026
   19977       1.9978
   19978       1.8222
   19979       1.9175
   19980       1.9208
   19981       2.0432
   19982       1.9534
   19983       1.8956
   19984       2.0187
   19985       1.9422
   19986       1.9887
   19987       1.9665
   19988       1.7382
   19989       1.7852
   19990       1.8950
   19991       1.9538
   19992       2.0069
   19993       1.9052
   19994       2.0684
   19995       2.0747
   19996       2.1346
   19997       2.0654
   19998       1.9946
   19999       2.0166
   20000       2.0127
   20001       2.0431
   20002       2.0355
   20003       1.9959
   20004       2.0872
   20005       2.0245
   20006       1.9831
   20007       2.0553
   20008       1.9839
   20009       1.9867
   20010       2.0303
   20011       2.0123
   20012       1.9684
   20013       2.0272
   20014       1.9951
   20015       1.9900
   20016       1.9122
   20017       2.0693
   20018       2.0300
   20019       1.9640
   20020       2.0314
   20021       1.9941
   20022       2.0199
   20023       2.1308
   20024       2.1633
   20025       2.1476
   20026       2.1169
   20027       2.1739
   20028       2.0640
   20029       2.1312
   20030       2.0272
   20031       2.0310
   20032       2.0838
   20033       2.1805
   20034       2.1905
   20035       2.2645
   20036       2.1949
   20037       2.2548
   20038       2.1520
   20039       2.2252
   20040       2.2612
   20041       2.3424
   20042       2.3093
   20043       2.2319
   20044       2.1725
   20045       2.1315
   20046       2.1738
   20047       2.2717
   20048       2.2186
   20049       2.1403
   20050       2.1654
   20051       2.0379
   20052       2.1588
   20053       2.2861
   20054       2.1566
   20055       2.0972
   20056       2.2047
   20057       2.2784
   20058       2.2576
   20059       2.2705
   20060       2.1359
   20061       2.3514
   20062       2.1858
   20063       2.1944
   20064       2.1675
   20065       2.0526
   20066       1.9426
   20067       1.9780
   20068       2.0137
   20069       2.0613
   20070       1.9808
   20071       1.9078
   20072       1.9144
   20073       2.0337
   20074       2.0165
   20075       2.1396
   20076       2.0994
   20077       2.0560
   20078       2.0940
   20079       2.1483
   20080       2.1965
   20081       2.1018
   20082       1.9675
   20083       2.0907
   20084       2.0351
   20085       1.9675
   20086       2.0756
   20087       2.0629
   20088       2.1009
   20089       2.0684
   20090       2.0026
   20091       2.0568
   20092       2.0597
   20093       2.0947
   20094       2.0396
   20095       2.1550
   20096       2.0827
   20097       2.1646
   20098       2.2040
   20099       2.0947
   20100       2.1402
   20101       1.9493
   20102       2.0967
   20103       1.9673
   20104       2.1783
   20105       2.2318
   20106       2.2303
   20107       2.1425
   20108       2.2164
   20109       2.1194
   20110       2.1015
   20111       2.1255
   20112       2.0446
   20113       1.9269
   20114       1.9632
   20115       2.0614
   20116       2.0618
   20117       2.0457
   20118       2.0805
   20119       2.0892
   20120       2.1259
   20121       2.0732
   20122       2.0629
   20123       1.9689
   20124       2.0102
   20125       2.0484
   20126       1.9928
   20127       1.9358
   20128       2.0202
   20129       2.0808
   20130       2.0269
   20131       2.1124
   20132       2.1281
   20133       2.0846
   20134       2.1591
   20135       2.0523
   20136       2.0129
   20137       1.9965
   20138       1.9741
   20139       1.9402
   20140       2.0643
   20141       1.9647
   20142       1.9705
   20143       2.0309
   20144       2.0307
   20145       1.9604
   20146       1.9812
   20147       2.0129
   20148       2.0379
   20149       2.0207
   20150       2.0624
   20151       1.9728
   20152       2.0508
   20153       2.0538
   20154       2.0381
   20155       1.9956
   20156       2.0497
   20157       2.0373
   20158       2.1165
   20159       2.1310
   20160       2.1005
   20161       2.1077
   20162       2.1612
   20163       2.0452
   20164       1.9905
   20165       1.9042
   20166       1.9274
   20167       1.9200
   20168       1.9221
   20169       2.0492
   20170       2.1112
   20171       1.9508
   20172       1.9771
   20173       2.0584
   20174       2.0668
   20175       2.0347
   20176       2.0488
   20177       2.2045
   20178       2.0759
   20179       2.0209
   20180       2.1483
   20181       2.0901
   20182       2.1422
   20183       2.0016
   20184       2.1509
   20185       2.2018
   20186       2.1762
   20187       2.2310
   20188       2.1729
   20189       2.0812
   20190       2.0373
   20191       2.0605
   20192       2.0681
   20193       2.1530
   20194       2.0392
   20195       2.1098
   20196       2.0112
   20197       2.1295
   20198       1.9563
   20199       2.1114
   20200       2.0608
   20201       2.0724
   20202       2.0808
   20203       1.9810
   20204       1.9478
   20205       2.1378
   20206       2.0904
   20207       1.9656
   20208       2.0150
   20209       2.1929
   20210       2.1514
   20211       2.1077
   20212       2.1243
   20213       2.0204
   20214       2.0653
   20215       1.9957
   20216       1.9916
   20217       2.1040
   20218       2.2049
   20219       2.2854
   20220       2.3352
   20221       2.2172
   20222       2.2291
   20223       2.1636
   20224       2.2163
   20225       2.3697
   20226       2.2106
   20227       2.0454
   20228       2.2648
   20229       2.2246
   20230       2.0126
   20231       2.1815
   20232       2.1141
   20233       2.2197
   20234       2.2110
   20235       2.2088
   20236       2.1883
   20237       2.0848
   20238       2.1763
   20239       2.2161
   20240       2.2932
   20241       2.1792
   20242       2.0539
   20243       2.0867
   20244       2.1191
   20245       1.9737
   20246       2.1075
   20247       1.9922
   20248       1.9803
   20249       1.9834
   20250       2.0797
   20251       2.0428
   20252       1.9359
   20253       2.0171
   20254       2.0713
   20255       2.1100
   20256       2.0586
   20257       2.0587
   20258       2.0854
   20259       2.0631
   20260       2.1554
   20261       2.1605
   20262       2.0079
   20263       1.9967
   20264       2.0483
   20265       1.9525
   20266       2.0085
   20267       1.9111
   20268       1.8793
   20269       1.8766
   20270       1.9632
   20271       1.9919
   20272       2.0657
   20273       2.0195
   20274       1.9416
   20275       1.9993
   20276       1.9777
   20277       1.9007
   20278       1.8843
   20279       1.8824
   20280       2.0072
   20281       2.0240
   20282       2.0539
   20283       2.0510
   20284       2.0005
   20285       2.0258
   20286       2.0763
   20287       1.9639
   20288       1.8188
   20289       2.0027
   20290       1.9285
   20291       1.8794
   20292       1.9707
   20293       2.1713
   20294       1.9813
   20295       2.0504
   20296       2.1054
   20297       2.1026
   20298       2.1248
   20299       2.0908
   20300       2.0498
   20301       2.0251
   20302       1.9222
   20303       2.0706
   20304       2.1241
   20305       2.1497
   20306       2.0332
   20307       2.0144
   20308       2.1819
   20309       2.0147
   20310       2.1219
   20311       2.1483
   20312       1.9702
   20313       2.0347
   20314       2.1052
   20315       2.1303
   20316       1.9865
   20317       1.9001
   20318       1.8823
   20319       1.9226
   20320       2.0350
   20321       1.8808
   20322       1.9236
   20323       1.9975
   20324       1.9794
   20325       2.0007
   20326       2.0366
   20327       2.1345
   20328       1.9188
   20329       2.0693
   20330       1.9697
   20331       2.0405
   20332       1.9737
   20333       1.9957
   20334       2.0956
   20335       2.0227
   20336       1.9417
   20337       2.0886
   20338       2.0480
   20339       2.0048
   20340       2.0173
   20341       2.0856
   20342       2.0497
   20343       2.0198
   20344       2.0134
   20345       1.9304
   20346       2.0149
   20347       1.9081
   20348       1.9491
   20349       1.8855
   20350       1.9160
   20351       1.9680
   20352       1.8736
   20353       2.0072
   20354       1.8930
   20355       2.0020
   20356       1.8727
   20357       1.8697
   20358       1.8956
   20359       2.0057
   20360       1.9021
   20361       1.9245
   20362       2.0150
   20363       2.0387
   20364       1.9687
   20365       2.0468
   20366       1.9058
   20367       1.8935
   20368       2.0159
   20369       1.9908
   20370       2.0648
   20371       2.0211
   20372       2.0092
   20373       2.0209
   20374       2.0551
   20375       2.0119
   20376       2.0093
   20377       2.1000
   20378       2.1486
   20379       2.1409
   20380       2.1228
   20381       2.0239
   20382       2.0588
   20383       2.0168
   20384       2.0426
   20385       2.0757
   20386       2.0722
   20387       2.0891
   20388       2.0253
   20389       2.1095
   20390       2.1697
   20391       2.1156
   20392       2.2592
   20393       2.1188
   20394       2.1994
   20395       2.0320
   20396       2.0211
   20397       2.1223
   20398       2.1171
   20399       2.1674
   20400       2.1834
   20401       2.1337
   20402       2.1537
   20403       2.2492
   20404       2.1065
   20405       2.0525
   20406       2.1026
   20407       2.1223
   20408       2.1801
   20409       2.1830
   20410       2.0588
   20411       2.0663
   20412       2.2380
   20413       2.1374
   20414       2.2203
   20415       2.2372
   20416       2.2872
   20417       2.3771
   20418       2.2777
   20419       2.3629
   20420       2.2614
   20421       2.3170
   20422       2.2743
   20423       2.1268
   20424       2.1124
   20425       2.1269
   20426       2.2068
   20427       2.0879
   20428       2.1507
   20429       2.0966
   20430       2.1349
   20431       2.0514
   20432       2.0747
   20433       2.2901
   20434       2.2050
   20435       2.2467
   20436       2.2103
   20437       2.1300
   20438       2.2226
   20439       2.2047
   20440       2.2661
   20441       2.2356
   20442       2.1750
   20443       2.1681
   20444       2.1875
   20445       2.1986
   20446       2.2285
   20447       2.2054
   20448       2.1320
   20449       2.1892
   20450       2.2796
   20451       2.2172
   20452       2.1921
   20453       2.1582
   20454       2.2299
   20455       2.4217
   20456       2.3882
   20457       2.2040
   20458       2.2294
   20459       2.1823
   20460       2.2259
   20461       2.1915
   20462       2.1602
   20463       2.2371
   20464       2.2605
   20465       2.2623
   20466       2.2681
   20467       2.2339
   20468       2.2370
   20469       2.2521
   20470       2.1407
   20471       2.2480
   20472       2.2914
   20473       2.3071
   20474       2.1785
   20475       2.0725
   20476       2.1979
   20477       2.1693
   20478       2.0612
   20479       2.1192
   20480       2.1135
   20481       2.1054
   20482       2.1462
   20483       2.1262
   20484       2.2234
   20485       2.1373
   20486       2.2664
   20487       2.3464
   20488       2.2125
   20489       2.2491
   20490       2.2138
   20491       2.1549
   20492       2.1859
   20493       2.2180
   20494       2.0913
   20495       2.0642
   20496       2.1420
   20497       2.3323
   20498       2.1595
   20499       2.1217
   20500       1.9619
   20501       2.0187
   20502       2.0467
   20503       2.0670
   20504       2.1627
   20505       2.1516
   20506       2.1295
   20507       2.0871
   20508       2.0472
   20509       2.1422
   20510       2.0037
   20511       2.0073
   20512       2.0444
   20513       2.0880
   20514       1.9487
   20515       2.0607
   20516       2.0280
   20517       2.0662
   20518       2.0763
   20519       2.1174
   20520       1.9964
   20521       1.9659
   20522       1.9771
   20523       2.0823
   20524       2.0619
   20525       1.9445
   20526       1.9899
   20527       2.0175
   20528       2.0531
   20529       2.0267
   20530       1.9342
   20531       1.9230
   20532       2.0199
   20533       1.9953
   20534       1.9974
   20535       2.0509
   20536       2.2166
   20537       2.0839
   20538       2.0444
   20539       2.0935
   20540       1.9682
   20541       1.9432
   20542       1.9690
   20543       1.9902
   20544       2.0405
   20545       2.0182
   20546       2.1013
   20547       2.0972
   20548       2.0071
   20549       1.9715
   20550       2.0310
   20551       2.0154
   20552       1.9651
   20553       1.9695
   20554       2.0279
   20555       2.0042
   20556       1.9427
   20557       1.9620
   20558       2.0567
   20559       1.9733
   20560       2.0115
   20561       2.0658
   20562       2.0057
   20563       2.0574
   20564       1.9449
   20565       2.0328
   20566       2.0717
   20567       2.0965
   20568       2.0172
   20569       2.0329
   20570       2.0119
   20571       2.0220
   20572       1.9934
   20573       1.9197
   20574       2.0267
   20575       1.9427
   20576       2.0788
   20577       2.0630
   20578       1.8735
   20579       2.0149
   20580       1.9823
   20581       2.0696
   20582       2.1691
   20583       2.0168
   20584       2.1185
   20585       2.1815
   20586       2.1196
   20587       2.0045
   20588       2.0685
   20589       2.0723
   20590       2.1114
   20591       2.0958
   20592       2.1507
   20593       2.1311
   20594       2.1248
   20595       2.1264
   20596       2.1083
   20597       2.0778
   20598       2.0980
   20599       2.1695
   20600       2.1876
   20601       2.0899
   20602       2.1425
   20603       2.0458
   20604       2.0466
   20605       2.0456
   20606       2.0500
   20607       1.9744
   20608       1.9520
   20609       1.8680
   20610       2.0241
   20611       1.9685
   20612       1.9534
   20613       1.9359
   20614       1.9460
   20615       2.0910
   20616       2.0181
   20617       2.1082
   20618       2.0689
   20619       2.1497
   20620       2.0127
   20621       2.0826
   20622       1.9370
   20623       2.0738
   20624       2.0217
   20625       2.0238
   20626       1.8741
   20627       2.0869
   20628       2.0887
   20629       2.0439
   20630       2.1772
   20631       2.1395
   20632       2.2761
   20633       2.2533
   20634       2.1432
   20635       2.0545
   20636       2.1207
   20637       2.1390
   20638       2.2108
   20639       2.1552
   20640       2.1424
   20641       2.1017
   20642       1.9937
   20643       2.0416
   20644       2.0503
   20645       2.1249
   20646       2.0972
   20647       1.9824
   20648       2.0529
   20649       2.1675
   20650       2.1038
   20651       2.0475
   20652       2.0629
   20653       2.0422
   20654       2.1168
   20655       1.9373
   20656       2.1502
   20657       2.1771
   20658       2.0935
   20659       1.9836
   20660       2.0325
   20661       2.0647
   20662       2.0173
   20663       2.0814
   20664       2.0834
   20665       2.2052
   20666       2.1094
   20667       2.1009
   20668       1.9968
   20669       2.1442
   20670       2.0444
   20671       2.0544
   20672       2.0198
   20673       1.9988
   20674       2.0500
   20675       2.0276
   20676       2.0186
   20677       2.1138
   20678       1.9936
   20679       2.1388
   20680       2.0974
   20681       2.1238
   20682       2.1409
   20683       2.1849
   20684       2.1818
   20685       2.1866
   20686       2.1252
   20687       2.0738
   20688       2.1488
   20689       2.1173
   20690       2.1232
   20691       2.0339
   20692       2.1359
   20693       2.0775
   20694       1.9938
   20695       1.8479
   20696       2.0662
   20697       2.0826
   20698       2.0869
   20699       2.0953
   20700       2.0310
   20701       1.8317
   20702       1.9298
   20703       1.8475
   20704       1.9232
   20705       1.9490
   20706       1.9152
   20707       1.8896
   20708       1.9639
   20709       1.8793
   20710       1.9880
   20711       1.8585
   20712       1.8982
   20713       1.9587
   20714       1.9524
   20715       1.8985
   20716       1.9133
   20717       1.9311
   20718       1.9311
   20719       2.0856
   20720       1.9793
   20721       1.8356
   20722       1.8768
   20723       1.8205
   20724       1.8427
   20725       1.8379
   20726       1.8858
   20727       1.9061
   20728       1.8386
   20729       1.9288
   20730       2.0023
   20731       2.0577
   20732       1.9785
   20733       2.0203
   20734       1.9729
   20735       1.9925
   20736       1.9848
   20737       1.9670
   20738       1.9166
   20739       2.0059
   20740       1.9917
   20741       1.9293
   20742       2.0330
   20743       1.9380
   20744       1.9879
   20745       2.0216
   20746       1.9713
   20747       2.0410
   20748       1.9743
   20749       1.9627
   20750       2.1000
   20751       2.1232
   20752       2.0532
   20753       2.1207
   20754       2.0602
   20755       1.9209
   20756       2.0844
   20757       2.1104
   20758       2.1978
   20759       2.0383
   20760       2.1120
   20761       2.1138
   20762       2.0906
   20763       2.1543
   20764       2.1481
   20765       2.0960
   20766       2.0494
   20767       2.0716
   20768       1.9525
   20769       2.0240
   20770       2.0931
   20771       2.0684
   20772       2.0179
   20773       1.9672
   20774       1.9895
   20775       1.8715
   20776       1.9109
   20777       2.0090
   20778       1.9135
   20779       2.0368
   20780       2.0589
   20781       2.0849
   20782       2.1320
   20783       2.0801
   20784       2.1586
   20785       2.0704
   20786       2.0521
   20787       1.8977
   20788       1.9718
   20789       1.9930
   20790       2.1591
   20791       2.0393
   20792       2.0591
   20793       2.2288
   20794       2.0851
   20795       2.1259
   20796       2.2153
   20797       2.1840
   20798       2.1797
   20799       2.1142
   20800       2.1878
   20801       2.1869
   20802       2.1160
   20803       2.0448
   20804       2.1687
   20805       2.1094
   20806       2.1492
   20807       2.2113
   20808       2.0072
   20809       2.0483
   20810       2.0680
   20811       2.2572
   20812       2.0513
   20813       2.0130
   20814       2.0720
   20815       2.1590
   20816       1.9386
   20817       2.1299
   20818       2.0604
   20819       2.1219
   20820       2.1229
   20821       2.1200
   20822       1.9904
   20823       2.0797
   20824       2.1525
   20825       2.2029
   20826       2.0130
   20827       2.0064
   20828       1.9536
   20829       2.0142
   20830       1.9443
   20831       1.9806
   20832       1.9548
   20833       2.0040
   20834       1.8913
   20835       1.8715
   20836       2.0160
   20837       1.9723
   20838       1.9927
   20839       2.0788
   20840       2.0053
   20841       1.9821
   20842       2.0554
   20843       1.8894
   20844       1.8693
   20845       2.0219
   20846       2.0104
   20847       1.9344
   20848       1.9227
   20849       1.9712
   20850       1.9500
   20851       1.9804
   20852       1.9474
   20853       2.0022
   20854       1.9815
   20855       2.0237
   20856       1.8698
   20857       1.9232
   20858       1.9226
   20859       1.8810
   20860       1.9267
   20861       2.1396
   20862       2.1463
   20863       2.0772
   20864       2.0353
   20865       1.9366
   20866       2.0708
   20867       2.1033
   20868       2.0768
   20869       1.9111
   20870       1.9177
   20871       2.0039
   20872       2.0175
   20873       2.0170
   20874       2.0615
   20875       2.0395
   20876       2.0870
   20877       2.0816
   20878       2.0006
   20879       2.0990
   20880       2.0408
   20881       2.0778
   20882       2.0608
   20883       2.1329
   20884       2.0231
   20885       2.0656
   20886       2.0327
   20887       1.9956
   20888       1.9585
   20889       2.0592
   20890       1.9721
   20891       2.1277
   20892       2.0821
   20893       2.0561
   20894       2.0615
   20895       2.1354
   20896       2.1193
   20897       2.0358
   20898       2.1083
   20899       1.9376
   20900       2.0635
   20901       1.8986
   20902       1.9420
   20903       2.0341
   20904       1.9771
   20905       2.0138
   20906       1.9900
   20907       2.0960
   20908       2.1677
   20909       2.0665
   20910       1.9351
   20911       2.0098
   20912       2.0319
   20913       1.9542
   20914       1.9188
   20915       2.0781
   20916       1.8202
   20917       1.8456
   20918       2.0324
   20919       1.9078
   20920       1.9872
   20921       1.9372
   20922       1.8753
   20923       1.9327
   20924       2.0490
   20925       1.9258
   20926       2.0147
   20927       1.9192
   20928       2.0042
   20929       1.9299
   20930       2.0153
   20931       2.0397
   20932       2.0399
   20933       2.0223
   20934       2.0016
   20935       1.9587
   20936       1.9757
   20937       1.9300
   20938       1.9123
   20939       1.9593
   20940       1.9762
   20941       1.9552
   20942       2.0240
   20943       1.9576
   20944       1.9919
   20945       1.9706
   20946       2.0318
   20947       2.0523
   20948       2.0737
   20949       2.0664
   20950       2.0832
   20951       2.0802
   20952       2.1473
   20953       2.1368
   20954       2.0920
   20955       2.0488
   20956       2.0158
   20957       2.0629
   20958       2.1162
   20959       2.1102
   20960       2.0056
   20961       2.1257
   20962       2.0752
   20963       2.0776
   20964       2.1103
   20965       2.2783
   20966       2.1823
   20967       2.0820
   20968       2.1748
   20969       2.1571
   20970       2.0202
   20971       2.0826
   20972       2.0436
   20973       2.1017
   20974       2.0708
   20975       2.1561
   20976       2.2327
   20977       2.0963
   20978       2.0787
   20979       2.1969
   20980       1.9881
   20981       1.9982
   20982       1.9872
   20983       1.9663
   20984       2.0413
   20985       1.9996
   20986       2.0152
   20987       1.8818
   20988       1.9358
   20989       1.9406
   20990       1.8319
   20991       1.9314
   20992       1.9723
   20993       1.9891
   20994       1.8924
   20995       1.9378
   20996       1.9021
   20997       2.0148
   20998       1.9433
   20999       2.1187
   21000       1.8727
   21001       1.9729
   21002       1.9201
   21003       2.1216
   21004       2.0938
   21005       2.0006
   21006       2.0436
   21007       1.9648
   21008       2.0549
   21009       2.0842
   21010       1.9430
   21011       2.0821
   21012       1.9550
   21013       2.0703
   21014       2.1081
   21015       2.1550
   21016       2.1569
   21017       2.0000
   21018       2.0797
   21019       2.1798
   21020       2.1518
   21021       2.2040
   21022       2.0487
   21023       2.0377
   21024       1.9564
   21025       2.0164
   21026       2.0882
   21027       2.0169
   21028       2.1798
   21029       2.0538
   21030       2.0475
   21031       2.0436
   21032       2.0972
   21033       2.1394
   21034       2.1937
   21035       2.0630
   21036       2.1905
   21037       2.0893
   21038       2.0701
   21039       2.0514
   21040       2.0433
   21041       1.9131
   21042       2.0018
   21043       1.9188
   21044       1.9183
   21045       1.9387
   21046       2.0237
   21047       1.9291
   21048       1.9373
   21049       2.0078
   21050       1.8297
   21051       1.9685
   21052       1.9956
   21053       1.9424
   21054       1.8739
   21055       2.0750
   21056       2.0675
   21057       2.0860
   21058       2.0822
   21059       1.8571
   21060       1.8867
   21061       1.9252
   21062       2.0376
   21063       1.9948
   21064       2.0559
   21065       2.1860
   21066       1.9891
   21067       1.9901
   21068       2.0622
   21069       2.0486
   21070       1.9707
   21071       2.1676
   21072       2.0009
   21073       2.0317
   21074       2.0277
   21075       2.0173
   21076       2.0786
   21077       2.1808
   21078       2.0422
   21079       1.9924
   21080       2.0943
   21081       2.0139
   21082       1.9424
   21083       2.0764
   21084       2.0672
   21085       2.1036
   21086       2.1359
   21087       2.0967
   21088       2.0242
   21089       2.1321
   21090       2.0208
   21091       2.0782
   21092       1.9735
   21093       2.0929
   21094       2.0018
   21095       2.0435
   21096       2.1071
   21097       2.1029
   21098       2.0535
   21099       2.0372
   21100       2.1160
   21101       2.1839
   21102       1.9827
   21103       2.0315
   21104       1.9447
   21105       1.9507
   21106       2.0497
   21107       1.9768
   21108       1.9725
   21109       2.1374
   21110       2.0478
   21111       1.9879
   21112       2.0916
   21113       1.9992
   21114       2.1244
   21115       1.9894
   21116       1.9228
   21117       1.9649
   21118       1.8844
   21119       2.0874
   21120       2.0810
   21121       2.0226
   21122       1.9677
   21123       1.9284
   21124       2.1198
   21125       2.1140
   21126       2.1483
   21127       2.0516
   21128       2.0525
   21129       2.1328
   21130       2.1406
   21131       2.2440
   21132       2.1440
   21133       2.1315
   21134       2.1017
   21135       2.1081
   21136       2.0656
   21137       2.0568
   21138       2.1053
   21139       2.1997
   21140       2.1215
   21141       2.1817
   21142       2.1702
   21143       2.1072
   21144       2.0957
   21145       2.1035
   21146       1.9995
   21147       1.9071
   21148       1.8695
   21149       1.9230
   21150       1.9507
   21151       2.0356
   21152       2.0291
   21153       2.0677
   21154       2.0207
   21155       2.0067
   21156       2.0586
   21157       1.9645
   21158       1.9613
   21159       2.0653
   21160       1.9726
   21161       1.8163
   21162       1.9181
   21163       1.9986
   21164       2.0451
   21165       2.0808
   21166       1.9241
   21167       1.8893
   21168       1.9343
   21169       1.8705
   21170       2.0269
   21171       2.0204
   21172       2.0495
   21173       2.0839
   21174       2.1248
   21175       2.0682
   21176       2.0182
   21177       1.9729
   21178       2.0421
   21179       1.8778
   21180       2.0717
   21181       2.1163
   21182       2.1706
   21183       2.0956
   21184       2.0863
   21185       2.1269
   21186       2.1088
   21187       2.0694
   21188       2.0251
   21189       1.9763
   21190       1.9695
   21191       2.0197
   21192       1.9298
   21193       1.9812
   21194       2.0585
   21195       1.9605
   21196       1.9803
   21197       2.0655
   21198       1.9984
   21199       2.0372
   21200       1.8826
   21201       2.0305
   21202       1.9913
   21203       2.0485
   21204       1.8579
   21205       2.0407
   21206       2.0843
   21207       2.0098
   21208       2.1086
   21209       2.0819
   21210       1.9600
   21211       2.1112
   21212       2.1222
   21213       2.0448
   21214       2.0928
   21215       2.0225
   21216       2.1108
   21217       2.0545
   21218       1.9739
   21219       2.0208
   21220       2.0250
   21221       2.1496
   21222       2.0252
   21223       2.0784
   21224       2.0785
   21225       1.9884
   21226       2.0458
   21227       2.1098
   21228       2.0102
   21229       2.0534
   21230       2.1217
   21231       2.0520
   21232       2.2093
   21233       2.0614
   21234       2.0672
   21235       2.0552
   21236       2.1787
   21237       2.1853
   21238       2.0634
   21239       2.0791
   21240       2.0542
   21241       2.0121
   21242       2.0786
   21243       2.0357
   21244       2.1684
   21245       2.0566
   21246       2.1497
   21247       1.9916
   21248       2.0633
   21249       2.0070
   21250       2.1758
   21251       2.0997
   21252       2.0263
   21253       2.0568
   21254       2.0608
   21255       2.1423
   21256       2.0896
   21257       2.0672
   21258       1.9584
   21259       1.9255
   21260       2.0626
   21261       2.0365
   21262       2.0453
   21263       2.1436
   21264       2.1343
   21265       2.0972
   21266       2.0529
   21267       2.0894
   21268       2.1456
   21269       2.0735
   21270       2.0335
   21271       2.0160
   21272       2.1363
   21273       2.0923
   21274       2.0028
   21275       2.0714
   21276       2.1561
   21277       2.1810
   21278       2.1762
   21279       2.1498
   21280       2.1339
   21281       2.1097
   21282       2.1445
   21283       2.1311
   21284       2.0331
   21285       2.1163
   21286       2.1939
   21287       2.1449
   21288       2.1573
   21289       2.0556
   21290       1.9688
   21291       2.1363
   21292       2.0302
   21293       2.0901
   21294       2.0805
   21295       2.1182
   21296       2.1877
   21297       2.1300
   21298       2.1438
   21299       2.1151
   21300       2.0451
   21301       2.1080
   21302       2.1263
   21303       2.1005
   21304       2.0569
   21305       1.9399
   21306       2.0218
   21307       2.1755
   21308       2.1059
   21309       2.0543
   21310       2.0251
   21311       2.0307
   21312       1.9764
   21313       1.9572
   21314       2.0174
   21315       2.0334
   21316       1.9996
   21317       2.0029
   21318       1.9146
   21319       2.0800
   21320       1.9812
   21321       1.9824
   21322       2.0909
   21323       2.1377
   21324       2.0088
   21325       1.9955
   21326       1.9887
   21327       2.1035
   21328       2.0742
   21329       2.1107
   21330       2.0371
   21331       2.0408
   21332       1.9681
   21333       1.9620
   21334       1.9707
   21335       2.0150
   21336       2.0656
   21337       2.1753
   21338       1.9739
   21339       1.9863
   21340       2.0173
   21341       1.9142
   21342       1.8754
   21343       2.0998
   21344       2.0061
   21345       2.0905
   21346       2.2175
   21347       2.1659
   21348       2.1240
   21349       2.0906
   21350       2.0751
   21351       1.9846
   21352       2.0430
   21353       2.0174
   21354       1.9932
   21355       2.0999
   21356       2.0445
   21357       1.9580
   21358       1.9648
   21359       2.0750
   21360       2.1269
   21361       2.0099
   21362       1.9465
   21363       2.0215
   21364       1.9999
   21365       2.0589
   21366       1.9802
   21367       2.1957
   21368       2.2096
   21369       2.1079
   21370       2.1031
   21371       1.9107
   21372       1.9724
   21373       1.8950
   21374       1.9640
   21375       1.9025
   21376       1.9520
   21377       2.0007
   21378       2.0677
   21379       1.9991
   21380       1.9764
   21381       1.9497
   21382       2.1015
   21383       2.0624
   21384       2.1270
   21385       2.0321
   21386       2.0127
   21387       2.0396
   21388       2.0099
   21389       2.0627
   21390       1.9706
   21391       2.2145
   21392       2.0353
   21393       2.1003
   21394       2.1102
   21395       2.1725
   21396       2.2716
   21397       2.1314
   21398       2.1743
   21399       2.2379
   21400       2.2097
   21401       2.2910
   21402       2.1809
   21403       2.2184
   21404       2.2421
   21405       2.1784
   21406       2.3024
   21407       2.1197
   21408       2.1495
   21409       2.1053
   21410       2.1377
   21411       2.1205
   21412       2.1884
   21413       2.0937
   21414       2.2393
   21415       2.1606
   21416       2.1988
   21417       2.2018
   21418       2.1903
   21419       2.2478
   21420       2.0444
   21421       2.1075
   21422       2.1462
   21423       2.0583
   21424       2.1737
   21425       2.1495
   21426       2.0506
   21427       2.1642
   21428       2.1457
   21429       2.1200
   21430       2.1633
   21431       2.2070
   21432       2.1143
   21433       2.1581
   21434       2.1643
   21435       2.0273
   21436       1.9761
   21437       2.1704
   21438       2.0464
   21439       1.9990
   21440       2.0978
   21441       2.1086
   21442       2.1433
   21443       2.0220
   21444       2.1501
   21445       2.0390
   21446       2.0629
   21447       2.1315
   21448       2.2590
   21449       2.1661
   21450       2.1435
   21451       2.1282
   21452       2.2416
   21453       2.2221
   21454       2.1290
   21455       2.1405
   21456       2.1485
   21457       2.2655
   21458       2.2128
   21459       2.1071
   21460       2.1154
   21461       2.2418
   21462       2.1390
   21463       2.1227
   21464       2.2417
   21465       2.1201
   21466       2.1929
   21467       2.1982
   21468       2.2288
   21469       2.0630
   21470       2.2110
   21471       2.2198
   21472       2.2494
   21473       2.1380
   21474       2.1810
   21475       2.1405
   21476       2.1105
   21477       2.0684
   21478       2.0417
   21479       2.1266
   21480       2.2153
   21481       2.1096
   21482       2.0556
   21483       2.0179
   21484       2.2263
   21485       2.0308
   21486       1.9316
   21487       2.0015
   21488       2.0494
   21489       2.1257
   21490       1.9778
   21491       2.0519
   21492       2.1081
   21493       1.9701
   21494       1.9367
   21495       1.9110
   21496       1.9514
   21497       1.9684
   21498       2.0387
   21499       2.0282
   21500       2.0987
   21501       2.1609
   21502       2.0912
   21503       2.0897
   21504       2.0456
   21505       2.1397
   21506       2.1805
   21507       2.1271
   21508       2.0704
   21509       2.1386
   21510       2.1002
   21511       2.1576
   21512       2.1027
   21513       2.0853
   21514       2.0978
   21515       2.0394
   21516       2.0325
   21517       2.1710
   21518       2.0181
   21519       2.1861
   21520       2.1016
   21521       2.1494
   21522       2.1994
   21523       2.0735
   21524       2.1352
   21525       2.1477
   21526       2.1723
   21527       2.1520
   21528       2.1862
   21529       2.1374
   21530       2.2084
   21531       2.1069
   21532       2.1804
   21533       2.2124
   21534       2.2909
   21535       2.2942
   21536       2.1055
   21537       2.1949
   21538       2.1968
   21539       2.1339
   21540       2.1762
   21541       2.1056
   21542       2.2519
   21543       2.1992
   21544       2.1290
   21545       2.1620
   21546       2.1662
   21547       2.1603
   21548       2.1670
   21549       2.0907
   21550       2.1958
   21551       2.2590
   21552       2.1503
   21553       2.1615
   21554       2.2487
   21555       2.1706
   21556       2.0724
   21557       2.1510
   21558       2.1114
   21559       2.2002
   21560       2.2335
   21561       2.1723
   21562       2.2047
   21563       2.2112
   21564       2.1805
   21565       2.1906
   21566       2.1736
   21567       2.0714
   21568       2.1800
   21569       2.2858
   21570       2.1284
   21571       2.2034
   21572       2.2404
   21573       2.2247
   21574       2.1606
   21575       2.1873
   21576       2.1562
   21577       2.1241
   21578       2.1486
   21579       2.2316
   21580       2.2333
   21581       2.1171
   21582       2.0855
   21583       2.3559
   21584       2.2433
   21585       2.2098
   21586       2.2140
   21587       2.3458
   21588       2.3012
   21589       2.2599
   21590       2.1879
   21591       2.1146
   21592       2.2803
   21593       2.1872
   21594       2.2905
   21595       2.0532
   21596       2.1497
   21597       2.2802
   21598       2.1597
   21599       2.0628
   21600       2.1028
   21601       2.2406
   21602       2.2330
   21603       2.2717
   21604       2.2789
   21605       2.1477
   21606       2.2550
   21607       2.1691
   21608       2.2310
   21609       2.1939
   21610       2.2073
   21611       2.1512
   21612       2.0934
   21613       2.1801
   21614       2.1618
   21615       2.1347
   21616       2.1398
   21617       2.2075
   21618       2.2054
   21619       2.1590
   21620       2.2866
   21621       2.3475
   21622       2.2981
   21623       2.2261
   21624       2.1788
   21625       2.1944
   21626       2.2129
   21627       2.2363
   21628       2.2009
   21629       2.2441
   21630       2.2194
   21631       2.2206
   21632       2.2508
   21633       2.1865
   21634       2.1072
   21635       2.2679
   21636       2.3236
   21637       2.2516
   21638       2.0953
   21639       2.2605
   21640       2.1944
   21641       2.2510
   21642       2.1701
   21643       2.1790
   21644       2.2918
   21645       2.2336
   21646       2.1551
   21647       2.1713
   21648       2.2651
   21649       2.2320
   21650       2.1412
   21651       2.1610
   21652       2.2294
   21653       2.2928
   21654       2.2442
   21655       2.1663
   21656       2.1996
   21657       2.3433
   21658       2.3553
   21659       2.3028
   21660       2.3199
   21661       2.2979
   21662       2.2844
   21663       2.2590
   21664       2.1057
   21665       2.2685
   21666       2.1933
   21667       2.2753
   21668       2.2747
   21669       2.3048
   21670       2.2472
   21671       2.1634
   21672       2.2272
   21673       2.1190
   21674       2.0562
   21675       2.2624
   21676       2.2450
   21677       2.2435
   21678       2.1766
   21679       2.2875
   21680       2.2141
   21681       2.1907
   21682       2.1947
   21683       2.1757
   21684       2.1352
   21685       2.0499
   21686       2.1633
   21687       2.1779
   21688       2.0930
   21689       2.1089
   21690       2.1979
   21691       2.1769
   21692       2.2129
   21693       2.2970
   21694       2.2275
   21695       2.2806
   21696       2.2069
   21697       2.1658
   21698       2.2342
   21699       2.1450
   21700       2.0634
   21701       2.2511
   21702       2.0983
   21703       2.1062
   21704       2.1978
   21705       2.2025
   21706       2.3020
   21707       2.2552
   21708       2.1911
   21709       2.1772
   21710       2.1615
   21711       2.0724
   21712       2.1597
   21713       2.0610
   21714       2.1817
   21715       2.1987
   21716       2.0903
   21717       2.1860
   21718       2.1121
   21719       2.1309
   21720       2.2671
   21721       2.2260
   21722       2.2142
   21723       2.1864
   21724       2.1597
   21725       2.1186
   21726       2.0596
   21727       2.2213
   21728       2.1963
   21729       2.0999
   21730       2.1594
   21731       2.1199
   21732       2.3008
   21733       2.2636
   21734       2.2209
   21735       2.1204
   21736       2.2510
   21737       2.2367
   21738       2.1919
   21739       2.1655
   21740       2.2820
   21741       2.2754
   21742       2.0882
   21743       2.2354
   21744       2.1632
   21745       2.1875
   21746       2.1375
   21747       2.1560
   21748       2.0964
   21749       2.2987
   21750       2.1899
   21751       2.2063
   21752       2.2009
   21753       2.2105
   21754       2.1888
   21755       2.0720
   21756       2.1465
   21757       2.1257
   21758       2.2561
   21759       2.2155
   21760       2.1406
   21761       2.2684
   21762       2.2409
   21763       2.2598
   21764       2.1813
   21765       2.3349
   21766       2.1411
   21767       2.1681
   21768       2.2057
   21769       2.1851
   21770       2.2354
   21771       2.2072
   21772       2.1481
   21773       2.1680
   21774       2.1080
   21775       2.1707
   21776       2.1534
   21777       2.2037
   21778       2.2046
   21779       2.2132
   21780       2.2015
   21781       2.2483
   21782       2.2811
   21783       2.2031
   21784       2.1138
   21785       2.1383
   21786       2.1437
   21787       2.1952
   21788       2.1161
   21789       2.2121
   21790       2.2228
   21791       2.2336
   21792       2.0998
   21793       2.1995
   21794       2.2091
   21795       2.2904
   21796       2.0997
   21797       2.1193
   21798       2.1155
   21799       2.1735
   21800       2.1504
   21801       2.0840
   21802       2.1367
   21803       2.1116
   21804       2.0776
   21805       2.2023
   21806       2.0853
   21807       2.1049
   21808       2.2760
   21809       2.2072
   21810       2.0822
   21811       2.1243
   21812       2.1183
   21813       2.1606
   21814       2.1745
   21815       2.1428
   21816       2.1709
   21817       2.0852
   21818       2.1181
   21819       2.1467
   21820       2.1586
   21821       2.1841
   21822       2.1262
   21823       2.2051
   21824       2.1019
   21825       2.1629
   21826       2.1595
   21827       2.1068
   21828       2.1712
   21829       2.0824
   21830       2.1487
   21831       2.1792
   21832       2.1507
   21833       2.1404
   21834       2.2077
   21835       2.2289
   21836       2.1944
   21837       2.0067
   21838       2.1714
   21839       2.1133
   21840       2.1597
   21841       2.1201
   21842       2.0753
   21843       2.1825
   21844       2.1818
   21845       2.2993
   21846       2.2279
   21847       2.2748
   21848       2.2436
   21849       2.1109
   21850       2.1229
   21851       2.1419
   21852       2.0873
   21853       2.2061
   21854       2.2472
   21855       2.2197
   21856       2.2925
   21857       2.2133
   21858       2.2055
   21859       2.2708
   21860       2.2320
   21861       2.2780
   21862       2.2220
   21863       2.1751
   21864       2.2583
   21865       2.2223
   21866       2.2942
   21867       2.2387
   21868       2.3086
   21869       2.2815
   21870       2.2279
   21871       2.2244
   21872       2.2588
   21873       2.3331
   21874       2.3190
   21875       2.2377
   21876       2.1862
   21877       2.3146
   21878       2.1990
   21879       2.3115
   21880       2.3973
   21881       2.3528
   21882       2.1888
   21883       2.3021
   21884       2.3154
   21885       2.3696
   21886       2.3042
   21887       2.2819
   21888       2.3062
   21889       2.3853
   21890       2.1635
   21891       2.2590
   21892       2.1703
   21893       2.2776
   21894       2.2956
   21895       2.2522
   21896       2.2880
   21897       2.1600
   21898       2.2148
   21899       2.2378
   21900       2.1681
   21901       2.2440
   21902       2.2653
   21903       2.1682
   21904       2.1787
   21905       2.0109
   21906       2.1317
   21907       2.1820
   21908       2.2288
   21909       2.1396
   21910       2.0723
   21911       2.1374
   21912       2.2995
   21913       2.2010
   21914       2.2474
   21915       2.0614
   21916       2.1556
   21917       2.1191
   21918       2.1173
   21919       2.0500
   21920       2.1520
   21921       2.1557
   21922       2.1807
   21923       2.2167
   21924       2.2591
   21925       2.2406
   21926       2.2159
   21927       2.2373
   21928       2.2278
   21929       2.2418
   21930       2.1164
   21931       2.2289
   21932       2.1510
   21933       2.1902
   21934       2.2312
   21935       2.2361
   21936       2.2283
   21937       2.1994
   21938       2.1200
   21939       2.1480
   21940       2.2487
   21941       2.2442
   21942       2.2326
   21943       2.2223
   21944       2.0421
   21945       2.0225
   21946       2.0648
   21947       1.9792
   21948       2.0774
   21949       2.0235
   21950       2.0288
   21951       1.9352
   21952       1.9779
   21953       1.9833
   21954       2.0233
   21955       2.1417
   21956       2.1487
   21957       2.2340
   21958       2.1160
   21959       2.1887
   21960       2.2146
   21961       2.1990
   21962       2.2108
   21963       2.1388
   21964       2.1343
   21965       2.1904
   21966       2.2002
   21967       2.0164
   21968       2.1858
   21969       2.1466
   21970       2.1203
   21971       2.0641
   21972       2.1925
   21973       2.2215
   21974       2.3067
   21975       2.1520
   21976       2.2602
   21977       2.3101
   21978       2.2169
   21979       2.3161
   21980       2.1996
   21981       2.3499
   21982       2.2013
   21983       2.1678
   21984       2.2208
   21985       2.1502
   21986       2.1619
   21987       2.2755
   21988       2.1880
   21989       2.2006
   21990       2.2782
   21991       2.2160
   21992       2.1526
   21993       2.1326
   21994       2.1398
   21995       2.1410
   21996       2.1788
   21997       2.1735
   21998       2.1481
   21999       2.1323
   22000       2.2073
   22001       2.1770
   22002       2.2930
   22003       2.2607
   22004       2.1594
   22005       2.1935
   22006       2.2382
   22007       2.2779
   22008       2.1738
   22009       2.2569
   22010       2.2879
   22011       2.3837
   22012       2.3829
   22013       2.2898
   22014       2.2737
   22015       2.2838
   22016       2.2258
   22017       2.2880
   22018       2.2834
   22019       2.2381
   22020       2.3414
   22021       2.2795
   22022       2.2550
   22023       2.2631
   22024       2.2436
   22025       2.2799
   22026       2.2547
   22027       2.2235
   22028       2.2089
   22029       2.1669
   22030       2.1027
   22031       2.1720
   22032       2.1434
   22033       2.2434
   22034       2.3239
   22035       2.2791
   22036       2.2506
   22037       2.1938
   22038       2.3118
   22039       2.3551
   22040       2.2618
   22041       2.2344
   22042       2.3743
   22043       2.3235
   22044       2.3002
   22045       2.2040
   22046       2.0967
   22047       2.2457
   22048       2.3429
   22049       2.1825
   22050       2.0951
   22051       2.1516
   22052       2.2483
   22053       2.2984
   22054       2.1687
   22055       2.3781
   22056       2.3238
   22057       2.2562
   22058       2.3252
   22059       2.2118
   22060       2.3017
   22061       2.2794
   22062       2.3388
   22063       2.2297
   22064       2.2054
   22065       2.2288
   22066       2.1857
   22067       2.2347
   22068       2.1416
   22069       2.2004
   22070       2.2928
   22071       2.3276
   22072       2.3260
   22073       2.1713
   22074       2.1929
   22075       2.1390
   22076       2.2631
   22077       2.2582
   22078       2.2490
   22079       2.2006
   22080       2.2691
   22081       2.1704
   22082       2.2228
   22083       2.2000
   22084       2.1495
   22085       2.2306
   22086       2.2825
   22087       2.1881
   22088       2.3315
   22089       2.3035
   22090       2.4171
   22091       2.1687
   22092       2.2243
   22093       2.1991
   22094       2.1628
   22095       2.2836
   22096       2.3654
   22097       2.3195
   22098       2.2771
   22099       2.3167
   22100       2.3487
   22101       2.3076
   22102       2.1690
   22103       2.1541
   22104       2.2287
   22105       2.2810
   22106       2.2193
   22107       2.1113
   22108       2.2422
   22109       2.2050
   22110       2.1509
   22111       2.1813
   22112       2.0808
   22113       2.1652
   22114       2.1991
   22115       2.2448
   22116       2.1634
   22117       2.1213
   22118       2.0759
   22119       2.0419
   22120       1.9697
   22121       2.0537
   22122       2.1190
   22123       2.1372
   22124       2.1361
   22125       2.1422
   22126       2.2388
   22127       2.1732
   22128       2.2115
   22129       2.0404
   22130       2.2574
   22131       2.2731
   22132       2.1805
   22133       2.0947
   22134       2.1511
   22135       2.1538
   22136       2.1050
   22137       2.2423
   22138       2.2565
   22139       2.2391
   22140       2.1264
   22141       2.1406
   22142       2.1760
   22143       2.0704
   22144       2.0925
   22145       2.0394
   22146       2.1836
   22147       2.0255
   22148       2.1538
   22149       2.1544
   22150       2.0649
   22151       2.1613
   22152       2.2162
   22153       2.2477
   22154       2.2764
   22155       2.2142
   22156       2.1947
   22157       2.1417
   22158       2.2104
   22159       2.1676
   22160       2.0753
   22161       2.2661
   22162       2.1907
   22163       2.0871
   22164       2.0972
   22165       2.2265
   22166       2.2017
   22167       2.2262
   22168       2.1598
   22169       2.2367
   22170       2.2287
   22171       2.1781
   22172       2.1182
   22173       2.2182
   22174       2.0711
   22175       2.1726
   22176       2.2453
   22177       2.2330
   22178       2.2538
   22179       2.2493
   22180       2.2065
   22181       2.1780
   22182       2.2445
   22183       2.1814
   22184       2.1551
   22185       2.1699
   22186       2.2354
   22187       2.1817
   22188       2.2021
   22189       2.1719
   22190       2.2113
   22191       2.0658
   22192       2.1022
   22193       2.1841
   22194       2.2221
   22195       2.0986
   22196       2.1654
   22197       2.1815
   22198       2.0946
   22199       2.1304
   22200       2.0995
   22201       2.2268
   22202       2.2206
   22203       2.2084
   22204       2.3323
   22205       2.2306
   22206       2.2902
   22207       2.2514
   22208       2.2483
   22209       2.2039
   22210       2.1714
   22211       2.2189
   22212       2.1907
   22213       2.1664
   22214       2.1296
   22215       2.2918
   22216       2.2294
   22217       2.1827
   22218       2.3169
   22219       2.3076
   22220       2.2136
   22221       2.2244
   22222       2.1885
   22223       2.2816
   22224       2.2390
   22225       2.3134
   22226       2.3439
   22227       2.2104
   22228       2.3231
   22229       2.2165
   22230       2.3015
   22231       2.2547
   22232       2.1829
   22233       2.0153
   22234       2.1454
   22235       2.1888
   22236       2.2056
   22237       2.1512
   22238       2.1342
   22239       2.3912
   22240       2.2978
   22241       2.3127
   22242       2.2684
   22243       2.2457
   22244       2.3394
   22245       2.4289
   22246       2.2141
   22247       2.3658
   22248       2.3925
   22249       2.2790
   22250       2.2446
   22251       2.2808
   22252       2.2760
   22253       2.2685
   22254       2.0731
   22255       2.1870
   22256       2.1521
   22257       2.2281
   22258       2.3007
   22259       2.1927
   22260       2.2666
   22261       2.1350
   22262       2.2903
   22263       2.1539
   22264       2.2700
   22265       2.1986
   22266       2.2491
   22267       2.2951
   22268       2.2848
   22269       2.2847
   22270       2.2726
   22271       2.0906
   22272       2.1943
   22273       2.1433
   22274       2.1213
   22275       2.1783
   22276       2.0973
   22277       2.1842
   22278       2.0684
   22279       2.1361
   22280       2.0896
   22281       2.1521
   22282       2.1417
   22283       2.1114
   22284       2.1998
   22285       2.1231
   22286       2.0912
   22287       2.0562
   22288       2.1206
   22289       1.9913
   22290       2.1138
   22291       2.1709
   22292       2.1692
   22293       2.1556
   22294       2.1681
   22295       2.1300
   22296       2.2571
   22297       2.1192
   22298       2.1571
   22299       2.2495
   22300       2.1347
   22301       2.1535
   22302       2.1207
   22303       2.0775
   22304       2.0387
   22305       2.0779
   22306       2.1660
   22307       2.2532
   22308       2.1408
   22309       2.1090
   22310       2.0992
   22311       2.0904
   22312       2.1566
   22313       2.1373
   22314       2.1796
   22315       2.0643
   22316       2.1075
   22317       2.0858
   22318       2.0601
   22319       2.0026
   22320       2.1762
   22321       2.1412
   22322       2.0838
   22323       2.1257
   22324       2.1485
   22325       2.0818
   22326       2.0428
   22327       2.0812
   22328       2.0489
   22329       2.0502
   22330       2.0888
   22331       2.0536
   22332       2.1422
   22333       2.1489
   22334       2.0657
   22335       2.1146
   22336       2.1663
   22337       2.1331
   22338       2.1977
   22339       2.0653
   22340       2.0677
   22341       2.0448
   22342       2.0915
   22343       2.1954
   22344       2.0514
   22345       2.0966
   22346       2.0446
   22347       2.0560
   22348       2.0629
   22349       2.1891
   22350       2.1164
   22351       2.1341
   22352       2.1512
   22353       2.1286
   22354       2.0498
   22355       2.1230
   22356       2.1075
   22357       2.1058
   22358       2.1584
   22359       2.2302
   22360       2.3484
   22361       2.2611
   22362       2.2085
   22363       2.2325
   22364       2.2489
   22365       2.3326
   22366       2.2861
   22367       2.2163
   22368       2.2887
   22369       2.2802
   22370       2.1429
   22371       2.1527
   22372       2.1394
   22373       2.1410
   22374       2.1492
   22375       2.1474
   22376       2.2184
   22377       2.0629
   22378       2.2440
   22379       2.2462
   22380       2.2271
   22381       2.1528
   22382       2.1480
   22383       2.1160
   22384       2.0966
   22385       2.3251
   22386       2.2331
   22387       2.1594
   22388       2.1991
   22389       2.1990
   22390       2.2564
   22391       2.2848
   22392       2.2618
   22393       2.2368
   22394       2.1973
   22395       2.3259
   22396       2.3132
   22397       2.2554
   22398       2.2205
   22399       2.1349
   22400       2.1495
   22401       2.2015
   22402       2.2165
   22403       2.2757
   22404       2.2878
   22405       2.2911
   22406       2.3124
   22407       2.3409
   22408       2.3011
   22409       2.3492
   22410       2.2212
   22411       2.2963
   22412       2.3822
   22413       2.2029
   22414       2.1468
   22415       2.2356
   22416       2.2887
   22417       2.2211
   22418       2.2644
   22419       2.3832
   22420       2.3704
   22421       2.3581
   22422       2.3153
   22423       2.2935
   22424       2.1057
   22425       2.2631
   22426       2.3450
   22427       2.3903
   22428       2.4006
   22429       2.3764
   22430       2.3363
   22431       2.3117
   22432       2.3496
   22433       2.3344
   22434       2.3627
   22435       2.3184
   22436       2.2635
   22437       2.2202
   22438       2.3348
   22439       2.3042
   22440       2.2958
   22441       2.2064
   22442       2.1978
   22443       2.3061
   22444       2.2892
   22445       2.1624
   22446       2.1836
   22447       2.2215
   22448       2.3129
   22449       2.2515
   22450       2.2739
   22451       2.3222
   22452       2.2806
   22453       2.2951
   22454       2.2921
   22455       2.2273
   22456       2.1395
   22457       2.2036
   22458       2.3065
   22459       2.3327
   22460       2.1086
   22461       2.1301
   22462       2.1958
   22463       2.3577
   22464       2.3541
   22465       2.3011
   22466       2.3887
   22467       2.2064
   22468       2.2472
   22469       2.2464
   22470       2.3063
   22471       2.2648
   22472       2.1592
   22473       2.1030
   22474       2.1557
   22475       2.2294
   22476       2.2934
   22477       2.1032
   22478       2.1702
   22479       2.3082
   22480       2.1710
   22481       2.2342
   22482       2.0758
   22483       2.1391
   22484       2.1560
   22485       2.1226
   22486       2.1430
   22487       2.2487
   22488       2.1783
   22489       2.3607
   22490       2.2086
   22491       2.0120
   22492       2.1469
   22493       2.1032
   22494       2.1136
   22495       2.1952
   22496       2.0896
   22497       2.1549
   22498       2.2062
   22499       2.1534
   22500       2.3093
   22501       2.2023
   22502       2.2299
   22503       2.2244
   22504       2.1846
   22505       2.2525
   22506       2.0942
   22507       2.1719
   22508       2.2509
   22509       2.1897
   22510       2.1126
   22511       1.8942
   22512       2.0482
   22513       1.9598
   22514       2.1129
   22515       2.1070
   22516       2.0451
   22517       1.9242
   22518       1.9854
   22519       2.0219
   22520       2.0022
   22521       2.0535
   22522       1.9846
   22523       1.9339
   22524       2.0341
   22525       1.9946
   22526       1.8898
   22527       1.9539
   22528       1.9554
   22529       1.9950
   22530       1.9461
   22531       1.9795
   22532       1.9887
   22533       2.0195
   22534       2.0435
   22535       2.1041
   22536       2.0963
   22537       2.0182
   22538       1.9576
   22539       2.0314
   22540       2.0832
   22541       1.9835
   22542       2.0709
   22543       2.0741
   22544       2.0357
   22545       2.0277
   22546       1.9618
   22547       2.1278
   22548       2.0768
   22549       2.1531
   22550       2.1347
   22551       2.1978
   22552       2.0960
   22553       2.0408
   22554       2.1011
   22555       2.0692
   22556       2.1662
   22557       2.0906
   22558       2.1810
   22559       2.0514
   22560       2.1059
   22561       2.0729
   22562       2.0980
   22563       2.0305
   22564       1.8751
   22565       1.8821
   22566       2.0132
   22567       1.9699
   22568       1.9909
   22569       1.9423
   22570       2.0148
   22571       1.9658
   22572       2.0120
   22573       1.9407
   22574       2.0465
   22575       2.0495
   22576       2.0546
   22577       2.0473
   22578       2.0408
   22579       2.1040
   22580       2.0490
   22581       2.0173
   22582       1.9857
   22583       2.0919
   22584       2.0555
   22585       2.0209
   22586       2.0388
   22587       2.1458
   22588       2.0132
   22589       2.0754
   22590       2.1297
   22591       2.0013
   22592       2.0540
   22593       2.1382
   22594       2.0195
   22595       2.0270
   22596       2.0414
   22597       2.1027
   22598       2.0061
   22599       2.0539
   22600       2.0370
   22601       1.9843
   22602       2.0117
   22603       1.9379
   22604       1.9890
   22605       1.9481
   22606       1.9212
   22607       1.9302
   22608       1.9440
   22609       2.0143
   22610       1.9692
   22611       1.9507
   22612       2.1066
   22613       2.0210
   22614       1.9915
   22615       2.0772
   22616       1.9613
   22617       1.8718
   22618       1.9966
   22619       1.9745
   22620       2.0885
   22621       2.0448
   22622       2.0081
   22623       1.9983
   22624       2.0353
   22625       2.0758
   22626       2.0885
   22627       1.9511
   22628       2.0808
   22629       2.0030
   22630       2.1151
   22631       2.1033
   22632       2.1214
   22633       2.0538
   22634       2.0149
   22635       1.9640
   22636       2.0847
   22637       2.0893
   22638       2.2360
   22639       2.1432
   22640       2.0806
   22641       2.0619
   22642       2.0099
   22643       2.1090
   22644       2.0276
   22645       1.8923
   22646       2.0121
   22647       1.9779
   22648       1.9866
   22649       2.0322
   22650       1.9923
   22651       2.1339
   22652       2.0454
   22653       2.1073
   22654       2.0469
   22655       1.9316
   22656       2.0208
   22657       1.9282
   22658       1.9221
   22659       1.9868
   22660       1.9876
   22661       2.0060
   22662       2.0198
   22663       1.8594
   22664       1.9862
   22665       2.0233
   22666       2.0143
   22667       1.9293
   22668       2.0126
   22669       1.9737
   22670       1.9045
   22671       1.9681
   22672       1.9787
   22673       2.0293
   22674       2.1253
   22675       2.0667
   22676       2.0508
   22677       2.0367
   22678       2.0434
   22679       2.0127
   22680       2.0002
   22681       2.0526
   22682       2.0148
   22683       2.0849
   22684       2.0298
   22685       1.9884
   22686       2.0410
   22687       2.0225
   22688       2.0323
   22689       2.0748
   22690       2.1378
   22691       2.0959
   22692       2.0493
   22693       2.0792
   22694       1.9975
   22695       1.9848
   22696       2.1028
   22697       2.1781
   22698       2.1217
   22699       2.2325
   22700       2.1349
   22701       2.1495
   22702       2.0418
   22703       2.0450
   22704       2.1299
   22705       1.9385
   22706       1.9595
   22707       2.0199
   22708       2.0486
   22709       2.0295
   22710       1.9194
   22711       1.9861
   22712       2.1150
   22713       1.9884
   22714       2.0784
   22715       2.1351
   22716       1.9335
   22717       1.9760
   22718       2.0744
   22719       1.9626
   22720       1.9438
   22721       1.9942
   22722       2.0595
   22723       2.0114
   22724       2.0347
   22725       2.0145
   22726       2.0239
   22727       2.1513
   22728       2.0957
   22729       2.0184
   22730       2.2090
   22731       2.2490
   22732       2.1879
   22733       2.1969
   22734       2.0835
   22735       2.0907
   22736       2.0566
   22737       2.0101
   22738       2.0321
   22739       2.0314
   22740       1.9662
   22741       1.9853
   22742       2.0428
   22743       1.9797
   22744       2.0801
   22745       1.9747
   22746       1.8629
   22747       1.9495
   22748       1.9710
   22749       1.9954
   22750       2.0160
   22751       1.9301
   22752       1.9760
   22753       2.1077
   22754       2.0511
   22755       2.1462
   22756       2.0578
   22757       1.9759
   22758       2.0368
   22759       2.0410
   22760       1.8864
   22761       2.0331
   22762       1.8686
   22763       1.9124
   22764       2.0022
   22765       2.0379
   22766       1.8962
   22767       1.9871
   22768       2.0266
   22769       1.9118
   22770       1.8975
   22771       1.9585
   22772       2.0281
   22773       2.0049
   22774       1.9365
   22775       2.0046
   22776       1.9909
   22777       1.9560
   22778       2.0241
   22779       2.0206
   22780       2.0943
   22781       2.1232
   22782       2.0220
   22783       2.0333
   22784       2.1196
   22785       1.9394
   22786       2.0416
   22787       2.0118
   22788       1.9345
   22789       1.9490
   22790       1.9649
   22791       2.0002
   22792       2.0576
   22793       2.0416
   22794       2.0306
   22795       2.1503
   22796       2.0337
   22797       2.0816
   22798       2.0507
   22799       2.1039
   22800       1.9144
   22801       1.9736
   22802       2.0110
   22803       2.1115
   22804       2.1449
   22805       2.0094
   22806       1.8699
   22807       1.9424
   22808       1.9164
   22809       1.8770
   22810       1.8452
   22811       2.0246
   22812       1.9800
   22813       1.9527
   22814       1.9381
   22815       2.0347
   22816       2.0144
   22817       2.0872
   22818       1.9465
   22819       2.0764
   22820       2.0145
   22821       1.9936
   22822       1.9896
   22823       1.9937
   22824       1.9038
   22825       1.9993
   22826       1.9969
   22827       2.0842
   22828       2.0380
   22829       2.1420
   22830       2.1246
   22831       2.1238
   22832       2.0402
   22833       2.0628
   22834       2.0417
   22835       2.1049
   22836       2.0154
   22837       2.0786
   22838       1.9968
   22839       2.0288
   22840       2.0270
   22841       2.0724
   22842       2.0265
   22843       2.0046
   22844       2.0300
   22845       2.0846
   22846       2.0913
   22847       2.1130
   22848       2.0472
   22849       1.9852
   22850       2.0354
   22851       2.0420
   22852       2.1592
   22853       2.0471
   22854       2.0690
   22855       2.0078
   22856       2.0099
   22857       2.0900
   22858       2.0349
   22859       1.9643
   22860       1.9067
   22861       2.0800
   22862       1.9152
   22863       1.9532
   22864       1.9817
   22865       2.0219
   22866       1.9270
   22867       2.0255
   22868       2.0229
   22869       2.0618
   22870       1.9803
   22871       1.9477
   22872       2.0387
   22873       2.1022
   22874       2.0006
   22875       1.9450
   22876       2.0089
   22877       1.9852
   22878       1.9715
   22879       2.0145
   22880       1.9183
   22881       1.8981
   22882       2.0413
   22883       1.9907
   22884       2.0213
   22885       1.8827
   22886       1.9997
   22887       1.8841
   22888       1.9385
   22889       1.9056
   22890       1.8879
   22891       1.8915
   22892       1.9011
   22893       1.9195
   22894       1.9678
   22895       1.9013
   22896       1.8721
   22897       1.9294
   22898       1.9675
   22899       1.9249
   22900       1.9375
   22901       1.8931
   22902       1.8620
   22903       1.9217
   22904       1.9908
   22905       1.8660
   22906       2.0330
   22907       1.9859
   22908       2.0575
   22909       2.0006
   22910       1.9310
   22911       1.9985
   22912       1.8753
   22913       1.8364
   22914       1.8517
   22915       1.8450
   22916       2.0195
   22917       1.8721
   22918       1.9321
   22919       1.8594
   22920       1.9075
   22921       1.8818
   22922       1.9096
   22923       1.9218
   22924       1.9453
   22925       1.8805
   22926       1.8901
   22927       1.9806
   22928       1.9576
   22929       2.0070
   22930       1.9642
   22931       1.9729
   22932       1.8486
   22933       2.0150
   22934       1.8709
   22935       1.8583
   22936       1.8393
   22937       1.8820
   22938       1.9042
   22939       1.8974
   22940       1.9614
   22941       1.9927
   22942       1.9681
   22943       1.9873
   22944       1.9549
   22945       1.9315
   22946       1.9941
   22947       1.9976
   22948       2.0341
   22949       2.0188
   22950       1.9596
   22951       1.9415
   22952       1.9390
   22953       2.0230
   22954       2.0014
   22955       2.0047
   22956       2.0624
   22957       2.0693
   22958       2.1562
   22959       2.0390
   22960       2.0991
   22961       2.0967
   22962       2.0447
   22963       2.1857
   22964       2.0179
   22965       2.0960
   22966       2.0694
   22967       1.9326
   22968       1.9672
   22969       1.9115
   22970       2.0148
   22971       2.0718
   22972       1.9306
   22973       2.0235
   22974       1.9688
   22975       1.8385
   22976       1.8998
   22977       1.8913
   22978       1.9815
   22979       1.9649
   22980       1.9468
   22981       1.9583
   22982       1.8962
   22983       2.0636
   22984       1.9420
   22985       1.8903
   22986       1.9691
   22987       1.9360
   22988       2.0199
   22989       2.0808
   22990       1.9372
   22991       1.8989
   22992       2.0660
   22993       2.0599
   22994       2.0634
   22995       2.0755
   22996       2.0512
   22997       2.1257
   22998       2.0468
   22999       2.0093
   23000       2.0330
   23001       2.0032
   23002       2.0607
   23003       2.0281
   23004       2.0432
   23005       2.0510
   23006       1.9489
   23007       2.0382
   23008       1.9083
   23009       1.9589
   23010       1.9515
   23011       1.9108
   23012       1.9749
   23013       2.0016
   23014       1.9933
   23015       2.0024
   23016       2.0170
   23017       2.0546
   23018       1.9755
   23019       2.0148
   23020       2.0381
   23021       2.0737
   23022       1.8959
   23023       1.9932
   23024       1.9077
   23025       1.9227
   23026       2.0085
   23027       1.9128
   23028       1.9800
   23029       2.0327
   23030       2.0561
   23031       2.0465
   23032       2.0093
   23033       2.0192
   23034       2.0902
   23035       1.9971
   23036       1.9653
   23037       2.0103
   23038       1.9860
   23039       2.0657
   23040       2.0380
   23041       2.0246
   23042       2.0240
   23043       1.9647
   23044       2.1045
   23045       2.0654
   23046       2.1216
   23047       2.1025
   23048       2.0521
   23049       2.0157
   23050       2.1171
   23051       2.0294
   23052       1.9882
   23053       2.0230
   23054       2.0098
   23055       2.0043
   23056       2.0373
   23057       2.0528
   23058       1.9561
   23059       2.0508
   23060       2.0506
   23061       2.0926
   23062       1.9964
   23063       1.9386
   23064       2.0275
   23065       2.0987
   23066       2.1544
   23067       1.9538
   23068       2.0003
   23069       2.0493
   23070       2.0452
   23071       2.1166
   23072       2.1935
   23073       2.1813
   23074       2.0733
   23075       1.9882
   23076       2.0120
   23077       1.9700
   23078       2.0042
   23079       2.0903
   23080       2.0340
   23081       2.0511
   23082       2.0557
   23083       2.1420
   23084       2.0481
   23085       2.1042
   23086       2.2124
   23087       2.1393
   23088       2.0912
   23089       2.0833
   23090       2.1319
   23091       2.1000
   23092       2.0130
   23093       2.0401
   23094       2.1314
   23095       2.0214
   23096       2.0768
   23097       2.0597
   23098       2.1267
   23099       2.1360
   23100       2.0701
   23101       2.0072
   23102       2.0871
   23103       1.9236
   23104       2.0045
   23105       2.0320
   23106       1.9926
   23107       2.0628
   23108       2.0305
   23109       2.0261
   23110       1.9428
   23111       1.9767
   23112       1.9601
   23113       1.9766
   23114       2.0230
   23115       2.0347
   23116       2.0655
   23117       2.0748
   23118       2.1203
   23119       2.0178
   23120       2.1547
   23121       2.1505
   23122       2.1160
   23123       2.1048
   23124       2.2223
   23125       2.1526
   23126       2.0676
   23127       2.0706
   23128       2.0550
   23129       1.9677
   23130       2.0026
   23131       1.9784
   23132       2.0570
   23133       1.9982
   23134       2.0220
   23135       2.1233
   23136       2.0866
   23137       2.0433
   23138       1.9945
   23139       2.0366
   23140       2.0087
   23141       1.8941
   23142       1.9630
   23143       2.0090
   23144       2.0051
   23145       2.0154
   23146       2.0113
   23147       1.9543
   23148       1.8481
   23149       1.8864
   23150       1.9209
   23151       1.9203
   23152       1.7884
   23153       1.7954
   23154       1.8440
   23155       1.8395
   23156       1.8686
   23157       1.8433
   23158       1.8283
   23159       1.8363
   23160       1.8847
   23161       1.9458
   23162       1.7871
   23163       1.9686
   23164       1.9725
   23165       2.0484
   23166       2.1225
   23167       2.0407
   23168       2.0628
   23169       2.0262
   23170       2.0228
   23171       2.0214
   23172       2.0242
   23173       1.9702
   23174       2.0123
   23175       2.0618
   23176       2.0739
   23177       2.0920
   23178       2.0438
   23179       1.9889
   23180       1.9553
   23181       1.9770
   23182       1.8622
   23183       1.9605
   23184       1.9309
   23185       2.0596
   23186       2.0564
   23187       1.9526
   23188       2.0290
   23189       1.9565
   23190       2.0648
   23191       1.9141
   23192       2.1167
   23193       2.0924
   23194       1.9968
   23195       2.0962
   23196       1.9901
   23197       2.0299
   23198       2.0115
   23199       1.9481
   23200       1.8760
   23201       1.9090
   23202       1.9821
   23203       1.8975
   23204       2.0588
   23205       1.9299
   23206       2.0294
   23207       1.9846
   23208       2.0722
   23209       1.9629
   23210       1.9774
   23211       1.9538
   23212       1.9487
   23213       1.8101
   23214       1.9264
   23215       2.0173
   23216       2.0983
   23217       2.1238
   23218       2.0585
   23219       2.1325
   23220       2.0518
   23221       1.9537
   23222       1.9274
   23223       1.9613
   23224       1.9133
   23225       2.0179
   23226       2.1231
   23227       1.9225
   23228       2.0008
   23229       2.0333
   23230       1.9672
   23231       1.9234
   23232       2.0628
   23233       1.9663
   23234       2.0364
   23235       1.9991
   23236       2.0352
   23237       2.1392
   23238       2.0878
   23239       2.1162
   23240       2.0396
   23241       1.8728
   23242       1.9321
   23243       2.0248
   23244       2.1010
   23245       2.0614
   23246       1.8733
   23247       2.0879
   23248       2.2107
   23249       2.1136
   23250       2.1289
   23251       2.0512
   23252       2.0504
   23253       2.0116
   23254       1.9879
   23255       1.9870
   23256       2.0647
   23257       1.9840
   23258       1.8717
   23259       1.8748
   23260       2.0619
   23261       2.0103
   23262       2.0125
   23263       2.0458
   23264       1.8746
   23265       2.0332
   23266       2.0127
   23267       2.0536
   23268       1.9160
   23269       2.0347
   23270       1.8967
   23271       1.8997
   23272       1.8495
   23273       1.9293
   23274       1.9201
   23275       1.8679
   23276       2.0209
   23277       2.0199
   23278       1.9269
   23279       1.9220
   23280       1.9180
   23281       1.9577
   23282       1.9232
   23283       1.9835
   23284       1.9969
   23285       1.8543
   23286       1.9607
   23287       1.9576
   23288       1.8722
   23289       1.8894
   23290       1.9937
   23291       1.9030
   23292       1.9968
   23293       1.9474
   23294       1.9274
   23295       1.9187
   23296       1.9366
   23297       2.0024
   23298       1.9572
   23299       1.8853
   23300       2.0448
   23301       1.9631
   23302       1.9195
   23303       1.8938
   23304       1.9275
   23305       1.9441
   23306       1.8898
   23307       1.9931
   23308       2.0408
   23309       1.9143
   23310       1.9436
   23311       1.8624
   23312       1.8607
   23313       1.9284
   23314       1.9558
   23315       1.9092
   23316       2.0196
   23317       2.0270
   23318       2.0741
   23319       1.9563
   23320       1.9762
   23321       2.0575
   23322       2.0013
   23323       2.1298
   23324       2.1744
   23325       2.1409
   23326       2.1231
   23327       2.2328
   23328       2.0656
   23329       2.0263
   23330       2.0782
   23331       2.0363
   23332       2.0844
   23333       2.1035
   23334       2.0478
   23335       1.9782
   23336       2.0903
   23337       2.0941
   23338       2.1299
   23339       2.0589
   23340       2.0058
   23341       1.9966
   23342       2.0870
   23343       1.8871
   23344       1.9930
   23345       2.1224
   23346       2.0683
   23347       2.1423
   23348       2.0842
   23349       1.9654
   23350       1.9603
   23351       1.9777
   23352       2.0792
   23353       2.0092
   23354       2.0385
   23355       1.9187
   23356       2.0396
   23357       2.0959
   23358       2.0218
   23359       1.8829
   23360       1.8954
   23361       1.9358
   23362       1.8852
   23363       1.8680
   23364       1.9469
   23365       1.9217
   23366       1.8637
   23367       1.9199
   23368       1.8581
   23369       1.9885
   23370       1.9713
   23371       1.9477
   23372       1.9659
   23373       1.9841
   23374       1.9525
   23375       1.9856
   23376       2.0812
   23377       2.1048
   23378       1.9961
   23379       2.0882
   23380       2.1126
   23381       2.0995
   23382       2.0629
   23383       1.9827
   23384       2.1886
   23385       2.1555
   23386       2.0775
   23387       2.1185
   23388       2.2467
   23389       2.1061
   23390       2.1140
   23391       2.1776
   23392       2.1895
   23393       2.1637
   23394       2.0090
   23395       2.0501
   23396       2.0623
   23397       2.0780
   23398       2.2235
   23399       2.1846
   23400       2.1575
   23401       2.1246
   23402       2.1447
   23403       2.1438
   23404       2.1358
   23405       2.1166
   23406       2.2264
   23407       2.3182
   23408       2.2574
   23409       2.2287
   23410       2.1378
   23411       2.1097
   23412       2.1299
   23413       2.0438
   23414       2.0625
   23415       2.1402
   23416       2.1284
   23417       2.1745
   23418       2.0388
   23419       2.0107
   23420       2.0872
   23421       2.0429
   23422       2.0416
   23423       2.1020
   23424       2.1793
   23425       2.1412
   23426       2.2166
   23427       2.2103
   23428       1.9880
   23429       2.1201
   23430       2.0925
   23431       2.0601
   23432       2.1638
   23433       2.1151
   23434       2.2034
   23435       2.1932
   23436       2.1080
   23437       2.0783
   23438       2.1481
   23439       2.2307
   23440       2.2576
   23441       2.2653
   23442       2.2906
   23443       2.3570
   23444       2.2066
   23445       2.2350
   23446       2.2369
   23447       2.2382
   23448       2.1646
   23449       2.1655
   23450       2.1632
   23451       2.1070
   23452       2.1789
   23453       2.2097
   23454       2.1632
   23455       2.1328
   23456       2.1808
   23457       2.0680
   23458       2.2046
   23459       2.2558
   23460       2.2282
   23461       2.2229
   23462       2.2276
   23463       2.2174
   23464       2.1981
   23465       2.1523
   23466       2.1955
   23467       2.1280
   23468       2.0150
   23469       2.1566
   23470       2.1650
   23471       2.0914
   23472       2.0826
   23473       2.0195
   23474       2.0462
   23475       1.8962
   23476       1.9630
   23477       1.9720
   23478       2.0218
   23479       1.9541
   23480       2.0048
   23481       2.0451
   23482       1.8944
   23483       1.9747
   23484       2.0608
   23485       2.1040
   23486       2.0634
   23487       2.1594
   23488       2.1640
   23489       2.1208
   23490       2.0832
   23491       2.0279
   23492       2.0438
   23493       1.9404
   23494       1.9508
   23495       1.8910
   23496       1.9755
   23497       2.0580
   23498       1.9831
   23499       2.0614
   23500       2.0534
   23501       2.1142
   23502       2.0410
   23503       2.1548
   23504       1.9691
   23505       2.0485
   23506       2.1419
   23507       2.0545
   23508       2.0063
   23509       1.9112
   23510       2.0591
   23511       2.0446
   23512       2.1131
   23513       2.2311
   23514       2.2603
   23515       2.1214
   23516       2.0722
   23517       2.0993
   23518       2.1162
   23519       2.1965
   23520       2.1849
   23521       2.1867
   23522       2.2189
   23523       2.1633
   23524       2.0356
   23525       2.0243
   23526       1.9777
   23527       2.2036
   23528       2.1516
   23529       2.0485
   23530       2.0418
   23531       2.0075
   23532       2.0916
   23533       2.0403
   23534       2.0703
   23535       2.1423
   23536       2.1109
   23537       2.0640
   23538       2.1339
   23539       2.1150
   23540       1.9937
   23541       2.0770
   23542       1.9564
   23543       2.0295
   23544       2.0378
   23545       2.1655
   23546       2.1811
   23547       2.1143
   23548       2.1881
   23549       2.1711
   23550       2.2273
   23551       2.2796
   23552       2.2753
   23553       2.3174
   23554       2.2476
   23555       2.4040
   23556       2.3668
   23557       2.3508
   23558       2.2447
   23559       2.1254
   23560       2.2098
   23561       2.3863
   23562       2.2786
   23563       2.1954
   23564       2.2534
   23565       2.2523
   23566       2.1613
   23567       2.2334
   23568       2.2828
   23569       2.1940
   23570       2.2871
   23571       2.3117
   23572       2.2274
   23573       2.1565
   23574       2.0921
   23575       2.2289
   23576       2.1984
   23577       2.2511
   23578       2.2283
   23579       2.1404
   23580       2.2433
   23581       2.1165
   23582       2.1316
   23583       2.1812
   23584       2.0962
   23585       2.0966
   23586       2.0888
   23587       2.2188
   23588       2.1845
   23589       2.1200
   23590       2.1608
   23591       2.0640
   23592       2.1036
   23593       2.1000
   23594       2.1418
   23595       2.1466
   23596       1.9852
   23597       2.1236
   23598       2.0894
   23599       2.1274
   23600       2.1068
   23601       2.0506
   23602       2.1368
   23603       2.0815
   23604       2.0381
   23605       2.0127
   23606       2.0906
   23607       2.0832
   23608       2.0438
   23609       2.1910
   23610       2.0876
   23611       2.1321
   23612       2.1551
   23613       2.1531
   23614       2.0939
   23615       2.0646
   23616       2.0761
   23617       2.0318
   23618       2.0389
   23619       1.9225
   23620       2.1249
   23621       2.0725
   23622       2.0392
   23623       2.0077
   23624       1.9874
   23625       1.9752
   23626       1.9973
   23627       2.1000
   23628       1.9491
   23629       2.0802
   23630       1.9227
   23631       1.9153
   23632       1.8939
   23633       1.8808
   23634       1.9478
   23635       1.9147
   23636       1.8654
   23637       1.9368
   23638       2.0240
   23639       2.0881
   23640       2.1150
   23641       1.9597
   23642       1.9669
   23643       1.9265
   23644       2.0732
   23645       1.9117
   23646       1.9684
   23647       2.0526
   23648       2.0409
   23649       2.0774
   23650       2.0000
   23651       1.9145
   23652       1.9471
   23653       1.9979
   23654       1.9741
   23655       2.0212
   23656       2.1185
   23657       2.1815
   23658       2.1397
   23659       2.0987
   23660       2.0628
   23661       2.0761
   23662       1.9678
   23663       2.1540
   23664       2.1684
   23665       2.1044
   23666       2.1215
   23667       2.1560
   23668       2.0840
   23669       2.0534
   23670       1.9646
   23671       2.1353
   23672       2.2063
   23673       2.0654
   23674       2.0403
   23675       2.0415
   23676       2.0834
   23677       1.9290
   23678       1.9249
   23679       1.8442
   23680       2.0191
   23681       1.9820
   23682       1.9565
   23683       1.9953
   23684       1.9250
   23685       2.0295
   23686       1.9825
   23687       1.9500
   23688       2.1966
   23689       2.0798
   23690       2.0412
   23691       2.0885
   23692       1.9646
   23693       2.0935
   23694       2.0271
   23695       2.1138
   23696       2.1465
   23697       2.1459
   23698       2.1231
   23699       2.3275
   23700       2.2759
   23701       2.1853
   23702       2.1941
   23703       2.2813
   23704       2.1442
   23705       2.2288
   23706       2.0540
   23707       2.1814
   23708       2.0967
   23709       2.2660
   23710       2.2478
   23711       2.2704
   23712       2.2613
   23713       2.2634
   23714       2.3168
   23715       2.4059
   23716       2.3445
   23717       2.3784
   23718       2.2601
   23719       2.1936
   23720       2.1876
   23721       2.1689
   23722       2.3763
   23723       2.3175
   23724       2.2683
   23725       2.2352
   23726       2.1470
   23727       2.2263
   23728       2.2412
   23729       2.1692
   23730       2.1026
   23731       2.1834
   23732       2.0752
   23733       2.1090
   23734       2.0977
   23735       2.0350
   23736       2.0889
   23737       1.9729
   23738       2.0823
   23739       2.0933
   23740       2.0243
   23741       1.9294
   23742       2.1086
   23743       2.1285
   23744       2.0081
   23745       1.8876
   23746       2.1035
   23747       2.0977
   23748       1.9258
   23749       2.1670
   23750       2.0435
   23751       2.1412
   23752       2.1211
   23753       1.9825
   23754       2.0099
   23755       2.0735
   23756       2.0942
   23757       2.1446
   23758       2.2145
   23759       2.0869
   23760       2.2318
   23761       2.0872
   23762       2.1646
   23763       2.1800
   23764       2.0755
   23765       2.1553
   23766       2.1169
   23767       2.0237
   23768       2.2711
   23769       2.3422
   23770       2.1690
   23771       2.3111
   23772       2.2404
   23773       2.1323
   23774       2.1827
   23775       2.0704
   23776       2.0666
   23777       2.0918
   23778       2.1376
   23779       2.1844
   23780       2.1542
   23781       2.2241
   23782       2.0891
   23783       2.1596
   23784       2.2681
   23785       2.2494
   23786       2.2648
   23787       2.2278
   23788       2.2611
   23789       2.2851
   23790       2.3168
   23791       2.1999
   23792       2.1425
   23793       2.1641
   23794       2.2033
   23795       2.1268
   23796       2.1167
   23797       2.0721
   23798       2.0608
   23799       2.1551
   23800       2.1367
   23801       2.1724
   23802       2.3069
   23803       2.2816
   23804       2.2802
   23805       2.2505
   23806       2.1826
   23807       2.2496
   23808       2.2132
   23809       2.2470
   23810       2.1818
   23811       2.0726
   23812       2.1246
   23813       2.0547
   23814       2.1556
   23815       2.2480
   23816       2.2918
   23817       2.1855
   23818       2.2270
   23819       2.2300
   23820       2.2679
   23821       2.2755
   23822       2.3424
   23823       2.2362
   23824       2.3326
   23825       2.3259
   23826       2.2932
   23827       2.2915
   23828       2.2398
   23829       2.2240
   23830       2.3475
   23831       2.2677
   23832       2.3132
   23833       2.2926
   23834       2.3266
   23835       2.2739
   23836       2.3565
   23837       2.4572
   23838       2.3270
   23839       2.1957
   23840       2.2827
   23841       2.2716
   23842       2.2264
   23843       2.2879
   23844       2.2514
   23845       2.2395
   23846       2.2372
   23847       2.3027
   23848       2.2471
   23849       2.1828
   23850       2.2832
   23851       2.2028
   23852       2.2059
   23853       2.2570
   23854       2.2554
   23855       2.2574
   23856       2.1758
   23857       2.1967
   23858       2.1218
   23859       2.2561
   23860       2.0716
   23861       2.2003
   23862       2.1159
   23863       2.2052
   23864       2.2105
   23865       2.3064
   23866       2.3221
   23867       2.1797
   23868       2.1901
   23869       2.2279
   23870       2.1624
   23871       2.2393
   23872       2.2231
   23873       2.1741
   23874       2.2371
   23875       2.1902
   23876       2.2327
   23877       2.2432
   23878       2.2724
   23879       2.1499
   23880       2.1937
   23881       2.1991
   23882       2.3249
   23883       2.2637
   23884       2.2113
   23885       2.1895
   23886       2.1694
   23887       2.1136
   23888       2.0986
   23889       2.0796
   23890       2.2410
   23891       2.4016
   23892       2.2170
   23893       2.2095
   23894       2.1736
   23895       2.1666
   23896       2.1325
   23897       2.3019
   23898       2.3131
   23899       2.3422
   23900       2.2760
   23901       2.0961
   23902       2.2431
   23903       2.2340
   23904       2.2475
   23905       2.2102
   23906       2.1902
   23907       2.1912
   23908       2.1803
   23909       2.2052
   23910       2.2357
   23911       2.1701
   23912       2.2422
   23913       2.2824
   23914       2.1851
   23915       2.1937
   23916       2.2712
   23917       2.1937
   23918       2.2514
   23919       2.2286
   23920       2.2714
   23921       2.2612
   23922       2.2453
   23923       2.1901
   23924       2.3139
   23925       2.2596
   23926       2.0376
   23927       2.1332
   23928       2.2021
   23929       2.1993
   23930       2.1273
   23931       2.2378
   23932       2.2298
   23933       2.1875
   23934       2.1270
   23935       2.1454
   23936       2.1718
   23937       2.2605
   23938       2.2794
   23939       2.2216
   23940       2.1183
   23941       2.1857
   23942       2.2542
   23943       2.2522
   23944       2.1680
   23945       2.1328
   23946       2.2610
   23947       2.1802
   23948       2.2448
   23949       2.1506
   23950       2.1935
   23951       2.2566
   23952       2.2704
   23953       2.2217
   23954       2.2157
   23955       2.2010
   23956       2.1552
   23957       2.2701
   23958       2.2916
   23959       2.2842
   23960       2.2499
   23961       2.3315
   23962       2.3279
   23963       2.2332
   23964       2.2603
   23965       2.1969
   23966       2.2711
   23967       2.3019
   23968       2.3903
   23969       2.3633
   23970       2.2007
   23971       2.1973
   23972       2.2885
   23973       2.3470
   23974       2.2831
   23975       2.3782
   23976       2.3584
   23977       2.3611
   23978       2.3783
   23979       2.4136
   23980       2.3272
   23981       2.2058
   23982       2.2352
   23983       2.2677
   23984       2.3172
   23985       2.1415
   23986       2.0512
   23987       2.1562
   23988       2.1543
   23989       2.2237
   23990       2.3193
   23991       2.1324
   23992       2.2700
   23993       2.1545
   23994       2.3049
   23995       2.2295
   23996       2.1852
   23997       2.2329
   23998       2.0992
   23999       2.1172
   24000       2.1558
   24001       2.1902
   24002       2.1150
   24003       2.1025
   24004       2.2899
   24005       2.2014
   24006       2.1527
   24007       2.2031
   24008       2.1795
   24009       2.1187
   24010       2.1555
   24011       2.1535
   24012       2.1312
   24013       2.1308
   24014       2.1681
   24015       2.0959
   24016       2.1396
   24017       2.2434
   24018       2.2558
   24019       2.1733
   24020       2.2102
   24021       2.3213
   24022       2.1910
   24023       2.2317
   24024       2.2294
   24025       2.3855
   24026       2.2469
   24027       2.2402
   24028       2.2406
   24029       2.2929
   24030       2.2863
   24031       2.2397
   24032       2.1531
   24033       2.1900
   24034       2.1608
   24035       2.2441
   24036       2.1909
   24037       2.1896
   24038       2.1723
   24039       2.2476
   24040       2.1374
   24041       2.2104
   24042       2.1946
   24043       2.1239
   24044       2.3339
   24045       2.1982
   24046       2.3434
   24047       2.3432
   24048       2.2139
   24049       2.2387
   24050       2.3433
   24051       2.3167
   24052       2.3510
   24053       2.3196
   24054       2.3791
   24055       2.3485
   24056       2.3260
   24057       2.3612
   24058       2.4598
   24059       2.3398
   24060       2.3180
   24061       2.4540
   24062       2.4094
   24063       2.4120
   24064       2.3755
   24065       2.3261
   24066       2.3392
   24067       2.3967
   24068       2.3473
   24069       2.2068
   24070       2.1727
   24071       2.2557
   24072       2.0683
   24073       2.2667
   24074       2.1724
   24075       2.2504
   24076       2.3372
   24077       2.2379
   24078       2.2358
   24079       2.3849
   24080       2.3155
   24081       2.2703
   24082       2.2790
   24083       2.3208
   24084       2.2169
   24085       2.1333
   24086       2.2004
   24087       2.1864
   24088       2.2421
   24089       2.2650
   24090       2.2517
   24091       2.2548
   24092       2.2889
   24093       2.2894
   24094       2.2196
   24095       2.3632
   24096       2.1304
   24097       2.2004
   24098       2.2658
   24099       2.3075
   24100       2.2976
   24101       2.1384
   24102       2.2485
   24103       2.1491
   24104       2.3377
   24105       2.2016
   24106       2.1638
   24107       2.4066
   24108       2.1751
   24109       2.1785
   24110       2.2005
   24111       2.1725
   24112       2.2681
   24113       2.1998
   24114       2.3345
   24115       2.3516
   24116       2.2377
   24117       2.2744
   24118       2.2451
   24119       2.2842
   24120       2.2915
   24121       2.2080
   24122       2.2880
   24123       2.3088
   24124       2.2594
   24125       2.2596
   24126       2.1828
   24127       2.3303
   24128       2.3949
   24129       2.2912
   24130       2.2691
   24131       2.2596
   24132       2.3432
   24133       2.3385
   24134       2.2582
   24135       2.1424
   24136       2.1767
   24137       2.1286
   24138       2.1587
   24139       2.1435
   24140       1.9895
   24141       2.1615
   24142       2.1603
   24143       2.2710
   24144       2.1704
   24145       2.2257
   24146       2.2293
   24147       2.3270
   24148       2.2548
   24149       2.1503
   24150       2.2559
   24151       2.1806
   24152       2.2327
   24153       2.1379
   24154       2.1074
   24155       2.1981
   24156       2.1496
   24157       2.2690
   24158       2.1736
   24159       2.1494
   24160       2.0124
   24161       2.0714
   24162       2.1724
   24163       2.2505
   24164       2.2977
   24165       2.2354
   24166       2.2522
   24167       2.2803
   24168       2.3947
   24169       2.2782
   24170       2.2610
   24171       2.2851
   24172       2.3072
   24173       2.3138
   24174       2.4007
   24175       2.3199
   24176       2.3069
   24177       2.2160
   24178       2.2188
   24179       2.2278
   24180       2.1008
   24181       2.3326
   24182       2.2075
   24183       2.4340
   24184       2.3490
   24185       2.3515
   24186       2.3435
   24187       2.3483
   24188       2.3693
   24189       2.3078
   24190       2.5057
   24191       2.4899
   24192       2.3609
   24193       2.4314
   24194       2.2431
   24195       2.3663
   24196       2.3679
   24197       2.3151
   24198       2.3616
   24199       2.3866
   24200       2.3431
   24201       2.2948
   24202       2.3928
   24203       2.4024
   24204       2.4324
   24205       2.3661
   24206       2.4077
   24207       2.3721
   24208       2.2160
   24209       2.3210
   24210       2.2586
   24211       2.1753
   24212       2.1163
   24213       2.2551
   24214       2.2313
   24215       2.2874
   24216       2.2728
   24217       2.3306
   24218       2.3625
   24219       2.3268
   24220       2.2682
   24221       2.2395
   24222       2.2178
   24223       2.2522
   24224       2.2745
   24225       2.2439
   24226       2.2971
   24227       2.3269
   24228       2.2228
   24229       2.2693
   24230       2.2180
   24231       2.3912
   24232       2.2519
   24233       2.3580
   24234       2.3655
   24235       2.2651
   24236       2.2144
   24237       2.3777
   24238       2.2977
   24239       2.2883
   24240       2.2198
   24241       2.2739
   24242       2.3127
   24243       2.3192
   24244       2.2754
   24245       2.3418
   24246       2.2887
   24247       2.2443
   24248       2.3302
   24249       2.3440
   24250       2.3275
   24251       2.3449
   24252       2.3347
   24253       2.2269
   24254       2.2411
   24255       2.3496
   24256       2.3272
   24257       2.3459
   24258       2.3259
   24259       2.3427
   24260       2.3858
   24261       2.2480
   24262       2.3566
   24263       2.2540
   24264       2.2661
   24265       2.2917
   24266       2.2750
   24267       2.2367
   24268       2.2727
   24269       2.2530
   24270       2.2702
   24271       2.3792
   24272       2.2850
   24273       2.2898
   24274       2.3344
   24275       2.2878
   24276       2.2949
   24277       2.2895
   24278       2.3234
   24279       2.2485
   24280       2.1368
   24281       2.2653
   24282       2.1934
   24283       2.1464
   24284       2.2448
   24285       2.2391
   24286       2.2177
   24287       2.2880
   24288       2.3304
   24289       2.3194
   24290       2.3404
   24291       2.2974
   24292       2.3291
   24293       2.3366
   24294       2.2603
   24295       2.2381
   24296       2.0555
   24297       2.3215
   24298       2.1698
   24299       2.1298
   24300       2.1926
   24301       2.0797
   24302       2.1917
   24303       2.1990
   24304       2.3780
   24305       2.2756
   24306       2.3536
   24307       2.2556
   24308       2.4132
   24309       2.2811
   24310       2.3058
   24311       2.2895
   24312       2.1831
   24313       2.1987
   24314       2.2753
   24315       2.3016
   24316       2.2433
   24317       2.2101
   24318       2.2590
   24319       2.2573
   24320       2.2462
   24321       2.2294
   24322       2.2282
   24323       2.2324
   24324       2.2883
   24325       2.1603
   24326       2.1756
   24327       2.2254
   24328       2.2375
   24329       2.2599
   24330       2.3191
   24331       2.3548
   24332       2.1860
   24333       2.1990
   24334       2.3813
   24335       2.3474
   24336       2.2954
   24337       2.2363
   24338       2.2582
   24339       2.3067
   24340       2.3092
   24341       2.3281
   24342       2.2338
   24343       2.2645
   24344       2.1356
   24345       2.2992
   24346       2.3413
   24347       2.3175
   24348       2.2354
   24349       2.2094
   24350       2.2317
   24351       2.2677
   24352       2.3338
   24353       2.2478
   24354       2.2097
   24355       2.2118
   24356       2.1600
   24357       2.1679
   24358       2.2020
   24359       2.1971
   24360       2.0951
   24361       2.1377
   24362       2.1735
   24363       2.2043
   24364       2.1207
   24365       2.1501
   24366       2.2597
   24367       2.1664
   24368       2.1631
   24369       2.0610
   24370       2.1360
   24371       2.1200
   24372       2.1194
   24373       2.1234
   24374       2.0339
   24375       2.0896
   24376       2.0396
   24377       2.0249
   24378       2.1277
   24379       2.1272
   24380       1.9973
   24381       2.1196
   24382       2.0204
   24383       1.9911
   24384       2.1274
   24385       2.0725
   24386       2.1046
   24387       2.1979
   24388       2.1712
   24389       2.1613
   24390       2.1731
   24391       2.1394
   24392       2.0966
   24393       2.0762
   24394       2.2112
   24395       2.0950
   24396       2.0458
   24397       2.1737
   24398       2.0421
   24399       2.0129
   24400       2.1097
   24401       2.1179
   24402       2.3084
   24403       2.2901
   24404       2.0566
   24405       2.2647
   24406       2.2422
   24407       2.3407
   24408       2.3242
   24409       2.2614
   24410       2.2090
   24411       2.1790
   24412       2.3435
   24413       2.2976
   24414       2.3253
   24415       2.2976
   24416       2.2224
   24417       2.2699
   24418       2.2757
   24419       2.2928
   24420       2.3017
   24421       2.2629
   24422       2.3785
   24423       2.2567
   24424       2.3287
   24425       2.1730
   24426       2.2214
   24427       2.1703
   24428       2.1251
   24429       2.2113
   24430       2.0975
   24431       2.1382
   24432       2.1097
   24433       2.1378
   24434       2.1940
   24435       2.1512
   24436       2.3228
   24437       2.1204
   24438       2.2450
   24439       2.1837
   24440       2.2718
   24441       2.1582
   24442       2.1766
   24443       2.1491
   24444       2.1668
   24445       2.2423
   24446       2.2465
   24447       2.1985
   24448       2.2774
   24449       2.3419
   24450       2.2747
   24451       2.4333
   24452       2.5050
   24453       2.5195
   24454       2.2937
   24455       2.1430
   24456       2.0976
   24457       2.2536
   24458       2.2873
   24459       2.2594
   24460       2.2269
   24461       2.1866
   24462       2.2567
   24463       2.2387
   24464       2.1146
   24465       2.1469
   24466       2.2790
   24467       2.3439
   24468       2.2566
   24469       2.2659
   24470       2.3418
   24471       2.3414
   24472       2.3694
   24473       2.3790
   24474       2.3682
   24475       2.2814
   24476       2.3721
   24477       2.3308
   24478       2.3746
   24479       2.3507
   24480       2.2938
   24481       2.3353
   24482       2.4666
   24483       2.4319
   24484       2.4483
   24485       2.2177
   24486       2.2585
   24487       2.2626
   24488       2.2512
   24489       2.3011
   24490       2.2270
   24491       2.1585
   24492       2.3359
   24493       2.1820
   24494       2.2475
   24495       2.2275
   24496       2.1439
   24497       2.1781
   24498       2.1603
   24499       2.2279
   24500       2.2129
   24501       2.2793
   24502       2.1618
   24503       2.2964
   24504       2.1323
   24505       2.1447
   24506       2.1805
   24507       2.2043
   24508       2.2154
   24509       2.2550
   24510       2.1827
   24511       2.2345
   24512       2.1279
   24513       2.2279
   24514       2.1927
   24515       2.2076
   24516       2.1757
   24517       2.2540
   24518       2.2189
   24519       2.1190
   24520       2.2360
   24521       2.2130
   24522       2.3739
   24523       2.3070
   24524       2.3798
   24525       2.2638
   24526       2.2588
   24527       2.3620
   24528       2.4294
   24529       2.2839
   24530       2.3945
   24531       2.3090
   24532       2.1247
   24533       2.4067
   24534       2.3505
   24535       2.3213
   24536       2.3136
   24537       2.2760
   24538       2.3010
   24539       2.3539
   24540       2.2129
   24541       2.2933
   24542       2.1619
   24543       2.2506
   24544       2.2309
   24545       2.1487
   24546       2.0890
   24547       2.2005
   24548       2.2768
   24549       2.1924
   24550       2.2030
   24551       2.2454
   24552       2.1653
   24553       2.2684
   24554       2.3740
   24555       2.3505
   24556       2.3700
   24557       2.2694
   24558       2.2854
   24559       2.3238
   24560       2.1793
   24561       2.3390
   24562       2.4128
   24563       2.4073
   24564       2.3440
   24565       2.3600
   24566       2.2248
   24567       2.2498
   24568       2.4150
   24569       2.2510
   24570       2.2998
   24571       2.2401
   24572       2.3240
   24573       2.2284
   24574       2.4252
   24575       2.3961
   24576       2.2689
   24577       2.3448
   24578       2.4537
   24579       2.3994
   24580       2.2862
   24581       2.3497
   24582       2.3678
   24583       2.3408
   24584       2.3553
   24585       2.3288
   24586       2.4117
   24587       2.3128
   24588       2.3413
   24589       2.2176
   24590       2.3862
   24591       2.3078
   24592       2.3207
   24593       2.2745
   24594       2.2124
   24595       2.1828
   24596       2.3520
   24597       2.1358
   24598       2.2451
   24599       2.1766
   24600       2.1682
   24601       2.1521
   24602       2.1982
   24603       2.2063
   24604       2.1682
   24605       2.1357
   24606       1.9168
   24607       1.9637
   24608       2.0341
   24609       2.0061
   24610       2.1011
   24611       2.3154
   24612       2.1808
   24613       2.1774
   24614       2.1621
   24615       2.1947
   24616       2.1159
   24617       2.1419
   24618       2.0141
   24619       2.0986
   24620       2.1507
   24621       2.1235
   24622       2.0973
   24623       2.1098
   24624       2.2420
   24625       2.1726
   24626       2.1013
   24627       2.1040
   24628       2.1154
   24629       2.0930
   24630       2.0522
   24631       2.0855
   24632       2.1627
   24633       2.3010
   24634       2.2486
   24635       2.3694
   24636       2.2484
   24637       2.1944
   24638       2.1411
   24639       2.1626
   24640       2.1675
   24641       2.1008
   24642       1.9593
   24643       1.9461
   24644       2.0665
   24645       2.0143
   24646       2.1596
   24647       2.0878
   24648       2.0942
   24649       2.2049
   24650       2.2119
   24651       2.2443
   24652       2.2790
   24653       2.2658
   24654       2.2743
   24655       2.2619
   24656       2.2631
   24657       2.1844
   24658       2.1698
   24659       2.1414
   24660       2.1173
   24661       2.1659
   24662       2.0311
   24663       2.0278
   24664       2.1441
   24665       2.2269
   24666       2.1661
   24667       2.2450
   24668       2.2467
   24669       2.2797
   24670       2.3415
   24671       2.2247
   24672       2.1344
   24673       2.1949
   24674       2.1250
   24675       2.1271
   24676       1.9359
   24677       2.0593
   24678       1.9830
   24679       2.0714
   24680       1.8826
   24681       2.0159
   24682       2.0091
   24683       2.0408
   24684       2.0159
   24685       1.9585
   24686       2.0099
   24687       2.0450
   24688       2.0321
   24689       2.0502
   24690       2.1375
   24691       2.0799
   24692       2.1391
   24693       2.1184
   24694       2.0118
   24695       1.9378
   24696       1.9817
   24697       2.1170
   24698       2.1120
   24699       2.0112
   24700       1.9961
   24701       1.9673
   24702       2.0117
   24703       1.9577
   24704       2.0672
   24705       2.0139
   24706       2.1213
   24707       2.0687
   24708       2.1495
   24709       2.0613
   24710       2.1143
   24711       2.1110
   24712       2.2367
   24713       2.1113
   24714       2.2726
   24715       2.2265
   24716       2.1504
   24717       2.2243
   24718       2.2206
   24719       2.2331
   24720       2.2506
   24721       2.0836
   24722       2.2395
   24723       2.1609
   24724       2.1961
   24725       2.1191
   24726       2.0423
   24727       1.9901
   24728       2.0882
   24729       2.0737
   24730       1.9387
   24731       1.9628
   24732       1.9542
   24733       1.9687
   24734       2.0057
   24735       2.0326
   24736       2.2062
   24737       1.9611
   24738       2.0025
   24739       2.0887
   24740       2.2119
   24741       2.0256
   24742       2.1323
   24743       2.0838
   24744       1.8832
   24745       1.9554
   24746       1.8796
   24747       1.9281
   24748       2.1049
   24749       2.0283
   24750       1.9888
   24751       2.0287
   24752       2.0718
   24753       2.0912
   24754       2.1072
   24755       2.0552
   24756       2.1152
   24757       2.0407
   24758       2.1225
   24759       1.8759
   24760       1.9933
   24761       2.1046
   24762       2.1399
   24763       1.9779
   24764       2.0359
   24765       2.1440
   24766       2.1007
   24767       2.1152
   24768       2.1940
   24769       2.1882
   24770       2.1397
   24771       2.2377
   24772       2.1754
   24773       2.1941
   24774       2.1262
   24775       2.2071
   24776       2.1008
   24777       2.0923
   24778       2.1394
   24779       2.1178
   24780       2.1622
   24781       2.2024
   24782       2.1648
   24783       2.1064
   24784       2.2605
   24785       2.2384
   24786       2.2971
   24787       2.2529
   24788       2.2161
   24789       2.2287
   24790       2.1275
   24791       2.1164
   24792       2.1017
   24793       2.1474
   24794       2.1310
   24795       2.2336
   24796       2.2128
   24797       2.3300
   24798       2.2877
   24799       2.2090
   24800       2.2635
   24801       2.2243
   24802       2.0062
   24803       2.1706
   24804       2.0551
   24805       2.2281
   24806       2.2349
   24807       2.0933
   24808       2.0858
   24809       2.1283
   24810       1.9943
   24811       2.0911
   24812       2.0836
   24813       2.1364
   24814       1.9899
   24815       1.9706
   24816       2.0132
   24817       2.1451
   24818       2.0561
   24819       2.2948
   24820       2.2914
   24821       2.2322
   24822       2.2894
   24823       2.1467
   24824       2.1696
   24825       2.1976
   24826       2.0373
   24827       2.0770
   24828       2.1704
   24829       2.1811
   24830       2.1080
   24831       1.9962
   24832       2.1055
   24833       2.1600
   24834       2.0387
   24835       2.1035
   24836       2.0139
   24837       2.0945
   24838       2.1443
   24839       2.0913
   24840       2.1494
   24841       2.0934
   24842       2.0829
   24843       2.0114
   24844       2.0002
   24845       2.1371
   24846       2.0729
   24847       2.0616
   24848       2.0640
   24849       2.0710
   24850       2.0146
   24851       1.9376
   24852       1.9362
   24853       2.0085
   24854       1.8971
   24855       1.9737
   24856       1.9879
   24857       1.9498
   24858       2.0624
   24859       1.8807
   24860       1.9712
   24861       1.9076
   24862       1.9657
   24863       1.9935
   24864       1.8963
   24865       1.9421
   24866       2.1152
   24867       2.0712
   24868       2.0652
   24869       2.0918
   24870       2.2092
   24871       2.1593
   24872       2.0930
   24873       2.1374
   24874       2.0939
   24875       2.1733
   24876       2.0984
   24877       2.2825
   24878       2.1149
   24879       2.1430
   24880       2.1441
   24881       2.1436
   24882       2.0818
   24883       2.0549
   24884       2.2423
   24885       2.0727
   24886       1.9676
   24887       1.9532
   24888       1.9864
   24889       1.9805
   24890       1.9214
   24891       1.8510
   24892       2.0579
   24893       1.9952
   24894       1.9317
   24895       1.9606
   24896       1.9148
   24897       1.9052
   24898       1.9270
   24899       1.8981
   24900       1.9910
   24901       2.0672
   24902       1.9215
   24903       1.9886
   24904       2.1334
   24905       2.0832
   24906       2.1440
   24907       2.0187
   24908       1.9827
   24909       1.9733
   24910       1.8814
   24911       2.0340
   24912       1.9759
   24913       1.9743
   24914       2.0435
   24915       2.0204
   24916       1.9461
   24917       2.1043
   24918       2.1070
   24919       2.0814
   24920       2.0459
   24921       2.1096
   24922       1.9733
   24923       2.0212
   24924       2.1193
   24925       2.0473
   24926       1.8677
   24927       1.9399
   24928       1.9054
   24929       2.0545
   24930       1.9261
   24931       1.9968
   24932       2.0575
   24933       2.0437
   24934       2.0524
   24935       1.8953
   24936       1.9609
   24937       1.9922
   24938       1.9690
   24939       2.0681
   24940       2.0203
   24941       1.9755
   24942       2.0178
   24943       1.9602
   24944       1.9719
   24945       2.1234
   24946       2.0716
   24947       2.1634
   24948       1.9327
   24949       2.1044
   24950       2.1146
   24951       2.0835
   24952       2.0550
   24953       1.7955
   24954       1.8791
   24955       1.7779
   24956       1.8543
   24957       1.8303
   24958       1.8486
   24959       1.9941
   24960       1.9838
   24961       2.0058
   24962       2.0391
   24963       1.9974
   24964       1.9296
   24965       2.0127
   24966       2.0558
   24967       2.2196
   24968       2.1606
   24969       2.1608
   24970       2.1550
   24971       2.0885
   24972       1.9482
   24973       1.8954
   24974       1.9510
   24975       1.9369
   24976       2.0194
   24977       1.9594
   24978       1.9567
   24979       1.8676
   24980       1.9166
   24981       1.9325
   24982       1.9467
   24983       2.0151
   24984       2.0068
   24985       2.0115
   24986       2.1025
   24987       1.9341
   24988       1.9535
   24989       2.0429
   24990       2.0175
   24991       1.9996
   24992       1.9927
   24993       1.9934
   24994       2.0023
   24995       2.0446
   24996       2.1108
   24997       2.2013
   24998       2.1073
   24999       2.0407
   25000       2.0050
   25001       1.9735
   25002       2.1208
   25003       1.9996
   25004       2.0942
   25005       2.2018
   25006       2.0326
   25007       2.0803
   25008       1.9813
   25009       2.0941
   25010       2.2080
   25011       2.3157
   25012       2.2737
   25013       2.2006
   25014       2.1609
   25015       2.2311
   25016       2.2261
   25017       2.2041
   25018       2.2790
   25019       2.2647
   25020       2.2515
   25021       2.2659
   25022       2.3046
   25023       2.2349
   25024       2.1260
   25025       2.1974
   25026       2.1828
   25027       2.1530
   25028       2.1062
   25029       2.0867
   25030       2.1124
   25031       2.1354
   25032       2.2815
   25033       2.2434
   25034       2.3936
   25035       2.3170
   25036       2.2481
   25037       2.0644
   25038       2.1930
   25039       2.1288
   25040       2.1330
   25041       2.1871
   25042       2.2789
   25043       2.2791
   25044       2.2002
   25045       2.1945
   25046       2.2041
   25047       2.2270
   25048       2.2791
   25049       2.2276
   25050       2.2797
   25051       2.2545
   25052       2.1594
   25053       2.1565
   25054       2.1101
   25055       1.9778
   25056       2.0243
   25057       2.0040
   25058       2.1464
   25059       1.9308
   25060       2.0551
   25061       2.1132
   25062       2.1579
   25063       2.1149
   25064       2.1614
   25065       2.1026
   25066       2.1290
   25067       2.1905
   25068       2.2763
   25069       2.0975
   25070       2.0574
   25071       2.2807
   25072       2.0408
   25073       2.1536
   25074       2.0898
   25075       2.0722
   25076       2.1585
   25077       2.1270
   25078       2.0879
   25079       2.0860
   25080       2.1014
   25081       2.0211
   25082       2.0826
   25083       2.0808
   25084       2.1003
   25085       2.1243
   25086       2.0451
   25087       2.0072
   25088       2.0661
   25089       1.9467
   25090       1.9472
   25091       1.9730
   25092       2.1012
   25093       2.1307
   25094       2.0461
   25095       2.1150
   25096       1.9945
   25097       1.9290
   25098       1.9419
   25099       1.9831
   25100       2.0360
   25101       2.0135
   25102       1.8750
   25103       1.9992
   25104       2.0076
   25105       2.0183
   25106       1.9029
   25107       2.0848
   25108       1.9905
   25109       2.0262
   25110       2.1004
   25111       2.0699
   25112       2.1067
   25113       2.1900
   25114       2.1491
   25115       2.1356
   25116       1.9802
   25117       2.0255
   25118       2.0422
   25119       2.1445
   25120       2.1880
   25121       2.2386
   25122       2.3124
   25123       2.3644
   25124       2.2656
   25125       2.2818
   25126       2.3635
   25127       2.2270
   25128       2.1586
   25129       2.1741
   25130       2.1211
   25131       2.1624
   25132       2.0785
   25133       2.0218
   25134       2.0595
   25135       1.9722
   25136       1.9905
   25137       1.9836
   25138       1.9415
   25139       2.0142
   25140       2.1575
   25141       2.1869
   25142       2.0887
   25143       2.0268
   25144       2.1234
   25145       2.2260
   25146       2.1843
   25147       2.2399
   25148       2.1790
   25149       2.2187
   25150       2.1784
   25151       2.2029
   25152       2.2270
   25153       2.2895
   25154       2.2131
   25155       2.2336
   25156       2.1995
   25157       2.1807
   25158       2.2746
   25159       2.3404
   25160       2.3976
   25161       2.4776
   25162       2.2705
   25163       2.1946
   25164       2.0678
   25165       2.1467
   25166       2.0987
   25167       2.1018
   25168       2.2169
   25169       2.2094
   25170       2.1460
   25171       1.9616
   25172       2.1626
   25173       2.2415
   25174       2.1531
   25175       2.0818
   25176       2.1311
   25177       2.1882
   25178       2.1119
   25179       2.1121
   25180       2.0297
   25181       2.0043
   25182       1.9638
   25183       2.0174
   25184       1.9799
   25185       2.0854
   25186       1.9977
   25187       2.0349
   25188       2.1109
   25189       2.0811
   25190       1.9653
   25191       2.0602
   25192       2.1647
   25193       2.0876
   25194       2.1873
   25195       2.1626
   25196       2.1512
   25197       2.0235
   25198       2.1185
   25199       2.1837
   25200       2.1431
   25201       2.1114
   25202       2.1744
   25203       2.0968
   25204       2.2119
   25205       2.3735
   25206       2.2438
   25207       2.1124
   25208       2.1112
   25209       2.1803
   25210       2.1954
   25211       2.1926
   25212       2.2537
   25213       2.2523
   25214       2.1362
   25215       2.0223
   25216       2.1164
   25217       2.0505
   25218       2.0306
   25219       2.1194
   25220       2.1890
   25221       2.1018
   25222       2.1228
   25223       2.1187
   25224       2.1988
   25225       2.0516
   25226       2.0630
   25227       2.0817
   25228       2.0139
   25229       2.0589
   25230       2.0510
   25231       2.1607
   25232       2.1319
   25233       2.2100
   25234       2.2334
   25235       2.1117
   25236       2.1082
   25237       2.1561
   25238       1.9986
   25239       2.1104
   25240       2.2212
   25241       2.0774
   25242       2.0055
   25243       2.0919
   25244       2.0637
   25245       2.0652
   25246       1.9913
   25247       2.0357
   25248       1.9988
   25249       1.9380
   25250       1.9244
   25251       2.0165
   25252       1.9822
   25253       2.1140
   25254       2.1471
   25255       2.0817
   25256       2.0833
   25257       2.0522
   25258       2.0893
   25259       2.0026
   25260       2.2468
   25261       2.1326
   25262       2.1481
   25263       2.1425
   25264       2.0475
   25265       2.1275
   25266       2.1161
   25267       2.2497
   25268       2.1831
   25269       2.0650
   25270       2.1404
   25271       2.1758
   25272       2.0690
   25273       2.0609
   25274       2.0566
   25275       2.0990
   25276       1.9755
   25277       2.0018
   25278       2.0941
   25279       2.2425
   25280       2.1296
   25281       2.0883
   25282       1.9822
   25283       2.1085
   25284       2.1069
   25285       2.0454
   25286       1.9930
   25287       1.9695
   25288       2.2034
   25289       2.0892
   25290       2.1068
   25291       2.2055
   25292       2.1130
   25293       2.0759
   25294       2.0494
   25295       2.0951
   25296       2.0944
   25297       2.1128
   25298       2.0815
   25299       2.1713
   25300       2.2262
   25301       2.1103
   25302       2.1367
   25303       2.0578
   25304       1.9909
   25305       2.0049
   25306       2.0865
   25307       2.0837
   25308       2.0667
   25309       2.1186
   25310       2.1384
   25311       2.1790
   25312       2.2845
   25313       2.1903
   25314       2.1253
   25315       2.1084
   25316       2.1519
   25317       2.1411
   25318       2.1054
   25319       2.1074
   25320       2.0019
   25321       2.0530
   25322       2.1268
   25323       2.0728
   25324       2.0625
   25325       2.0275
   25326       2.1530
   25327       1.9932
   25328       2.0603
   25329       2.0894
   25330       2.0340
   25331       2.0986
   25332       2.0992
   25333       2.0651
   25334       1.9867
   25335       2.1011
   25336       2.1060
   25337       2.1404
   25338       2.1771
   25339       2.1902
   25340       2.0819
   25341       2.1262
   25342       2.0814
   25343       2.0025
   25344       2.1175
   25345       2.1392
   25346       2.1370
   25347       2.1250
   25348       2.1594
   25349       2.0539
   25350       2.0672
   25351       2.0604
   25352       2.0452
   25353       2.1143
   25354       2.0766
   25355       2.0732
   25356       2.1003
   25357       2.1231
   25358       2.1740
   25359       2.0693
   25360       2.0001
   25361       1.9463
   25362       2.0187
   25363       2.0337
   25364       2.1161
   25365       2.1949
   25366       2.1451
   25367       2.1705
   25368       2.0729
   25369       2.0764
   25370       2.0966
   25371       2.1290
   25372       2.2188
   25373       2.2755
   25374       2.1187
   25375       2.0606
   25376       2.1729
   25377       2.1269
   25378       2.0465
   25379       2.1019
   25380       2.1166
   25381       2.0305
   25382       2.1328
   25383       2.0125
   25384       1.9779
   25385       2.0026
   25386       1.9379
   25387       1.9319
   25388       2.0036
   25389       2.0767
   25390       2.0407
   25391       2.1591
   25392       2.0383
   25393       2.1513
   25394       1.9283
   25395       2.0551
   25396       1.9344
   25397       2.0143
   25398       2.0036
   25399       2.0738
   25400       2.0153
   25401       2.0203
   25402       2.1455
   25403       2.0374
   25404       1.9870
   25405       1.8679
   25406       2.0316
   25407       2.0653
   25408       2.0469
   25409       1.9694
   25410       2.0526
   25411       2.1352
   25412       2.0432
   25413       1.9441
   25414       1.8781
   25415       1.7783
   25416       1.9566
   25417       1.9272
   25418       1.9020
   25419       1.8911
   25420       1.9729
   25421       1.9811
   25422       1.9980
   25423       1.9239
   25424       1.8517
   25425       1.9239
   25426       1.9140
   25427       1.9917
   25428       1.9311
   25429       1.9127
   25430       1.8997
   25431       1.9205
   25432       1.9251
   25433       1.9036
   25434       1.8767
   25435       1.7922
   25436       1.9461
   25437       1.9282
   25438       1.9228
   25439       1.8616
   25440       1.8981
   25441       1.8194
   25442       1.8320
   25443       1.8673
   25444       1.9717
   25445       1.8710
   25446       1.8831
   25447       1.9704
   25448       1.9379
   25449       1.9571
   25450       1.9320
   25451       1.8828
   25452       1.7275
   25453       1.8830
   25454       1.8189
   25455       1.8118
   25456       1.8431
   25457       1.7822
   25458       1.7631
   25459       1.8804
   25460       1.9451
   25461       1.9461
   25462       2.0471
   25463       1.9100
   25464       1.8301
   25465       1.9149
   25466       1.9365
   25467       1.8827
   25468       2.0102
   25469       1.9072
   25470       1.8959
   25471       1.8986
   25472       1.9739
   25473       1.9114
   25474       1.9221
   25475       1.9262
   25476       1.9213
   25477       1.9834
   25478       1.9349
   25479       1.9038
   25480       1.9738
   25481       2.0287
   25482       2.0347
   25483       2.0106
   25484       2.0146
   25485       1.8454
   25486       1.8331
   25487       1.8515
   25488       1.9866
   25489       1.8371
   25490       1.7776
   25491       1.8207
   25492       1.9569
   25493       1.9028
   25494       1.8674
   25495       1.8456
   25496       1.8258
   25497       1.9349
   25498       1.8528
   25499       1.8872
   25500       1.8576
   25501       1.9332
   25502       1.8262
   25503       2.0079
   25504       1.9970
   25505       2.0112
   25506       2.0684
   25507       2.1671
   25508       1.9825
   25509       2.0587
   25510       1.9860
   25511       1.9252
   25512       1.9494
   25513       1.9063
   25514       1.9587
   25515       1.9280
   25516       2.0659
   25517       2.0462
   25518       2.0901
   25519       2.1364
   25520       1.9768
   25521       1.9527
   25522       1.9553
   25523       2.0243
   25524       1.9965
   25525       2.1034
   25526       2.0935
   25527       1.9822
   25528       2.1073
   25529       1.9076
   25530       1.9470
   25531       2.0574
   25532       1.9281
   25533       1.9966
   25534       1.9912
   25535       2.0996
   25536       1.9023
   25537       1.9364
   25538       1.8762
   25539       1.9989
   25540       2.0011
   25541       2.0217
   25542       2.0567
   25543       1.9815
   25544       1.9207
   25545       2.0076
   25546       2.0142
   25547       2.0919
   25548       2.1380
   25549       1.9356
   25550       2.0411
   25551       2.0665
   25552       2.0402
   25553       2.1187
   25554       2.0909
   25555       2.0716
   25556       2.0176
   25557       2.0049
   25558       2.1185
   25559       2.1284
   25560       2.0980
   25561       2.0033
   25562       1.9395
   25563       2.0446
   25564       1.9606
   25565       1.9125
   25566       1.9530
   25567       1.9482
   25568       2.1276
   25569       2.1306
   25570       2.0993
   25571       2.1398
   25572       2.0846
   25573       1.9932
   25574       2.1617
   25575       2.0718
   25576       2.1225
   25577       1.9822
   25578       1.9939
   25579       2.0882
   25580       2.1600
   25581       2.1170
   25582       2.2261
   25583       2.1295
   25584       2.0614
   25585       2.1422
   25586       2.0313
   25587       2.1115
   25588       1.9765
   25589       1.9776
   25590       2.0436
   25591       2.0024
   25592       2.0452
   25593       1.9642
   25594       1.9826
   25595       2.1278
   25596       1.9842
   25597       2.1033
   25598       2.1727
   25599       2.1331
   25600       2.1172
   25601       2.1696
   25602       2.2316
   25603       2.2423
   25604       2.2476
   25605       2.1890
   25606       2.1593
   25607       2.2170
   25608       2.2227
   25609       2.2643
   25610       2.1299
   25611       2.1588
   25612       2.0947
   25613       2.0736
   25614       2.1781
   25615       2.1335
   25616       2.1320
   25617       2.1331
   25618       2.0236
   25619       2.2355
   25620       2.1743
   25621       2.1011
   25622       2.0141
   25623       2.1363
   25624       1.9805
   25625       2.0199
   25626       2.1221
   25627       2.0636
   25628       2.0967
   25629       2.0720
   25630       2.0202
   25631       2.0118
   25632       1.9678
   25633       1.8410
   25634       1.9618
   25635       1.9557
   25636       2.0181
   25637       2.0094
   25638       2.0542
   25639       2.1002
   25640       2.0343
   25641       2.0240
   25642       2.0246
   25643       1.9466
   25644       1.8032
   25645       1.8841
   25646       1.8875
   25647       2.0084
   25648       2.0134
   25649       1.9971
   25650       1.9520
   25651       1.9481
   25652       1.8909
   25653       1.8967
   25654       1.9591
   25655       2.1200
   25656       2.1061
   25657       2.0927
   25658       2.0414
   25659       2.0551
   25660       2.0013
   25661       1.9840
   25662       1.9547
   25663       1.9731
   25664       1.8811
   25665       2.0036
   25666       1.9387
   25667       1.9187
   25668       1.8919
   25669       1.9708
   25670       2.0081
   25671       1.9211
   25672       2.0268
   25673       1.9571
   25674       2.0504
   25675       2.0376
   25676       2.0918
   25677       2.0107
   25678       1.9786
   25679       2.0886
   25680       2.0880
   25681       1.9698
   25682       1.9668
   25683       1.9196
   25684       1.8426
   25685       1.8957
   25686       1.9479
   25687       2.0331
   25688       1.9695
   25689       1.9409
   25690       1.8981
   25691       2.0162
   25692       1.9824
   25693       2.0178
   25694       1.9978
   25695       1.8934
   25696       2.1184
   25697       2.1122
   25698       1.9318
   25699       1.8400
   25700       1.9795
   25701       2.0888
   25702       2.0855
   25703       2.1343
   25704       2.1561
   25705       2.1169
   25706       2.2354
   25707       2.0706
   25708       2.0192
   25709       2.1525
   25710       2.0596
   25711       2.1188
   25712       1.9850
   25713       2.0510
   25714       1.9700
   25715       2.0263
   25716       2.0365
   25717       2.1976
   25718       2.1283
   25719       2.0993
   25720       2.1966
   25721       2.1652
   25722       2.1425
   25723       2.0904
   25724       2.1421
   25725       2.0596
   25726       2.0884
   25727       2.2837
   25728       2.1270
   25729       2.0509
   25730       2.1181
   25731       2.0581
   25732       2.0953
   25733       2.0186
   25734       2.1443
   25735       2.2626
   25736       2.1140
   25737       2.1470
   25738       2.2353
   25739       2.0591
   25740       2.0545
   25741       2.1125
   25742       2.1758
   25743       2.0364
   25744       1.9987
   25745       2.0939
   25746       2.0144
   25747       1.9645
   25748       1.9445
   25749       1.8893
   25750       1.9048
   25751       1.9255
   25752       1.9220
   25753       2.0040
   25754       1.9381
   25755       1.8998
   25756       2.0314
   25757       2.0043
   25758       1.9255
   25759       1.9716
   25760       2.0074
   25761       1.8596
   25762       1.8389
   25763       1.9823
   25764       2.0320
   25765       2.0304
   25766       2.0161
   25767       2.1194
   25768       1.9957
   25769       1.9861
   25770       1.9890
   25771       2.0678
   25772       2.0374
   25773       2.1116
   25774       2.0933
   25775       2.1107
   25776       1.9402
   25777       1.9994
   25778       1.9902
   25779       2.0807
   25780       2.0116
   25781       2.1229
   25782       2.1669
   25783       2.1673
   25784       2.1009
   25785       2.1505
   25786       2.0698
   25787       2.0935
   25788       2.2102
   25789       2.1669
   25790       2.0821
   25791       2.2146
   25792       2.0344
   25793       2.0607
   25794       1.9062
   25795       1.9898
   25796       2.0018
   25797       2.0379
   25798       1.9294
   25799       1.9860
   25800       1.9142
   25801       1.9136
   25802       2.0980
   25803       2.1684
   25804       2.0925
   25805       2.0060
   25806       2.0275
   25807       1.9423
   25808       2.0066
   25809       2.0992
   25810       1.9772
   25811       2.0037
   25812       1.9901
   25813       1.9978
   25814       2.0758
   25815       1.9870
   25816       2.0151
   25817       2.0150
   25818       1.9591
   25819       1.9930
   25820       2.0706
   25821       2.0235
   25822       2.0171
   25823       2.1019
   25824       2.0212
   25825       1.9581
   25826       1.9714
   25827       1.9796
   25828       2.0239
   25829       1.9620
   25830       1.9800
   25831       2.0037
   25832       2.0671
   25833       2.0449
   25834       2.1338
   25835       1.9837
   25836       1.9993
   25837       1.9102
   25838       1.8796
   25839       1.9040
   25840       1.9247
   25841       1.9446
   25842       1.9560
   25843       1.9985
   25844       1.9942
   25845       1.9970
   25846       2.0047
   25847       2.0806
   25848       2.0591
   25849       2.0859
   25850       2.1100
   25851       2.0500
   25852       2.1078
   25853       2.0192
   25854       2.0516
   25855       2.0770
   25856       2.0475
   25857       2.1490
   25858       2.0369
   25859       2.1152
   25860       2.0253
   25861       2.0650
   25862       2.1074
   25863       1.9387
   25864       2.1241
   25865       2.0848
   25866       2.0421
   25867       2.0684
   25868       2.0725
   25869       2.0099
   25870       2.0832
   25871       1.9950
   25872       1.9766
   25873       1.7828
   25874       1.8307
   25875       1.8818
   25876       1.8425
   25877       1.8705
   25878       1.9806
   25879       1.9551
   25880       1.8965
   25881       1.8934
   25882       1.9393
   25883       1.9697
   25884       1.9478
   25885       1.8924
   25886       1.8617
   25887       1.7577
   25888       1.9198
   25889       1.9058
   25890       2.0188
   25891       2.0038
   25892       2.0121
   25893       2.0340
   25894       2.0028
   25895       1.9816
   25896       2.0093
   25897       2.0136
   25898       2.0653
   25899       1.9986
   25900       1.9779
   25901       2.1272
   25902       2.0794
   25903       1.9755
   25904       1.9158
   25905       2.1136
   25906       2.0028
   25907       1.9163
   25908       1.7834
   25909       1.8640
   25910       1.7311
   25911       1.9511
   25912       2.0700
   25913       1.8895
   25914       1.9936
   25915       1.8768
   25916       1.8653
   25917       1.8115
   25918       1.8325
   25919       1.7921
   25920       2.0630
   25921       2.0808
   25922       2.0186
   25923       1.9590
   25924       1.9401
   25925       1.9527
   25926       2.0188
   25927       1.9478
   25928       1.9531
   25929       2.0336
   25930       2.0314
   25931       1.9557
   25932       2.0319
   25933       1.9622
   25934       2.0422
   25935       1.9092
   25936       2.1021
   25937       2.0224
   25938       1.8993
   25939       2.0133
   25940       1.8480
   25941       2.0088
   25942       2.0120
   25943       2.0140
   25944       1.9358
   25945       1.9641
   25946       2.0109
   25947       1.9779
   25948       2.0187
   25949       2.1558
   25950       2.1100
   25951       2.0118
   25952       2.0315
   25953       2.0083
   25954       1.9897
   25955       2.0881
   25956       2.0991
   25957       2.0597
   25958       1.9262
   25959       2.0169
   25960       1.8115
   25961       2.0253
   25962       1.9484
   25963       1.9925
   25964       1.9457
   25965       1.9216
   25966       1.9886
   25967       1.9759
   25968       1.9631
   25969       1.9723
   25970       2.0802
   25971       1.8665
   25972       1.9627
   25973       2.0412
   25974       1.8888
   25975       1.8807
   25976       1.8795
   25977       1.9795
   25978       1.9443
   25979       1.9774
   25980       1.8196
   25981       1.8614
   25982       1.8836
   25983       1.9912
   25984       1.8740
   25985       1.9747
   25986       1.9788
   25987       1.9200
   25988       1.9749
   25989       1.9140
   25990       1.9271
   25991       1.9031
   25992       1.9355
   25993       2.0435
   25994       1.9345
   25995       1.9983
   25996       1.9506
   25997       1.9146
   25998       2.0536
   25999       1.9245
   26000       1.9430
   26001       1.9813
   26002       1.9587
   26003       2.1391
   26004       2.0300
   26005       1.9301
   26006       2.0123
   26007       2.1260
   26008       2.0975
   26009       2.0332
   26010       2.0733
   26011       1.9338
   26012       1.8669
   26013       1.8359
   26014       1.8144
   26015       1.9111
   26016       1.9773
   26017       1.8624
   26018       1.8500
   26019       1.9163
   26020       1.9751
   26021       1.9910
   26022       1.9226
   26023       1.8880
   26024       1.8920
   26025       1.8033
   26026       1.8194
   26027       1.9500
   26028       1.9691
   26029       1.8677
   26030       1.8475
   26031       1.9494
   26032       2.0447
   26033       2.0641
   26034       2.0641
   26035       2.0499
   26036       2.0891
   26037       2.0276
   26038       2.0638
   26039       2.0248
   26040       1.9624
   26041       2.0575
   26042       1.9600
   26043       1.9369
   26044       1.9233
   26045       1.9636
   26046       1.8912
   26047       2.0490
   26048       1.9959
   26049       1.9669
   26050       1.9594
   26051       1.9368
   26052       1.9358
   26053       1.9203
   26054       2.0038
   26055       2.0795
   26056       2.1288
   26057       2.1528
   26058       2.1577
   26059       2.0291
   26060       2.0377
   26061       2.1216
   26062       2.0026
   26063       2.0795
   26064       2.0403
   26065       2.0106
   26066       2.0596
   26067       2.0338
   26068       2.0666
   26069       2.0668
   26070       2.0738
   26071       2.0236
   26072       2.0542
   26073       2.1921
   26074       1.9934
   26075       1.8682
   26076       1.9877
   26077       2.0748
   26078       2.1432
   26079       2.0212
   26080       2.1772
   26081       2.1287
   26082       2.1014
   26083       2.1937
   26084       2.2144
   26085       2.0858
   26086       2.1353
   26087       2.0180
   26088       2.1096
   26089       2.0021
   26090       2.1056
   26091       2.0053
   26092       2.1587
   26093       2.0209
   26094       2.0298
   26095       2.0888
   26096       2.1325
   26097       2.1182
   26098       1.9774
   26099       2.1125
   26100       2.0828
   26101       2.0501
   26102       2.1521
   26103       2.0698
   26104       2.0375
   26105       2.0793
   26106       2.0082
   26107       2.1152
   26108       2.1579
   26109       2.1848
   26110       2.0891
   26111       2.0577
   26112       2.0902
   26113       2.1483
   26114       2.0961
   26115       2.2166
   26116       2.0679
   26117       2.0966
   26118       2.0146
   26119       1.9642
   26120       1.9018
   26121       2.0341
   26122       2.1069
   26123       2.1484
   26124       2.0094
   26125       2.1029
   26126       1.9700
   26127       2.0318
   26128       1.8727
   26129       2.0158
   26130       1.9570
   26131       1.8917
   26132       1.9377
   26133       2.0260
   26134       1.9140
   26135       1.9569
   26136       1.9652
   26137       1.9762
   26138       1.8867
   26139       1.9653
   26140       2.0412
   26141       2.0787
   26142       2.0803
   26143       2.0784
   26144       2.1577
   26145       2.0033
   26146       2.0536
   26147       2.0284
   26148       2.0722
   26149       1.9673
   26150       1.9403
   26151       1.9117
   26152       1.9113
   26153       1.9420
   26154       1.9015
   26155       1.9610
   26156       1.9097
   26157       1.8619
   26158       1.8525
   26159       1.7971
   26160       1.9427
   26161       1.9249
   26162       1.7906
   26163       1.8982
   26164       1.9691
   26165       1.9709
   26166       1.9872
   26167       2.0122
   26168       1.8749
   26169       1.9573
   26170       2.0372
   26171       1.9893
   26172       1.9515
   26173       2.0089
   26174       1.9718
   26175       1.9853
   26176       2.0135
   26177       1.9311
   26178       1.9861
   26179       1.9601
   26180       1.8940
   26181       1.9935
   26182       2.0698
   26183       2.0603
   26184       1.9632
   26185       2.0126
   26186       1.9606
   26187       1.9321
   26188       2.0893
   26189       2.1837
   26190       2.1151
   26191       2.0927
   26192       2.1079
   26193       2.0716
   26194       1.9602
   26195       1.9499
   26196       2.1032
   26197       2.0406
   26198       2.1348
   26199       2.0292
   26200       2.1423
   26201       1.9972
   26202       2.1315
   26203       2.0044
   26204       2.0560
   26205       1.9721
   26206       1.9512
   26207       2.0089
   26208       2.0065
   26209       1.9727
   26210       2.0010
   26211       2.1344
   26212       2.1392
   26213       2.0606
   26214       2.0393
   26215       2.1516
   26216       1.9691
   26217       2.0593
   26218       2.1491
   26219       2.0823
   26220       2.1103
   26221       2.0753
   26222       2.0370
   26223       2.0011
   26224       2.0437
   26225       2.0018
   26226       1.9831
   26227       1.9733
   26228       2.0672
   26229       2.0864
   26230       1.9827
   26231       1.9746
   26232       1.9811
   26233       1.8604
   26234       2.1040
   26235       2.0914
   26236       1.9382
   26237       2.0244
   26238       1.9794
   26239       1.9525
   26240       1.9633
   26241       1.9733
   26242       2.0152
   26243       2.0838
   26244       2.1087
   26245       2.0774
   26246       2.0739
   26247       2.0281
   26248       1.9932
   26249       2.0888
   26250       2.0125
   26251       2.0553
   26252       2.0262
   26253       2.0339
   26254       1.9262
   26255       2.0721
   26256       1.9629
   26257       2.0494
   26258       1.9790
   26259       2.0797
   26260       2.1073
   26261       2.0830
   26262       2.0492
   26263       2.0739
   26264       2.0756
   26265       1.9929
   26266       2.0586
   26267       2.0496
   26268       2.0092
   26269       2.1422
   26270       2.1100
   26271       2.0484
   26272       2.0432
   26273       2.0051
   26274       2.0179
   26275       2.0150
   26276       2.0745
   26277       2.1324
   26278       2.1136
   26279       2.1406
   26280       2.0968
   26281       2.1643
   26282       2.2095
   26283       2.0875
   26284       2.0785
   26285       2.0744
   26286       2.0193
   26287       2.0369
   26288       2.1011
   26289       2.0608
   26290       2.0338
   26291       2.1136
   26292       1.9885
   26293       2.2034
   26294       2.1844
   26295       2.1775
   26296       2.2270
   26297       2.1860
   26298       2.0727
   26299       2.1787
   26300       2.2659
   26301       2.3194
   26302       2.2242
   26303       2.1537
   26304       2.1731
   26305       2.1375
   26306       2.1989
   26307       2.1710
   26308       2.2542
   26309       2.2027
   26310       2.2381
   26311       2.1976
   26312       2.2654
   26313       2.1556
   26314       2.1318
   26315       2.1942
   26316       2.3552
   26317       2.2673
   26318       2.3578
   26319       2.2492
   26320       2.3315
   26321       2.2409
   26322       2.2725
   26323       2.2826
   26324       2.1951
   26325       2.1797
   26326       2.2087
   26327       2.2929
   26328       2.2554
   26329       2.2027
   26330       2.1404
   26331       2.0736
   26332       2.1741
   26333       2.3989
   26334       2.2944
   26335       2.1935
   26336       2.1714
   26337       2.2445
   26338       2.2639
   26339       2.2048
   26340       2.1995
   26341       2.1757
   26342       2.3480
   26343       2.2982
   26344       2.2499
   26345       2.3420
   26346       2.1698
   26347       2.3333
   26348       2.3111
   26349       2.2565
   26350       2.2752
   26351       2.1683
   26352       2.2465
   26353       2.2445
   26354       2.2476
   26355       2.2586
   26356       2.2390
   26357       2.0692
   26358       2.1665
   26359       2.2878
   26360       2.1534
   26361       2.1311
   26362       2.1857
   26363       2.1356
   26364       2.1437
   26365       2.1757
   26366       2.2712
   26367       2.1563
   26368       2.2026
   26369       2.2275
   26370       2.2740
   26371       2.1276
   26372       2.0698
   26373       2.1537
   26374       2.1152
   26375       2.2538
   26376       2.2785
   26377       2.0770
   26378       2.0872
   26379       1.9572
   26380       2.0473
   26381       2.0536
   26382       1.9938
   26383       1.9923
   26384       2.0788
   26385       2.0543
   26386       2.0620
   26387       2.0743
   26388       2.0199
   26389       2.0658
   26390       2.0774
   26391       2.1297
   26392       2.2508
   26393       2.1576
   26394       2.2225
   26395       2.2546
   26396       2.3818
   26397       2.2987
   26398       2.2862
   26399       2.2743
   26400       2.2153
   26401       2.1061
   26402       2.3192
   26403       2.3151
   26404       2.2708
   26405       2.3245
   26406       2.2507
   26407       2.3363
   26408       2.2809
   26409       2.2971
   26410       2.3146
   26411       2.3847
   26412       2.3593
   26413       2.4297
   26414       2.5126
   26415       2.3784
   26416       2.4836
   26417       2.5346
   26418       2.5297
   26419       2.4799
   26420       2.5994
   26421       2.5315
   26422       2.5313
   26423       2.5287
   26424       2.4927
   26425       2.5476
   26426       2.6352
   26427       2.5361
   26428       2.4202
   26429       2.3430
   26430       2.3661
   26431       2.3929
   26432       2.4410
   26433       2.3703
   26434       2.4606
   26435       2.4956
   26436       2.4175
   26437       2.5237
   26438       2.6386
   26439       2.5636
   26440       2.4238
   26441       2.4079
   26442       2.4724
   26443       2.4691
   26444       2.4516
   26445       2.5410
   26446       2.4084
   26447       2.5391
   26448       2.4002
   26449       2.4366
   26450       2.4708
   26451       2.4703
   26452       2.4102
   26453       2.2184
   26454       2.3446
   26455       2.3022
   26456       2.3370
   26457       2.4416
   26458       2.3394
   26459       2.2982
   26460       2.3304
   26461       2.2642
   26462       2.4786
   26463       2.3336
   26464       2.3712
   26465       2.3686
   26466       2.3384
   26467       2.2289
   26468       2.2430
   26469       2.2202
   26470       2.2114
   26471       2.1363
   26472       2.1499
   26473       2.1292
   26474       2.0529
   26475       1.9722
   26476       1.9401
   26477       2.0280
   26478       2.0522
   26479       2.0245
   26480       2.0853
   26481       2.0819
   26482       2.1682
   26483       2.1226
   26484       2.0646
   26485       2.1095
   26486       2.0134
   26487       2.0414
   26488       2.0292
   26489       2.0666
   26490       2.1007
   26491       2.0202
   26492       2.0423
   26493       2.0837
   26494       2.0509
   26495       1.9494
   26496       1.9825
   26497       2.1431
   26498       2.1334
   26499       2.1558
   26500       2.1599
   26501       2.0874
   26502       2.2364
   26503       2.0769
   26504       2.1049
   26505       2.1580
   26506       2.0605
   26507       2.1049
   26508       2.0598
   26509       2.0833
   26510       2.0715
   26511       2.0120
   26512       2.0698
   26513       2.1139
   26514       2.1207
   26515       2.0504
   26516       2.0745
   26517       2.1202
   26518       2.2405
   26519       2.1045
   26520       2.1586
   26521       2.0967
   26522       2.1686
   26523       2.1822
   26524       2.1439
   26525       2.1246
   26526       2.0735
   26527       2.1289
   26528       2.0293
   26529       2.0795
   26530       2.0765
   26531       1.9647
   26532       2.0039
   26533       1.9809
   26534       1.9665
   26535       2.0566
   26536       2.0715
   26537       1.9403
   26538       1.9290
   26539       1.9576
   26540       2.0711
   26541       2.1462
   26542       2.1290
   26543       2.0240
   26544       2.0192
   26545       1.9400
   26546       2.1002
   26547       2.1594
   26548       1.9854
   26549       2.0868
   26550       2.0425
   26551       2.0233
   26552       2.1507
   26553       2.0876
   26554       2.1141
   26555       2.1768
   26556       2.2004
   26557       2.2048
   26558       2.1386
   26559       2.0962
   26560       2.1580
   26561       2.1703
   26562       2.1658
   26563       2.0602
   26564       2.1538
   26565       2.0719
   26566       2.0404
   26567       2.0109
   26568       2.2681
   26569       2.0941
   26570       2.1352
   26571       2.0461
   26572       2.1532
   26573       2.2701
   26574       2.2769
   26575       2.1744
   26576       2.0764
   26577       2.0897
   26578       2.1551
   26579       2.1387
   26580       2.1828
   26581       2.2095
   26582       2.1760
   26583       2.3064
   26584       2.1905
   26585       2.2490
   26586       2.2063
   26587       2.2242
   26588       2.1179
   26589       2.1257
   26590       2.1867
   26591       2.1616
   26592       2.2082
   26593       2.2427
   26594       2.1566
   26595       2.1474
   26596       2.2425
   26597       2.2170
   26598       2.0893
   26599       2.0664
   26600       2.1438
   26601       2.1817
   26602       2.1441
   26603       2.0790
   26604       2.1276
   26605       2.2104
   26606       2.1096
   26607       2.1400
   26608       2.1568
   26609       2.1545
   26610       2.2631
   26611       2.1498
   26612       2.1822
   26613       2.1925
   26614       2.1239
   26615       2.1582
   26616       2.1333
   26617       2.2855
   26618       2.1993
   26619       2.1828
   26620       2.1679
   26621       2.2599
   26622       2.2249
   26623       2.1292
   26624       2.2200
   26625       2.2237
   26626       2.2651
   26627       2.3024
   26628       2.1041
   26629       2.1408
   26630       2.0904
   26631       2.0869
   26632       2.1792
   26633       2.1532
   26634       2.0808
   26635       2.1572
   26636       2.2110
   26637       2.1127
   26638       2.0082
   26639       2.2096
   26640       2.1857
   26641       2.0926
   26642       2.3173
   26643       2.2573
   26644       2.2439
   26645       2.1921
   26646       2.1876
   26647       2.1849
   26648       2.1689
   26649       2.2270
   26650       2.2768
   26651       2.2805
   26652       2.2566
   26653       2.1857
   26654       2.1927
   26655       2.2472
   26656       2.2752
   26657       2.2397
   26658       2.3079
   26659       2.3893
   26660       2.2699
   26661       2.2586
   26662       2.1468
   26663       2.2998
   26664       2.0945
   26665       2.2596
   26666       2.2394
   26667       2.2299
   26668       2.2096
   26669       2.1585
   26670       2.1140
   26671       2.1260
   26672       2.2170
   26673       2.2679
   26674       2.2324
   26675       2.2893
   26676       2.0837
   26677       2.1784
   26678       2.1046
   26679       2.1268
   26680       2.2085
   26681       2.1298
   26682       2.0236
   26683       2.0506
   26684       2.0563
   26685       2.1116
   26686       2.3543
   26687       2.2072
   26688       2.2354
   26689       2.2219
   26690       2.1488
   26691       2.2497
   26692       2.2150
   26693       2.3258
   26694       2.2289
   26695       2.3184
   26696       2.2539
   26697       2.1807
   26698       2.2331
   26699       2.1328
   26700       2.1622
   26701       2.1671
   26702       2.2135
   26703       2.3651
   26704       2.2487
   26705       2.3466
   26706       2.2495
   26707       2.2350
   26708       2.2770
   26709       2.3002
   26710       2.3042
   26711       2.3978
   26712       2.3459
   26713       2.2703
   26714       2.1502
   26715       2.2765
   26716       2.2339
   26717       2.3527
   26718       2.2437
   26719       2.1259
   26720       2.3097
   26721       2.2140
   26722       2.2985
   26723       2.2959
   26724       2.2292
   26725       2.2853
   26726       2.2730
   26727       2.1958
   26728       2.3032
   26729       2.2797
   26730       2.1794
   26731       2.1958
   26732       2.3612
   26733       2.2780
   26734       2.2380
   26735       2.2828
   26736       2.3035
   26737       2.2939
   26738       2.3160
   26739       2.2369
   26740       2.1940
   26741       2.2168
   26742       2.3485
   26743       2.2208
   26744       2.2354
   26745       2.2781
   26746       2.2785
   26747       2.3035
   26748       2.3564
   26749       2.3634
   26750       2.4018
   26751       2.4135
   26752       2.2346
   26753       2.2301
   26754       2.1882
   26755       2.2297
   26756       2.3126
   26757       2.2722
   26758       2.4539
   26759       2.3635
   26760       2.3751
   26761       2.4002
   26762       2.1963
   26763       2.2715
   26764       2.2364
   26765       2.2379
   26766       2.3212
   26767       2.2893
   26768       2.3671
   26769       2.3090
   26770       2.2438
   26771       2.2235
   26772       2.3663
   26773       2.3774
   26774       2.2719
   26775       2.1155
   26776       2.2294
   26777       2.2698
   26778       2.3580
   26779       2.2843
   26780       2.2597
   26781       2.1368
   26782       2.1871
   26783       2.2319
   26784       2.2672
   26785       2.2557
   26786       2.1840
   26787       2.1291
   26788       2.1330
   26789       2.1838
   26790       2.1333
   26791       2.2072
   26792       2.2296
   26793       2.2192
   26794       2.1694
   26795       2.2151
   26796       2.2636
   26797       2.3231
   26798       2.2802
   26799       2.2048
   26800       2.1756
   26801       2.1593
   26802       2.1870
   26803       2.1786
   26804       2.2043
   26805       2.1667
   26806       2.2105
   26807       2.1374
   26808       2.2444
   26809       2.2754
   26810       2.0664
   26811       2.2811
   26812       2.2310
   26813       2.2134
   26814       2.3394
   26815       2.3207
   26816       2.2880
   26817       2.1796
   26818       2.2813
   26819       2.2450
   26820       2.2556
   26821       2.2220
   26822       2.2404
   26823       2.2847
   26824       2.1791
   26825       2.2792
   26826       2.1805
   26827       2.1121
   26828       2.1077
   26829       2.3329
   26830       2.2625
   26831       2.1558
   26832       2.2495
   26833       2.3264
   26834       2.3285
   26835       2.2646
   26836       2.4070
   26837       2.3013
   26838       2.2571
   26839       2.2888
   26840       2.3164
   26841       2.3407
   26842       2.4268
   26843       2.3610
   26844       2.2130
   26845       2.3395
   26846       2.2999
   26847       2.3343
   26848       2.2829
   26849       2.4698
   26850       2.3460
   26851       2.2441
   26852       2.2705
   26853       2.2146
   26854       2.2740
   26855       2.2469
   26856       2.2458
   26857       2.1720
   26858       2.2560
   26859       2.2187
   26860       2.1722
   26861       2.1829
   26862       2.2910
   26863       2.2833
   26864       2.1760
   26865       2.2262
   26866       2.2942
   26867       2.1951
   26868       2.2482
   26869       2.3017
   26870       2.2467
   26871       2.3300
   26872       2.2836
   26873       2.1869
   26874       2.1773
   26875       2.1664
   26876       2.3358
   26877       2.0440
   26878       2.3126
   26879       2.3610
   26880       2.1663
   26881       2.2409
   26882       2.3463
   26883       2.3782
   26884       2.3302
   26885       2.2131
   26886       2.2175
   26887       2.1921
   26888       2.2596
   26889       2.1988
   26890       2.3016
   26891       2.3685
   26892       2.3499
   26893       2.2668
   26894       2.2325
   26895       2.2930
   26896       2.3260
   26897       2.1249
   26898       2.1185
   26899       2.0898
   26900       2.1072
   26901       2.2267
   26902       2.2324
   26903       2.2306
   26904       2.2681
   26905       2.3060
   26906       2.3165
   26907       2.1899
   26908       2.1231
   26909       2.2128
   26910       2.2243
   26911       2.2220
   26912       2.3073
   26913       2.2226
   26914       2.1140
   26915       2.1485
   26916       2.1897
   26917       2.1510
   26918       2.0235
   26919       2.1983
   26920       2.1464
   26921       2.0993
   26922       2.1426
   26923       2.2691
   26924       2.1611
   26925       2.0370
   26926       2.0464
   26927       2.1764
   26928       2.2385
   26929       2.2161
   26930       2.3245
   26931       2.2320
   26932       2.2079
   26933       2.2017
   26934       2.1357
   26935       2.2487
   26936       2.1597
   26937       2.3273
   26938       2.2113
   26939       2.1932
   26940       2.0143
   26941       2.1044
   26942       2.0037
   26943       2.0462
   26944       1.9818
   26945       2.0561
   26946       2.0365
   26947       1.9514
   26948       2.1321
   26949       2.0515
   26950       2.1499
   26951       2.0423
   26952       1.9284
   26953       2.0515
   26954       1.9999
   26955       2.0739
   26956       2.1450
   26957       2.2050
   26958       2.0783
   26959       2.1262
   26960       2.1333
   26961       2.1413
   26962       2.1228
   26963       2.0216
   26964       2.0985
   26965       2.0994
   26966       2.1039
   26967       2.1661
   26968       2.0710
   26969       2.0338
   26970       2.2091
   26971       2.1428
   26972       2.1841
   26973       2.1738
   26974       2.1503
   26975       2.1081
   26976       1.9923
   26977       1.9456
   26978       1.9957
   26979       1.9702
   26980       1.9161
   26981       1.9000
   26982       1.7971
   26983       1.8203
   26984       1.8296
   26985       1.8843
   26986       1.9414
   26987       1.8863
   26988       1.9615
   26989       1.8965
   26990       1.9739
   26991       2.0630
   26992       2.0500
   26993       2.0935
   26994       2.0610
   26995       2.1175
   26996       2.1111
   26997       2.1478
   26998       2.0545
   26999       2.1179
   27000       2.0751
   27001       1.8905
   27002       1.9666
   27003       2.0108
   27004       2.1177
   27005       2.0177
   27006       1.9824
   27007       2.0561
   27008       1.9834
   27009       1.9445
   27010       2.0021
   27011       1.9849
   27012       2.0374
   27013       2.0687
   27014       2.0743
   27015       2.0596
   27016       2.0747
   27017       2.1702
   27018       2.1693
   27019       2.1394
   27020       2.2046
   27021       2.1561
   27022       2.1856
   27023       2.0179
   27024       2.0967
   27025       1.9619
   27026       2.0997
   27027       2.2462
   27028       2.2242
   27029       2.1704
   27030       2.1740
   27031       2.2446
   27032       2.2479
   27033       2.1999
   27034       2.1429
   27035       2.1043
   27036       2.1820
   27037       2.1545
   27038       2.1603
   27039       2.2132
   27040       2.1476
   27041       2.1925
   27042       2.1897
   27043       2.2640
   27044       2.2545
   27045       2.1967
   27046       2.1162
   27047       2.1533
   27048       2.1729
   27049       2.2623
   27050       2.1623
   27051       2.2810
   27052       2.1435
   27053       2.1897
   27054       2.0959
   27055       2.0121
   27056       2.1799
   27057       2.1577
   27058       2.2005
   27059       2.0955
   27060       2.0461
   27061       2.0304
   27062       2.0031
   27063       2.1120
   27064       2.1197
   27065       2.0948
   27066       2.0461
   27067       2.0528
   27068       2.0268
   27069       2.0281
   27070       2.0757
   27071       2.0516
   27072       2.1560
   27073       1.9021
   27074       2.0732
   27075       2.1260
   27076       2.1002
   27077       2.0282
   27078       2.0598
   27079       2.1331
   27080       2.1325
   27081       2.0750
   27082       2.0404
   27083       2.0906
   27084       2.0988
   27085       2.0667
   27086       2.1393
   27087       2.0778
   27088       2.1295
   27089       2.0004
   27090       2.0720
   27091       2.0934
   27092       2.1359
   27093       2.0475
   27094       2.1301
   27095       2.0677
   27096       2.2054
   27097       2.0691
   27098       2.0674
   27099       2.0686
   27100       2.0205
   27101       1.9749
   27102       2.0444
   27103       2.0082
   27104       2.0689
   27105       2.0076
   27106       2.1954
   27107       2.1502
   27108       2.1979
   27109       2.1179
   27110       2.1640
   27111       2.0980
   27112       2.1628
   27113       2.1461
   27114       2.0653
   27115       2.0480
   27116       1.9134
   27117       2.0340
   27118       2.0722
   27119       2.0184
   27120       1.9446
   27121       1.7727
   27122       2.0718
   27123       1.9501
   27124       2.1392
   27125       2.0276
   27126       2.0033
   27127       2.0261
   27128       1.9564
   27129       1.9842
   27130       2.0524
   27131       2.1852
   27132       2.1434
   27133       2.1140
   27134       2.0900
   27135       2.1672
   27136       2.0687
   27137       1.9961
   27138       1.9230
   27139       1.9007
   27140       2.0086
   27141       2.1291
   27142       2.0909
   27143       2.0245
   27144       1.9920
   27145       2.0477
   27146       2.0929
   27147       2.0298
   27148       1.9956
   27149       1.9189
   27150       1.9850
   27151       1.9082
   27152       2.0732
   27153       1.9618
   27154       1.9870
   27155       1.9605
   27156       2.0937
   27157       2.1084
   27158       1.9870
   27159       2.1419
   27160       1.9790
   27161       2.0690
   27162       2.0525
   27163       2.1479
   27164       2.1269
   27165       2.1081
   27166       2.0308
   27167       2.0400
   27168       2.0795
   27169       2.0955
   27170       2.0525
   27171       2.0714
   27172       2.0808
   27173       2.1440
   27174       2.1806
   27175       2.2230
   27176       2.2243
   27177       2.1920
   27178       2.2714
   27179       2.1390
   27180       2.1614
   27181       2.1768
   27182       2.1735
   27183       2.1816
   27184       2.0790
   27185       2.0880
   27186       2.1227
   27187       2.2411
   27188       2.2074
   27189       2.1403
   27190       2.2594
   27191       2.1193
   27192       2.1876
   27193       2.1927
   27194       2.1618
